first_name,last_name,full_name,title,company_name,company_domain,linkedin_url,email,seniority,source,company_linkedin_url,industry,person_country,company_country,title_check,icp_fit,fit_reason
Eric,Frank,Eric Frank,Board Member,RANE,ranenetwork.com,linkedin.com/in/1ericfrank,,Director,blitz,https://www.linkedin.com/company/rane,Business Intelligence Platforms,US,US,pass,candidate,consulting with marketing keywords
David,Johnson,David Johnson,Director of Engineering,OrderMyGear (OMG),linktr.ee,linkedin.com/in/27thletter,,Director,blitz,https://www.linkedin.com/company/ordermygear,Business Intelligence Platforms,US,US,pass,candidate,consulting with marketing keywords
Aaron,M.,Aaron M.,Director of Client Success,RANE,ranenetwork.com,linkedin.com/in/aaron-m-3281378,,Director,blitz,https://www.linkedin.com/company/rane,Business Intelligence Platforms,US,US,pass,candidate,consulting with marketing keywords
Aaron,Trockman,Aaron Trockman,"Director, Partnerships",WisdomAI,wisdom.ai,linkedin.com/in/aaron-trockman-9304b85b,,Director,blitz,https://www.linkedin.com/company/wisdomai-inc,Business Intelligence Platforms,US,US,pass,candidate,consulting with marketing keywords
Aaron,Avner,Aaron Avner,Vice President Operations,Tukios,linktr.ee,linkedin.com/in/aaronavner,,VP,blitz,https://www.linkedin.com/company/tukios,Business Intelligence Platforms,US,US,pass,candidate,consulting with marketing keywords
ABBAS,BIN ABDUL RASAK,ABBAS BIN ABDUL RASAK,Executive Manager to CEO’s Office,Grozeo Global,grozeo.com,linkedin.com/in/abbas-bin-abdul-rasak-8b4a05b3,,C-Team,blitz,https://www.linkedin.com/company/grozeo,Business Intelligence Platforms,GB,GB,pass,candidate,consulting with marketing keywords
Abdullah,Almsaeed,Abdullah Almsaeed,Chief Technology Officer,Financial Cents,linktr.ee,linkedin.com/in/abdullah-almsaeed-a3983976,,C-Team,blitz,https://www.linkedin.com/company/financial-cents,Business Intelligence Platforms,US,US,pass,candidate,consulting with marketing keywords
Adam,Krise,Adam Krise,Head of Account Management,Insurance Insider,insuranceinsider.com,linkedin.com/in/adam-krise-06b577123,,Director,blitz,https://www.linkedin.com/company/theinsuranceinsider,Business Intelligence Platforms,GB,GB,pass,candidate,consulting with marketing keywords
Aditya,Naganath,Aditya Naganath,Series A Investor & Board Director,WisdomAI,wisdom.ai,linkedin.com/in/aditya-naganath,,Director,blitz,https://www.linkedin.com/company/wisdomai-inc,Business Intelligence Platforms,US,US,pass,candidate,consulting with marketing keywords
Aditya,Ghuwalewala,Aditya Ghuwalewala,Founder and CEO,MavenMagnet AI,mavenmagnet.com,linkedin.com/in/adityaghuwalewala,,C-Team,blitz,https://www.linkedin.com/company/mavenmagnet,Business Intelligence Platforms,US,US,pass,candidate,consulting with marketing keywords
Adrian,Banarescu,Adrian Banarescu,Director Cercetare-Dezvoltare,Termene.ro,termene.ro,linkedin.com/in/adrian-banarescu-37080061,,Director,blitz,https://www.linkedin.com/company/termene,Business Intelligence Platforms,RO,RO,pass,candidate,consulting with marketing keywords
Adrian,Dragomir,Adrian Dragomir,Founder,Termene.ro,termene.ro,linkedin.com/in/adrian-dragomir-termene,,C-Team,blitz,https://www.linkedin.com/company/termene,Business Intelligence Platforms,RO,RO,pass,candidate,consulting with marketing keywords
Adrian,Kochan,Adrian Kochan,"VP, Benchmarking Strategy & Operations",OPEXEngine by Bain & Company,opexengine.com,linkedin.com/in/adrian-kochan-b0032a43,,VP,blitz,https://www.linkedin.com/company/opexengine,Business Intelligence Platforms,US,US,pass,candidate,consulting with marketing keywords
Adriane,Wang,Adriane Wang,COO,Time2Staff,linktr.ee,linkedin.com/in/adriane-wang-27001b207,,C-Team,blitz,https://www.linkedin.com/company/time2staff,Business Intelligence Platforms,NO,NO,pass,candidate,consulting with marketing keywords
Adriano,Bosoni,Adriano Bosoni,Director of Geopolitical Analysis,RANE,ranenetwork.com,linkedin.com/in/adriano-bosoni,,Director,blitz,https://www.linkedin.com/company/rane,Business Intelligence Platforms,ES,US,pass,candidate,consulting with marketing keywords
Adrien,Giugno,Adrien Giugno,Customer Success Director,Mojix,mojix.com,linkedin.com/in/adrien-giugno-33a3241a8,,Director,blitz,https://www.linkedin.com/company/mojix,Business Intelligence Platforms,FR,US,pass,candidate,consulting with marketing keywords
Aimee,Fuller,Aimee Fuller,"Marketing Director, UK",Insurance Insider,insuranceinsider.com,linkedin.com/in/aimee-fuller-b9498aa,,Director,blitz,https://www.linkedin.com/company/theinsuranceinsider,Business Intelligence Platforms,GB,GB,pass,candidate,consulting with marketing keywords
Anastasia,Kibets,Anastasia Kibets,Head of Product,YouScan Social Listening ✨,youscan.io,linkedin.com/in/akibets,,Director,blitz,https://www.linkedin.com/company/youscan,Business Intelligence Platforms,PL,UA,pass,candidate,consulting with marketing keywords
Alan,Johnson,Alan Johnson,Vice President of Revenue Operations & Data,OrderMyGear (OMG),linktr.ee,linkedin.com/in/alan-johnson-39356455,,VP,blitz,https://www.linkedin.com/company/ordermygear,Business Intelligence Platforms,US,US,pass,candidate,consulting with marketing keywords
,,,Chief Operations Officer,SOBI Analytics™,sobianalytics.com,linkedin.com/in/alanjordanireland,,C-Team,blitz,https://www.linkedin.com/company/asksobi,Business Intelligence Platforms,IE,IE,pass,candidate,consulting with marketing keywords
Alessandro,Grande,Alessandro Grande,Board Member,Wiseair,wiseair.vision,linkedin.com/in/alessandro-grande-386b3033,,Director,blitz,https://www.linkedin.com/company/wiseair,Business Intelligence Platforms,CH,IT,pass,candidate,consulting with marketing keywords
Alessandro,Giombetti,Alessandro Giombetti,CFO,Bonobo AI,linktr.ee,linkedin.com/in/alessandrogiombetti,,C-Team,blitz,https://www.linkedin.com/company/bonobo-digital-company,Business Intelligence Platforms,IT,IT,pass,candidate,consulting with marketing keywords
Alex,Torti,Alex Torti,Field Enterprise Sales Director - East,WisdomAI,wisdom.ai,linkedin.com/in/alex-torti,,Director,blitz,https://www.linkedin.com/company/wisdomai-inc,Business Intelligence Platforms,US,US,pass,candidate,consulting with marketing keywords
Alexa,Lisovol,Alexa Lisovol,VP of Sales,YouScan Social Listening ✨,youscan.io,linkedin.com/in/alexa-lisovol,,VP,blitz,https://www.linkedin.com/company/youscan,Business Intelligence Platforms,AT,UA,pass,candidate,consulting with marketing keywords
Alexander,Polischuk,Alexander Polischuk,VP Software Development,2B Advice,2b-advice.com,linkedin.com/in/alexander-polischuk-1b365a184,,VP,blitz,https://www.linkedin.com/company/2b-advice-group,Business Intelligence Platforms,DE,DE,pass,candidate,consulting with marketing keywords
Alex,McKenna,Alex McKenna,Strategic Account Director,Differentia Consulting,differentia.consulting,linkedin.com/in/alexanderjamckenna,,Director,blitz,https://www.linkedin.com/company/differentia-consulting,Business Intelligence Platforms,GB,GB,pass,candidate,consulting with marketing keywords
Alexandra,Ess,Alexandra Ess,Chief Marketing Officer,PATOffice,patoffice.de,linkedin.com/in/alexandra-ess,,C-Team,blitz,https://www.linkedin.com/company/patoffice,Business Intelligence Platforms,DE,DE,pass,candidate,consulting with marketing keywords
Alexandru,Maracineanu,Alexandru Maracineanu,Chief Technology Officer,Termene.ro,termene.ro,linkedin.com/in/alexandru-maracineanu-88316a42,,C-Team,blitz,https://www.linkedin.com/company/termene,Business Intelligence Platforms,RO,RO,pass,candidate,consulting with marketing keywords
Alex,Duyar-Ayerdi,Alex Duyar-Ayerdi,VP of Technology / Lead Software Engineer,Power Kiosk,powerkiosk.com,linkedin.com/in/alexayerdi,,VP,blitz,https://www.linkedin.com/company/power-kiosk,Business Intelligence Platforms,US,US,pass,candidate,consulting with marketing keywords
Alexey,Sokolov,Alexey Sokolov,Chief Executive Officer,Avvyland,linktr.ee,linkedin.com/in/alexeymsokolov,,C-Team,blitz,https://www.linkedin.com/company/avvyland,Business Intelligence Platforms,GB,GB,pass,candidate,consulting with marketing keywords
Alexis,FAURE,Alexis FAURE,COO - Co-fondateur,Shifter,linktr.ee,linkedin.com/in/alexis-faure-b70a6340,,C-Team,blitz,https://www.linkedin.com/company/shifter-logiciel,Business Intelligence Platforms,FR,FR,pass,candidate,consulting with marketing keywords
Ali,Keech,Ali Keech,"Director, Retail Partnership Programs",SKYPAD,skyitgroup.com,linkedin.com/in/ali-keech-1b44917b,,Director,blitz,https://www.linkedin.com/company/skypad-app,Business Intelligence Platforms,US,US,pass,candidate,consulting with marketing keywords
Alonzo,Canada,Alonzo Canada,VP of Design,WisdomAI,wisdom.ai,linkedin.com/in/alonzocanada,,VP,blitz,https://www.linkedin.com/company/wisdomai-inc,Business Intelligence Platforms,US,US,pass,candidate,consulting with marketing keywords
Amelia,Harnagel,Amelia Harnagel,Senior Director of Client Operations,RANE,ranenetwork.com,linkedin.com/in/amelia-harnagel-24a1153a,,Director,blitz,https://www.linkedin.com/company/rane,Business Intelligence Platforms,US,US,pass,candidate,consulting with marketing keywords
Amy,"Luckette, MS, CSPO","Amy Luckette, MS, CSPO",Director of Product Management,Seek,seekinsights.com,linkedin.com/in/amy-luckette,,Director,blitz,https://www.linkedin.com/company/seek-insights,Business Intelligence Platforms,US,US,pass,candidate,consulting with marketing keywords
Amy,Sydnor Meggett,Amy Sydnor Meggett,"SVP, Strategy and People",Grodivo.ai,grodivo.ai,linkedin.com/in/amy-sydnor-meggett-0995951,,VP,blitz,https://www.linkedin.com/company/grodivo,Business Intelligence Platforms,US,US,pass,candidate,consulting with marketing keywords
Anaïs,Merlin,Anaïs Merlin,Head of Strategy and Communications,MagicBooking,linktr.ee,linkedin.com/in/anaismerlin,,Director,blitz,https://www.linkedin.com/company/magicbooking,Business Intelligence Platforms,GB,GB,pass,candidate,consulting with marketing keywords
Andrea,Borragine,Andrea Borragine,Co-founder,Overbi,linktr.ee,linkedin.com/in/andrea-borragine,,C-Team,blitz,https://www.linkedin.com/company/overbi,Business Intelligence Platforms,IT,IT,pass,candidate,consulting with marketing keywords
Andrea,Torrone,Andrea Torrone,Co-founder,Wiseair,wiseair.vision,linkedin.com/in/andrea-torrone,,C-Team,blitz,https://www.linkedin.com/company/wiseair,Business Intelligence Platforms,IT,IT,pass,candidate,consulting with marketing keywords
Andrea,Bassi,Andrea Bassi,Head Of Sales,Wiseair,wiseair.vision,linkedin.com/in/andreabassi95,,Director,blitz,https://www.linkedin.com/company/wiseair,Business Intelligence Platforms,IT,IT,pass,candidate,consulting with marketing keywords
Andrea,García Torrijos,Andrea García Torrijos,Co-founder & Chief Operations Officer,TRIBBU,linktr.ee,linkedin.com/in/andreagarciatorrijos,,C-Team,blitz,https://www.linkedin.com/company/tribbu-app,Business Intelligence Platforms,ES,ES,pass,candidate,consulting with marketing keywords
Andrea,Garvey,Andrea Garvey,Head of Partnerships,Hire Intelligence🚀,hireintelligence.io,linkedin.com/in/andreagarvey,,Director,blitz,https://www.linkedin.com/company/hireintelligence-io,Business Intelligence Platforms,GB,GB,pass,candidate,consulting with marketing keywords
Andreas,Dannhauer,Andreas Dannhauer,Chief Technology Officer,RONYA,ronya.de,linkedin.com/in/andreasdannhauer,,C-Team,blitz,https://www.linkedin.com/company/ronyamobility,Business Intelligence Platforms,DE,DE,pass,candidate,consulting with marketing keywords
Andreas,Grünwald,Andreas Grünwald,Chief Technical Officer,valantic Austria (vormals elements.at),linktr.ee,linkedin.com/in/andreasgruenwald,,C-Team,blitz,https://www.linkedin.com/company/valanticaustria,Business Intelligence Platforms,AT,AT,pass,candidate,consulting with marketing keywords
Andrés,Chamarro Santiuste,Andrés Chamarro Santiuste,Head of Marketing,TRIBBU,linktr.ee,linkedin.com/in/andres-chamarro-santiuste,,Director,blitz,https://www.linkedin.com/company/tribbu-app,Business Intelligence Platforms,ES,ES,pass,candidate,consulting with marketing keywords
Andrés,F.,Andrés F.,Chief Product Officer,TRIBBU,linktr.ee,linkedin.com/in/andresfajardo,,C-Team,blitz,https://www.linkedin.com/company/tribbu-app,Business Intelligence Platforms,ES,ES,pass,candidate,consulting with marketing keywords
Andrew,Burden,Andrew Burden,Co-Founder / Technical lead,GEEIQ,geeiq.com,linkedin.com/in/andrew-burden-6967138b,,C-Team,blitz,https://www.linkedin.com/company/getgeeiq,Business Intelligence Platforms,GB,GB,pass,candidate,consulting with marketing keywords
Andrew,Dubois,Andrew Dubois,Chief Operating Officer,Seek,seekinsights.com,linkedin.com/in/andrewdubois,,C-Team,blitz,https://www.linkedin.com/company/seek-insights,Business Intelligence Platforms,US,US,pass,candidate,consulting with marketing keywords
Andrew,Hogbin,Andrew Hogbin,Non Exec Chairman,caytoo,caytoo.co.uk,linkedin.com/in/andrewhogbin,,C-Team,blitz,https://www.linkedin.com/company/caytoo,Business Intelligence Platforms,GB,GB,pass,candidate,consulting with marketing keywords
Andrew,MacDonald,Andrew MacDonald,Director of Customer Success,Sona,linktr.ee,linkedin.com/in/andrewmacdonald-31979713,,Director,blitz,https://www.linkedin.com/company/getsona,Business Intelligence Platforms,GB,GB,pass,candidate,consulting with marketing keywords
Andrus,Oks,Andrus Oks,Board Member,Supersimple,supersimple.io,linkedin.com/in/andrusoks,,Director,blitz,https://www.linkedin.com/company/gosupersimple,Business Intelligence Platforms,EE,US,pass,candidate,consulting with marketing keywords
Andy,Holman,Andy Holman,Director Product/Sales,Mojix,mojix.com,linkedin.com/in/andy-holman-4a58555,,Director,blitz,https://www.linkedin.com/company/mojix,Business Intelligence Platforms,US,US,pass,candidate,consulting with marketing keywords
Anjan Reddy,Gaddam,Anjan Reddy Gaddam,Head Of Development,MagicBooking,linktr.ee,linkedin.com/in/anjanreddygaddam,,Director,blitz,https://www.linkedin.com/company/magicbooking,Business Intelligence Platforms,GB,GB,pass,candidate,consulting with marketing keywords
Ankur,S.,Ankur S.,Co-Founder,Tomorrow Things,tomorrowthings.com,linkedin.com/in/ankur-s-82783922,,C-Team,blitz,https://www.linkedin.com/company/tomorrowthings,Business Intelligence Platforms,DE,DE,pass,candidate,consulting with marketing keywords
Ann,Miranda,Ann Miranda,HR Director and Staffing Manager,MAC Safety,macsafety.com,linkedin.com/in/ann-miranda-18076518,,Director,blitz,https://www.linkedin.com/company/mac-safety,Business Intelligence Platforms,US,US,pass,candidate,consulting with marketing keywords
Ann,Miranda,Ann Miranda,CFO,MAC Safety,macsafety.com,linkedin.com/in/ann-miranda-5676a5106,,C-Team,blitz,https://www.linkedin.com/company/mac-safety,Business Intelligence Platforms,US,US,pass,candidate,consulting with marketing keywords
Anna,Rodriguez,Anna Rodriguez,"Director, Research and Development",SKYPAD,skyitgroup.com,linkedin.com/in/annargz,,Director,blitz,https://www.linkedin.com/company/skypad-app,Business Intelligence Platforms,US,US,pass,candidate,consulting with marketing keywords
Anna,Yanko,Anna Yanko,Marketing Director,YouScan Social Listening ✨,youscan.io,linkedin.com/in/annayanko,,Director,blitz,https://www.linkedin.com/company/youscan,Business Intelligence Platforms,PL,UA,pass,candidate,consulting with marketing keywords
Anne-Sophie,Poulouin,Anne-Sophie Poulouin,"Director, Business Development EMEA",SKYPAD,skyitgroup.com,linkedin.com/in/anne-sophie-poulouin,,Director,blitz,https://www.linkedin.com/company/skypad-app,Business Intelligence Platforms,FR,US,pass,candidate,consulting with marketing keywords
Anne,Crawford,Anne Crawford,Chief Operating Officer,Sona,linktr.ee,linkedin.com/in/annecrawford03,,C-Team,blitz,https://www.linkedin.com/company/getsona,Business Intelligence Platforms,GB,GB,pass,candidate,consulting with marketing keywords
Anthony,Guevara,Anthony Guevara,Head of Customer Success,Financial Cents,linktr.ee,linkedin.com/in/anthony-guevara,,Director,blitz,https://www.linkedin.com/company/financial-cents,Business Intelligence Platforms,US,US,pass,candidate,consulting with marketing keywords
Anton,Dziuba,Anton Dziuba,Co-Founder,DOUBLETOP,linktr.ee,linkedin.com/in/anton-dziuba-3544761b7,,C-Team,blitz,https://www.linkedin.com/company/doubletop,Business Intelligence Platforms,UA,UA,pass,candidate,consulting with marketing keywords
Alex,Orap 🇺🇦,Alex Orap 🇺🇦,Founder & Chief Growth Officer,YouScan Social Listening ✨,youscan.io,linkedin.com/in/aorap,,C-Team,blitz,https://www.linkedin.com/company/youscan,Business Intelligence Platforms,UA,UA,pass,candidate,consulting with marketing keywords
Aristotelis,Zervos,Aristotelis Zervos,Editorial Director,2B Advice,2b-advice.com,linkedin.com/in/aristotelis-zervos-306567264,,Director,blitz,https://www.linkedin.com/company/2b-advice-group,Business Intelligence Platforms,DE,DE,pass,candidate,consulting with marketing keywords
Arvind,Balakrishnan,Arvind Balakrishnan,Field CTO & Head of AI Context Engineering,WisdomAI,wisdom.ai,linkedin.com/in/arvindbalakrish,,C-Team,blitz,https://www.linkedin.com/company/wisdomai-inc,Business Intelligence Platforms,US,US,pass,candidate,consulting with marketing keywords
Astrid,Zehentner,Astrid Zehentner,Head of Finance,valantic Austria (vormals elements.at),linktr.ee,linkedin.com/in/astrid-zehentner-4ba03118a,,Director,blitz,https://www.linkedin.com/company/valanticaustria,Business Intelligence Platforms,AT,AT,pass,candidate,consulting with marketing keywords
Austin,Vacek,Austin Vacek,Senior Director of Technical Meteorology,Athenium,athenium.com,linkedin.com/in/austin-vacek,,Director,blitz,https://www.linkedin.com/company/atheniumllc,Business Intelligence Platforms,US,US,pass,candidate,consulting with marketing keywords
Babu,Pandurangan,Babu Pandurangan,Chief Technology Officer,RANE,ranenetwork.com,linkedin.com/in/babupandurangan,,C-Team,blitz,https://www.linkedin.com/company/rane,Business Intelligence Platforms,US,US,pass,candidate,consulting with marketing keywords
Badrudin,Khan,Badrudin Khan,Non Executive Director,Insurance Insider,insuranceinsider.com,linkedin.com/in/badrk,,Director,blitz,https://www.linkedin.com/company/theinsuranceinsider,Business Intelligence Platforms,GB,GB,pass,candidate,consulting with marketing keywords
Bahadir 'Baha',Koseli MS,Bahadir 'Baha' Koseli MS,Head of Public Sector,Medefy Health,linktr.ee,linkedin.com/in/baha-koseli,,Director,blitz,https://www.linkedin.com/company/medefy,Business Intelligence Platforms,US,US,pass,candidate,consulting with marketing keywords
Barney,Lynch,Barney Lynch,Senior Account Director,GEEIQ,geeiq.com,linkedin.com/in/barney-lynch-51265715a,,Director,blitz,https://www.linkedin.com/company/getgeeiq,Business Intelligence Platforms,GB,GB,pass,candidate,consulting with marketing keywords
Teri,Bayrock,Teri Bayrock,Director of Customer Support,Sona,linktr.ee,linkedin.com/in/bayrock,,Director,blitz,https://www.linkedin.com/company/getsona,Business Intelligence Platforms,GB,GB,pass,candidate,consulting with marketing keywords
Beinset V.,Hounwanou,Beinset V. Hounwanou,Co-Founder & CEO,Kaanari,linktr.ee,linkedin.com/in/beinset-v-hounwanou,,C-Team,blitz,https://www.linkedin.com/company/kaanari,Business Intelligence Platforms,FR,FR,pass,candidate,consulting with marketing keywords
Ben,van Hooff,Ben van Hooff,Chief Growth Officer,Sol BI – AI based Actionable Business Insights,solbi.ai,linkedin.com/in/ben-van-hooff,,C-Team,blitz,https://www.linkedin.com/company/sol-bi,Business Intelligence Platforms,NL,NL,pass,candidate,consulting with marketing keywords
Ben,Wright,Ben Wright,Chief Executive Officer,Variance Technologies,linktr.ee,linkedin.com/in/ben-wright-variance-technologies,,C-Team,blitz,https://www.linkedin.com/company/variancetech,Business Intelligence Platforms,GB,GB,pass,candidate,consulting with marketing keywords
Ben,Irwin-Brown,Ben Irwin-Brown,Director of Solution Consulting,Sona,linktr.ee,linkedin.com/in/benirwinbrown,,Director,blitz,https://www.linkedin.com/company/getsona,Business Intelligence Platforms,GB,GB,pass,candidate,consulting with marketing keywords
Benjamin,Bracken,Benjamin Bracken,Commercial Director - Insurance,Insurance Insider,insuranceinsider.com,linkedin.com/in/benjamin-bracken-89976564,,Director,blitz,https://www.linkedin.com/company/theinsuranceinsider,Business Intelligence Platforms,GB,GB,pass,candidate,consulting with marketing keywords
Benjamin,Dietmann,Benjamin Dietmann,Client Service Director,valantic Austria (vormals elements.at),linktr.ee,linkedin.com/in/benjamin-dietmann-093266153,,Director,blitz,https://www.linkedin.com/company/valanticaustria,Business Intelligence Platforms,AT,AT,pass,candidate,consulting with marketing keywords
Benjamin,Weyrich,Benjamin Weyrich,Co-Founder,CATAPULT,catapult-analytics.com,linkedin.com/in/benjamin-weyrich,,C-Team,blitz,https://www.linkedin.com/company/catapult-analytics,Business Intelligence Platforms,DE,DE,pass,candidate,consulting with marketing keywords
Benjamin,BRUNAU,Benjamin BRUNAU,Directeur Commercial,LAINX,linktr.ee,linkedin.com/in/benjaminbrunau,,Director,blitz,https://www.linkedin.com/company/lainx-ai,Business Intelligence Platforms,FR,FR,pass,candidate,consulting with marketing keywords
Bill,Carey,Bill Carey,Sales Director,Insurance Insider,insuranceinsider.com,linkedin.com/in/bill-carey-3a01a93,,Director,blitz,https://www.linkedin.com/company/theinsuranceinsider,Business Intelligence Platforms,US,GB,pass,candidate,consulting with marketing keywords
Bill,Sillar,Bill Sillar,Vice President of Sales,Studio Designer,linktr.ee,linkedin.com/in/bill-sillar,,VP,blitz,https://www.linkedin.com/company/studiodesigner,Business Intelligence Platforms,US,US,pass,candidate,consulting with marketing keywords
Bill,Stevenson,Bill Stevenson,Executive Director,"Tego, Inc.",tegoinc.com,linkedin.com/in/bill-stevenson-5b236,,Director,blitz,https://www.linkedin.com/company/tego-inc-,Business Intelligence Platforms,US,US,pass,candidate,consulting with marketing keywords
Billy,Chalk,Billy Chalk,Managing Director,Delta Financial Systems,linktr.ee,linkedin.com/in/billy-chalk,,C-Team,blitz,https://www.linkedin.com/company/delta-financial-systems,Business Intelligence Platforms,GB,GB,pass,candidate,consulting with marketing keywords
Birger,De Geyter,Birger De Geyter,Partner,Shikenso,shikenso.com,linkedin.com/in/birger-de-geyter-101ab74,,C-Team,blitz,https://www.linkedin.com/company/shikenso-gmbh,Business Intelligence Platforms,BE,DE,pass,candidate,consulting with marketing keywords
Bledi,Suljoti,Bledi Suljoti,Vice President Finance,Surefire Local,surefirelocal.com,linkedin.com/in/bledi-suljoti,,VP,blitz,https://www.linkedin.com/company/surefire-local,Business Intelligence Platforms,US,US,pass,candidate,consulting with marketing keywords
Bo,Thomas,Bo Thomas,Director of Product Development,Thinaer,thinaer.io,linkedin.com/in/bomerckling,,Director,blitz,https://www.linkedin.com/company/thinaer,Business Intelligence Platforms,US,US,pass,candidate,consulting with marketing keywords
Brad,Purcell,Brad Purcell,Director of QA,SKYPAD,skyitgroup.com,linkedin.com/in/brad-purcell-5a93311,,Director,blitz,https://www.linkedin.com/company/skypad-app,Business Intelligence Platforms,US,US,pass,candidate,consulting with marketing keywords
Brandon,S.,Brandon S.,Director Of Engineering,Studio Designer,linktr.ee,linkedin.com/in/brandonsachs,,Director,blitz,https://www.linkedin.com/company/studiodesigner,Business Intelligence Platforms,US,US,pass,candidate,consulting with marketing keywords
Brenda,Jordan,Brenda Jordan,CEO/Founder,SOBI Analytics™,sobianalytics.com,linkedin.com/in/brendajordan,,C-Team,blitz,https://www.linkedin.com/company/asksobi,Business Intelligence Platforms,IE,IE,pass,candidate,consulting with marketing keywords
Brendan,Carbone,Brendan Carbone,Director of Data Science and Analytics,Easalytics,easalytics.com,linkedin.com/in/brendan-carbone-667464bb,,Director,blitz,https://www.linkedin.com/company/easalytics,Business Intelligence Platforms,US,US,pass,candidate,consulting with marketing keywords
Andrew,Breton,Andrew Breton,VP of Data,Seek,seekinsights.com,linkedin.com/in/bretonbot,,VP,blitz,https://www.linkedin.com/company/seek-insights,Business Intelligence Platforms,US,US,pass,candidate,consulting with marketing keywords
Bria,Sullivan,Bria Sullivan,Chief Revenue Officer,Insurance Insider,insuranceinsider.com,linkedin.com/in/bria-sullivan-255b5790,,C-Team,blitz,https://www.linkedin.com/company/theinsuranceinsider,Business Intelligence Platforms,US,GB,pass,candidate,consulting with marketing keywords
Brian,Nido,Brian Nido,Head of Customer Success,Medefy Health,linktr.ee,linkedin.com/in/brian-nido-4b99914,,Director,blitz,https://www.linkedin.com/company/medefy,Business Intelligence Platforms,US,US,pass,candidate,consulting with marketing keywords
Brian W.,Lynch,Brian W. Lynch,Executive  Director,RANE,ranenetwork.com,linkedin.com/in/brian-w-lynch-2466b210,,Director,blitz,https://www.linkedin.com/company/rane,Business Intelligence Platforms,US,US,pass,candidate,consulting with marketing keywords
Brian,"Mattson, CISSP","Brian Mattson, CISSP","Director of Information Technology, Technical Services & Support, and Engineering",Cyturus Technologies,cyturus.com,linkedin.com/in/brianmattson,,Director,blitz,https://www.linkedin.com/company/cyturus,Business Intelligence Platforms,US,US,pass,candidate,consulting with marketing keywords
Bruce,Brigham,Bruce Brigham,Vice President,Prolink Software Corporation,linktr.ee,linkedin.com/in/bruce-brigham-329b22b,,VP,blitz,https://www.linkedin.com/company/prolink-software-inc.,Business Intelligence Platforms,US,US,pass,candidate,consulting with marketing keywords
Bryan,Heath,Bryan Heath,Chief Technology Officer,"Casting Calls America, LLC",linktr.ee,linkedin.com/in/bryan-heath,,C-Team,blitz,https://www.linkedin.com/company/casting-calls-america-llc,Business Intelligence Platforms,US,US,pass,candidate,consulting with marketing keywords
Bryan,Merckling,Bryan Merckling,Chief Executive Officer,Thinaer,thinaer.io,linkedin.com/in/bryan-merckling-a1995257,,C-Team,blitz,https://www.linkedin.com/company/thinaer,Business Intelligence Platforms,US,US,pass,candidate,consulting with marketing keywords
Bryce,Merckling,Bryce Merckling,Vice President Of Product Development,Thinaer,thinaer.io,linkedin.com/in/bryce-merckling,,VP,blitz,https://www.linkedin.com/company/thinaer,Business Intelligence Platforms,US,US,pass,candidate,consulting with marketing keywords
C,"Asabia, CISA, CISM, CDPSE","C Asabia, CISA, CISM, CDPSE","Partner & Director, Public Sector Revenue",Prunedge,linktr.ee,linkedin.com/in/c-asabia-cisa-cism-cdpse-916923173,,C-Team,blitz,https://www.linkedin.com/company/prunedge,Business Intelligence Platforms,US,US,pass,candidate,consulting with marketing keywords
Carlos,Alonso Aguilar,Carlos Alonso Aguilar,Co-founder & CTPO,TRIBBU,linktr.ee,linkedin.com/in/carlos-alonso-aguilar,,C-Team,blitz,https://www.linkedin.com/company/tribbu-app,Business Intelligence Platforms,ES,ES,pass,candidate,consulting with marketing keywords
Carl J.,Tessmar,Carl J. Tessmar,Chief Executive Officer,HUMANLABS,humanlabs.digital,linkedin.com/in/carltessmarhumanlabs,,C-Team,blitz,https://www.linkedin.com/company/humanlabsdatadriven,Business Intelligence Platforms,ES,ES,pass,candidate,consulting with marketing keywords
Carrie,Chadwick,Carrie Chadwick,"Vice President, Growth",Seek,seekinsights.com,linkedin.com/in/carrie-chadwick-6a61045,,VP,blitz,https://www.linkedin.com/company/seek-insights,Business Intelligence Platforms,US,US,pass,candidate,consulting with marketing keywords
Marcos,Castro 🔷,Marcos Castro 🔷,Co-Founder & Shareholder (Non-Executive),FULLVENUE,fullvenue.ai,linkedin.com/in/castromarcos,,C-Team,blitz,https://www.linkedin.com/company/fullvenueai,Business Intelligence Platforms,PT,PT,pass,candidate,consulting with marketing keywords
Cesar,Figueroa,Cesar Figueroa,Sales Director - US,Sona,linktr.ee,linkedin.com/in/cdfigueroa,,Director,blitz,https://www.linkedin.com/company/getsona,Business Intelligence Platforms,US,GB,pass,candidate,consulting with marketing keywords
Chad,Kreysar,Chad Kreysar,Head of Sales,Veriato,veriato.com,linkedin.com/in/chad-kreysar-7719ab69,,Director,blitz,https://www.linkedin.com/company/veriato,Business Intelligence Platforms,US,US,pass,candidate,consulting with marketing keywords
Chad,Romney,Chad Romney,Vice President of Product Development,Tukios,linktr.ee,linkedin.com/in/chad-romney,,VP,blitz,https://www.linkedin.com/company/tukios,Business Intelligence Platforms,US,US,pass,candidate,consulting with marketing keywords
Chad,Seaverns,Chad Seaverns,Chief Operating Officer,Gearfire,linktr.ee,linkedin.com/in/chad-seaverns-5207314,,C-Team,blitz,https://www.linkedin.com/company/gearfire,Business Intelligence Platforms,US,US,pass,candidate,consulting with marketing keywords
Charis,Downey,Charis Downey,"VP, People",OrderMyGear (OMG),linktr.ee,linkedin.com/in/charis-downey,,VP,blitz,https://www.linkedin.com/company/ordermygear,Business Intelligence Platforms,US,US,pass,candidate,consulting with marketing keywords
Charles,Sammons,Charles Sammons,Director of Product Management and Development,4impactdata,4impactdata.com,linkedin.com/in/charles-sammons,,Director,blitz,https://www.linkedin.com/company/4impactdatallc,Business Intelligence Platforms,US,US,pass,candidate,consulting with marketing keywords
Chaya,Rubinstein,Chaya Rubinstein,"Director, Enterprise Accounts – Americas",SKYPAD,skyitgroup.com,linkedin.com/in/chaya-rubinstein-07a70640,,Director,blitz,https://www.linkedin.com/company/skypad-app,Business Intelligence Platforms,US,US,pass,candidate,consulting with marketing keywords
Che,"Lucero, PhD","Che Lucero, PhD","Sr. Director, Data & Analytics",Seek,seekinsights.com,linkedin.com/in/chelucero,,Director,blitz,https://www.linkedin.com/company/seek-insights,Business Intelligence Platforms,US,US,pass,candidate,consulting with marketing keywords
Chip F.,Parker,Chip F. Parker,President & CEO,LabX Ventures®,labxventures.com,linkedin.com/in/chipfparker,,C-Team,blitz,https://www.linkedin.com/company/labxventures,Business Intelligence Platforms,US,US,pass,candidate,consulting with marketing keywords
Chris,Moustakas,Chris Moustakas,Chief Operating Officer,YuzeData,yuzedata.com,linkedin.com/in/chrismoustakas,,C-Team,blitz,https://www.linkedin.com/company/yuzedata,Business Intelligence Platforms,US,US,pass,candidate,consulting with marketing keywords
Chris,Joseph,Chris Joseph,Executive Chairman,YuzeData,yuzedata.com,linkedin.com/in/chrisrjoseph,,C-Team,blitz,https://www.linkedin.com/company/yuzedata,Business Intelligence Platforms,US,US,pass,candidate,consulting with marketing keywords
Christian,MARGRITA,Christian MARGRITA,Directeur des opérations,LAINX,linktr.ee,linkedin.com/in/christian-margrita-6bb07235,,Director,blitz,https://www.linkedin.com/company/lainx-ai,Business Intelligence Platforms,FR,FR,pass,candidate,consulting with marketing keywords
Christian,Reinthaler,Christian Reinthaler,CMO,valantic Austria (vormals elements.at),linktr.ee,linkedin.com/in/christian-reinthaler-88397240,,C-Team,blitz,https://www.linkedin.com/company/valanticaustria,Business Intelligence Platforms,AT,AT,pass,candidate,consulting with marketing keywords
Christin,Wald,Christin Wald,Head of Content Marketing & Writing | Team Lead,valantic Austria (vormals elements.at),linktr.ee,linkedin.com/in/christin-wald-903452229,,Director,blitz,https://www.linkedin.com/company/valanticaustria,Business Intelligence Platforms,AT,AT,pass,candidate,consulting with marketing keywords
Christina,Essl,Christina Essl,Head of Social Media Marketing,valantic Austria (vormals elements.at),linktr.ee,linkedin.com/in/christina-essl-6b44899b,,Director,blitz,https://www.linkedin.com/company/valanticaustria,Business Intelligence Platforms,AT,AT,pass,candidate,consulting with marketing keywords
Christina,G.,Christina G.,Director of Insurance Strategy,Athenium,athenium.com,linkedin.com/in/christina-g-9604a570,,Director,blitz,https://www.linkedin.com/company/atheniumllc,Business Intelligence Platforms,US,US,pass,candidate,consulting with marketing keywords
Christina,Williams,Christina Williams,Board Member,Seek,seekinsights.com,linkedin.com/in/christina-williams-62554450,,Director,blitz,https://www.linkedin.com/company/seek-insights,Business Intelligence Platforms,US,US,pass,candidate,consulting with marketing keywords
Christine,Schober,Christine Schober,Head of Corporate Communication,valantic Austria (vormals elements.at),linktr.ee,linkedin.com/in/christine-schober-472048202,,Director,blitz,https://www.linkedin.com/company/valanticaustria,Business Intelligence Platforms,AT,AT,pass,candidate,consulting with marketing keywords
Christine,Tope,Christine Tope,Asst. to CEO,Studio Designer,linktr.ee,linkedin.com/in/christine-tope-b259251a3,,C-Team,blitz,https://www.linkedin.com/company/studiodesigner,Business Intelligence Platforms,US,US,pass,candidate,consulting with marketing keywords
Christoph,Schwaiger,Christoph Schwaiger,Creative Director,valantic Austria (vormals elements.at),linktr.ee,linkedin.com/in/christoph-schwaiger,,Director,blitz,https://www.linkedin.com/company/valanticaustria,Business Intelligence Platforms,AT,AT,pass,candidate,consulting with marketing keywords
Chris,Edwards,Chris Edwards,Product Director,Insurance Insider,insuranceinsider.com,linkedin.com/in/christophergedwards,,Director,blitz,https://www.linkedin.com/company/theinsuranceinsider,Business Intelligence Platforms,GB,GB,pass,candidate,consulting with marketing keywords
Chuck,Richey,Chuck Richey,Director Technical Fellow,IntraSee,linktr.ee,linkedin.com/in/chuck-richey-2b792414,,Director,blitz,https://www.linkedin.com/company/intrasee,Business Intelligence Platforms,US,US,pass,candidate,consulting with marketing keywords
CJ,Lee,CJ Lee,EVP,Reallusion,linktr.ee,linkedin.com/in/cj-lee-005369,,VP,blitz,https://www.linkedin.com/company/reallusion,Business Intelligence Platforms,US,US,pass,candidate,consulting with marketing keywords
Christoph,Jentzsch,Christoph Jentzsch,Chief Executive Officer,Tokenize.it,linktr.ee,linkedin.com/in/cjentzsch,,C-Team,blitz,https://www.linkedin.com/company/tokenize-hq,Business Intelligence Platforms,DE,DE,pass,candidate,consulting with marketing keywords
Claire,Court,Claire Court,Commercial Director,Delta Financial Systems,linktr.ee,linkedin.com/in/claire-court-a3879b47,,Director,blitz,https://www.linkedin.com/company/delta-financial-systems,Business Intelligence Platforms,GB,GB,pass,candidate,consulting with marketing keywords
Clare,Woodward,Clare Woodward,Customer Success Director,Relative Insight,relativeinsight.com,linkedin.com/in/clare-woodward-912bb034,,Director,blitz,https://www.linkedin.com/company/relative-insight,Business Intelligence Platforms,GB,GB,pass,candidate,consulting with marketing keywords
Clark,Straw,Clark Straw,Chairman of the Board & Co-founder,LabX Ventures®,labxventures.com,linkedin.com/in/clarkstraw,,C-Team,blitz,https://www.linkedin.com/company/labxventures,Business Intelligence Platforms,US,US,pass,candidate,consulting with marketing keywords
Cody,Hagans,Cody Hagans,Director of Advisory Solutions,4impactdata,4impactdata.com,linkedin.com/in/cody-hagans-75107b6,,Director,blitz,https://www.linkedin.com/company/4impactdatallc,Business Intelligence Platforms,US,US,pass,candidate,consulting with marketing keywords
Casey,Kuhlman,Casey Kuhlman,CEO,Monax Labs,linktr.ee,linkedin.com/in/compleatang,,C-Team,blitz,https://www.linkedin.com/company/monaxlabs,Business Intelligence Platforms,GB,US,pass,candidate,consulting with marketing keywords
Connor,Teuten,Connor Teuten,Financial Director,GEEIQ,geeiq.com,linkedin.com/in/connor-teuten,,Director,blitz,https://www.linkedin.com/company/getgeeiq,Business Intelligence Platforms,GB,GB,pass,candidate,consulting with marketing keywords
Ioana,Constantin,Ioana Constantin,Chief Executive Officer,Termene.ro,termene.ro,linkedin.com/in/constantin-ioana-termene,,C-Team,blitz,https://www.linkedin.com/company/termene,Business Intelligence Platforms,RO,RO,pass,candidate,consulting with marketing keywords
Cory,LaFleur,Cory LaFleur,"VP, Go-To-Market & Strategic Partnerships",Thinaer,thinaer.io,linkedin.com/in/corydlafleur,,VP,blitz,https://www.linkedin.com/company/thinaer,Business Intelligence Platforms,US,US,pass,candidate,consulting with marketing keywords
Craig,Tattersall,Craig Tattersall,Senior Account Director,GEEIQ,geeiq.com,linkedin.com/in/craigtattersall1,,Director,blitz,https://www.linkedin.com/company/getgeeiq,Business Intelligence Platforms,GB,GB,pass,candidate,consulting with marketing keywords
Curt,Anderson,Curt Anderson,Executive VP,Athenium,athenium.com,linkedin.com/in/curt-anderson-89b520,,VP,blitz,https://www.linkedin.com/company/athenium,Business Intelligence Platforms,US,US,pass,candidate,consulting with marketing keywords
Curtis,Funk,Curtis Funk,Dreamer/CEO,Tukios,linktr.ee,linkedin.com/in/curtisfunk,,C-Team,blitz,https://www.linkedin.com/company/tukios,Business Intelligence Platforms,US,US,pass,candidate,consulting with marketing keywords
Dale,Roberts,Dale Roberts,Managing Director Business Development,Athenium,athenium.com,linkedin.com/in/dale-roberts-b1032a23,,C-Team,blitz,https://www.linkedin.com/company/athenium,Business Intelligence Platforms,US,US,pass,candidate,consulting with marketing keywords
Dan,Smith,Dan Smith,Chairman of the Board,"Unified Office, Inc.",unifiedoffice.com,linkedin.com/in/dan-smith-451a82119,,C-Team,blitz,https://www.linkedin.com/company/unified-office-inc,Business Intelligence Platforms,US,US,pass,candidate,consulting with marketing keywords
Dana,Kondrevych,Dana Kondrevych,Head of Talent Acquisition,YouScan Social Listening ✨,youscan.io,linkedin.com/in/dana-kondrevych,,Director,blitz,https://www.linkedin.com/company/youscan,Business Intelligence Platforms,UA,UA,pass,candidate,consulting with marketing keywords
Dane,Adcock,Dane Adcock,VP,SKYPAD,skyitgroup.com,linkedin.com/in/daneadcock,,VP,blitz,https://www.linkedin.com/company/skypad-app,Business Intelligence Platforms,US,US,pass,candidate,consulting with marketing keywords
Dani,Woolf,Dani Woolf,Chief Marketing Officer,Cyturus Technologies,cyturus.com,linkedin.com/in/daniarad,,C-Team,blitz,https://www.linkedin.com/company/cyturus,Business Intelligence Platforms,US,US,pass,candidate,consulting with marketing keywords
Daniel,S.,Daniel S.,Co-founder,TRIBBU,linktr.ee,linkedin.com/in/daniel-ceinos,,C-Team,blitz,https://www.linkedin.com/company/tribbu-app,Business Intelligence Platforms,ES,ES,pass,candidate,consulting with marketing keywords
Daniel,Slavenie,Daniel Slavenie,Partner,Termene.ro,termene.ro,linkedin.com/in/daniel-slavenie-619858137,,C-Team,blitz,https://www.linkedin.com/company/termene,Business Intelligence Platforms,RO,RO,pass,candidate,consulting with marketing keywords
Daniel,Egor,Daniel Egor,"Director, Sales",CATAPULT,catapult-analytics.com,linkedin.com/in/danielegor,,Director,blitz,https://www.linkedin.com/company/catapult-analytics,Business Intelligence Platforms,DE,DE,pass,candidate,consulting with marketing keywords
Danny,Zuckerman,Danny Zuckerman,COO,Recall Labs,linktr.ee,linkedin.com/in/danny-zuckerman-4389b013,,C-Team,blitz,https://www.linkedin.com/company/recalllabs,Business Intelligence Platforms,US,US,pass,candidate,consulting with marketing keywords
Darryl,Bate,Darryl Bate,Director of Global Client Strategy,Hire Intelligence🚀,hireintelligence.io,linkedin.com/in/darrylbate,,Director,blitz,https://www.linkedin.com/company/hireintelligence-io,Business Intelligence Platforms,GB,GB,pass,candidate,consulting with marketing keywords
Dave,"Alpert, MBA, FAIA","Dave Alpert, MBA, FAIA",CEO and Co-Founder,Geopogo,linktr.ee,linkedin.com/in/dave-alpert-mba-faia-0719455a,,C-Team,blitz,https://www.linkedin.com/company/geopogo3d,Business Intelligence Platforms,US,US,pass,candidate,consulting with marketing keywords
Dave,Glenn,Dave Glenn,Chief Business Development Officer,Cyturus Technologies,cyturus.com,linkedin.com/in/dave-glenn-842a66239,,C-Team,blitz,https://www.linkedin.com/company/cyturus,Business Intelligence Platforms,US,US,pass,candidate,consulting with marketing keywords
David,Arrighi,David Arrighi,Head of Retail & Store Development,Ochy,linktr.ee,linkedin.com/in/david-arrighi-71074a145,,Director,blitz,https://www.linkedin.com/company/ochy,Business Intelligence Platforms,FR,FR,pass,candidate,consulting with marketing keywords
David,Alayón,David Alayón,"Mentor, Board Member & Partner",TRIBBU,linktr.ee,linkedin.com/in/davidalayon,,C-Team,blitz,https://www.linkedin.com/company/tribbu-app,Business Intelligence Platforms,ES,ES,pass,candidate,consulting with marketing keywords
David,Morrow,David Morrow,Chief Customer Officer,Veriato,veriato.com,linkedin.com/in/davidgmorrow,,C-Team,blitz,https://www.linkedin.com/company/veriato,Business Intelligence Platforms,US,US,pass,candidate,consulting with marketing keywords
David,"Westfall, MBA - Solution Innovation","David Westfall, MBA - Solution Innovation",Head of Product,Medefy Health,linktr.ee,linkedin.com/in/davidjwestfall,,Director,blitz,https://www.linkedin.com/company/medefy,Business Intelligence Platforms,US,US,pass,candidate,consulting with marketing keywords
,,,Director of Marketing & Customer Success,"ProsperFleet by Valgen, Inc.",valgen.com,linkedin.com/in/debtrombley,,Director,blitz,https://www.linkedin.com/company/valgen-inc,Business Intelligence Platforms,US,US,pass,candidate,consulting with marketing keywords
Deirdre,Dastous Littlewood,Deirdre Dastous Littlewood,Chief Operating Officer,RANE,ranenetwork.com,linkedin.com/in/deirdre-dastous-littlewood-12ab73,,C-Team,blitz,https://www.linkedin.com/company/rane,Business Intelligence Platforms,US,US,pass,candidate,consulting with marketing keywords
Dhruv,Oza,Dhruv Oza,Partner Engagement Manager,Sol BI – AI based Actionable Business Insights,solbi.ai,linkedin.com/in/dhruvoza3056,,C-Team,blitz,https://www.linkedin.com/company/sol-bi,Business Intelligence Platforms,NL,NL,pass,candidate,consulting with marketing keywords
Diane,Lapointe,Diane Lapointe,Director Of Operations,"Unified Office, Inc.",unifiedoffice.com,linkedin.com/in/diane-lapointe-8801614a,,Director,blitz,https://www.linkedin.com/company/unified-office-inc,Business Intelligence Platforms,US,US,pass,candidate,consulting with marketing keywords
Dirk,Grobbelaar CA (SA),Dirk Grobbelaar CA (SA),Fractional CFO,Astrato Analytics,astrato.io,linkedin.com/in/dirk-grobbelaar-ca-sa-17558175,,C-Team,blitz,https://www.linkedin.com/company/astratoanalytics,Business Intelligence Platforms,GB,GB,pass,candidate,consulting with marketing keywords
Oladiwura (Diwura),Oladepo,Oladiwura (Diwura) Oladepo,Chief Growth Officer,Prunedge,linktr.ee,linkedin.com/in/diwura-oladepo,,C-Team,blitz,https://www.linkedin.com/company/prunedge,Business Intelligence Platforms,US,US,pass,candidate,consulting with marketing keywords
David,Eldridge,David Eldridge,Non-Executive Director,PrecisionPoint,precision-point.com,linkedin.com/in/djeldridge,,Director,blitz,https://www.linkedin.com/company/precisionpoint-software,Business Intelligence Platforms,GB,GB,pass,candidate,consulting with marketing keywords
Dominic,Sayers,Dominic Sayers,Chief Technology Officer,Tussell,tussell.com,linkedin.com/in/dominicsayers,,C-Team,blitz,https://www.linkedin.com/company/tussell-limited,Business Intelligence Platforms,GB,GB,pass,candidate,consulting with marketing keywords
Dominik,Feist,Dominik Feist,Head of Sports Operation,Shikenso,shikenso.com,linkedin.com/in/dominik-feist,,Director,blitz,https://www.linkedin.com/company/shikenso-gmbh,Business Intelligence Platforms,DE,DE,pass,candidate,consulting with marketing keywords
Donald,Keyser,Donald Keyser,Board Member,"Tego, Inc.",tegoinc.com,linkedin.com/in/donald-keyser-7a67a79,,Director,blitz,https://www.linkedin.com/company/tego-inc-,Business Intelligence Platforms,US,US,pass,candidate,consulting with marketing keywords
Doug,Fowler,Doug Fowler,VP of Marketing,SpectorSoft,veriato.com,linkedin.com/in/doug-fowler-77b35b4,,VP,blitz,https://www.linkedin.com/company/spectorsoft,Business Intelligence Platforms,US,US,pass,candidate,consulting with marketing keywords
Doug,Fowler,Doug Fowler,President,SpectorSoft,veriato.com,linkedin.com/in/doug-fowler-87a9681,,C-Team,blitz,https://www.linkedin.com/company/spectorsoft,Business Intelligence Platforms,US,US,pass,candidate,consulting with marketing keywords
Doug,Hindsley,Doug Hindsley,Sr. Partner,Card Integrity,cardintegrity.com,linkedin.com/in/doug-hindsley-2138b7,,C-Team,blitz,https://www.linkedin.com/company/card-integrity,Business Intelligence Platforms,US,US,pass,candidate,consulting with marketing keywords
Doug,"Corrigan, MBA","Doug Corrigan, MBA",Director,"Unified Office, Inc.",unifiedoffice.com,linkedin.com/in/dougcorrigan,,Director,blitz,https://www.linkedin.com/company/unified-office-inc,Business Intelligence Platforms,US,US,pass,candidate,consulting with marketing keywords
Doug,Young,Doug Young,Chief Operating Officer,Easalytics,easalytics.com,linkedin.com/in/dougyoung1,,C-Team,blitz,https://www.linkedin.com/company/easalytics,Business Intelligence Platforms,US,US,pass,candidate,consulting with marketing keywords
Dr. Christian,Dierolf,Dr. Christian Dierolf,Chief Operating Officer,Tomorrow Things,tomorrowthings.com,linkedin.com/in/dr-christian-dierolf-507a53201,,C-Team,blitz,https://www.linkedin.com/company/tomorrowthings,Business Intelligence Platforms,DE,DE,pass,candidate,consulting with marketing keywords
Dr. Tolga,Uslu,Dr. Tolga Uslu,Co-Founder & CTO,Shikenso,shikenso.com,linkedin.com/in/dr-tolga-uslu-559588168,,C-Team,blitz,https://www.linkedin.com/company/shikenso-gmbh,Business Intelligence Platforms,DE,DE,pass,candidate,consulting with marketing keywords
Will,Draper,Will Draper,President & Product Manager,Michigan Build and Launch,linktr.ee,linkedin.com/in/draperwilliam,,C-Team,blitz,https://www.linkedin.com/company/michiganbuildandlaunch,Business Intelligence Platforms,US,US,pass,candidate,consulting with marketing keywords
Chris,"Wright, Ph.D.","Chris Wright, Ph.D.",Partner/Founding Investor,Medefy Health,linktr.ee,linkedin.com/in/drchriswright,,C-Team,blitz,https://www.linkedin.com/company/medefy,Business Intelligence Platforms,US,US,pass,candidate,consulting with marketing keywords
Simon,Dupuy,Simon Dupuy,Bras droit du CEO,Shifter,linktr.ee,linkedin.com/in/dupuysimon,,C-Team,blitz,https://www.linkedin.com/company/shifter-logiciel,Business Intelligence Platforms,FR,FR,pass,candidate,consulting with marketing keywords
Dwijen,Pandit,Dwijen Pandit,Co-Founder & Chief Technology Officer,eVolv,evolvs.co,linkedin.com/in/dwijen-pandit,,C-Team,blitz,https://www.linkedin.com/company/evolv-about,Business Intelligence Platforms,US,US,pass,candidate,consulting with marketing keywords
Dylan,Matteo,Dylan Matteo,Sales Director,Insurance Insider,insuranceinsider.com,linkedin.com/in/dylan-matteo-a663075a,,Director,blitz,https://www.linkedin.com/company/theinsuranceinsider,Business Intelligence Platforms,US,GB,pass,candidate,consulting with marketing keywords
Ellen,"Cousins, PhD","Ellen Cousins, PhD",Chief Innovation Officer,Athenium,athenium.com,linkedin.com/in/ecousins,,C-Team,blitz,https://www.linkedin.com/company/atheniumllc,Business Intelligence Platforms,US,US,pass,candidate,consulting with marketing keywords
Edward,George,Edward George,"Senior Director, Product Engineering and Support",Athenium,athenium.com,linkedin.com/in/edward-george-b2219bb0,,Director,blitz,https://www.linkedin.com/company/atheniumllc,Business Intelligence Platforms,US,US,pass,candidate,consulting with marketing keywords
Elizabeth,Harz,Elizabeth Harz,Chief Executive Officer,Veriato,veriato.com,linkedin.com/in/eharz,,C-Team,blitz,https://www.linkedin.com/company/veriato,Business Intelligence Platforms,US,US,pass,candidate,consulting with marketing keywords
Ekaterina,Ulianova,Ekaterina Ulianova,Co-founder and CFO,Avaturn,linktr.ee,linkedin.com/in/ek-ulianova,,C-Team,blitz,https://www.linkedin.com/company/avaturn,Business Intelligence Platforms,GB,US,pass,candidate,consulting with marketing keywords
Eleni-Maria,Chondrou,Eleni-Maria Chondrou,Head of Engineering,farmer connect,linktr.ee,linkedin.com/in/elenihondrou,,Director,blitz,https://www.linkedin.com/company/farmerconnect,Business Intelligence Platforms,GR,CH,pass,candidate,consulting with marketing keywords
Eliott,Mogenet,Eliott Mogenet,Co-Founder,Safary 🦁,linktr.ee,linkedin.com/in/eliott-mogenet-405984105,,C-Team,blitz,https://www.linkedin.com/company/safaryclub,Business Intelligence Platforms,US,US,pass,candidate,consulting with marketing keywords
Emeline,Preston,Emeline Preston,Director of Customer Success,Seek,seekinsights.com,linkedin.com/in/emeline-preston,,Director,blitz,https://www.linkedin.com/company/seek-insights,Business Intelligence Platforms,US,US,pass,candidate,consulting with marketing keywords
Emily,Young,Emily Young,Head of Growth,MessApps,linktr.ee,linkedin.com/in/emily-young-here,,Director,blitz,https://www.linkedin.com/company/messapps,Business Intelligence Platforms,US,US,pass,candidate,consulting with marketing keywords
Emmy,Pollock,Emmy Pollock,Client Director,GEEIQ,geeiq.com,linkedin.com/in/emmy-pollock-601933159,,Director,blitz,https://www.linkedin.com/company/getgeeiq,Business Intelligence Platforms,GB,GB,pass,candidate,consulting with marketing keywords
Elizabeth,Donovan,Elizabeth Donovan,Chief Marketing Officer,Insurance Insider,insuranceinsider.com,linkedin.com/in/epdonovan,,C-Team,blitz,https://www.linkedin.com/company/theinsuranceinsider,Business Intelligence Platforms,US,GB,pass,candidate,consulting with marketing keywords
Eric,Eager,Eric Eager,"CEO, Co-Founder",4impactdata,4impactdata.com,linkedin.com/in/eric-eager,,C-Team,blitz,https://www.linkedin.com/company/4impactdatallc,Business Intelligence Platforms,US,US,pass,candidate,consulting with marketing keywords
Erica,"Hines MS, CWWPC","Erica Hines MS, CWWPC",Head of Strategic Alliances & Partnerships,Medefy Health,linktr.ee,linkedin.com/in/ericawandtke-hines,,Director,blitz,https://www.linkedin.com/company/medefy,Business Intelligence Platforms,US,US,pass,candidate,consulting with marketing keywords
Erik,Mitchell,Erik Mitchell,Chief Executive Officer,Seek,seekinsights.com,linkedin.com/in/erik-mitchell-170077a9,,C-Team,blitz,https://www.linkedin.com/company/seek-insights,Business Intelligence Platforms,US,US,pass,candidate,consulting with marketing keywords
Erik Archer,Smith,Erik Archer Smith,Head of Growth,WisdomAI,wisdom.ai,linkedin.com/in/erikarchersmith,,Director,blitz,https://www.linkedin.com/company/wisdomai-inc,Business Intelligence Platforms,US,US,pass,candidate,consulting with marketing keywords
Ernie,Orosco,Ernie Orosco,Director of Marketing and Sales,Innormax,linktr.ee,linkedin.com/in/ernie-orosco-a8ba026,,Director,blitz,https://www.linkedin.com/company/innormax,Business Intelligence Platforms,US,US,pass,candidate,consulting with marketing keywords
Ewan,Stark,Ewan Stark,Chief Executive Officer,Hire Intelligence🚀,hireintelligence.io,linkedin.com/in/ewan-stark-4334569,,C-Team,blitz,https://www.linkedin.com/company/hireintelligence-io,Business Intelligence Platforms,GB,GB,pass,candidate,consulting with marketing keywords
Ferid,Ghasemi,Ferid Ghasemi,Head of Products,Shikenso,shikenso.com,linkedin.com/in/ferid-ghasemi-616412328,,Director,blitz,https://www.linkedin.com/company/shikenso-gmbh,Business Intelligence Platforms,DE,DE,pass,candidate,consulting with marketing keywords
Fernando,Pons Ortega,Fernando Pons Ortega,Co-Fundador y miembro del Consejo,2Playbook,linktr.ee,linkedin.com/in/fernando-pons-ortega-17990a1,,C-Team,blitz,https://www.linkedin.com/company/2playbook,Business Intelligence Platforms,ES,ES,pass,candidate,consulting with marketing keywords
Roberto,Ferrario,Roberto Ferrario,Chief Technology Officer,Overbi,linktr.ee,linkedin.com/in/ferrario-roberto,,C-Team,blitz,https://www.linkedin.com/company/overbi,Business Intelligence Platforms,IT,IT,pass,candidate,consulting with marketing keywords
John,Flaaten,John Flaaten,"Senior Vice President, Operations and Customer Success",Opus Match,linktr.ee,linkedin.com/in/flaaten,,VP,blitz,https://www.linkedin.com/company/opusmatch,Business Intelligence Platforms,US,US,pass,candidate,consulting with marketing keywords
Michael,"Flint, CPA","Michael Flint, CPA",Chief Financial Officer,Surefire Local,surefirelocal.com,linkedin.com/in/flintcpa,,C-Team,blitz,https://www.linkedin.com/company/surefire-local,Business Intelligence Platforms,US,US,pass,candidate,consulting with marketing keywords
Franck,Merlin,Franck Merlin,CTO,MagicBooking,linktr.ee,linkedin.com/in/franck-merlin-091064166,,C-Team,blitz,https://www.linkedin.com/company/magicbooking,Business Intelligence Platforms,GB,GB,pass,candidate,consulting with marketing keywords
Frank,Greweling,Frank Greweling,Chief Executive Officer,KDV Kanne Datenverarbeitung GmbH,linktr.ee,linkedin.com/in/frank-greweling-6750306a,,C-Team,blitz,https://www.linkedin.com/company/kdv-kanne-datenverarbeitung-gmbh,Business Intelligence Platforms,DE,DE,pass,candidate,consulting with marketing keywords
Fulvio Andrea,Bambusi,Fulvio Andrea Bambusi,Co-Founder,Wiseair,wiseair.vision,linkedin.com/in/fulvio-andrea-bambusi,,C-Team,blitz,https://www.linkedin.com/company/wiseair,Business Intelligence Platforms,IT,IT,pass,candidate,consulting with marketing keywords
Galyna,Marchuk,Galyna Marchuk,Chief People Officer,YouScan Social Listening ✨,youscan.io,linkedin.com/in/galinamarchuk,,C-Team,blitz,https://www.linkedin.com/company/youscan,Business Intelligence Platforms,UA,UA,pass,candidate,consulting with marketing keywords
Gareth,Price,Gareth Price,Chief Technology Officer,CorralData,corraldata.com,linkedin.com/in/garethsprice,,C-Team,blitz,https://www.linkedin.com/company/corraldata,Business Intelligence Platforms,US,US,pass,candidate,consulting with marketing keywords
Gerardo,Campos,Gerardo Campos,Chief Executive Officer,MyIntelli | Plataforma de Tiempos y Asistencia de Personal,linktr.ee,linkedin.com/in/gecuz,,C-Team,blitz,https://www.linkedin.com/company/myintelli-plataforma-control-asistencia-personal,Business Intelligence Platforms,US,US,pass,candidate,consulting with marketing keywords
Genevieve,Longtin,Genevieve Longtin,Vice President Marketing,Medefy Health,linktr.ee,linkedin.com/in/genevieve-longtin,,VP,blitz,https://www.linkedin.com/company/medefy,Business Intelligence Platforms,US,US,pass,candidate,consulting with marketing keywords
George,Began - Mich,George Began - Mich,Head of UI/UX,Termene.ro,termene.ro,linkedin.com/in/george-began-mich-199b261bb,,Director,blitz,https://www.linkedin.com/company/termene,Business Intelligence Platforms,RO,RO,pass,candidate,consulting with marketing keywords
George,Abdelmessih,George Abdelmessih,Head of Sales,Financial Cents,linktr.ee,linkedin.com/in/georgeabdelmessih,,Director,blitz,https://www.linkedin.com/company/financial-cents,Business Intelligence Platforms,US,US,pass,candidate,consulting with marketing keywords
George,Burnett III,George Burnett III,Chief Technology Officer,LabX Ventures®,labxventures.com,linkedin.com/in/georgeburnettiii,,C-Team,blitz,https://www.linkedin.com/company/labxventures,Business Intelligence Platforms,US,US,pass,candidate,consulting with marketing keywords
Georgia,Macnamara,Georgia Macnamara,Sales Director - Events & Marketing Services,Insurance Insider,insuranceinsider.com,linkedin.com/in/georgiamacnamara,,Director,blitz,https://www.linkedin.com/company/theinsuranceinsider,Business Intelligence Platforms,GB,GB,pass,candidate,consulting with marketing keywords
Georgina,Richards,Georgina Richards,Director of Payroll,Sona,linktr.ee,linkedin.com/in/georgina-richards-b9025a1a4,,Director,blitz,https://www.linkedin.com/company/getsona,Business Intelligence Platforms,GB,GB,pass,candidate,consulting with marketing keywords
Georg,Koch,Georg Koch,Chief Consulting Officer - CCO,valantic Austria (vormals elements.at),linktr.ee,linkedin.com/in/georgkoch,,C-Team,blitz,https://www.linkedin.com/company/valanticaustria,Business Intelligence Platforms,AT,AT,pass,candidate,consulting with marketing keywords
Giovana,Martin,Giovana Martin,Director of Operations & People,WisdomAI,wisdom.ai,linkedin.com/in/giovana-martin-142599159,,Director,blitz,https://www.linkedin.com/company/wisdomai-inc,Business Intelligence Platforms,US,US,pass,candidate,consulting with marketing keywords
Glenn,O.,Glenn O.,VP for BD & Federal,Athenium,athenium.com,linkedin.com/in/glenn-ojeda-vega,,VP,blitz,https://www.linkedin.com/company/atheniumllc,Business Intelligence Platforms,US,US,pass,candidate,consulting with marketing keywords
Lucas,Roe,Lucas Roe,Director of Product Design,Studio Designer,linktr.ee,linkedin.com/in/glucasroe,,Director,blitz,https://www.linkedin.com/company/studiodesigner,Business Intelligence Platforms,US,US,pass,candidate,consulting with marketing keywords
Goran,Pandzic,Goran Pandzic,Commercial Director,Insurance Insider,insuranceinsider.com,linkedin.com/in/goran-pandzic-1912ab15,,Director,blitz,https://www.linkedin.com/company/theinsuranceinsider,Business Intelligence Platforms,US,GB,pass,candidate,consulting with marketing keywords
Gosia,Jarka,Gosia Jarka,Director of Marketing,Creatuity Corp.,linktr.ee,linkedin.com/in/gosia-jarka-531965b1,,Director,blitz,https://www.linkedin.com/company/creatuity-corp-,Business Intelligence Platforms,PL,US,pass,candidate,consulting with marketing keywords
Greg,Wookey,Greg Wookey,Chief Financial Officer,Medefy Health,linktr.ee,linkedin.com/in/greg-wookey-4263385,,C-Team,blitz,https://www.linkedin.com/company/medefy,Business Intelligence Platforms,US,US,pass,candidate,consulting with marketing keywords
Greg,Radner,Greg Radner,Chief Marketing Officer,RANE,ranenetwork.com,linkedin.com/in/gregradner,,C-Team,blitz,https://www.linkedin.com/company/rane,Business Intelligence Platforms,US,US,pass,candidate,consulting with marketing keywords
Juanma,Varo,Juanma Varo,Head of Growth,TRIBBU,linktr.ee,linkedin.com/in/growth-marketing-juanma-varo,,Director,blitz,https://www.linkedin.com/company/tribbu-app,Business Intelligence Platforms,ES,ES,pass,candidate,consulting with marketing keywords
Guilherme,Menezes,Guilherme Menezes,Co-Founder & Chief Architect,WisdomAI,wisdom.ai,linkedin.com/in/guilherme-menezes-2124758,,C-Team,blitz,https://www.linkedin.com/company/wisdomai-inc,Business Intelligence Platforms,US,US,pass,candidate,consulting with marketing keywords
Hailey A.,Thomas,Hailey A. Thomas,"Director, Human Resources",Studio Designer,linktr.ee,linkedin.com/in/haileyannethomas,,Director,blitz,https://www.linkedin.com/company/studiodesigner,Business Intelligence Platforms,US,US,pass,candidate,consulting with marketing keywords
Hamilton,Matthews,Hamilton Matthews,Chair,Insurance Insider,insuranceinsider.com,linkedin.com/in/hamilton-matthews-6bab21b,,C-Team,blitz,https://www.linkedin.com/company/theinsuranceinsider,Business Intelligence Platforms,GB,GB,pass,candidate,consulting with marketing keywords
Hardik,Patel,Hardik Patel,VP of Software,"Tego, Inc.",tegoinc.com,linkedin.com/in/hardik-patel-a3b44b4,,VP,blitz,https://www.linkedin.com/company/tego-inc-,Business Intelligence Platforms,US,US,pass,candidate,consulting with marketing keywords
Harold,Hambrose,Harold Hambrose,Chief Strategy Officer,"ZENDA, LLC",zendaconsulting.com,linkedin.com/in/haroldhambrose,,C-Team,blitz,https://www.linkedin.com/company/zendaplatform,Business Intelligence Platforms,US,US,pass,candidate,consulting with marketing keywords
Harry,S.,Harry S.,VP of AI,Sona,linktr.ee,linkedin.com/in/harrysalmon,,VP,blitz,https://www.linkedin.com/company/getsona,Business Intelligence Platforms,GB,GB,pass,candidate,consulting with marketing keywords
Hayley,Strang,Hayley Strang,Head of Marketing,GEEIQ,geeiq.com,linkedin.com/in/hayley-strang-852a4830,,Director,blitz,https://www.linkedin.com/company/getgeeiq,Business Intelligence Platforms,GB,GB,pass,candidate,consulting with marketing keywords
Hollie Rose,Hodgson,Hollie Rose Hodgson,Head of Account Management,Tussell,tussell.com,linkedin.com/in/hollie-rose-hodgson,,Director,blitz,https://www.linkedin.com/company/tussell-limited,Business Intelligence Platforms,GB,GB,pass,candidate,consulting with marketing keywords
Holly,Randall,Holly Randall,Operations Director,HealthTrust Software,linktr.ee,linkedin.com/in/holly-randall-14678343,,Director,blitz,https://www.linkedin.com/company/healthtrustsoftware,Business Intelligence Platforms,US,US,pass,candidate,consulting with marketing keywords
Hugo,Zubieta,Hugo Zubieta,Director of IT,Mojix,mojix.com,linkedin.com/in/hugo-zubieta-7b243024b,,Director,blitz,https://www.linkedin.com/company/mojix,Business Intelligence Platforms,US,US,pass,candidate,consulting with marketing keywords
Hugo,Loza,Hugo Loza,Engineering Director,Mojix,mojix.com,linkedin.com/in/hugoloza,,Director,blitz,https://www.linkedin.com/company/mojix,Business Intelligence Platforms,US,US,pass,candidate,consulting with marketing keywords
Hunter,Robinson,Hunter Robinson,VP of Finance,Financial Cents,linktr.ee,linkedin.com/in/hunter-robinson-189b6462,,VP,blitz,https://www.linkedin.com/company/financial-cents,Business Intelligence Platforms,US,US,pass,candidate,consulting with marketing keywords
Hüseyin,Dereli,Hüseyin Dereli,Head of Business Development and Network,RONYA,ronya.de,linkedin.com/in/hüseyin-dereli-27519465,,Director,blitz,https://www.linkedin.com/company/ronyamobility,Business Intelligence Platforms,DE,DE,pass,candidate,consulting with marketing keywords
Igor,Amarii,Igor Amarii,Presidente da Mesa da Assembleia Geral,FULLVENUE,fullvenue.ai,linkedin.com/in/igor-amarii-20615a95,,C-Team,blitz,https://www.linkedin.com/company/fullvenueai,Business Intelligence Platforms,PT,PT,pass,candidate,consulting with marketing keywords
Illia,Sazonov,Illia Sazonov,Chief Executive Officer,Pricer24,pricer24.com,linkedin.com/in/illia-sazonov,,C-Team,blitz,https://www.linkedin.com/company/pricer24,Business Intelligence Platforms,PL,UA,pass,candidate,consulting with marketing keywords
Imogen,Pickett,Imogen Pickett,Marketing Director,Inphinity ∞,myinphinity.com,linkedin.com/in/imogen-pickett-7716931a,,Director,blitz,https://www.linkedin.com/company/inphinity,Business Intelligence Platforms,GB,SK,pass,candidate,consulting with marketing keywords
Ines,Eschbacher,Ines Eschbacher,Geschäftsführerin,valantic Austria (vormals elements.at),linktr.ee,linkedin.com/in/ines-eschbacher-167396171,,C-Team,blitz,https://www.linkedin.com/company/valanticaustria,Business Intelligence Platforms,AT,AT,pass,candidate,consulting with marketing keywords
Inger,Sanders,Inger Sanders,Executive Director,GEEIQ,geeiq.com,linkedin.com/in/inger-sanders-8a2bb9158,,Director,blitz,https://www.linkedin.com/company/getgeeiq,Business Intelligence Platforms,GB,GB,pass,candidate,consulting with marketing keywords
Ingrid,Huang,Ingrid Huang,Vice President of Marketing,Michigan Build and Launch,linktr.ee,linkedin.com/in/ingridyhuang,,VP,blitz,https://www.linkedin.com/company/michiganbuildandlaunch,Business Intelligence Platforms,US,US,pass,candidate,consulting with marketing keywords
Inka,Seidel,Inka Seidel,Head of Customer Success,Superchat,linktr.ee,linkedin.com/in/inkaseidel,,Director,blitz,https://www.linkedin.com/company/superchatcom,Business Intelligence Platforms,DE,DE,pass,candidate,consulting with marketing keywords
Ioan,Mitrea,Ioan Mitrea,President/CEO,SellerEngine Software,linktr.ee,linkedin.com/in/ioanmitrea,,C-Team,blitz,https://www.linkedin.com/company/sellerengine,Business Intelligence Platforms,US,US,pass,candidate,consulting with marketing keywords
Ionut,Bonoiu,Ionut Bonoiu,Head of Context,Termene.ro,termene.ro,linkedin.com/in/ionut-bonoiu-82216a6,,Director,blitz,https://www.linkedin.com/company/termene,Business Intelligence Platforms,RO,RO,pass,candidate,consulting with marketing keywords
Iosu,Santurtun,Iosu Santurtun,CTO/Co-Founder,Wise Athena,wiseathena.com,linkedin.com/in/iosu-santurtun-2192511,,C-Team,blitz,https://www.linkedin.com/company/wiseathena-com,Business Intelligence Platforms,ES,US,pass,candidate,consulting with marketing keywords
Irena,Kehayova,Irena Kehayova,Head of Engineering,Insurance Insider,insuranceinsider.com,linkedin.com/in/irena-kehayova-9a6b9a74,,Director,blitz,https://www.linkedin.com/company/theinsuranceinsider,Business Intelligence Platforms,BG,GB,pass,candidate,consulting with marketing keywords
Ishwar,Bharbhari,Ishwar Bharbhari,Head of Customer Success,WisdomAI,wisdom.ai,linkedin.com/in/ishwarbharbhari,,Director,blitz,https://www.linkedin.com/company/wisdomai-inc,Business Intelligence Platforms,US,US,pass,candidate,consulting with marketing keywords
Ismael,de Esteban Fernández,Ismael de Esteban Fernández,Head of Tech,TRIBBU,linktr.ee,linkedin.com/in/ismaeldeesteban,,Director,blitz,https://www.linkedin.com/company/tribbu-app,Business Intelligence Platforms,ES,ES,pass,candidate,consulting with marketing keywords
Yuriy,Prytuliak,Yuriy Prytuliak,VP of IT,SKYPAD,skyitgroup.com,linkedin.com/in/iuriiprytuliak,,VP,blitz,https://www.linkedin.com/company/skypad-app,Business Intelligence Platforms,PL,US,pass,candidate,consulting with marketing keywords
Ivan,Korneliuk,Ivan Korneliuk,Chief Technology Officer,YouScan Social Listening ✨,youscan.io,linkedin.com/in/ivan-korneliuk,,C-Team,blitz,https://www.linkedin.com/company/youscan,Business Intelligence Platforms,UA,UA,pass,candidate,consulting with marketing keywords
Jake,Garcia,Jake Garcia,Chief Product Officer,RANE,ranenetwork.com,linkedin.com/in/jake-garcia-68510bb,,C-Team,blitz,https://www.linkedin.com/company/rane,Business Intelligence Platforms,US,US,pass,candidate,consulting with marketing keywords
Jakub,Sławiński,Jakub Sławiński,Co-owner and CTO,SolDevelo,linktr.ee,linkedin.com/in/jakubslawinski,,C-Team,blitz,https://www.linkedin.com/company/soldevelo-sp-z-o-o,Business Intelligence Platforms,PL,PL,pass,candidate,consulting with marketing keywords
James,Burden,James Burden,Co-founder - COO,GEEIQ,geeiq.com,linkedin.com/in/james-burden-ab017773,,C-Team,blitz,https://www.linkedin.com/company/getgeeiq,Business Intelligence Platforms,GB,GB,pass,candidate,consulting with marketing keywords
James,Rodricks,James Rodricks,Commercial Director,Hire Intelligence🚀,hireintelligence.io,linkedin.com/in/james-rodricks-bb47a925,,Director,blitz,https://www.linkedin.com/company/hireintelligence-io,Business Intelligence Platforms,GB,GB,pass,candidate,consulting with marketing keywords
Jami,Beere,Jami Beere,Head of Customer Success,"ZENDA, LLC",zendaconsulting.com,linkedin.com/in/jami-beere-02375a9,,Director,blitz,https://www.linkedin.com/company/zendaplatform,Business Intelligence Platforms,US,US,pass,candidate,consulting with marketing keywords
Tomáš,Jančo,Tomáš Jančo,CTO,Inphinity ∞,myinphinity.com,linkedin.com/in/jancotomas,,C-Team,blitz,https://www.linkedin.com/company/inphinity,Business Intelligence Platforms,SK,SK,pass,candidate,consulting with marketing keywords
Janet,Kasdan,Janet Kasdan,CTO,"ZENDA, LLC",zendaconsulting.com,linkedin.com/in/janetkasdan,,C-Team,blitz,https://www.linkedin.com/company/zendaplatform,Business Intelligence Platforms,US,US,pass,candidate,consulting with marketing keywords
Jaron,Farnham,Jaron Farnham,Head of Sales,WisdomAI,wisdom.ai,linkedin.com/in/jaronfarnham,,Director,blitz,https://www.linkedin.com/company/wisdomai-inc,Business Intelligence Platforms,US,US,pass,candidate,consulting with marketing keywords
Jarron,Sharp,Jarron Sharp,Director of Product,OrderMyGear (OMG),linktr.ee,linkedin.com/in/jarron-sharp-321b89129,,Director,blitz,https://www.linkedin.com/company/ordermygear,Business Intelligence Platforms,US,US,pass,candidate,consulting with marketing keywords
Jason,Price,Jason Price,Chief Executive Officer,OrchardTek,linktr.ee,linkedin.com/in/jason-price-244717308,,C-Team,blitz,https://www.linkedin.com/company/orchardtek,Business Intelligence Platforms,US,US,pass,candidate,consulting with marketing keywords
Jason,Roan,Jason Roan,Director of Finance,Seek,seekinsights.com,linkedin.com/in/jason-roan,,Director,blitz,https://www.linkedin.com/company/seek-insights,Business Intelligence Platforms,US,US,pass,candidate,consulting with marketing keywords
Jason,Bittner,Jason Bittner,CEO,Triple Helix Corporation,linktr.ee,linkedin.com/in/jasonbittner,,C-Team,blitz,https://www.linkedin.com/company/triple-helix-corporation,Business Intelligence Platforms,US,US,pass,candidate,consulting with marketing keywords
Jason,McDonald,Jason McDonald,Chief Revenue Officer,HENO,linktr.ee,linkedin.com/in/jasonpmcdonald,,C-Team,blitz,https://www.linkedin.com/company/henoemr,Business Intelligence Platforms,US,US,pass,candidate,consulting with marketing keywords
Mickael,Jaulin,Mickael Jaulin,Sales Director,Ochy,linktr.ee,linkedin.com/in/jaulinmickael,,Director,blitz,https://www.linkedin.com/company/ochy,Business Intelligence Platforms,FR,FR,pass,candidate,consulting with marketing keywords
Javier,Rodriguez Umpierre,Javier Rodriguez Umpierre,Head of Data,TRIBBU,linktr.ee,linkedin.com/in/javirodriguez0,,Director,blitz,https://www.linkedin.com/company/tribbu-app,Business Intelligence Platforms,ES,ES,pass,candidate,consulting with marketing keywords
Jay,Ruether,Jay Ruether,VP Head of Finance,Seek,seekinsights.com,linkedin.com/in/jayruether,,VP,blitz,https://www.linkedin.com/company/seek-insights,Business Intelligence Platforms,US,US,pass,candidate,consulting with marketing keywords
Jonathan,Cleaves,Jonathan Cleaves,"Director, Infrastructure and System Administration",Athenium,athenium.com,linkedin.com/in/jcleaves,,Director,blitz,https://www.linkedin.com/company/atheniumllc,Business Intelligence Platforms,US,US,pass,candidate,consulting with marketing keywords
Jean-Louis,SADOKH,Jean-Louis SADOKH,Président-directeur général,LAINX,linktr.ee,linkedin.com/in/jeanlouissadokh,,C-Team,blitz,https://www.linkedin.com/company/lainx-ai,Business Intelligence Platforms,FR,FR,pass,candidate,consulting with marketing keywords
Jen,Bendowski,Jen Bendowski,Client Success Director,Hire Intelligence🚀,hireintelligence.io,linkedin.com/in/jenbendowski,,Director,blitz,https://www.linkedin.com/company/hireintelligence-io,Business Intelligence Platforms,US,GB,pass,candidate,consulting with marketing keywords
Jenna,Warren,Jenna Warren,Vice-President of Special Projects,Creatuity Corp.,linktr.ee,linkedin.com/in/jennawarren,,VP,blitz,https://www.linkedin.com/company/creatuity-corp-,Business Intelligence Platforms,US,US,pass,candidate,consulting with marketing keywords
Jens,Milbrandt,Jens Milbrandt,Senior Client Partner,Vitelis,vitelis.com,linkedin.com/in/jensmilbrandt,,C-Team,blitz,https://www.linkedin.com/company/vitelisai,Business Intelligence Platforms,DE,US,pass,candidate,consulting with marketing keywords
Jeremy,Nicholls,Jeremy Nicholls,Chief Financial Officer,Insurance Insider,insuranceinsider.com,linkedin.com/in/jeremy-nicholls-9b86718,,C-Team,blitz,https://www.linkedin.com/company/theinsuranceinsider,Business Intelligence Platforms,GB,GB,pass,candidate,consulting with marketing keywords
Jess,Babyak,Jess Babyak,Chief Operating Officer,Athenium,athenium.com,linkedin.com/in/jess-babyak-5b031322,,C-Team,blitz,https://www.linkedin.com/company/atheniumllc,Business Intelligence Platforms,US,US,pass,candidate,consulting with marketing keywords
Jesse,Klesser,Jesse Klesser,Regional Director,MAC Safety,macsafety.com,linkedin.com/in/jesse-klesser-924216170,,Director,blitz,https://www.linkedin.com/company/mac-safety,Business Intelligence Platforms,US,US,pass,candidate,consulting with marketing keywords
Jessica,Pinczewski,Jessica Pinczewski,Vice President of Product Management,SKYPAD,skyitgroup.com,linkedin.com/in/jessica-pinczewski-087a446,,VP,blitz,https://www.linkedin.com/company/skypad-app,Business Intelligence Platforms,US,US,pass,candidate,consulting with marketing keywords
Jessica,Taubert,Jessica Taubert,Head of HR,Insurance Insider,insuranceinsider.com,linkedin.com/in/jessica-taubert-573807bb,,Director,blitz,https://www.linkedin.com/company/theinsuranceinsider,Business Intelligence Platforms,GB,GB,pass,candidate,consulting with marketing keywords
Jesus,Moreno,Jesus Moreno,Director of Engineering,OrderMyGear (OMG),linktr.ee,linkedin.com/in/jesus-moreno-5a22ab43,,Director,blitz,https://www.linkedin.com/company/ordermygear,Business Intelligence Platforms,US,US,pass,candidate,consulting with marketing keywords
Jim,"McAlister, CPA","Jim McAlister, CPA","VP, Accounting",OrderMyGear (OMG),linktr.ee,linkedin.com/in/jhmcalister,,VP,blitz,https://www.linkedin.com/company/ordermygear,Business Intelligence Platforms,US,US,pass,candidate,consulting with marketing keywords
Jim,Busch,Jim Busch,Senior Director of Core Intelligence,RANE,ranenetwork.com,linkedin.com/in/jimbusch,,Director,blitz,https://www.linkedin.com/company/rane,Business Intelligence Platforms,US,US,pass,candidate,consulting with marketing keywords
Jim,Greenwell,Jim Greenwell,Chief Executive Officer,Athenium,athenium.com,linkedin.com/in/jimgreenwell,,C-Team,blitz,https://www.linkedin.com/company/atheniumllc,Business Intelligence Platforms,US,US,pass,candidate,consulting with marketing keywords
Jim,S.,Jim S.,Board Member & Investor,ApprentiScope,linktr.ee,linkedin.com/in/jimstanczak,,Director,blitz,https://www.linkedin.com/company/apprentiscope,Business Intelligence Platforms,US,US,pass,candidate,consulting with marketing keywords
Jordan,Kassof,Jordan Kassof,Director of Engineering,Seek,seekinsights.com,linkedin.com/in/jkassof,,Director,blitz,https://www.linkedin.com/company/seek-insights,Business Intelligence Platforms,US,US,pass,candidate,consulting with marketing keywords
Joe,Creedon,Joe Creedon,Head of Product,Tussell,tussell.com,linkedin.com/in/joe-creedon-13024116a,,Director,blitz,https://www.linkedin.com/company/tussell-limited,Business Intelligence Platforms,GB,GB,pass,candidate,consulting with marketing keywords
Joel,Ogunsola,Joel Ogunsola,Chief Executive Officer,Prunedge,linktr.ee,linkedin.com/in/joelogunsola,,C-Team,blitz,https://www.linkedin.com/company/prunedge,Business Intelligence Platforms,US,US,pass,candidate,consulting with marketing keywords
Joe,McGrattan,Joe McGrattan,Head of Strategy & Market Development,Triple Helix Corporation,linktr.ee,linkedin.com/in/joemcgrattan,,Director,blitz,https://www.linkedin.com/company/triple-helix-corporation,Business Intelligence Platforms,US,US,pass,candidate,consulting with marketing keywords
Joerg,K.,Joerg K.,Head of Marketing,WisdomAI,wisdom.ai,linkedin.com/in/joergkoehler,,Director,blitz,https://www.linkedin.com/company/wisdomai-inc,Business Intelligence Platforms,US,US,pass,candidate,consulting with marketing keywords
Johanna,Hambrose,Johanna Hambrose,CEO and Founder,"ZENDA, LLC",zendaconsulting.com,linkedin.com/in/johannahambrose,,C-Team,blitz,https://www.linkedin.com/company/zendaplatform,Business Intelligence Platforms,US,US,pass,candidate,consulting with marketing keywords
John,Latvatalo,John Latvatalo,Chief Revenue Officer (CRO),4impactdata,4impactdata.com,linkedin.com/in/john-latvatalo-4471aa1,,C-Team,blitz,https://www.linkedin.com/company/4impactdatallc,Business Intelligence Platforms,US,US,pass,candidate,consulting with marketing keywords
John,Porter,John Porter,"Director, Marketing Success",GRAPHISOFT UK,linktr.ee,linkedin.com/in/john-porter-40443b8,,Director,blitz,https://www.linkedin.com/company/graphisoft-uk-ltd,Business Intelligence Platforms,GB,GB,pass,candidate,consulting with marketing keywords
John,"Holliday, PhD","John Holliday, PhD","EVP, Product & GTM","ZENDA, LLC",zendaconsulting.com,linkedin.com/in/johnbholliday,,VP,blitz,https://www.linkedin.com/company/zendaplatform,Business Intelligence Platforms,US,US,pass,candidate,consulting with marketing keywords
John,Martin,John Martin,Vice President of Marketing,Reallusion,linktr.ee,linkedin.com/in/johnmartin12,,VP,blitz,https://www.linkedin.com/company/reallusion,Business Intelligence Platforms,US,US,pass,candidate,consulting with marketing keywords
Jon,Akass,Jon Akass,Director of Product Management,Insurance Insider,insuranceinsider.com,linkedin.com/in/jon-akass-7a64a939,,Director,blitz,https://www.linkedin.com/company/theinsuranceinsider,Business Intelligence Platforms,GB,GB,pass,candidate,consulting with marketing keywords
Jon,Berry,Jon Berry,Director of IT,Insurance Insider,insuranceinsider.com,linkedin.com/in/jon-berry-360688b5,,Director,blitz,https://www.linkedin.com/company/theinsuranceinsider,Business Intelligence Platforms,GB,GB,pass,candidate,consulting with marketing keywords
Jon Helge,Stensrud,Jon Helge Stensrud,CTO,Time2Staff,linktr.ee,linkedin.com/in/jon-helge-stensrud-49615b3,,C-Team,blitz,https://www.linkedin.com/company/time2staff,Business Intelligence Platforms,NO,NO,pass,candidate,consulting with marketing keywords
Jonathan,Israel,Jonathan Israel,Executive Vice President of Sales,Astrato Analytics,astrato.io,linkedin.com/in/jonathanisrael,,VP,blitz,https://www.linkedin.com/company/astratoanalytics,Business Intelligence Platforms,US,GB,pass,candidate,consulting with marketing keywords
Jonathan,Klar,Jonathan Klar,Board Member,SKOOP,linktr.ee,linkedin.com/in/jonathanklar,,Director,blitz,https://www.linkedin.com/company/skoopsignage,Business Intelligence Platforms,US,US,pass,candidate,consulting with marketing keywords
Jonathan,Redua,Jonathan Redua,Head of Professional Services - SAP Business One,Innormax,linktr.ee,linkedin.com/in/jonatharedua,,Director,blitz,https://www.linkedin.com/company/innormax,Business Intelligence Platforms,GB,US,pass,candidate,consulting with marketing keywords
Joni,Guerrera,Joni Guerrera,Director of Customer Success,SKOOP,linktr.ee,linkedin.com/in/joni-guerrera-31aa6a191,,Director,blitz,https://www.linkedin.com/company/skoopsignage,Business Intelligence Platforms,US,US,pass,candidate,consulting with marketing keywords
Jonny,Sawyer,Jonny Sawyer,VP Revenue,GEEIQ,geeiq.com,linkedin.com/in/jonny-sawyer-31360b35,,VP,blitz,https://www.linkedin.com/company/getgeeiq,Business Intelligence Platforms,GB,GB,pass,candidate,consulting with marketing keywords
Jordan,Ferguson,Jordan Ferguson,"Director, Customer Success || Meteorologist",Athenium,athenium.com,linkedin.com/in/jordan-ferguson-wx,,Director,blitz,https://www.linkedin.com/company/atheniumllc,Business Intelligence Platforms,US,US,pass,candidate,consulting with marketing keywords
Jordan,Philips,Jordan Philips,Head of Corporate Sales,WisdomAI,wisdom.ai,linkedin.com/in/jordan-philips,,Director,blitz,https://www.linkedin.com/company/wisdomai-inc,Business Intelligence Platforms,US,US,pass,candidate,consulting with marketing keywords
Jorge,Pérez Muñoz,Jorge Pérez Muñoz,Head of People,TRIBBU,linktr.ee,linkedin.com/in/jorgeperezmz,,Director,blitz,https://www.linkedin.com/company/tribbu-app,Business Intelligence Platforms,ES,ES,pass,candidate,consulting with marketing keywords
Joseph,Cassidy,Joseph Cassidy,Director of Finance And Administration,SKYPAD,skyitgroup.com,linkedin.com/in/joseph-cassidy-87a6b793,,Director,blitz,https://www.linkedin.com/company/skypad-app,Business Intelligence Platforms,US,US,pass,candidate,consulting with marketing keywords
Joseph,Simoni,Joseph Simoni,Executive Vice President,LabX Ventures®,labxventures.com,linkedin.com/in/josephsimoni,,VP,blitz,https://www.linkedin.com/company/labxventures,Business Intelligence Platforms,US,US,pass,candidate,consulting with marketing keywords
Josh,Cooper,Josh Cooper,Founder & CEO,SKOOP,linktr.ee,linkedin.com/in/josh-cooper-55426b120,,C-Team,blitz,https://www.linkedin.com/company/skoopsignage,Business Intelligence Platforms,US,US,pass,candidate,consulting with marketing keywords
Josh,Fritzsche,Josh Fritzsche,COO,Telenotes,linktr.ee,linkedin.com/in/josh-fritzsche-3280a34,,C-Team,blitz,https://www.linkedin.com/company/telenotes,Business Intelligence Platforms,US,US,pass,candidate,consulting with marketing keywords
Josh,Murray,Josh Murray,Chief Technology Officer,SKOOP,linktr.ee,linkedin.com/in/josh-murray-baaa8884,,C-Team,blitz,https://www.linkedin.com/company/skoopsignage,Business Intelligence Platforms,US,US,pass,candidate,consulting with marketing keywords
Josh,Nylund,Josh Nylund,Director of Information Technology & Compliance (Through acquisition of BrightStores),OrderMyGear (OMG),linktr.ee,linkedin.com/in/josh-nylund-59b752295,,Director,blitz,https://www.linkedin.com/company/ordermygear,Business Intelligence Platforms,US,US,pass,candidate,consulting with marketing keywords
Joshua,Marpet,Joshua Marpet,Chief Compliance Officer,Cyturus Technologies,cyturus.com,linkedin.com/in/joshuaviktor,,C-Team,blitz,https://www.linkedin.com/company/cyturus,Business Intelligence Platforms,US,US,pass,candidate,consulting with marketing keywords
Joshua,Warren,Joshua Warren,"Founder & CEO | Ecommerce Architecture, AI-Native Delivery, Magento & Adobe Commerce",Creatuity Corp.,linktr.ee,linkedin.com/in/joshuawarren,,C-Team,blitz,https://www.linkedin.com/company/creatuity-corp-,Business Intelligence Platforms,US,US,pass,candidate,consulting with marketing keywords
Joshua,Watkinson,Joshua Watkinson,"Senior Director, Strategic Products",Athenium,athenium.com,linkedin.com/in/joshuawatkinson,,Director,blitz,https://www.linkedin.com/company/atheniumllc,Business Intelligence Platforms,US,US,pass,candidate,consulting with marketing keywords
Joss,Alete,Joss Alete,Sales Director,Insurance Insider,insuranceinsider.com,linkedin.com/in/joss-alete-14a118115,,Director,blitz,https://www.linkedin.com/company/theinsuranceinsider,Business Intelligence Platforms,GB,GB,pass,candidate,consulting with marketing keywords
JP,Gressman,JP Gressman,"Vice President, Insight Cloud",Seek,seekinsights.com,linkedin.com/in/jpgressman,,VP,blitz,https://www.linkedin.com/company/seek-insights,Business Intelligence Platforms,US,US,pass,candidate,consulting with marketing keywords
Joel,Watts,Joel Watts,VP of Engineering,Medefy Health,linktr.ee,linkedin.com/in/jpwatts,,VP,blitz,https://www.linkedin.com/company/medefy,Business Intelligence Platforms,US,US,pass,candidate,consulting with marketing keywords
Jérémie,Rappaz,Jérémie Rappaz,"Co-founder, CTO",DemoSquare,demosquare.com,linkedin.com/in/jrappaz,,C-Team,blitz,https://www.linkedin.com/company/demosquare,Business Intelligence Platforms,CH,CH,pass,candidate,consulting with marketing keywords
Jugna,Shah,Jugna Shah,Director,Arytic,linktr.ee,linkedin.com/in/jugna-shah,,Director,blitz,https://www.linkedin.com/company/arytic,Business Intelligence Platforms,US,US,pass,candidate,consulting with marketing keywords
Julian,Overdreef,Julian Overdreef,Director Sales & Marketing,RONYA,ronya.de,linkedin.com/in/julianoverdreef,,Director,blitz,https://www.linkedin.com/company/ronyamobility,Business Intelligence Platforms,DE,DE,pass,candidate,consulting with marketing keywords
Julian,"Sanguedolce, CFA","Julian Sanguedolce, CFA",Head of Sales,Insurance Insider,insuranceinsider.com,linkedin.com/in/juliansanguedolce,,Director,blitz,https://www.linkedin.com/company/theinsuranceinsider,Business Intelligence Platforms,US,GB,pass,candidate,consulting with marketing keywords
Julie,Markert,Julie Markert,Senior Director,Athenium,athenium.com,linkedin.com/in/juliemarkert,,Director,blitz,https://www.linkedin.com/company/atheniumllc,Business Intelligence Platforms,US,US,pass,candidate,consulting with marketing keywords
Julie,Nystrom,Julie Nystrom,Director: Customer Success,Gearfire,linktr.ee,linkedin.com/in/julienystrom,,Director,blitz,https://www.linkedin.com/company/gearfire,Business Intelligence Platforms,US,US,pass,candidate,consulting with marketing keywords
Julio C.,Salgado,Julio C. Salgado,Chief Growth Officer,Sol BI – AI based Actionable Business Insights,solbi.ai,linkedin.com/in/juliocsalgado,,C-Team,blitz,https://www.linkedin.com/company/sol-bi,Business Intelligence Platforms,CH,NL,pass,candidate,consulting with marketing keywords
Juste,Semetaite,Juste Semetaite,VP of Marketing,Astrato Analytics,astrato.io,linkedin.com/in/justesemetaite,,VP,blitz,https://www.linkedin.com/company/astratoanalytics,Business Intelligence Platforms,LT,GB,pass,candidate,consulting with marketing keywords
Justin,Kozik,Justin Kozik,Vice President,PRECISIONxtract,precisionxtract.com,linkedin.com/in/justin-kozik,,VP,blitz,https://www.linkedin.com/company/precisionxtract,Business Intelligence Platforms,US,US,pass,candidate,consulting with marketing keywords
Justin,Vogel,Justin Vogel,Co-Founder & CEO,Safary 🦁,linktr.ee,linkedin.com/in/justin-vogel,,C-Team,blitz,https://www.linkedin.com/company/safaryclub,Business Intelligence Platforms,US,US,pass,candidate,consulting with marketing keywords
Justin,Jones,Justin Jones,Director of Technical Meteorology,Athenium,athenium.com,linkedin.com/in/justinearlejones,,Director,blitz,https://www.linkedin.com/company/atheniumllc,Business Intelligence Platforms,US,US,pass,candidate,consulting with marketing keywords
JW,Shultz,JW Shultz,CEO & Chairman,Gearfire,linktr.ee,linkedin.com/in/jwshultz,,C-Team,blitz,https://www.linkedin.com/company/gearfire,Business Intelligence Platforms,US,US,pass,candidate,consulting with marketing keywords
Kaitlyn,Fons (Krzyzaniak),Kaitlyn Fons (Krzyzaniak),Sr. Director Product & Strategic Accounts,Athenium,athenium.com,linkedin.com/in/kaitlyn-fons-krzyzaniak-a0613b181,,Director,blitz,https://www.linkedin.com/company/atheniumllc,Business Intelligence Platforms,US,US,pass,candidate,consulting with marketing keywords
Kale,Wright,Kale Wright,Director of Sales and Strategy,FifthRow – Consulting as Software,fifthrow.com,linkedin.com/in/kale-wright-3999a7294,,Director,blitz,https://www.linkedin.com/company/fifthrow,Business Intelligence Platforms,US,US,pass,candidate,consulting with marketing keywords
Georgios,Kaleadis,Georgios Kaleadis,CTO,Vitelis,vitelis.com,linkedin.com/in/kaleadis,,C-Team,blitz,https://www.linkedin.com/company/vitelisai,Business Intelligence Platforms,DE,US,pass,candidate,consulting with marketing keywords
Nick,Kalliagkopoulos,Nick Kalliagkopoulos,Board Member,Astrato Analytics,astrato.io,linkedin.com/in/kalliagk,,Director,blitz,https://www.linkedin.com/company/astratoanalytics,Business Intelligence Platforms,NL,GB,pass,candidate,consulting with marketing keywords
Kamal,Dharmani,Kamal Dharmani,"GTM Consultant - Strategic Advisor, Board Member, Referral Partner",Vitelis,vitelis.com,linkedin.com/in/kamaldharmani,,C-Team,blitz,https://www.linkedin.com/company/vitelisai,Business Intelligence Platforms,US,US,pass,candidate,consulting with marketing keywords
Vinay,Kapoor,Vinay Kapoor,Chairman of the Board of Advisors,Astrato Analytics,astrato.io,linkedin.com/in/kapoorvinay,,C-Team,blitz,https://www.linkedin.com/company/astratoanalytics,Business Intelligence Platforms,US,GB,pass,candidate,consulting with marketing keywords
Karsten,Schonauer,Karsten Schonauer,Creative Director,Shikenso,shikenso.com,linkedin.com/in/karsten-schonauer,,Director,blitz,https://www.linkedin.com/company/shikenso-gmbh,Business Intelligence Platforms,DE,DE,pass,candidate,consulting with marketing keywords
Kate,Baker,Kate Baker,Regional Sales Director,Sona,linktr.ee,linkedin.com/in/kate-baker-385b7982,,Director,blitz,https://www.linkedin.com/company/getsona,Business Intelligence Platforms,GB,GB,pass,candidate,consulting with marketing keywords
Катерина,Гордієнко,Катерина Гордієнко,Vice President of Customer Success,YouScan Social Listening ✨,youscan.io,linkedin.com/in/kateryna-gordiienko-63b06261,,VP,blitz,https://www.linkedin.com/company/youscan,Business Intelligence Platforms,UA,UA,pass,candidate,consulting with marketing keywords
Katharina,Wohlfahrt,Katharina Wohlfahrt,Head of Content Marketing & Writing | Tribe Lead,valantic Austria (vormals elements.at),linktr.ee,linkedin.com/in/katharina-wohlfahrt,,Director,blitz,https://www.linkedin.com/company/valanticaustria,Business Intelligence Platforms,AT,AT,pass,candidate,consulting with marketing keywords
Katie,Granado,Katie Granado,Director of Finance And Administration,Thinaer,thinaer.io,linkedin.com/in/katie-granado-39350341,,Director,blitz,https://www.linkedin.com/company/thinaer,Business Intelligence Platforms,US,US,pass,candidate,consulting with marketing keywords
Katie,Lieser,Katie Lieser,Vice President Sales and CS,Medefy Health,linktr.ee,linkedin.com/in/katie-lieser-60926116,,VP,blitz,https://www.linkedin.com/company/medefy,Business Intelligence Platforms,US,US,pass,candidate,consulting with marketing keywords
Keara,Fallon,Keara Fallon,Head of Design,WisdomAI,wisdom.ai,linkedin.com/in/kearafallon,,Director,blitz,https://www.linkedin.com/company/wisdomai-inc,Business Intelligence Platforms,US,US,pass,candidate,consulting with marketing keywords
Keith,Granet,Keith Granet,Chairperson of the Board,Studio Designer,linktr.ee,linkedin.com/in/keith-granet-52186a4,,C-Team,blitz,https://www.linkedin.com/company/studiodesigner,Business Intelligence Platforms,US,US,pass,candidate,consulting with marketing keywords
Kelly,Dotseth,Kelly Dotseth,Founder & Chief Executive Officer,Brandzooka,linktr.ee,linkedin.com/in/kellydotseth,,C-Team,blitz,https://www.linkedin.com/company/brandzooka,Business Intelligence Platforms,US,US,pass,candidate,consulting with marketing keywords
Kemal M.,"Lepschoque, LL.M.","Kemal M. Lepschoque, LL.M.",Chief Legal Officer,YouScan Social Listening ✨,youscan.io,linkedin.com/in/kemallepschoque,,C-Team,blitz,https://www.linkedin.com/company/youscan,Business Intelligence Platforms,US,UA,pass,candidate,consulting with marketing keywords
Ken,Hamkins,Ken Hamkins,Director Of Business Development,Mojix,mojix.com,linkedin.com/in/ken-hamkins-83820331,,Director,blitz,https://www.linkedin.com/company/mojix,Business Intelligence Platforms,US,US,pass,candidate,consulting with marketing keywords
Kenneth,Camacho,Kenneth Camacho,Founder & CEO of Code Culture,Code Culture,linktr.ee,linkedin.com/in/kennethcxv,,C-Team,blitz,https://www.linkedin.com/company/codecultureclub,Business Intelligence Platforms,US,US,pass,candidate,consulting with marketing keywords
Kent,McKeaigg,Kent McKeaigg,Chairman,OrderMyGear (OMG),linktr.ee,linkedin.com/in/kentmckeaigg,,C-Team,blitz,https://www.linkedin.com/company/ordermygear,Business Intelligence Platforms,US,US,pass,candidate,consulting with marketing keywords
Keren,de Via,Keren de Via,Chief Operating Officer,Cyturus Technologies,cyturus.com,linkedin.com/in/keren-de-via,,C-Team,blitz,https://www.linkedin.com/company/cyturus,Business Intelligence Platforms,US,US,pass,candidate,consulting with marketing keywords
Kevin,Ewer,Kevin Ewer,Sr. Director Product Management,Seek,seekinsights.com,linkedin.com/in/kevin-ewer,,Director,blitz,https://www.linkedin.com/company/seek-insights,Business Intelligence Platforms,US,US,pass,candidate,consulting with marketing keywords
Kevin,Stech,Kevin Stech,Research Director,RANE,ranenetwork.com,linkedin.com/in/kevin-stech-71945717,,Director,blitz,https://www.linkedin.com/company/rane,Business Intelligence Platforms,US,US,pass,candidate,consulting with marketing keywords
Kevin,Young,Kevin Young,Regional Director,Tukios,linktr.ee,linkedin.com/in/kevin-young-64383b33,,Director,blitz,https://www.linkedin.com/company/tukios,Business Intelligence Platforms,US,US,pass,candidate,consulting with marketing keywords
Kevin,Camacho,Kevin Camacho,Founder & President,Code Culture,linktr.ee,linkedin.com/in/kevincxv,,C-Team,blitz,https://www.linkedin.com/company/codecultureclub,Business Intelligence Platforms,US,US,pass,candidate,consulting with marketing keywords
Kristian,F.,Kristian F.,Head of Solutions Engineering,WisdomAI,wisdom.ai,linkedin.com/in/kfennessy,,Director,blitz,https://www.linkedin.com/company/wisdomai-inc,Business Intelligence Platforms,US,US,pass,candidate,consulting with marketing keywords
Khaja,Hussain,Khaja Hussain,Chief Executive Officer,Grozeo Global,grozeo.com,linkedin.com/in/khaja-hussain-56753a1a7,,C-Team,blitz,https://www.linkedin.com/company/grozeo,Business Intelligence Platforms,GB,GB,pass,candidate,consulting with marketing keywords
Khaldon,Evans,Khaldon Evans,Co-Founder & CEO,Ochy,linktr.ee,linkedin.com/in/khaldonevans,,C-Team,blitz,https://www.linkedin.com/company/ochy,Business Intelligence Platforms,FR,FR,pass,candidate,consulting with marketing keywords
Kian,Feiner,Kian Feiner,Chief Executive Officer,arii,linktr.ee,linkedin.com/in/kian-feiner,,C-Team,blitz,https://www.linkedin.com/company/getarii,Business Intelligence Platforms,US,US,pass,candidate,consulting with marketing keywords
Kit,Mundy,Kit Mundy,Managing Director,Differentia Consulting,differentia.consulting,linkedin.com/in/kit-mundy-7887931,,C-Team,blitz,https://www.linkedin.com/company/differentia-consulting,Business Intelligence Platforms,GB,GB,pass,candidate,consulting with marketing keywords
Kevin,O.,Kevin O.,Director - Board of Directors,ApprentiScope,linktr.ee,linkedin.com/in/kmobrien,,Director,blitz,https://www.linkedin.com/company/apprentiscope,Business Intelligence Platforms,US,US,pass,candidate,consulting with marketing keywords
Korena,Garcia,Korena Garcia,"Senior Director, Client Engagement",RANE,ranenetwork.com,linkedin.com/in/korena-garcia-2250b1142,,Director,blitz,https://www.linkedin.com/company/rane,Business Intelligence Platforms,US,US,pass,candidate,consulting with marketing keywords
Kristin,Chalfant,Kristin Chalfant,Director of Software Operations,Mojix,mojix.com,linkedin.com/in/kristin-chalfant-9061784,,Director,blitz,https://www.linkedin.com/company/mojix,Business Intelligence Platforms,US,US,pass,candidate,consulting with marketing keywords
Kristina Ashley,Williams,Kristina Ashley Williams,Founder & CEO,Unpacking,linktr.ee,linkedin.com/in/kristinaawilliams,,C-Team,blitz,https://www.linkedin.com/company/unpacking,Business Intelligence Platforms,US,US,pass,candidate,consulting with marketing keywords
Kristina,Junge,Kristina Junge,Senior Director Marketing Europe,CATAPULT,catapult-analytics.com,linkedin.com/in/kristinajunge,,Director,blitz,https://www.linkedin.com/company/catapult-analytics,Business Intelligence Platforms,DE,DE,pass,candidate,consulting with marketing keywords
Kristin,O'Leary,Kristin O'Leary,Director of Finance,RANE,ranenetwork.com,linkedin.com/in/kristinoleary,,Director,blitz,https://www.linkedin.com/company/rane,Business Intelligence Platforms,US,US,pass,candidate,consulting with marketing keywords
Kristoffer,Hagenes,Kristoffer Hagenes,CEO,Time2Staff,linktr.ee,linkedin.com/in/kristoffer-hagenes-1a30b346,,C-Team,blitz,https://www.linkedin.com/company/time2staff,Business Intelligence Platforms,NO,NO,pass,candidate,consulting with marketing keywords
Krystian,Lider,Krystian Lider,Co-owner and CEO,SolDevelo,linktr.ee,linkedin.com/in/krystianlider,,C-Team,blitz,https://www.linkedin.com/company/soldevelo-sp-z-o-o,Business Intelligence Platforms,PL,PL,pass,candidate,consulting with marketing keywords
Landon,Bickley,Landon Bickley,VP Customer Experience and National Accounts,Tukios,linktr.ee,linkedin.com/in/landonbickley,,VP,blitz,https://www.linkedin.com/company/tukios,Business Intelligence Platforms,US,US,pass,candidate,consulting with marketing keywords
Laura,Crooks,Laura Crooks,Director of Operations,Prolink Software Corporation,linktr.ee,linkedin.com/in/laura-crooks-50535436,,Director,blitz,https://www.linkedin.com/company/prolink-software-inc.,Business Intelligence Platforms,US,US,pass,candidate,consulting with marketing keywords
Laura,Mazzuchelli,Laura Mazzuchelli,Sales Director,Tokenize.it,linktr.ee,linkedin.com/in/laura-mazzuchelli-b5aaa1146,,Director,blitz,https://www.linkedin.com/company/tokenize-hq,Business Intelligence Platforms,AT,DE,pass,candidate,consulting with marketing keywords
Laura,Mae,Laura Mae,Official Partner with Faith Based Casting,"Casting Calls America, LLC",linktr.ee,linkedin.com/in/lauramaecc,,C-Team,blitz,https://www.linkedin.com/company/casting-calls-america-llc,Business Intelligence Platforms,US,US,pass,candidate,consulting with marketing keywords
Lauren,O'Shaughnessy,Lauren O'Shaughnessy,Director of Marketing,CorralData,corraldata.com,linkedin.com/in/lauren-o-shaughnessy-561417b2,,Director,blitz,https://www.linkedin.com/company/corraldata,Business Intelligence Platforms,US,US,pass,candidate,consulting with marketing keywords
Lee,Gordon,Lee Gordon,Head of Sales UK&I,Sona,linktr.ee,linkedin.com/in/lee-gordon-02619716,,Director,blitz,https://www.linkedin.com/company/getsona,Business Intelligence Platforms,US,GB,pass,candidate,consulting with marketing keywords
Leonid,Mats,Leonid Mats,VP of Engineering & Chief Scientist,"Tego, Inc.",tegoinc.com,linkedin.com/in/leonid-mats-5402978,,VP,blitz,https://www.linkedin.com/company/tego-inc-,Business Intelligence Platforms,US,US,pass,candidate,consulting with marketing keywords
Leonid,Nedov,Leonid Nedov,Chief Technology Officer,Termene.ro,termene.ro,linkedin.com/in/leonid-nedov-3a9991a8,,C-Team,blitz,https://www.linkedin.com/company/termene,Business Intelligence Platforms,RO,RO,pass,candidate,consulting with marketing keywords
Lera,Ponomarenko,Lera Ponomarenko,Head of Content,Pricer24,pricer24.com,linkedin.com/in/lera-ponomarenko-87aa08296,,Director,blitz,https://www.linkedin.com/company/pricer24,Business Intelligence Platforms,UA,UA,pass,candidate,consulting with marketing keywords
Leslie,Caesar II,Leslie Caesar II,Director of Project Development,"Tego, Inc.",tegoinc.com,linkedin.com/in/leslie-caesar-ii-716a80b4,,Director,blitz,https://www.linkedin.com/company/tego-inc-,Business Intelligence Platforms,US,US,pass,candidate,consulting with marketing keywords
Levin Misty,Rainwater,Levin Misty Rainwater,Director of Client Success,4impactdata,4impactdata.com,linkedin.com/in/levinmistyrainwater,,Director,blitz,https://www.linkedin.com/company/4impactdatallc,Business Intelligence Platforms,US,US,pass,candidate,consulting with marketing keywords
Liam,Parkinson,Liam Parkinson,Account Director,Hire Intelligence🚀,hireintelligence.io,linkedin.com/in/liam-parkinson-659ab6ba,,Director,blitz,https://www.linkedin.com/company/hireintelligence-io,Business Intelligence Platforms,GB,GB,pass,candidate,consulting with marketing keywords
Lidiya,Nazarenko,Lidiya Nazarenko,Chief Financial Officer YouScan,YouScan Social Listening ✨,youscan.io,linkedin.com/in/lidiya-nazarenko-b9168950,,C-Team,blitz,https://www.linkedin.com/company/youscan,Business Intelligence Platforms,UA,UA,pass,candidate,consulting with marketing keywords
Lilibeth,Hernández Morillo,Lilibeth Hernández Morillo,Founder Associate,TRIBBU,linktr.ee,linkedin.com/in/lilibeth-hernández-morillo-535958238,,C-Team,blitz,https://www.linkedin.com/company/tribbu-app,Business Intelligence Platforms,ES,ES,pass,candidate,consulting with marketing keywords
Limor,Pickholz,Limor Pickholz,Director of Marketing,RANE,ranenetwork.com,linkedin.com/in/limor-pickholz,,Director,blitz,https://www.linkedin.com/company/rane,Business Intelligence Platforms,US,US,pass,candidate,consulting with marketing keywords
Linda,Prosser,Linda Prosser,VP Corporate Marketing,Mojix,mojix.com,linkedin.com/in/linda-prosser-1877b26,,VP,blitz,https://www.linkedin.com/company/mojix,Business Intelligence Platforms,US,US,pass,candidate,consulting with marketing keywords
Linda,Burt MCIPP,Linda Burt MCIPP,Head of Payroll Bureau,Sona,linktr.ee,linkedin.com/in/lindaburt,,Director,blitz,https://www.linkedin.com/company/getsona,Business Intelligence Platforms,GB,GB,pass,candidate,consulting with marketing keywords
Lindy,Ehemann,Lindy Ehemann,Co-Founder/Chief Community Officer,arii,linktr.ee,linkedin.com/in/lindy-ehemann-a6a9296a,,C-Team,blitz,https://www.linkedin.com/company/getarii,Business Intelligence Platforms,US,US,pass,candidate,consulting with marketing keywords
Lisa,"Cook, CPA, MBA","Lisa Cook, CPA, MBA",CFO/COO,Thinaer,thinaer.io,linkedin.com/in/lisacookcpa,,C-Team,blitz,https://www.linkedin.com/company/thinaer,Business Intelligence Platforms,US,US,pass,candidate,consulting with marketing keywords
Liv,Metcalf,Liv Metcalf,Senior Account Director,Relative Insight,relativeinsight.com,linkedin.com/in/liv-metcalf-050136151,,Director,blitz,https://www.linkedin.com/company/relative-insight,Business Intelligence Platforms,GB,GB,pass,candidate,consulting with marketing keywords
Lloyd,Johnson,Lloyd Johnson,COO,Tussell,tussell.com,linkedin.com/in/lloyd-johnson,,C-Team,blitz,https://www.linkedin.com/company/tussell-limited,Business Intelligence Platforms,GB,GB,pass,candidate,consulting with marketing keywords
Leo,"Lytvynenko, PhD 🇺🇦","Leo Lytvynenko, PhD 🇺🇦",Chief Executive Officer,YouScan Social Listening ✨,youscan.io,linkedin.com/in/llytvynenko,,C-Team,blitz,https://www.linkedin.com/company/youscan,Business Intelligence Platforms,PT,UA,pass,candidate,consulting with marketing keywords
Richard,Londesborough,Richard Londesborough,Chairman,Tussell,tussell.com,linkedin.com/in/londesborough,,C-Team,blitz,https://www.linkedin.com/company/tussell-limited,Business Intelligence Platforms,GB,GB,pass,candidate,consulting with marketing keywords
Lorenzo,Fontana,Lorenzo Fontana,Board Member,Wiseair,wiseair.vision,linkedin.com/in/lorenzo-fontana23,,Director,blitz,https://www.linkedin.com/company/wiseair,Business Intelligence Platforms,IT,IT,pass,candidate,consulting with marketing keywords
Lorna,Ingwell,Lorna Ingwell,Head of Research,Tussell,tussell.com,linkedin.com/in/lorna-ingwell,,Director,blitz,https://www.linkedin.com/company/tussell-limited,Business Intelligence Platforms,GB,GB,pass,candidate,consulting with marketing keywords
Lou,Carli,Lou Carli,President & COO,Cyturus Technologies,cyturus.com,linkedin.com/in/lou-carli-60077a,,C-Team,blitz,https://www.linkedin.com/company/cyturus,Business Intelligence Platforms,US,US,pass,candidate,consulting with marketing keywords
Lucy,Stubley,Lucy Stubley,Head of People and Culture,Tomorrow Things,tomorrowthings.com,linkedin.com/in/lucy-stubley-75a2a3105,,Director,blitz,https://www.linkedin.com/company/tomorrowthings,Business Intelligence Platforms,DE,DE,pass,candidate,consulting with marketing keywords
Lukas,Fiedler,Lukas Fiedler,Head of Business Development & Marketing,Tokenize.it,linktr.ee,linkedin.com/in/lukas-fiedler-blockchain,,Director,blitz,https://www.linkedin.com/company/tokenize-hq,Business Intelligence Platforms,DE,DE,pass,candidate,consulting with marketing keywords
Lukas,Höller,Lukas Höller,Client Service Director,valantic Austria (vormals elements.at),linktr.ee,linkedin.com/in/lukas-höller-925a76140,,Director,blitz,https://www.linkedin.com/company/valanticaustria,Business Intelligence Platforms,AT,AT,pass,candidate,consulting with marketing keywords
Lukas,Kappelsberger,Lukas Kappelsberger,CEO,PATOffice,patoffice.de,linkedin.com/in/lukas-kappelsberger,,C-Team,blitz,https://www.linkedin.com/company/patoffice,Business Intelligence Platforms,DE,DE,pass,candidate,consulting with marketing keywords
Mac,Keyser,Mac Keyser,Director of Operations,"Tego, Inc.",tegoinc.com,linkedin.com/in/mac-keyser,,Director,blitz,https://www.linkedin.com/company/tego-inc-,Business Intelligence Platforms,US,US,pass,candidate,consulting with marketing keywords
Maneesh,Joshi,Maneesh Joshi,Chief Business Officer,WisdomAI,wisdom.ai,linkedin.com/in/maneeshjoshi,,C-Team,blitz,https://www.linkedin.com/company/wisdomai-inc,Business Intelligence Platforms,US,US,pass,candidate,consulting with marketing keywords
Manuel,Aubó,Manuel Aubó,Presidente del Consejo de Administración,Danzai Software,linktr.ee,linkedin.com/in/manuel-aubó,,C-Team,blitz,https://www.linkedin.com/company/danzai-software,Business Intelligence Platforms,ES,ES,pass,candidate,consulting with marketing keywords
Marc,FREICHET,Marc FREICHET,Directeur général,LAINX,linktr.ee,linkedin.com/in/marc-freichet-247796b4,,C-Team,blitz,https://www.linkedin.com/company/lainx-ai,Business Intelligence Platforms,FR,FR,pass,candidate,consulting with marketing keywords
Marco,Favazza,Marco Favazza,Co-Founder | CFO and R&D,"Connetia | servizio in abbonamento con dati, AI e Manager per Imprese, Startup e Professionisti",connetia.it,linkedin.com/in/marco-favazza,,C-Team,blitz,https://www.linkedin.com/company/connetia,Business Intelligence Platforms,IT,IT,pass,candidate,consulting with marketing keywords
Marcus,Belke,Marcus Belke,President,2B Advice,2b-advice.com,linkedin.com/in/marcus-belke,,C-Team,blitz,https://www.linkedin.com/company/2b-advice-group,Business Intelligence Platforms,US,DE,pass,candidate,consulting with marketing keywords
Marcus,Pemberton,Marcus Pemberton,VP - Customer Success,Relative Insight,relativeinsight.com,linkedin.com/in/marcus-pemberton-67b55787,,VP,blitz,https://www.linkedin.com/company/relative-insight,Business Intelligence Platforms,GB,GB,pass,candidate,consulting with marketing keywords
Marek,Černák,Marek Černák,Head of HR,Inphinity ∞,myinphinity.com,linkedin.com/in/marekcernak,,Director,blitz,https://www.linkedin.com/company/inphinity,Business Intelligence Platforms,SK,SK,pass,candidate,consulting with marketing keywords
Maria,O.,Maria O.,Head of Customer Success and Account Management,Ochy,linktr.ee,linkedin.com/in/maria-ojora,,Director,blitz,https://www.linkedin.com/company/ochy,Business Intelligence Platforms,FR,FR,pass,candidate,consulting with marketing keywords
Mária,Oreská,Mária Oreská,Chief Product Officer,Inphinity ∞,myinphinity.com,linkedin.com/in/maria-oreska,,C-Team,blitz,https://www.linkedin.com/company/inphinity,Business Intelligence Platforms,SK,SK,pass,candidate,consulting with marketing keywords
Mariana,Valle,Mariana Valle,Chief Executive Officer,Insurance Insider,insuranceinsider.com,linkedin.com/in/mariana-valle-0b56087,,C-Team,blitz,https://www.linkedin.com/company/theinsuranceinsider,Business Intelligence Platforms,GB,GB,pass,candidate,consulting with marketing keywords
Marie,Davenport,Marie Davenport,Vice President Business Intelligence,PRECISIONxtract,precisionxtract.com,linkedin.com/in/mariedavenport,,VP,blitz,https://www.linkedin.com/company/precisionxtract,Business Intelligence Platforms,US,US,pass,candidate,consulting with marketing keywords
Mario,Alonso de Prado,Mario Alonso de Prado,VP of Operations and Expansion,TRIBBU,linktr.ee,linkedin.com/in/mario-alonso-de-prado-414469b6,,VP,blitz,https://www.linkedin.com/company/tribbu-app,Business Intelligence Platforms,ES,ES,pass,candidate,consulting with marketing keywords
Marion,Markert,Marion Markert,Head of Product,Vitelis,vitelis.com,linkedin.com/in/marionmarkert,,Director,blitz,https://www.linkedin.com/company/vitelisai,Business Intelligence Platforms,DE,US,pass,candidate,consulting with marketing keywords
Mark,Crudo,Mark Crudo,Director,IntraSee,linktr.ee,linkedin.com/in/mark-crudo-49b4a42,,Director,blitz,https://www.linkedin.com/company/intrasee,Business Intelligence Platforms,US,US,pass,candidate,consulting with marketing keywords
Mark,Cullum,Mark Cullum,Founding Architect & Managing Director - EMEA,YuzeData,yuzedata.com,linkedin.com/in/mark-cullum-2190485a,,C-Team,blitz,https://www.linkedin.com/company/yuzedata,Business Intelligence Platforms,US,US,pass,candidate,consulting with marketing keywords
Marketa,Kytkova,Marketa Kytkova,"Commercial Director, EMEA & APAC",RANE,ranenetwork.com,linkedin.com/in/marketa-kytkova-2b79121,,Director,blitz,https://www.linkedin.com/company/rane,Business Intelligence Platforms,GB,US,pass,candidate,consulting with marketing keywords
Markus,Lang,Markus Lang,Investor & Board Member,Sona,linktr.ee,linkedin.com/in/markus0lang,,Director,blitz,https://www.linkedin.com/company/getsona,Business Intelligence Platforms,DE,GB,pass,candidate,consulting with marketing keywords
Marla,Woodward,Marla Woodward,Director of Product Marketing,Sona,linktr.ee,linkedin.com/in/marlawoodward,,Director,blitz,https://www.linkedin.com/company/getsona,Business Intelligence Platforms,GB,GB,pass,candidate,consulting with marketing keywords
,,,Director de contenidos,TRIBBU,linktr.ee,linkedin.com/in/marselotrabajador,,Director,blitz,https://www.linkedin.com/company/tribbu-app,Business Intelligence Platforms,ES,ES,pass,candidate,consulting with marketing keywords
Martin,Kostic,Martin Kostic,"Founder, CEO at Inphinity",Inphinity ∞,myinphinity.com,linkedin.com/in/martinkostic,,C-Team,blitz,https://www.linkedin.com/company/inphinity,Business Intelligence Platforms,GB,SK,pass,candidate,consulting with marketing keywords
Martin,Meusburger,Martin Meusburger,Chief Revenue Officer (CRO),PATOffice,patoffice.de,linkedin.com/in/martinmeusburger,,C-Team,blitz,https://www.linkedin.com/company/patoffice,Business Intelligence Platforms,IE,DE,pass,candidate,consulting with marketing keywords
Mary,Caracappa,Mary Caracappa,Partner and Chief Operating Officer,"ZENDA, LLC",zendaconsulting.com,linkedin.com/in/mary-caracappa-3382968,,C-Team,blitz,https://www.linkedin.com/company/zendaplatform,Business Intelligence Platforms,US,US,pass,candidate,consulting with marketing keywords
Mateen,K.,Mateen K.,VP of Product,Power Kiosk,powerkiosk.com,linkedin.com/in/mateen,,VP,blitz,https://www.linkedin.com/company/power-kiosk,Business Intelligence Platforms,US,US,pass,candidate,consulting with marketing keywords
Matěj,Kvasnička,Matěj Kvasnička,Head of Design,FifthRow – Consulting as Software,fifthrow.com,linkedin.com/in/matej-kvasnicka,,Director,blitz,https://www.linkedin.com/company/fifthrow,Business Intelligence Platforms,CZ,US,pass,candidate,consulting with marketing keywords
Matt,Carden,Matt Carden,Chief Technology Officer,Gearfire,linktr.ee,linkedin.com/in/matt-carden-964192114,,C-Team,blitz,https://www.linkedin.com/company/gearfire,Business Intelligence Platforms,US,US,pass,candidate,consulting with marketing keywords
Matt,Foster,Matt Foster,Board Member,Athenium,athenium.com,linkedin.com/in/matt-foster-768a264,,Director,blitz,https://www.linkedin.com/company/atheniumllc,Business Intelligence Platforms,US,US,pass,candidate,consulting with marketing keywords
Matt,"Miranda, CSP, ASP, M.S.","Matt Miranda, CSP, ASP, M.S.",Human Resources Director,MAC Safety,macsafety.com,linkedin.com/in/matt-miranda-csp-asp-m-s-98183a99,,Director,blitz,https://www.linkedin.com/company/mac-safety,Business Intelligence Platforms,US,US,pass,candidate,consulting with marketing keywords
Matthew,Boccia,Matthew Boccia,Executive Director and Senior Advisor,RANE,ranenetwork.com,linkedin.com/in/matthew-boccia-ab0a7476,,Director,blitz,https://www.linkedin.com/company/rane,Business Intelligence Platforms,US,US,pass,candidate,consulting with marketing keywords
Matthew,Cowan,Matthew Cowan,Corporate Director,Sona,linktr.ee,linkedin.com/in/matthewtcowan,,Director,blitz,https://www.linkedin.com/company/getsona,Business Intelligence Platforms,US,GB,pass,candidate,consulting with marketing keywords
Matt,Sadler,Matt Sadler,Director of Engineering,Brandzooka,linktr.ee,linkedin.com/in/mattysads,,Director,blitz,https://www.linkedin.com/company/brandzooka,Business Intelligence Platforms,US,US,pass,candidate,consulting with marketing keywords
Maureen,Moran,Maureen Moran,Chief Technology Officer,Surefire Local,surefirelocal.com,linkedin.com/in/maureen-moran-1a8825,,C-Team,blitz,https://www.linkedin.com/company/surefire-local,Business Intelligence Platforms,US,US,pass,candidate,consulting with marketing keywords
Maurizio,Blötscher,Maurizio Blötscher,Director of Operations,Superchat,linktr.ee,linkedin.com/in/maurizio-blötscher,,Director,blitz,https://www.linkedin.com/company/superchatcom,Business Intelligence Platforms,DE,DE,pass,candidate,consulting with marketing keywords
Maximilian,Rauschert,Maximilian Rauschert,Head of Marketing,Superchat,linktr.ee,linkedin.com/in/maximilian-rauschert-96a853aa,,Director,blitz,https://www.linkedin.com/company/superchatcom,Business Intelligence Platforms,DE,DE,pass,candidate,consulting with marketing keywords
Maxwell,Hirsch,Maxwell Hirsch,Sales Director,Insurance Insider,insuranceinsider.com,linkedin.com/in/maxwell-hirsch-b95a4847,,Director,blitz,https://www.linkedin.com/company/theinsuranceinsider,Business Intelligence Platforms,US,GB,pass,candidate,consulting with marketing keywords
Michel,Cassius,Michel Cassius,Chair,GEEIQ,geeiq.com,linkedin.com/in/mcassius,,C-Team,blitz,https://www.linkedin.com/company/getgeeiq,Business Intelligence Platforms,GB,GB,pass,candidate,consulting with marketing keywords
Michael,Dunnett-Stone,Michael Dunnett-Stone,Head of AI Product,Sona,linktr.ee,linkedin.com/in/mdunnettstone,,Director,blitz,https://www.linkedin.com/company/getsona,Business Intelligence Platforms,GB,GB,pass,candidate,consulting with marketing keywords
Meaghan,Lynch,Meaghan Lynch,"Director, Program Management",SKYPAD,skyitgroup.com,linkedin.com/in/meaghan-lynch-99265480,,Director,blitz,https://www.linkedin.com/company/skypad-app,Business Intelligence Platforms,US,US,pass,candidate,consulting with marketing keywords
Megan,Arnold,Megan Arnold,Director of Recruiting & HR,Surefire Local,surefirelocal.com,linkedin.com/in/megan-arnold-8a3b2426,,Director,blitz,https://www.linkedin.com/company/surefire-local,Business Intelligence Platforms,US,US,pass,candidate,consulting with marketing keywords
Melanie,Tikovsky-Küppers,Melanie Tikovsky-Küppers,Chief Delivery Officer,valantic Austria (vormals elements.at),linktr.ee,linkedin.com/in/melanie-tikovsky-küppers-902aa7216,,C-Team,blitz,https://www.linkedin.com/company/valanticaustria,Business Intelligence Platforms,AT,AT,pass,candidate,consulting with marketing keywords
Melissa,"Lockhart, SHRM-CP, SPHR","Melissa Lockhart, SHRM-CP, SPHR",Director of Human Resources,Medefy Health,linktr.ee,linkedin.com/in/melissa-lockhart-shrm-cp-sphr-97149871,,Director,blitz,https://www.linkedin.com/company/medefy,Business Intelligence Platforms,US,US,pass,candidate,consulting with marketing keywords
Melissa,"Nance, PHR, SHRM-CP, Licensed Insurance Agent","Melissa Nance, PHR, SHRM-CP, Licensed Insurance Agent",Vice President Operations,Medefy Health,linktr.ee,linkedin.com/in/melissagwathmeynance,,VP,blitz,https://www.linkedin.com/company/medefy,Business Intelligence Platforms,US,US,pass,candidate,consulting with marketing keywords
Marta,Pacheco,Marta Pacheco,Head of Event Content and Production,Insurance Insider,insuranceinsider.com,linkedin.com/in/mendesmarta,,Director,blitz,https://www.linkedin.com/company/theinsuranceinsider,Business Intelligence Platforms,GB,GB,pass,candidate,consulting with marketing keywords
Mark,Osborne,Mark Osborne,Chief Technology Officer,@RISK from Lumivero,linktr.ee,linkedin.com/in/meosborne,,C-Team,blitz,https://www.linkedin.com/company/atrisk,Business Intelligence Platforms,US,US,pass,candidate,consulting with marketing keywords
Mia,Nyman,Mia Nyman,Co-founder & COO,DealPotential,dealpotential.com,linkedin.com/in/mia-nyman-0187b38b,,C-Team,blitz,https://www.linkedin.com/company/dealpotential,Business Intelligence Platforms,SE,SE,pass,candidate,consulting with marketing keywords
Micah,Spicer,Micah Spicer,Executive Vice President Growth and Strategy,Tukios,linktr.ee,linkedin.com/in/micahs,,VP,blitz,https://www.linkedin.com/company/tukios,Business Intelligence Platforms,US,US,pass,candidate,consulting with marketing keywords
Michael,Hoppe,Michael Hoppe,Creative Director,Geopogo,linktr.ee,linkedin.com/in/michaalhoppe3dfx,,Director,blitz,https://www.linkedin.com/company/geopogo3d,Business Intelligence Platforms,US,US,pass,candidate,consulting with marketing keywords
Michael,Gesper,Michael Gesper,Head of Sales,2B Advice,2b-advice.com,linkedin.com/in/michael-gesper-4616ba73,,Director,blitz,https://www.linkedin.com/company/2b-advice-group,Business Intelligence Platforms,DE,DE,pass,candidate,consulting with marketing keywords
Michael,Holleb,Michael Holleb,CFO,Mojix,mojix.com,linkedin.com/in/michael-holleb-107296b,,C-Team,blitz,https://www.linkedin.com/company/mojix,Business Intelligence Platforms,US,US,pass,candidate,consulting with marketing keywords
Michael,Lahr,Michael Lahr,Chief Financial Officer,Vitelis,vitelis.com,linkedin.com/in/michael-lahr,,C-Team,blitz,https://www.linkedin.com/company/vitelisai,Business Intelligence Platforms,US,US,pass,candidate,consulting with marketing keywords
Michael,Lambert,Michael Lambert,VP Marketing Communications,SpectorSoft,veriato.com,linkedin.com/in/michael-lambert-a179681,,VP,blitz,https://www.linkedin.com/company/spectorsoft,Business Intelligence Platforms,US,US,pass,candidate,consulting with marketing keywords
Michael,Lesser M.D.,Michael Lesser M.D.,Executive Director Medical and Mental Health,RANE,ranenetwork.com,linkedin.com/in/michael-lesser-m-d-b83001a0,,Director,blitz,https://www.linkedin.com/company/rane,Business Intelligence Platforms,US,US,pass,candidate,consulting with marketing keywords
Michael,Pierce,Michael Pierce,Chief Executive Officer,Surefire Local,surefirelocal.com,linkedin.com/in/michael-pierce-37b4b848,,C-Team,blitz,https://www.linkedin.com/company/surefire-local,Business Intelligence Platforms,US,US,pass,candidate,consulting with marketing keywords
Michael,Wilmet,Michael Wilmet,President,Gearfire,linktr.ee,linkedin.com/in/michael-wilmet-6839b6138,,C-Team,blitz,https://www.linkedin.com/company/gearfire,Business Intelligence Platforms,US,US,pass,candidate,consulting with marketing keywords
Michael,K.,Michael K.,Head of Customer Success,ALF Insight,alfinsight.com,linkedin.com/in/michaelk22,,Director,blitz,https://www.linkedin.com/company/alf-insight,Business Intelligence Platforms,GB,GB,pass,candidate,consulting with marketing keywords
Michael,LaMura,Michael LaMura,Director of Sales,Medefy Health,linktr.ee,linkedin.com/in/michaellamura,,Director,blitz,https://www.linkedin.com/company/medefy,Business Intelligence Platforms,US,US,pass,candidate,consulting with marketing keywords
Michael R.,LeMay,Michael R. LeMay,Senior Director of Operations,Medefy Health,linktr.ee,linkedin.com/in/michaellemay258,,Director,blitz,https://www.linkedin.com/company/medefy,Business Intelligence Platforms,US,US,pass,candidate,consulting with marketing keywords
Michael P.,Luckert,Michael P. Luckert,Human Resources Director,RANE,ranenetwork.com,linkedin.com/in/michaelpluckert,,Director,blitz,https://www.linkedin.com/company/rane,Business Intelligence Platforms,US,US,pass,candidate,consulting with marketing keywords
Mika,Hally,Mika Hally,Co-Founder,Superchat,linktr.ee,linkedin.com/in/mikahally,,C-Team,blitz,https://www.linkedin.com/company/superchatcom,Business Intelligence Platforms,DE,DE,pass,candidate,consulting with marketing keywords
Mike,Collender,Mike Collender,"CoFounder, Chief Engineer",Mojix,mojix.com,linkedin.com/in/mike-collender-0094a010,,C-Team,blitz,https://www.linkedin.com/company/mojix,Business Intelligence Platforms,US,US,pass,candidate,consulting with marketing keywords
Mike,Collender,Mike Collender,Cofounder & Chief Engineer,Mojix,mojix.com,linkedin.com/in/mike-collender-85b8409,,C-Team,blitz,https://www.linkedin.com/company/mojix,Business Intelligence Platforms,US,US,pass,candidate,consulting with marketing keywords
Mike,Feeney,Mike Feeney,"Director, Sales","Tego, Inc.",tegoinc.com,linkedin.com/in/mike-feeney-73b805a,,Director,blitz,https://www.linkedin.com/company/tego-inc-,Business Intelligence Platforms,US,US,pass,candidate,consulting with marketing keywords
Michael,Brisley,Michael Brisley,Chief Commercial Officer,Permutable,permutable.ai,linkedin.com/in/mikebrisley,,C-Team,blitz,https://www.linkedin.com/company/permutableai,Business Intelligence Platforms,GB,GB,pass,candidate,consulting with marketing keywords
Felipe,Miranda,Felipe Miranda,Director of Product,OrderMyGear (OMG),linktr.ee,linkedin.com/in/mirandafelipe,,Director,blitz,https://www.linkedin.com/company/ordermygear,Business Intelligence Platforms,US,US,pass,candidate,consulting with marketing keywords
Miren,Lafourcade,Miren Lafourcade,Fondatrice associée,SIMAX,linktr.ee,linkedin.com/in/miren-lafourcade-0856142,,C-Team,blitz,https://www.linkedin.com/company/simax-nocode,Business Intelligence Platforms,FR,FR,pass,candidate,consulting with marketing keywords
Mohamed Ali,Walji,Mohamed Ali Walji,Chief Executive Officer,Qurk,qurk.app,linkedin.com/in/mohamedaliwalji,,C-Team,blitz,https://www.linkedin.com/company/qurkapp,Business Intelligence Platforms,GB,GB,pass,candidate,consulting with marketing keywords
Mojtaba,Dyanati,Mojtaba Dyanati,Vice President of Data Science and Engineering,Athenium,athenium.com,linkedin.com/in/mojtaba-dyanati-17873745,,VP,blitz,https://www.linkedin.com/company/atheniumllc,Business Intelligence Platforms,US,US,pass,candidate,consulting with marketing keywords
Molly,Vester-Jagger,Molly Vester-Jagger,Head of Customer Success,Sona,linktr.ee,linkedin.com/in/molly-vester-jagger-960b49b4,,Director,blitz,https://www.linkedin.com/company/getsona,Business Intelligence Platforms,GB,GB,pass,candidate,consulting with marketing keywords
Asif,Moosani,Asif Moosani,"Director, Strategy & Operations",Sona,linktr.ee,linkedin.com/in/moosani,,Director,blitz,https://www.linkedin.com/company/getsona,Business Intelligence Platforms,US,GB,pass,candidate,consulting with marketing keywords
Michael S.,Beaudoin II,Michael S. Beaudoin II,Board Member,Brandzooka,linktr.ee,linkedin.com/in/msbii,,Director,blitz,https://www.linkedin.com/company/brandzooka,Business Intelligence Platforms,US,US,pass,candidate,consulting with marketing keywords
Michael,N.,Michael N.,Co-Founder,Opus Match,linktr.ee,linkedin.com/in/mykael,,C-Team,blitz,https://www.linkedin.com/company/opusmatch,Business Intelligence Platforms,US,US,pass,candidate,consulting with marketing keywords
Mykayla,Goodwin,Mykayla Goodwin,Vice President of Strategy & Marketing,OrderMyGear (OMG),linktr.ee,linkedin.com/in/mykaylagoodwin,,VP,blitz,https://www.linkedin.com/company/ordermygear,Business Intelligence Platforms,US,US,pass,candidate,consulting with marketing keywords
Naman,Kabra,Naman Kabra,Co-Founder & CEO,NodeOps,linktr.ee,linkedin.com/in/namankabra,,C-Team,blitz,https://www.linkedin.com/company/nodeops,Business Intelligence Platforms,US,US,pass,candidate,consulting with marketing keywords
Natalia,Bohorquez,Natalia Bohorquez,Vice President Global Human Resources,Mojix,mojix.com,linkedin.com/in/natalia-bohorquez-a0a3666,,VP,blitz,https://www.linkedin.com/company/mojix,Business Intelligence Platforms,US,US,pass,candidate,consulting with marketing keywords
Natalie,Van Gelder,Natalie Van Gelder,"Senior Director, Enterprise Sales",Vitelis,vitelis.com,linkedin.com/in/nataliev1,,Director,blitz,https://www.linkedin.com/company/vitelisai,Business Intelligence Platforms,US,US,pass,candidate,consulting with marketing keywords
Natan,Stein,Natan Stein,CTO/CIO,SKYPAD,skyitgroup.com,linkedin.com/in/natanstein,,C-Team,blitz,https://www.linkedin.com/company/skypad-app,Business Intelligence Platforms,US,US,pass,candidate,consulting with marketing keywords
Natascha,Sturm,Natascha Sturm,Head of Product,Shikenso,shikenso.com,linkedin.com/in/natascha-v-sturm,,Director,blitz,https://www.linkedin.com/company/shikenso-gmbh,Business Intelligence Platforms,DE,DE,pass,candidate,consulting with marketing keywords
Nathan,Key,Nathan Key,Vice President of Sales,Sona,linktr.ee,linkedin.com/in/nathan-key,,VP,blitz,https://www.linkedin.com/company/getsona,Business Intelligence Platforms,GB,GB,pass,candidate,consulting with marketing keywords
Nathan,Lehoucq,Nathan Lehoucq,Head of Growth,TRIBBU,linktr.ee,linkedin.com/in/nathan-lehoucq,,Director,blitz,https://www.linkedin.com/company/tribbu-app,Business Intelligence Platforms,ES,ES,pass,candidate,consulting with marketing keywords
Neha,Chellaney,Neha Chellaney,Head of Talent,WisdomAI,wisdom.ai,linkedin.com/in/neha-chellaney-7b752642,,Director,blitz,https://www.linkedin.com/company/wisdomai-inc,Business Intelligence Platforms,US,US,pass,candidate,consulting with marketing keywords
Nathan,Fullerton,Nathan Fullerton,"Director, Product Design and User Experience",Athenium,athenium.com,linkedin.com/in/nfullerton,,Director,blitz,https://www.linkedin.com/company/atheniumllc,Business Intelligence Platforms,US,US,pass,candidate,consulting with marketing keywords
Nathan,Gilchrist,Nathan Gilchrist,Co-Founder and Chief Product Officer,Medefy Health,linktr.ee,linkedin.com/in/ngilchrist,,C-Team,blitz,https://www.linkedin.com/company/medefy,Business Intelligence Platforms,US,US,pass,candidate,consulting with marketing keywords
Nibha,Bhargava,Nibha Bhargava,COO and Cofounder,iCare Software,linktr.ee,linkedin.com/in/nibhabhargava,,C-Team,blitz,https://www.linkedin.com/company/icaresoftware,Business Intelligence Platforms,US,US,pass,candidate,consulting with marketing keywords
Nicholas,P.,Nicholas P.,"Senior Director, Strategic Accounts",Insurance Insider,insuranceinsider.com,linkedin.com/in/nicholas-p-26a1141a,,Director,blitz,https://www.linkedin.com/company/theinsuranceinsider,Business Intelligence Platforms,US,GB,pass,candidate,consulting with marketing keywords
Nicolas,Lemeteyer,Nicolas Lemeteyer,Board member / Investisseur,Shifter,linktr.ee,linkedin.com/in/nicolaslemeteyer,,Director,blitz,https://www.linkedin.com/company/shifter-logiciel,Business Intelligence Platforms,BE,FR,pass,candidate,consulting with marketing keywords
Nicole,Widen,Nicole Widen,"Creative Director, Brand Development",Easalytics,easalytics.com,linkedin.com/in/nicole-widen,,Director,blitz,https://www.linkedin.com/company/easalytics,Business Intelligence Platforms,US,US,pass,candidate,consulting with marketing keywords
Nina,Gronewold,Nina Gronewold,VP Sales & Business Development,Tomorrow Things,tomorrowthings.com,linkedin.com/in/nina-gronewold-5b901312,,VP,blitz,https://www.linkedin.com/company/tomorrowthings,Business Intelligence Platforms,DE,DE,pass,candidate,consulting with marketing keywords
Noelle,Harvey,Noelle Harvey,Vice President of Product Management,YuzeData,yuzedata.com,linkedin.com/in/noelle-harvey-product,,VP,blitz,https://www.linkedin.com/company/yuzedata,Business Intelligence Platforms,GB,US,pass,candidate,consulting with marketing keywords
Andrew,Norton,Andrew Norton,Director,MagicBooking,linktr.ee,linkedin.com/in/nortonuk,,Director,blitz,https://www.linkedin.com/company/magicbooking,Business Intelligence Platforms,GB,GB,pass,candidate,consulting with marketing keywords
Oleksandr,Pravdyvyi,Oleksandr Pravdyvyi,Chief Technology Officer,Pricer24,pricer24.com,linkedin.com/in/oleksandr-pravdyvyi-97b85856,,C-Team,blitz,https://www.linkedin.com/company/pricer24,Business Intelligence Platforms,UA,UA,pass,candidate,consulting with marketing keywords
Oli,Johnson,Oli Johnson,Co-Founder & CFO,Sona,linktr.ee,linkedin.com/in/olihjohnson,,C-Team,blitz,https://www.linkedin.com/company/getsona,Business Intelligence Platforms,GB,GB,pass,candidate,consulting with marketing keywords
Oliver,Habisch,Oliver Habisch,Chief Executive Officer,Tomorrow Things,tomorrowthings.com,linkedin.com/in/oliverhabisch,,C-Team,blitz,https://www.linkedin.com/company/tomorrowthings,Business Intelligence Platforms,DE,DE,pass,candidate,consulting with marketing keywords
Olly,Roberts,Olly Roberts,Head of Customer Success,caytoo,caytoo.co.uk,linkedin.com/in/olly-roberts,,Director,blitz,https://www.linkedin.com/company/caytoo,Business Intelligence Platforms,GB,GB,pass,candidate,consulting with marketing keywords
Jan Thomas,Steindl,Jan Thomas Steindl,Client Service Director,valantic Austria (vormals elements.at),linktr.ee,linkedin.com/in/online-marketing-enthusiast,,Director,blitz,https://www.linkedin.com/company/valanticaustria,Business Intelligence Platforms,AT,AT,pass,candidate,consulting with marketing keywords
Paloma,Martín Benito,Paloma Martín Benito,Co-founder & CEO,TRIBBU,linktr.ee,linkedin.com/in/paloma2,,C-Team,blitz,https://www.linkedin.com/company/tribbu-app,Business Intelligence Platforms,ES,ES,pass,candidate,consulting with marketing keywords
Paolo,Barbato,Paolo Barbato,"CEO, CTO & co-founder",Wiseair,wiseair.vision,linkedin.com/in/paolobarbato,,C-Team,blitz,https://www.linkedin.com/company/wiseair,Business Intelligence Platforms,IT,IT,pass,candidate,consulting with marketing keywords
Adrian,Parker,Adrian Parker,"EVP Strategy, AI & Operations",Differentia Consulting,differentia.consulting,linkedin.com/in/parkera,,VP,blitz,https://www.linkedin.com/company/differentia-consulting,Business Intelligence Platforms,GB,GB,pass,candidate,consulting with marketing keywords
Parth,Srinivasa,Parth Srinivasa,President,"ProsperFleet by Valgen, Inc.",valgen.com,linkedin.com/in/parthsrinivasa,,C-Team,blitz,https://www.linkedin.com/company/valgen-inc,Business Intelligence Platforms,US,US,pass,candidate,consulting with marketing keywords
Pascal,Lenoir,Pascal Lenoir,Directeur Général,LAINX,linktr.ee,linkedin.com/in/pascal-lenoir-361515150,,C-Team,blitz,https://www.linkedin.com/company/lainx-ai,Business Intelligence Platforms,FR,FR,pass,candidate,consulting with marketing keywords
Pat,Burns,Pat Burns,Director of Sales,Seek,seekinsights.com,linkedin.com/in/patburns,,Director,blitz,https://www.linkedin.com/company/seek-insights,Business Intelligence Platforms,US,US,pass,candidate,consulting with marketing keywords
Patricia,López Cuenca,Patricia López Cuenca,Directora 2Playbook Media,2Playbook,linktr.ee,linkedin.com/in/patricialopezcuenca,,Director,blitz,https://www.linkedin.com/company/2playbook,Business Intelligence Platforms,ES,ES,pass,candidate,consulting with marketing keywords
Patrick,Clark,Patrick Clark,Chief Technology Officer and Director of Engineering,Immensity.ai,immensity.ai,linkedin.com/in/patrick-clark-881890ba,,C-Team,blitz,https://www.linkedin.com/company/immensityai,Business Intelligence Platforms,US,US,pass,candidate,consulting with marketing keywords
Patrick,Edelmayr,Patrick Edelmayr,Partner,valantic Austria (vormals elements.at),linktr.ee,linkedin.com/in/patrick-edelmayr-05a83884,,C-Team,blitz,https://www.linkedin.com/company/valanticaustria,Business Intelligence Platforms,AT,AT,pass,candidate,consulting with marketing keywords
Patrick,Wild,Patrick Wild,Head of Talent,Sona,linktr.ee,linkedin.com/in/patrick-wild-2a12b7184,,Director,blitz,https://www.linkedin.com/company/getsona,Business Intelligence Platforms,GB,GB,pass,candidate,consulting with marketing keywords
Paul,Baker,Paul Baker,CFO,RANE,ranenetwork.com,linkedin.com/in/paul-baker-038487126,,C-Team,blitz,https://www.linkedin.com/company/rane,Business Intelligence Platforms,US,US,pass,candidate,consulting with marketing keywords
Paul,Kavanaugh,Paul Kavanaugh,Senior Vice President Of Technology,Thinaer,thinaer.io,linkedin.com/in/paul-kavanaugh-1626542b,,VP,blitz,https://www.linkedin.com/company/thinaer,Business Intelligence Platforms,US,US,pass,candidate,consulting with marketing keywords
Paul J.,Pieper,Paul J. Pieper,Vice President Operations,PRECISIONxtract,precisionxtract.com,linkedin.com/in/pauljpieper,,VP,blitz,https://www.linkedin.com/company/precisionxtract,Business Intelligence Platforms,US,US,pass,candidate,consulting with marketing keywords
Paul,O'Rourke,Paul O'Rourke,Chief Revenue Officer,WisdomAI,wisdom.ai,linkedin.com/in/paulorourke,,C-Team,blitz,https://www.linkedin.com/company/wisdomai-inc,Business Intelligence Platforms,US,US,pass,candidate,consulting with marketing keywords
Paul,Watson,Paul Watson,Vice President,Sona,linktr.ee,linkedin.com/in/paulrwatsonuk,,VP,blitz,https://www.linkedin.com/company/getsona,Business Intelligence Platforms,GB,GB,pass,candidate,consulting with marketing keywords
Pavlo,Kozlov,Pavlo Kozlov,Head of Data,YouScan Social Listening ✨,youscan.io,linkedin.com/in/pavlo-kozlov,,Director,blitz,https://www.linkedin.com/company/youscan,Business Intelligence Platforms,UA,UA,pass,candidate,consulting with marketing keywords
Pedro,L.,Pedro L.,Chief Strategy Officer,Triple Helix Corporation,linktr.ee,linkedin.com/in/pedro-c-lopes,,C-Team,blitz,https://www.linkedin.com/company/triple-helix-corporation,Business Intelligence Platforms,US,US,pass,candidate,consulting with marketing keywords
Pedro,Goncalves,Pedro Goncalves,Director of Business Development - Global Markets,RANE,ranenetwork.com,linkedin.com/in/pedrohcgoncalves,,Director,blitz,https://www.linkedin.com/company/rane,Business Intelligence Platforms,GB,US,pass,candidate,consulting with marketing keywords
Perrine,Chapot,Perrine Chapot,Co-fondatrice et en charge de la biomécanique,Ochy,linktr.ee,linkedin.com/in/perrine-chapot,,C-Team,blitz,https://www.linkedin.com/company/ochy,Business Intelligence Platforms,FR,FR,pass,candidate,consulting with marketing keywords
Peter,"Rabover, CFA","Peter Rabover, CFA",Co-Founder/CFO,Grodivo.ai,grodivo.ai,linkedin.com/in/peter-rabover-cfa-408568271,,C-Team,blitz,https://www.linkedin.com/company/grodivo,Business Intelligence Platforms,US,US,pass,candidate,consulting with marketing keywords
Peter,Yates,Peter Yates,Head of Operations,Delta Financial Systems,linktr.ee,linkedin.com/in/peter-yates-451389261,,Director,blitz,https://www.linkedin.com/company/delta-financial-systems,Business Intelligence Platforms,GB,GB,pass,candidate,consulting with marketing keywords
Petter,Toppe,Petter Toppe,Partner,Time2Staff,linktr.ee,linkedin.com/in/petter-toppe-a030a999,,C-Team,blitz,https://www.linkedin.com/company/time2staff,Business Intelligence Platforms,NO,NO,pass,candidate,consulting with marketing keywords
Phil,Greenwood,Phil Greenwood,Chief Technology Officer,Relative Insight,relativeinsight.com,linkedin.com/in/phil-greenwood-50408051,,C-Team,blitz,https://www.linkedin.com/company/relative-insight,Business Intelligence Platforms,GB,GB,pass,candidate,consulting with marketing keywords
Philip,Beere,Philip Beere,Chief Creative Officer (CCO),Gaming Analytics,gaminganalytics.ai,linkedin.com/in/philipbeere,,C-Team,blitz,https://www.linkedin.com/company/gaminganalytics,Business Intelligence Platforms,US,US,pass,candidate,consulting with marketing keywords
Pat,Hopkins,Pat Hopkins,Head of Revenue Operations,Financial Cents,linktr.ee,linkedin.com/in/phopkins01,,Director,blitz,https://www.linkedin.com/company/financial-cents,Business Intelligence Platforms,US,US,pass,candidate,consulting with marketing keywords
Pierre,Bodmer Le Lay,Pierre Bodmer Le Lay,CPO - Co-fondateur,Shifter,linktr.ee,linkedin.com/in/pierre-bodmer-le-lay-9b1bb1120,,C-Team,blitz,https://www.linkedin.com/company/shifter-logiciel,Business Intelligence Platforms,FR,FR,pass,candidate,consulting with marketing keywords
Pierre-François,Hellebuyck,Pierre-François Hellebuyck,Board Member,Shifter,linktr.ee,linkedin.com/in/pierrefrancoishellebuyck,,Director,blitz,https://www.linkedin.com/company/shifter-logiciel,Business Intelligence Platforms,BE,FR,pass,candidate,consulting with marketing keywords
Piers,Lambert,Piers Lambert,Head of Plumbing and Sums,Sona,linktr.ee,linkedin.com/in/piers-lambert,,Director,blitz,https://www.linkedin.com/company/getsona,Business Intelligence Platforms,GB,GB,pass,candidate,consulting with marketing keywords
Jason E.,Price,Jason E. Price,Founder and CEO,OrchardTek,linktr.ee,linkedin.com/in/pricejasone,,C-Team,blitz,https://www.linkedin.com/company/orchardtek,Business Intelligence Platforms,US,US,pass,candidate,consulting with marketing keywords
Priit,Haamer,Priit Haamer,"CTO, Co-founder",Supersimple,supersimple.io,linkedin.com/in/priithaamer,,C-Team,blitz,https://www.linkedin.com/company/gosupersimple,Business Intelligence Platforms,EE,US,pass,candidate,consulting with marketing keywords
Raahil,S.,Raahil S.,Partner Engagement Manager,Sol BI – AI based Actionable Business Insights,solbi.ai,linkedin.com/in/raahil-s-2a7294144,,C-Team,blitz,https://www.linkedin.com/company/sol-bi,Business Intelligence Platforms,US,NL,pass,candidate,consulting with marketing keywords
Racha,H.,Racha H.,VP of Engineering,Sona,linktr.ee,linkedin.com/in/rachah,,VP,blitz,https://www.linkedin.com/company/getsona,Business Intelligence Platforms,ES,GB,pass,candidate,consulting with marketing keywords
Rachel,McAteer,Rachel McAteer,Regional Sales Director,GRAPHISOFT UK,linktr.ee,linkedin.com/in/rachel-mcateer,,Director,blitz,https://www.linkedin.com/company/graphisoft-uk-ltd,Business Intelligence Platforms,GB,GB,pass,candidate,consulting with marketing keywords
Randi,Herndon,Randi Herndon,VP of Enterprise Accounts,Surefire Local,surefirelocal.com,linkedin.com/in/randiherndon,,VP,blitz,https://www.linkedin.com/company/surefire-local,Business Intelligence Platforms,US,US,pass,candidate,consulting with marketing keywords
Randy,Heffernan,Randy Heffernan,CEO and Board Member,@RISK from Lumivero,linktr.ee,linkedin.com/in/randy-heffernan,,C-Team,blitz,https://www.linkedin.com/company/atrisk,Business Intelligence Platforms,US,US,pass,candidate,consulting with marketing keywords
Rasheed,Orgella,Rasheed Orgella,Creative Director,"Casting Calls America, LLC",linktr.ee,linkedin.com/in/rasheed-orgella-993a26226,,Director,blitz,https://www.linkedin.com/company/casting-calls-america-llc,Business Intelligence Platforms,US,US,pass,candidate,consulting with marketing keywords
Rebecca,Ballinger,Rebecca Ballinger,Vice President of Customer Success,Thinaer,thinaer.io,linkedin.com/in/rebecca-ballinger-11a9377,,VP,blitz,https://www.linkedin.com/company/thinaer,Business Intelligence Platforms,US,US,pass,candidate,consulting with marketing keywords
Richard,Brito,Richard Brito,Vice President,Code Culture,linktr.ee,linkedin.com/in/richardbrrito,,VP,blitz,https://www.linkedin.com/company/codecultureclub,Business Intelligence Platforms,US,US,pass,candidate,consulting with marketing keywords
Richard,Tallboy,Richard Tallboy,CIO Advisory,Sona,linktr.ee,linkedin.com/in/richardtallboy,,C-Team,blitz,https://www.linkedin.com/company/getsona,Business Intelligence Platforms,GB,GB,pass,candidate,consulting with marketing keywords
Rick,Amos,Rick Amos,Advisor / Partner Development,YuzeData,yuzedata.com,linkedin.com/in/rick-amos-150124b4,,C-Team,blitz,https://www.linkedin.com/company/yuzedata,Business Intelligence Platforms,US,US,pass,candidate,consulting with marketing keywords
Rick,Raven,Rick Raven,Chief Customer Success Officer,Studio Designer,linktr.ee,linkedin.com/in/rickraven,,C-Team,blitz,https://www.linkedin.com/company/studiodesigner,Business Intelligence Platforms,US,US,pass,candidate,consulting with marketing keywords
,,,Director of Product Management,Studio Designer,linktr.ee,linkedin.com/in/rittwegererin,,Director,blitz,https://www.linkedin.com/company/studiodesigner,Business Intelligence Platforms,US,US,pass,candidate,consulting with marketing keywords
Robert,Stone,Robert Stone,Director of Professional Services,Studio Designer,linktr.ee,linkedin.com/in/rmstone,,Director,blitz,https://www.linkedin.com/company/studiodesigner,Business Intelligence Platforms,US,US,pass,candidate,consulting with marketing keywords
Rob,Myers,Rob Myers,"Director, Support & Services",OrderMyGear (OMG),linktr.ee,linkedin.com/in/rob-myers-639460182,,Director,blitz,https://www.linkedin.com/company/ordermygear,Business Intelligence Platforms,US,US,pass,candidate,consulting with marketing keywords
Robert,Segien,Robert Segien,"Senior Director, FP&A",OrderMyGear (OMG),linktr.ee,linkedin.com/in/robert-segien-92b92227,,Director,blitz,https://www.linkedin.com/company/ordermygear,Business Intelligence Platforms,US,US,pass,candidate,consulting with marketing keywords
Robert J,Russo Jr.,Robert J Russo Jr.,"CEO, Majority Shareholder",MessApps,linktr.ee,linkedin.com/in/robrusso,,C-Team,blitz,https://www.linkedin.com/company/messapps,Business Intelligence Platforms,US,US,pass,candidate,consulting with marketing keywords
Rocío,Román,Rocío Román,Directora creativa,TRIBBU,linktr.ee,linkedin.com/in/rociormart,,Director,blitz,https://www.linkedin.com/company/tribbu-app,Business Intelligence Platforms,ES,ES,pass,candidate,consulting with marketing keywords
Roland,D.,Roland D.,Managing Director | Partner,valantic Austria (vormals elements.at),linktr.ee,linkedin.com/in/roland-d-05ba0842,,C-Team,blitz,https://www.linkedin.com/company/valanticaustria,Business Intelligence Platforms,AT,AT,pass,candidate,consulting with marketing keywords
Roman,Hütter,Roman Hütter,Co-Founder & MD,Axess Intelligence,axessintelligence.com,linkedin.com/in/roman-huetter,,C-Team,blitz,https://www.linkedin.com/company/axess-intelligence,Business Intelligence Platforms,DE,DE,pass,candidate,consulting with marketing keywords
Roman,Lymar,Roman Lymar,Head of Delivery,DOUBLETOP,linktr.ee,linkedin.com/in/roman-lymar-96ab03113,,Director,blitz,https://www.linkedin.com/company/doubletop,Business Intelligence Platforms,UA,UA,pass,candidate,consulting with marketing keywords
Roman,Savushkin,Roman Savushkin,Co-Founder,Avvyland,linktr.ee,linkedin.com/in/roman-sav,,C-Team,blitz,https://www.linkedin.com/company/avvyland,Business Intelligence Platforms,GB,GB,pass,candidate,consulting with marketing keywords
Ron,Peele,Ron Peele,Investor and Board Member,Surefire Local,surefirelocal.com,linkedin.com/in/ronpeele,,Director,blitz,https://www.linkedin.com/company/surefire-local,Business Intelligence Platforms,US,US,pass,candidate,consulting with marketing keywords
Ross,Wendon,Ross Wendon,Head of customer engagement,PrecisionPoint,precision-point.com,linkedin.com/in/ross-wendon-439a3034,,Director,blitz,https://www.linkedin.com/company/precisionpoint-software,Business Intelligence Platforms,GB,GB,pass,candidate,consulting with marketing keywords
Russ,Kenyon,Russ Kenyon,Head of Strategic Global Partnerships & Alliances,Sona,linktr.ee,linkedin.com/in/russ-kenyon-6a5a8a3,,Director,blitz,https://www.linkedin.com/company/getsona,Business Intelligence Platforms,GB,GB,pass,candidate,consulting with marketing keywords
Ryan,Johnson,Ryan Johnson,Chief Technology Officer,Seek,seekinsights.com,linkedin.com/in/ryancharlesjohnson,,C-Team,blitz,https://www.linkedin.com/company/seek-insights,Business Intelligence Platforms,US,US,pass,candidate,consulting with marketing keywords
Ryan,Sears,Ryan Sears,"Head of Sales, North America",Sona,linktr.ee,linkedin.com/in/ryanmichaelsears,,Director,blitz,https://www.linkedin.com/company/getsona,Business Intelligence Platforms,US,GB,pass,candidate,consulting with marketing keywords
Ryan,Tarrant,Ryan Tarrant,"Director of Enterprise Partnerships, Americas",SKYPAD,skyitgroup.com,linkedin.com/in/ryantarrant,,Director,blitz,https://www.linkedin.com/company/skypad-app,Business Intelligence Platforms,US,US,pass,candidate,consulting with marketing keywords
Sadaf,Atashbarghi-Nehr,Sadaf Atashbarghi-Nehr,Chief Marketing Officer,Surefire Local,surefirelocal.com,linkedin.com/in/sadaf-atashbarghi-nehr-7b8a788,,C-Team,blitz,https://www.linkedin.com/company/surefire-local,Business Intelligence Platforms,US,US,pass,candidate,consulting with marketing keywords
Sage,Thornock,Sage Thornock,Director of Sales Development,Tukios,linktr.ee,linkedin.com/in/sagethornock20,,Director,blitz,https://www.linkedin.com/company/tukios,Business Intelligence Platforms,US,US,pass,candidate,consulting with marketing keywords
Salomé,Riemann,Salomé Riemann,External Venture Building Partner,FifthRow – Consulting as Software,fifthrow.com,linkedin.com/in/salome-riemann,,C-Team,blitz,https://www.linkedin.com/company/fifthrow,Business Intelligence Platforms,MT,US,pass,candidate,consulting with marketing keywords
Sam,Moody,Sam Moody,Global Head of Enablement,Sona,linktr.ee,linkedin.com/in/sammoody,,Director,blitz,https://www.linkedin.com/company/getsona,Business Intelligence Platforms,US,GB,pass,candidate,consulting with marketing keywords
Sara,Poulton,Sara Poulton,VP of Marketing,"Tego, Inc.",tegoinc.com,linkedin.com/in/sara-poulton-3714831,,VP,blitz,https://www.linkedin.com/company/tego-inc-,Business Intelligence Platforms,US,US,pass,candidate,consulting with marketing keywords
Sarah,Nehre,Sarah Nehre,Head of People,Superchat,linktr.ee,linkedin.com/in/sarah-nehre-b27698153,,Director,blitz,https://www.linkedin.com/company/superchatcom,Business Intelligence Platforms,DE,DE,pass,candidate,consulting with marketing keywords
Sasha,Budzynski,Sasha Budzynski,Chief Financial Officer,Relative Insight,relativeinsight.com,linkedin.com/in/sashabudzynski,,C-Team,blitz,https://www.linkedin.com/company/relative-insight,Business Intelligence Platforms,GB,GB,pass,candidate,consulting with marketing keywords
Scarlett,Bayes,Scarlett Bayes,Head of Operations,caytoo,caytoo.co.uk,linkedin.com/in/scarlett-sykes,,Director,blitz,https://www.linkedin.com/company/caytoo,Business Intelligence Platforms,GB,GB,pass,candidate,consulting with marketing keywords
Sean,Brassill,Sean Brassill,Regional Sales Director (New Markets),Sona,linktr.ee,linkedin.com/in/sean-brassill-a4253037,,Director,blitz,https://www.linkedin.com/company/getsona,Business Intelligence Platforms,GB,GB,pass,candidate,consulting with marketing keywords
Sean,Daigneault,Sean Daigneault,Director of DevOps,Athenium,athenium.com,linkedin.com/in/sean-daigneault-510b1892,,Director,blitz,https://www.linkedin.com/company/atheniumllc,Business Intelligence Platforms,US,US,pass,candidate,consulting with marketing keywords
Sebastian,Brudziński,Sebastian Brudziński,Head of Products,SolDevelo,linktr.ee,linkedin.com/in/sebbrudzinski,,Director,blitz,https://www.linkedin.com/company/soldevelo-sp-z-o-o,Business Intelligence Platforms,PL,PL,pass,candidate,consulting with marketing keywords
Sergei,Sherman,Sergei Sherman,CEO,Avaturn,linktr.ee,linkedin.com/in/sergei-sherman-b373095,,C-Team,blitz,https://www.linkedin.com/company/avaturn,Business Intelligence Platforms,US,US,pass,candidate,consulting with marketing keywords
Sergio,Gomes,Sergio Gomes,Customer Success Director (Research),Relative Insight,relativeinsight.com,linkedin.com/in/sergiogomes1,,Director,blitz,https://www.linkedin.com/company/relative-insight,Business Intelligence Platforms,GB,GB,pass,candidate,consulting with marketing keywords
Shahram,Zarshenas,Shahram Zarshenas,Chief Executive Officer,Financial Cents,linktr.ee,linkedin.com/in/shahramzarshenas,,C-Team,blitz,https://www.linkedin.com/company/financial-cents,Business Intelligence Platforms,US,US,pass,candidate,consulting with marketing keywords
Shane,Scholes,Shane Scholes,Director of Marketing,Tukios,linktr.ee,linkedin.com/in/shane-scholes-6ab64122a,,Director,blitz,https://www.linkedin.com/company/tukios,Business Intelligence Platforms,US,US,pass,candidate,consulting with marketing keywords
Shawn,Dillenbeck,Shawn Dillenbeck,VP of Software Engineering (Fractional),Grodivo.ai,grodivo.ai,linkedin.com/in/shawn-dillenbeck-96581714,,VP,blitz,https://www.linkedin.com/company/grodivo,Business Intelligence Platforms,US,US,pass,candidate,consulting with marketing keywords
Shirley,Lu,Shirley Lu,Head of Partnerships,Shikenso,shikenso.com,linkedin.com/in/shirley-lu-b5763aa9,,Director,blitz,https://www.linkedin.com/company/shikenso-gmbh,Business Intelligence Platforms,DE,DE,pass,candidate,consulting with marketing keywords
Silviya,Ilieva,Silviya Ilieva,Global Head of Marketing,FUTUROOT,futuroot.com,linkedin.com/in/silviya-ilieva-4698558a,,Director,blitz,https://www.linkedin.com/company/futuroot,Business Intelligence Platforms,US,GB,pass,candidate,consulting with marketing keywords
Simon,Davies,Simon Davies,Head of Delivery,Delta Financial Systems,linktr.ee,linkedin.com/in/simon-davies-899b37,,Director,blitz,https://www.linkedin.com/company/delta-financial-systems,Business Intelligence Platforms,GB,GB,pass,candidate,consulting with marketing keywords
Simon,Kirby,Simon Kirby,Chief Solutions Officer,Inphinity ∞,myinphinity.com,linkedin.com/in/simondkirby,,C-Team,blitz,https://www.linkedin.com/company/inphinity,Business Intelligence Platforms,GB,SK,pass,candidate,consulting with marketing keywords
Andy,Sinclair,Andy Sinclair,Head of Product Management,Differentia Consulting,differentia.consulting,linkedin.com/in/sinclairandy,,Director,blitz,https://www.linkedin.com/company/differentia-consulting,Business Intelligence Platforms,GB,GB,pass,candidate,consulting with marketing keywords
Singh,Amarjot,Singh Amarjot,CEO,Bonobo AI,linktr.ee,linkedin.com/in/singh-amarjot-it,,C-Team,blitz,https://www.linkedin.com/company/bonobo-digital-company,Business Intelligence Platforms,IT,IT,pass,candidate,consulting with marketing keywords
Siobhan,Skayne,Siobhan Skayne,Sr. Director Data Operations,RANE,ranenetwork.com,linkedin.com/in/siobhanskayne,,Director,blitz,https://www.linkedin.com/company/rane,Business Intelligence Platforms,US,US,pass,candidate,consulting with marketing keywords
Lina,Sivura,Lina Sivura,CMO,Pricer24,pricer24.com,linkedin.com/in/sivuralina,,C-Team,blitz,https://www.linkedin.com/company/pricer24,Business Intelligence Platforms,UA,UA,pass,candidate,consulting with marketing keywords
Stefan,Kaltenegger,Stefan Kaltenegger,Chief Operating Officer,Vitelis,vitelis.com,linkedin.com/in/stefan-kaltenegger-469b8843,,C-Team,blitz,https://www.linkedin.com/company/vitelisai,Business Intelligence Platforms,DE,US,pass,candidate,consulting with marketing keywords
Steffen,Wulff Petersen,Steffen Wulff Petersen,Co-Founder & CEO,Sona,linktr.ee,linkedin.com/in/steffenwulff,,C-Team,blitz,https://www.linkedin.com/company/getsona,Business Intelligence Platforms,GB,GB,pass,candidate,consulting with marketing keywords
Stephan,Siller,Stephan Siller,Managing Director,valantic Austria (vormals elements.at),linktr.ee,linkedin.com/in/stephan-siller-903581b0,,C-Team,blitz,https://www.linkedin.com/company/valanticaustria,Business Intelligence Platforms,AT,AT,pass,candidate,consulting with marketing keywords
Steve,Czetty,Steve Czetty,Vice President,SKYPAD,skyitgroup.com,linkedin.com/in/steve-czetty-16883a4,,VP,blitz,https://www.linkedin.com/company/skypad-app,Business Intelligence Platforms,US,US,pass,candidate,consulting with marketing keywords
Steve,Houle,Steve Houle,Director of Customer Success,Gaming Analytics,gaminganalytics.ai,linkedin.com/in/steve-houle-4927479,,Director,blitz,https://www.linkedin.com/company/gaminganalytics,Business Intelligence Platforms,US,US,pass,candidate,consulting with marketing keywords
Steven,Hayes,Steven Hayes,President,WorkHorse Service Company Solutions,linktr.ee,linkedin.com/in/stevehayes1775,,C-Team,blitz,https://www.linkedin.com/company/workhorsescs,Business Intelligence Platforms,US,US,pass,candidate,consulting with marketing keywords
Steven,Fullerton,Steven Fullerton,Head of Data Strategy,CorralData,corraldata.com,linkedin.com/in/steven-f-027,,Director,blitz,https://www.linkedin.com/company/corraldata,Business Intelligence Platforms,US,US,pass,candidate,consulting with marketing keywords
Steven,Mark,Steven Mark,Owner,SKYPAD,skyitgroup.com,linkedin.com/in/steven-mark-4626595,,C-Team,blitz,https://www.linkedin.com/company/skypad-app,Business Intelligence Platforms,US,US,pass,candidate,consulting with marketing keywords
Susan,Chen,Susan Chen,Co Executive Director,"HackBeanpot, Inc",linktr.ee,linkedin.com/in/susan-chen-ba434b25a,,Director,blitz,https://www.linkedin.com/company/hackbeanpot-inc,Business Intelligence Platforms,US,US,pass,candidate,consulting with marketing keywords
Ben,Dixon,Ben Dixon,Co-Founder,Sona,linktr.ee,linkedin.com/in/talkingquickly,,C-Team,blitz,https://www.linkedin.com/company/getsona,Business Intelligence Platforms,GB,GB,pass,candidate,consulting with marketing keywords
Talya,Stone,Talya Stone,CMO,Permutable,permutable.ai,linkedin.com/in/talyastone,,C-Team,blitz,https://www.linkedin.com/company/permutableai,Business Intelligence Platforms,GB,GB,pass,candidate,consulting with marketing keywords
Taylor,Phillipps,Taylor Phillipps,Vice President of Sales and Merchant Services,Gearfire,linktr.ee,linkedin.com/in/taylor-phillipps-5a282236,,VP,blitz,https://www.linkedin.com/company/gearfire,Business Intelligence Platforms,US,US,pass,candidate,consulting with marketing keywords
Taylor,Stroud,Taylor Stroud,"Enterprise Sales Director, East",WisdomAI,wisdom.ai,linkedin.com/in/taylor-stroud-640272147,,Director,blitz,https://www.linkedin.com/company/wisdomai-inc,Business Intelligence Platforms,US,US,pass,candidate,consulting with marketing keywords
Tess,Coleman,Tess Coleman,Head of Event Operations,Insurance Insider,insuranceinsider.com,linkedin.com/in/tess-coleman-536615b2,,Director,blitz,https://www.linkedin.com/company/theinsuranceinsider,Business Intelligence Platforms,GB,GB,pass,candidate,consulting with marketing keywords
Test,Gebruiker,Test Gebruiker,Eigenaar,Tester-AI,linktr.ee,linkedin.com/in/test-gebruiker-105754308,,C-Team,blitz,https://www.linkedin.com/company/tester-ai,Business Intelligence Platforms,NL,US,pass,candidate,consulting with marketing keywords
Theo,M.,Theo M.,Chief Operating Officer,MagicBooking,linktr.ee,linkedin.com/in/theomerlin,,C-Team,blitz,https://www.linkedin.com/company/magicbooking,Business Intelligence Platforms,GB,GB,pass,candidate,consulting with marketing keywords
Thomas,Dupiech,Thomas Dupiech,CTO,Shifter,linktr.ee,linkedin.com/in/thomas-dupiech-24477319a,,C-Team,blitz,https://www.linkedin.com/company/shifter-logiciel,Business Intelligence Platforms,FR,FR,pass,candidate,consulting with marketing keywords
Thomas,Benedict,Thomas Benedict,Chief Commercial Officer (CCO),Seek,seekinsights.com,linkedin.com/in/thomasbenedict,,C-Team,blitz,https://www.linkedin.com/company/seek-insights,Business Intelligence Platforms,US,US,pass,candidate,consulting with marketing keywords
Tiki,Perkins,Tiki Perkins,Director of Public Relations and Marketing,HealthTrust Software,linktr.ee,linkedin.com/in/tiki-perkins-8a481970,,Director,blitz,https://www.linkedin.com/company/healthtrustsoftware,Business Intelligence Platforms,US,US,pass,candidate,consulting with marketing keywords
Tim,Bedow,Tim Bedow,"VP, Software Development",Studio Designer,linktr.ee,linkedin.com/in/timbedow,,VP,blitz,https://www.linkedin.com/company/studiodesigner,Business Intelligence Platforms,US,US,pass,candidate,consulting with marketing keywords
Timothy,Butler,Timothy Butler,Founder & CEO,"Tego, Inc.",tegoinc.com,linkedin.com/in/timothy-butler-72b961,,C-Team,blitz,https://www.linkedin.com/company/tego-inc-,Business Intelligence Platforms,US,US,pass,candidate,consulting with marketing keywords
Timothy,Dilger,Timothy Dilger,Director of Customer Success,Monax Labs,linktr.ee,linkedin.com/in/timothy-dilger,,Director,blitz,https://www.linkedin.com/company/monaxlabs,Business Intelligence Platforms,US,US,pass,candidate,consulting with marketing keywords
Tina,Hoang,Tina Hoang,"Director of Enterprise Accounts, EMEA",SKYPAD,skyitgroup.com,linkedin.com/in/tina-hoang-670b8650,,Director,blitz,https://www.linkedin.com/company/skypad-app,Business Intelligence Platforms,FR,US,pass,candidate,consulting with marketing keywords
Tiran,Mendis,Tiran Mendis,Chief Operating Officer,Innormax,linktr.ee,linkedin.com/in/tiranmendis,,C-Team,blitz,https://www.linkedin.com/company/innormax,Business Intelligence Platforms,US,US,pass,candidate,consulting with marketing keywords
Tim,"Rush, CFE","Tim Rush, CFE","VP, Claims & Underwriting Optimization - Quality Assurance and Audit",Athenium,athenium.com,linkedin.com/in/tirush,,VP,blitz,https://www.linkedin.com/company/atheniumllc,Business Intelligence Platforms,US,US,pass,candidate,consulting with marketing keywords
Taylor,Werges,Taylor Werges,Director of Marketing,Seek,seekinsights.com,linkedin.com/in/tjwerges,,Director,blitz,https://www.linkedin.com/company/seek-insights,Business Intelligence Platforms,US,US,pass,candidate,consulting with marketing keywords
Tobias,Gau,Tobias Gau,Product Director,Shikenso,shikenso.com,linkedin.com/in/tobias-gau-86a72a213,,Director,blitz,https://www.linkedin.com/company/shikenso-gmbh,Business Intelligence Platforms,DE,DE,pass,candidate,consulting with marketing keywords
Tobias,Ignatzek,Tobias Ignatzek,Head of Product,Superchat,linktr.ee,linkedin.com/in/tobias-ignatzek,,Director,blitz,https://www.linkedin.com/company/superchatcom,Business Intelligence Platforms,DE,DE,pass,candidate,consulting with marketing keywords
Tobias,Lindqvist,Tobias Lindqvist,Partner Sverige,Time2Staff,linktr.ee,linkedin.com/in/tobias-lindqvist-a7a51b2b2,,C-Team,blitz,https://www.linkedin.com/company/time2staff,Business Intelligence Platforms,SE,NO,pass,candidate,consulting with marketing keywords
Toby,Fitzherbert,Toby Fitzherbert,Non Executive Director,Insurance Insider,insuranceinsider.com,linkedin.com/in/tobyfitzherbert,,Director,blitz,https://www.linkedin.com/company/theinsuranceinsider,Business Intelligence Platforms,GB,GB,pass,candidate,consulting with marketing keywords
Tom,Phelan,Tom Phelan,CTO and VP of Technology,"Unified Office, Inc.",unifiedoffice.com,linkedin.com/in/tom-phelan-12aab650,,C-Team,blitz,https://www.linkedin.com/company/unified-office-inc,Business Intelligence Platforms,US,US,pass,candidate,consulting with marketing keywords
Tom,von Simson,Tom von Simson,Client Director,GEEIQ,geeiq.com,linkedin.com/in/tom-von-simson-bb8b151b9,,Director,blitz,https://www.linkedin.com/company/getgeeiq,Business Intelligence Platforms,GB,GB,pass,candidate,consulting with marketing keywords
Tomas,Gregor,Tomas Gregor,Chief Marketing Officer,Inphinity ∞,myinphinity.com,linkedin.com/in/tomasg,,C-Team,blitz,https://www.linkedin.com/company/inphinity,Business Intelligence Platforms,SK,SK,pass,candidate,consulting with marketing keywords
Tom,Kerwin,Tom Kerwin,Non Executive Director,Qurk,qurk.app,linkedin.com/in/tomdkerwin,,Director,blitz,https://www.linkedin.com/company/qurkapp,Business Intelligence Platforms,GB,GB,pass,candidate,consulting with marketing keywords
Tom,Treanor,Tom Treanor,Head of Product Marketing,Vitelis,vitelis.com,linkedin.com/in/tomtreanor,,Director,blitz,https://www.linkedin.com/company/vitelisai,Business Intelligence Platforms,US,US,pass,candidate,consulting with marketing keywords
Tony,"Petrucci, PhD","Tony Petrucci, PhD",Board Member,Thinaer,thinaer.io,linkedin.com/in/tonypetrucci,,Director,blitz,https://www.linkedin.com/company/thinaer,Business Intelligence Platforms,US,US,pass,candidate,consulting with marketing keywords
Travis,McCamish,Travis McCamish,Director of Manufacturer Relations,Gearfire,linktr.ee,linkedin.com/in/travis-mccamish-7b7ba281,,Director,blitz,https://www.linkedin.com/company/gearfire,Business Intelligence Platforms,US,US,pass,candidate,consulting with marketing keywords
Trinity,Houston,Trinity Houston,Marketing Director,LabX Ventures®,labxventures.com,linkedin.com/in/trinityhouston,,Director,blitz,https://www.linkedin.com/company/labxventures,Business Intelligence Platforms,US,US,pass,candidate,consulting with marketing keywords
Tripp,French,Tripp French,Vice President Markets,Power Kiosk,powerkiosk.com,linkedin.com/in/tripp-french-301456119,,VP,blitz,https://www.linkedin.com/company/power-kiosk,Business Intelligence Platforms,US,US,pass,candidate,consulting with marketing keywords
Tyler,Vieira,Tyler Vieira,Chief Executive Officer,Studio Designer,linktr.ee,linkedin.com/in/tyler-vieira-602a9916,,C-Team,blitz,https://www.linkedin.com/company/studiodesigner,Business Intelligence Platforms,US,US,pass,candidate,consulting with marketing keywords
Alina,Mazur,Alina Mazur,Head of Strategic Partnerships & Business Development,YouScan Social Listening ✨,youscan.io,linkedin.com/in/ua-alina-mazur,,Director,blitz,https://www.linkedin.com/company/youscan,Business Intelligence Platforms,UA,UA,pass,candidate,consulting with marketing keywords
Kjersti Ringholm,Ulstein,Kjersti Ringholm Ulstein,Board Member,Time2Staff,linktr.ee,linkedin.com/in/ulstein,,Director,blitz,https://www.linkedin.com/company/time2staff,Business Intelligence Platforms,NO,NO,pass,candidate,consulting with marketing keywords
Alex,Gnatenko,Alex Gnatenko,Co-Founder,DOUBLETOP,linktr.ee,linkedin.com/in/umber111,,C-Team,blitz,https://www.linkedin.com/company/doubletop,Business Intelligence Platforms,US,UA,pass,candidate,consulting with marketing keywords
Umesh,Bhargava,Umesh Bhargava,Founder and CEO,iCare Software,linktr.ee,linkedin.com/in/umeshbhargava,,C-Team,blitz,https://www.linkedin.com/company/icaresoftware,Business Intelligence Platforms,US,US,pass,candidate,consulting with marketing keywords
Usha,Boddapu,Usha Boddapu,President / Co-Founder / Chief Artificial Intelligence Scientist,Arytic,linktr.ee,linkedin.com/in/ushaboddapu,,C-Team,blitz,https://www.linkedin.com/company/arytic,Business Intelligence Platforms,US,US,pass,candidate,consulting with marketing keywords
Valeriia,Ponomarenko,Valeriia Ponomarenko,Head of Content,Pricer24,pricer24.com,linkedin.com/in/valeriia-ponomarenko-135986190,,Director,blitz,https://www.linkedin.com/company/pricer24,Business Intelligence Platforms,UA,UA,pass,candidate,consulting with marketing keywords
Varun,Bhatia,Varun Bhatia,Chief Executive Officer,eVolv,evolvs.co,linkedin.com/in/varun-bhatia-3353722b0,,C-Team,blitz,https://www.linkedin.com/company/evolv-about,Business Intelligence Platforms,US,US,pass,candidate,consulting with marketing keywords
Vic,Bhatia,Vic Bhatia,Chief Information Security Officer,WisdomAI,wisdom.ai,linkedin.com/in/vicbhatia,,C-Team,blitz,https://www.linkedin.com/company/wisdomai-inc,Business Intelligence Platforms,US,US,pass,candidate,consulting with marketing keywords
Victor,Dequidt,Victor Dequidt,Chief Technology Officer,Ochy,linktr.ee,linkedin.com/in/victor-dequidt,,C-Team,blitz,https://www.linkedin.com/company/ochy,Business Intelligence Platforms,FR,FR,pass,candidate,consulting with marketing keywords
Victor,Kristof,Victor Kristof,Co-founder & CEO,DemoSquare,demosquare.com,linkedin.com/in/victorkristof,,C-Team,blitz,https://www.linkedin.com/company/demosquare,Business Intelligence Platforms,CH,CH,pass,candidate,consulting with marketing keywords
Vidushi,Upadhyay,Vidushi Upadhyay,Consulting Partner,Grozeo Global,grozeo.com,linkedin.com/in/vidushi-upadhyay-8861b024a,,C-Team,blitz,https://www.linkedin.com/company/grozeo,Business Intelligence Platforms,GB,GB,pass,candidate,consulting with marketing keywords
Vivek,Asija,Vivek Asija,Head of Product Marketing,WisdomAI,wisdom.ai,linkedin.com/in/vivekasija,,Director,blitz,https://www.linkedin.com/company/wisdomai-inc,Business Intelligence Platforms,US,US,pass,candidate,consulting with marketing keywords
Vera,Khodasevich,Vera Khodasevich,Head of Customer Onboarding,CorralData,corraldata.com,linkedin.com/in/vkhodasevich,,Director,blitz,https://www.linkedin.com/company/corraldata,Business Intelligence Platforms,US,US,pass,candidate,consulting with marketing keywords
Vladimir,Šimović,Vladimir Šimović,Head of Esports Operations,Shikenso,shikenso.com,linkedin.com/in/vladimirsimovic,,Director,blitz,https://www.linkedin.com/company/shikenso-gmbh,Business Intelligence Platforms,HR,DE,pass,candidate,consulting with marketing keywords
Vladyslav,Diakov,Vladyslav Diakov,Head of Delivery,Pricer24,pricer24.com,linkedin.com/in/vladyslav-diakov-455994106,,Director,blitz,https://www.linkedin.com/company/pricer24,Business Intelligence Platforms,UA,UA,pass,candidate,consulting with marketing keywords
Vsevolod,Poletaev,Vsevolod Poletaev,Head of Research (VP of Engineering),Avaturn,linktr.ee,linkedin.com/in/vsevolod-poletaev,,VP,blitz,https://www.linkedin.com/company/avaturn,Business Intelligence Platforms,IT,US,pass,candidate,consulting with marketing keywords
Whitney,Ronzello,Whitney Ronzello,Director of Onboarding Services,HealthTrust Software,linktr.ee,linkedin.com/in/whitney-ronzello-aa243362,,Director,blitz,https://www.linkedin.com/company/healthtrustsoftware,Business Intelligence Platforms,US,US,pass,candidate,consulting with marketing keywords
William,Lippolis,William Lippolis,Founder & CEO,ApprentiScope,linktr.ee,linkedin.com/in/william-lippolis,,C-Team,blitz,https://www.linkedin.com/company/apprentiscope,Business Intelligence Platforms,US,US,pass,candidate,consulting with marketing keywords
William,Peters,William Peters,Commercial Director,Permutable,permutable.ai,linkedin.com/in/william-peters-77473794,,Director,blitz,https://www.linkedin.com/company/permutableai,Business Intelligence Platforms,GB,GB,pass,candidate,consulting with marketing keywords
William,Tulloch,William Tulloch,Director for Scotland Operations,Grozeo UK,grozeo.com,linkedin.com/in/william-tulloch-808434287,,Director,blitz,https://www.linkedin.com/company/grozeouk,Business Intelligence Platforms,GB,GB,pass,candidate,consulting with marketing keywords
Wilson,Chan,Wilson Chan,Chief Executive Officer,Permutable,permutable.ai,linkedin.com/in/wilson-chan-428482,,C-Team,blitz,https://www.linkedin.com/company/permutableai,Business Intelligence Platforms,GB,GB,pass,candidate,consulting with marketing keywords
Winsley,von Spee,Winsley von Spee,Chief Technology Officer,Axess Intelligence,axessintelligence.com,linkedin.com/in/winsley-von-spee-023aab221,,C-Team,blitz,https://www.linkedin.com/company/axess-intelligence,Business Intelligence Platforms,DE,DE,pass,candidate,consulting with marketing keywords
Wolfgang,Boecking,Wolfgang Boecking,Chief Executive Officer,Vitelis,vitelis.com,linkedin.com/in/wolfgang-boecking,,C-Team,blitz,https://www.linkedin.com/company/vitelisai,Business Intelligence Platforms,US,US,pass,candidate,consulting with marketing keywords
Yaroslav,Shmyrko,Yaroslav Shmyrko,"Director, Production",SKYPAD,skyitgroup.com,linkedin.com/in/yaroslav-shmyrko,,Director,blitz,https://www.linkedin.com/company/skypad-app,Business Intelligence Platforms,UA,US,pass,candidate,consulting with marketing keywords
Yilmaz,Köknar,Yilmaz Köknar,Co-Founder & CEO,Superchat,linktr.ee,linkedin.com/in/yilmaz-koeknar,,C-Team,blitz,https://www.linkedin.com/company/superchatcom,Business Intelligence Platforms,DE,DE,pass,candidate,consulting with marketing keywords
Zac,Da Rocha,Zac Da Rocha,Director of Product,Sona,linktr.ee,linkedin.com/in/zacdarocha,,Director,blitz,https://www.linkedin.com/company/getsona,Business Intelligence Platforms,GB,GB,pass,candidate,consulting with marketing keywords
Zita,Pötzelsberger,Zita Pötzelsberger,Client Service Director,valantic Austria (vormals elements.at),linktr.ee,linkedin.com/in/zitapoetzelsberger,,Director,blitz,https://www.linkedin.com/company/valanticaustria,Business Intelligence Platforms,AT,AT,pass,candidate,consulting with marketing keywords
Àxel,Durana,Àxel Durana,Director de desarrollo de marca y diseño,2Playbook,linktr.ee,linkedin.com/in/àxel-durana-65791825,,Director,blitz,https://www.linkedin.com/company/2playbook,Business Intelligence Platforms,ES,ES,pass,candidate,consulting with marketing keywords
