first_name,last_name,full_name,title,company_name,company_domain,linkedin_url,email,seniority,source,company_linkedin_url,industry,person_country,company_country,title_check,icp_fit,fit_reason
Catherine,Thompson,Catherine Thompson,Head of Communications,PHMG,phmg.com,linkedin.com/in/-catherineethompson-,,Director,blitz,https://www.linkedin.com/company/phmg,Advertising Services,GB,GB,pass,unknown,industry unknown
James,Hoffman,James Hoffman,Owner,Catalyst Consultants,,linkedin.com/in/1businessgrowthcatalyst,,C-Team,blitz,https://www.linkedin.com/company/catalyst-consultants,Advertising Services,US,US,pass,unknown,industry unknown
A.,Di Bartolo,A. Di Bartolo,CMO,SimStar,,linkedin.com/in/a-di-bartolo-925941,,C-Team,blitz,https://www.linkedin.com/company/simstar,Advertising Services,US,US,pass,unknown,industry unknown
A Emilio,Sanchez,A Emilio Sanchez,Part Owner,Artesana Home,,linkedin.com/in/a-emilio-sanchez-008ba095,,C-Team,blitz,https://www.linkedin.com/company/artesana-home,Design Services,US,US,pass,unknown,industry unknown
A.J.,Kirchhoefer,A.J. Kirchhoefer,Managing Partner | CEO,"""RMS"" Retail Marketing Solutions LLC",rmsfirm.com,linkedin.com/in/a-j-kirchhoefer-559421294,,C-Team,blitz,https://www.linkedin.com/company/rms-retail-marketing-solutions-llc,Advertising Services,US,US,pass,unknown,industry unknown
A.K.M. Obydur,Rahman,A.K.M. Obydur Rahman,Founder,Speed King,,linkedin.com/in/a-k-m-obydur-rahman-b00b65143,,C-Team,blitz,https://www.linkedin.com/company/speed-king,Graphic Design,US,US,pass,unknown,industry unknown
aaron,craver,aaron craver,president,R Design,,linkedin.com/in/aaron-craver-0176146,,C-Team,blitz,https://www.linkedin.com/company/r-design,Design,US,US,pass,unknown,industry unknown
Aaron,Cuker,Aaron Cuker,Art Director/ Co-Founder,Forward Development,,linkedin.com/in/aaron-cuker-74a1691,,C-Team,blitz,https://www.linkedin.com/company/forward-development,Graphic Design,US,US,pass,unknown,industry unknown
Aaron,Fabry,Aaron Fabry,Regional Director-Baltimore,Apartments.com,apartments.com,linkedin.com/in/aaron-fabry-8a66a68,,Director,blitz,https://www.linkedin.com/company/apartments-com,Advertising Services,US,US,pass,unknown,industry unknown
Aaron,Harvey,Aaron Harvey,Sr. Art Director,McElroy,,linkedin.com/in/aaron-harvey-883b613,,Director,blitz,https://www.linkedin.com/company/mcelroy,Advertising Services,US,US,pass,unknown,industry unknown
Aaron,mayfield,Aaron mayfield,Director,MICE International,,linkedin.com/in/aaron-mayfield-79b3bb101,,Director,blitz,https://www.linkedin.com/company/mice-international,Events Services,GB,US,pass,unknown,industry unknown
Aaron,Vick,Aaron Vick,Creative Director,BPI Group,bpigroup.com,linkedin.com/in/aaroncvick,,Director,blitz,https://www.linkedin.com/company/bully-pulpit-international,Advertising Services,US,US,pass,unknown,industry unknown
Aarón,Garrido,Aarón Garrido,Creative Art Director,TheMix_PernodRicard,,linkedin.com/in/aarón-garrido,,Director,blitz,https://www.linkedin.com/company/themix-pernodricard,Design Services,ES,FR,pass,unknown,industry unknown
,,,Communications Director,Jukeboxx Media,,linkedin.com/in/abbykate,,Director,blitz,https://www.linkedin.com/company/jukeboxx-media,Advertising Services,US,US,pass,unknown,industry unknown
Abel,Michel,Abel Michel,CRO Specialist,Happy Horizon | Arnhem,,linkedin.com/in/abel-michel,,C-Team,blitz,https://www.linkedin.com/company/happy-horizon-arnhem,Marketing Services,NL,NL,pass,unknown,industry unknown
Abelardo,Bethencourt Fernández,Abelardo Bethencourt Fernández,Director general,Ernest,,linkedin.com/in/abelardo-bethencourt-fernández,,Director,blitz,https://www.linkedin.com/company/holaernest,Advertising Services,ES,ES,pass,unknown,industry unknown
Abel,Flint,Abel Flint,"Director, B2B Brand Marketing",Suzy,suzy.com,linkedin.com/in/abelflint,,Director,blitz,https://www.linkedin.com/company/asksuzy,Market Research,US,US,pass,unknown,industry unknown
Tim,Abel,Tim Abel,Vice President of Sales,FMG Suite,fmgsuite.com,linkedin.com/in/abeltim,,VP,blitz,https://www.linkedin.com/company/fmg-suite,Advertising Services,US,US,pass,unknown,industry unknown
Abner,Santana,Abner Santana,Head of Business Growth,Dynamic Event Co.,,linkedin.com/in/abner-santana-3339b851,,Director,blitz,https://www.linkedin.com/company/dynamic-event-services-llc,Events Services,US,US,pass,unknown,industry unknown
Abu,Taher,Abu Taher,Owner,RS Fashion,,linkedin.com/in/abu-taher-1a4804101,,C-Team,blitz,https://www.linkedin.com/company/rs-fashion,Design Services,US,US,pass,unknown,industry unknown
Ad,Besuijen,Ad Besuijen,CTO,Kaktus,,linkedin.com/in/ad-besuijen-7b14479,,C-Team,blitz,https://www.linkedin.com/company/kaktus,Advertising Services,NL,US,pass,unknown,industry unknown
Ad,Hordijk,Ad Hordijk,Director,Matrix Consultants,,linkedin.com/in/ad-hordijk-65189816,,Director,blitz,https://www.linkedin.com/company/matrix-consultants,Advertising Services,NL,US,pass,unknown,industry unknown
Ada,Farell,Ada Farell,Marketing Director,Center for Social Sales Research and Engineering,,linkedin.com/in/ada-farell-0734141a5,,Director,blitz,https://www.linkedin.com/company/cssre,Market Research,US,US,pass,unknown,industry unknown
Adam,Aldin,Adam Aldin,Entrepreneur,BTN-International Marketing,,linkedin.com/in/adam-aldin-123777159,,C-Team,blitz,https://www.linkedin.com/company/btn-behind-the-network,Advertising Services,NL,US,pass,unknown,industry unknown
Adam,Aston,Adam Aston,Co-Owner,Creative Live Limited,,linkedin.com/in/adam-aston-b2060617a,,C-Team,blitz,https://www.linkedin.com/company/creative-live-limited,Events Services,GB,GB,pass,unknown,industry unknown
Adam,Hobbs,Adam Hobbs,VP Marketing,857 Collective,,linkedin.com/in/adam-hobbs-2072723,,VP,blitz,https://www.linkedin.com/company/857-collective,Public Relations and Communications Services,US,US,pass,unknown,industry unknown
Adam,Khan,Adam Khan,Senior Client Director,PHMG,phmg.com,linkedin.com/in/adam-khan-934917311,,Director,blitz,https://www.linkedin.com/company/phmg,Advertising Services,US,GB,pass,unknown,industry unknown
Adam,Noam,Adam Noam,entrepreneur,Moi-meme,,linkedin.com/in/adam-noam-86788314a,,C-Team,blitz,https://www.linkedin.com/company/moi-meme,Graphic Design,CH,FR,pass,unknown,industry unknown
Adam,Strasberg,Adam Strasberg,Creative Director,BPI Group,bpigroup.com,linkedin.com/in/adam-strasberg-b828194,,Director,blitz,https://www.linkedin.com/company/bully-pulpit-international,Advertising Services,US,US,pass,unknown,industry unknown
Adam,Taylor,Adam Taylor,Head of Sales - North America,PHMG,phmg.com,linkedin.com/in/adam-taylor-06985a63,,Director,blitz,https://www.linkedin.com/company/phmg,Advertising Services,US,GB,pass,unknown,industry unknown
Adam,W.,Adam W.,Account Director,FMG Suite,fmgsuite.com,linkedin.com/in/adam-w-86474a52,,Director,blitz,https://www.linkedin.com/company/fmg-suite,Advertising Services,GB,US,pass,unknown,industry unknown
Adam,Whatling,Adam Whatling,Chief Commercial Officer,Loylogic,loylogic.com,linkedin.com/in/adam-whatling-6304a233,,C-Team,blitz,https://www.linkedin.com/company/loylogic,,GB,CH,pass,unknown,industry unknown
Adam,Young,Adam Young,President,MAC Meetings & Events,,linkedin.com/in/adam-young-5b0b2112b,,C-Team,blitz,https://www.linkedin.com/company/mac-meetings-and-events,Events Services,GB,US,pass,unknown,industry unknown
Adam,B.,Adam B.,Director of Digital Product,WebLife,goweblife.com,linkedin.com/in/adamburdeshaw,,Director,blitz,https://www.linkedin.com/company/goweblife,Market Research,US,US,pass,unknown,industry unknown
Adam,McSweeney,Adam McSweeney,Chief Accounting Officer,Acroud Media,,linkedin.com/in/adammcsweeney,,C-Team,blitz,https://www.linkedin.com/company/acroud-media,Marketing Services,GB,US,pass,unknown,industry unknown
adele,swift,adele swift,account director,TCS Advertising,,linkedin.com/in/adele-swift-172b497,,Director,blitz,https://www.linkedin.com/company/tcs-advertising,Advertising Services,GB,GB,pass,unknown,industry unknown
Adka,Van Osnabrugge,Adka Van Osnabrugge,managing director,Dataview,,linkedin.com/in/adka-van-osnabrugge-9471346,,C-Team,blitz,https://www.linkedin.com/company/dataview,Market Research,NL,NL,pass,unknown,industry unknown
Adri,Verberne,Adri Verberne,directeur,Tarantula,,linkedin.com/in/adri-verberne-07799763,,Director,blitz,https://www.linkedin.com/company/tarantula,Advertising Services,NL,GB,pass,unknown,industry unknown
Adriaan,Aalbersberg,Adriaan Aalbersberg,Mede-eigenaar,Hair Fashion,,linkedin.com/in/adriaan-aalbersberg-a186a3156,,C-Team,blitz,https://www.linkedin.com/company/hair-fashion,Public Relations and Communications Services,NL,US,pass,unknown,industry unknown
Adrian,Pereira Montel,Adrian Pereira Montel,Entrepreneur,BTN-International Marketing,,linkedin.com/in/adrian-pereira-montel-37a7421b6,,C-Team,blitz,https://www.linkedin.com/company/btn-behind-the-network,Advertising Services,IT,US,pass,unknown,industry unknown
Adriana,Esperalba Esquerra,Adriana Esperalba Esquerra,FOUNDER & CREATIVE DIRECTOR,B82,,linkedin.com/in/adriana-esperalba-esquerra-459a0853,,C-Team,blitz,https://www.linkedin.com/company/bobo-choses-sl,Advertising Services,ES,US,pass,unknown,industry unknown
Adriana,Salazar,Adriana Salazar,Director of Sales,Americas Media Group,,linkedin.com/in/adriana-salazar-815a76,,Director,blitz,https://www.linkedin.com/company/americas-media-group,Advertising Services,US,US,pass,unknown,industry unknown
Adrian,Lambert,Adrian Lambert,Portfolio Marketing Director / Fractional CMO,The Marketing Centre,themarketingcentre.com,linkedin.com/in/adrianlambert,,C-Team,blitz,https://www.linkedin.com/company/the-marketing-centre,,GB,GB,pass,unknown,industry unknown
Jean,Reynolds,Jean Reynolds,CEO,Advantage Consultants,,linkedin.com/in/advantageconsultants,,C-Team,blitz,https://www.linkedin.com/company/advantage-consultants,Advertising Services,US,US,pass,unknown,industry unknown
Afua,Acheampong,Afua Acheampong,Owner,The Golden Group,,linkedin.com/in/afua-acheampong-39b2621,,C-Team,blitz,https://www.linkedin.com/company/the-golden-group,Advertising Services,GB,US,pass,unknown,industry unknown
Agnieszka,Steckiewicz,Agnieszka Steckiewicz,CFO,Testardo Red Cell,,linkedin.com/in/agnieszka-steckiewicz-0272261,,C-Team,blitz,https://www.linkedin.com/company/testardo-red-cell,Advertising Services,PL,PL,pass,unknown,industry unknown
Ahmet,Y.,Ahmet Y.,Founder and CEO,Furniture Marketing Pros,furnituremarketingpros.com,linkedin.com/in/ahmet-y-05b32b245,,C-Team,blitz,https://www.linkedin.com/company/furniture-marketing-pros,Marketing Services,US,US,pass,unknown,industry unknown
Aidan,Day,Aidan Day,Director,MICE International,,linkedin.com/in/aidan-day-5168892,,Director,blitz,https://www.linkedin.com/company/mice-international,Events Services,GB,US,pass,unknown,industry unknown
Aiman,Nachawati,Aiman Nachawati,Managing Director,ncom,,linkedin.com/in/aiman-nachawati-4716971b,,C-Team,blitz,https://www.linkedin.com/company/ncom,Advertising Services,US,DK,pass,unknown,industry unknown
Aimê,Alvim,Aimê Alvim,Co-Founder,I Hate Media,,linkedin.com/in/aimê-alvim-946b9313a,,C-Team,blitz,https://www.linkedin.com/company/nextdigital-01,Marketing Services,US,US,pass,unknown,industry unknown
Aishwarya,Bharadia,Aishwarya Bharadia,Founder,Wisteria,,linkedin.com/in/aishwarya-bharadia-4861589a,,C-Team,blitz,https://www.linkedin.com/company/wisteriamedia,Advertising Services,US,US,pass,unknown,industry unknown
AJ,Radford,AJ Radford,Vice President Operations,Digital Media Management,digitalmediamanagement.com,linkedin.com/in/aj-radford-9008175b,,VP,blitz,https://www.linkedin.com/company/digital-media-management,Advertising Services,US,US,pass,unknown,industry unknown
Al,Gaidosh,Al Gaidosh,president/owner,Sugar Creek Signs,,linkedin.com/in/al-gaidosh-0b06982a,,C-Team,blitz,https://www.linkedin.com/company/sugar-creek-signs,Graphic Design,US,US,pass,unknown,industry unknown
Al,Goldberg,Al Goldberg,Owner,The Express Group,,linkedin.com/in/al-goldberg-099857,,C-Team,blitz,https://www.linkedin.com/company/the-express-group,Advertising Services,US,US,pass,unknown,industry unknown
Al,Larson,Al Larson,VP & Treas,Townsend Agency,,linkedin.com/in/al-larson-154744b,,VP,blitz,https://www.linkedin.com/company/townsend-agency,Advertising Services,US,US,pass,unknown,industry unknown
Al,Miller,Al Miller,Appointment Director,Friedman-Swift Associates,,linkedin.com/in/al-miller-7791a4,,Director,blitz,https://www.linkedin.com/company/friedman-swift-associates,Market Research,US,US,pass,unknown,industry unknown
Alaina,Greaney,Alaina Greaney,Senior People Operations Partner,Vaniam Group,vaniamgroup.com,linkedin.com/in/alainagreaney,,C-Team,blitz,https://www.linkedin.com/company/vaniam-group,Advertising Services,US,US,pass,unknown,industry unknown
Alan,Caroe,Alan Caroe,Medical Director,Cuidado Casero Home Health,,linkedin.com/in/alan-caroe-2a06a6302,,Director,blitz,https://www.linkedin.com/company/cuidado-casero-home-health,Graphic Design,US,US,pass,unknown,industry unknown
Alan,Close,Alan Close,Owner,Cleveland Communications,,linkedin.com/in/alan-close-757b264,,C-Team,blitz,https://www.linkedin.com/company/cleveland-communications,Advertising Services,US,US,pass,unknown,industry unknown
Alan,Harp,Alan Harp,Owner,Revelations,,linkedin.com/in/alan-harp-073007aa,,C-Team,blitz,https://www.linkedin.com/company/revelations,Events Services,US,US,pass,unknown,industry unknown
Alan,Harp,Alan Harp,Owner,Revelations,,linkedin.com/in/alan-harp-0a07a55a,,C-Team,blitz,https://www.linkedin.com/company/revelations,Events Services,US,US,pass,unknown,industry unknown
Alan,Johnson,Alan Johnson,Chief Executive Officer,Motivator,,linkedin.com/in/alan-johnson-7a1422188,,C-Team,blitz,https://www.linkedin.com/company/motivator,Advertising Services,GB,US,pass,unknown,industry unknown
Alan,Karel,Alan Karel,"VP, Dir. Strategic Planning",The Guild Group,,linkedin.com/in/alan-karel-2090197,,VP,blitz,https://www.linkedin.com/company/the-guild-group,Advertising Services,US,US,pass,unknown,industry unknown
Alan,McCulloch,Alan McCulloch,Board Director Interactive,Joshua,,linkedin.com/in/alan-mcculloch-b00196,,Director,blitz,https://www.linkedin.com/company/joshua,Advertising Services,GB,GB,pass,unknown,industry unknown
Alan,O'Callaghan,Alan O'Callaghan,Director,X Graphics,,linkedin.com/in/alan-o-callaghan-360988153,,Director,blitz,https://www.linkedin.com/company/x-graphics,Graphic Design,GB,US,pass,unknown,industry unknown
Alan,Rothenberg,Alan Rothenberg,Group Creative Director,Surge Healthcare,,linkedin.com/in/alan-rothenberg-92b21b2,,Director,blitz,https://www.linkedin.com/company/surge-healthcare,Advertising Services,US,US,pass,unknown,industry unknown
Alan,Sinai,Alan Sinai,President & CEO,aQuantive,,linkedin.com/in/alan-sinai-7b33a02,,C-Team,blitz,https://www.linkedin.com/company/aquantive,Advertising Services,US,US,pass,unknown,industry unknown
Alastair,Waldron,Alastair Waldron,VP of Global Client Support,PHMG,phmg.com,linkedin.com/in/alastair-waldron-bb840856,,VP,blitz,https://www.linkedin.com/company/phmg,Advertising Services,GB,GB,pass,unknown,industry unknown
Albashir,Mogaji,Albashir Mogaji,CEO,TNP,,linkedin.com/in/albashir-mogaji-73673a74,,C-Team,blitz,https://www.linkedin.com/company/tnp,Design Services,GB,US,pass,unknown,industry unknown
Alberto,Febbraro,Alberto Febbraro,Presidente,CALIDONE Società Cooperativa Sociale ETS,,linkedin.com/in/alberto-febbraro-a11061106,,C-Team,blitz,https://www.linkedin.com/company/coopcalidone,Design Services,IT,IT,pass,unknown,industry unknown
Alberto,Pusceddu,Alberto Pusceddu,Interim Chief Technology Officer,CATERING PIU  SRL,,linkedin.com/in/alberto-pusceddu-594a05ba,,C-Team,blitz,https://www.linkedin.com/company/catering-piu-srl,Events Services,IT,IT,pass,unknown,industry unknown
Alec,Nijssen,Alec Nijssen,Owner,ARN grafisch en multimedia vormgeving,,linkedin.com/in/alecnijssen,,C-Team,blitz,https://www.linkedin.com/company/arn-multimedia,Graphic Design,NL,NL,pass,unknown,industry unknown
Alejandro,Orozco,Alejandro Orozco,Business Owner,DNA Marketing,,linkedin.com/in/alejandro-orozco-9914a0150,,C-Team,blitz,https://www.linkedin.com/company/team-ignition-pancultural-marketing,Advertising Services,US,US,pass,unknown,industry unknown
Alejandro,Sanz,Alejandro Sanz,Director ejecutivo,Outside,,linkedin.com/in/alejandro-sanz-173750152,,Director,blitz,https://www.linkedin.com/company/outside,Advertising Services,ES,IT,pass,unknown,industry unknown
Aleksa,Radulovic,Aleksa Radulovic,Head of Media Buying,Aeternum DOO,,linkedin.com/in/aleksa-radulovic,,Director,blitz,https://www.linkedin.com/company/aeternum-doo,Marketing Services,RS,US,pass,unknown,industry unknown
Aleksandar,Kosovac,Aleksandar Kosovac,Chief Executive Officer,Aeternum DOO,,linkedin.com/in/aleksandar-kosovac-137a65221,,C-Team,blitz,https://www.linkedin.com/company/aeternum-doo,Marketing Services,RS,US,pass,unknown,industry unknown
Aleksandar,Stamatovski,Aleksandar Stamatovski,Head of Product and Platform Operations,SparkUP Digital,,linkedin.com/in/aleksandar-stamatovski-6861492a1,,Director,blitz,https://www.linkedin.com/company/sparkup-digitall,Marketing Services,MK,MK,pass,unknown,industry unknown
Aleksander,Koch,Aleksander Koch,Director of Sales,Amera,,linkedin.com/in/aleksander-koch-907195130,,Director,blitz,https://www.linkedin.com/company/amera-as,Advertising Services,NO,NO,pass,unknown,industry unknown
Alena,Stefanovskaya,Alena Stefanovskaya,New Business Director,FCB MA,,linkedin.com/in/alena-stefanovskaya-b271776,,Director,blitz,https://www.linkedin.com/company/fcb-ma,Advertising Services,UA,US,pass,unknown,industry unknown
ALESSANDRA,DE LA VILLE SUR ILLON,ALESSANDRA DE LA VILLE SUR ILLON,"Direttore del Personale, Affari Legale e Generali",FIERE INTERNAZIONALI DI BOLOGNA S.P.A. - BOLOGNAFIERE  O IN FORMAABBREVIATA BOLOGNAFIERE S.P.A.,,linkedin.com/in/alessandra-de-la-ville-sur-illon-25893214b,,Director,blitz,https://www.linkedin.com/company/fiere-internazionali-di-bologna-s.p.a.---bolognafiere-o-in-formaabbreviata-bolognafiere-s.p.a.,Events Services,IT,IT,pass,unknown,industry unknown
alessandro,giordano,alessandro giordano,presidente,PR Consultants,,linkedin.com/in/alessandro-giordano-7080a935,,C-Team,blitz,https://www.linkedin.com/company/pr-consultants,Public Relations and Communications Services,IT,US,pass,unknown,industry unknown
Alessia,Sjösten,Alessia Sjösten,Art Director,The Barn Sweden,,linkedin.com/in/alessia-sjösten-158b4a18,,Director,blitz,https://www.linkedin.com/company/the-barn-sweden,Advertising Services,SE,US,pass,unknown,industry unknown
Alex,Birth,Alex Birth,Director,Mar-Tech & Finance,,linkedin.com/in/alex-birth-59016344,,Director,blitz,https://www.linkedin.com/company/mar-tech-&-finance,Public Relations and Communications Services,US,FR,pass,unknown,industry unknown
Alex,Frantz,Alex Frantz,"Director, New Business Development, Americas",Logistix,,linkedin.com/in/alex-frantz-9a09015,,Director,blitz,https://www.linkedin.com/company/logistix,Advertising Services,US,US,pass,unknown,industry unknown
Alex,Price,Alex Price,Client Care Director - Team Lead,PHMG,phmg.com,linkedin.com/in/alex-price-803b8858,,Director,blitz,https://www.linkedin.com/company/phmg,Advertising Services,GB,GB,pass,unknown,industry unknown
Alex,Tichy,Alex Tichy,Owner,RADIX & partners,,linkedin.com/in/alex-tichy-29b9352,,C-Team,blitz,https://www.linkedin.com/company/radix-&-partners,Advertising Services,AT,US,pass,unknown,industry unknown
Alexa,D.,Alexa D.,E-Commerce Chief Operating Officer,SurfScale Holdings,,linkedin.com/in/alexaellysonn,,C-Team,blitz,https://www.linkedin.com/company/surfscaleholdings,Marketing Services,US,US,pass,unknown,industry unknown
Alexander,Chesterton-Matt,Alexander Chesterton-Matt,Founder,Mundane,,linkedin.com/in/alexander-chesterton-matt-177b6858,,C-Team,blitz,https://www.linkedin.com/company/mundane-agency,Advertising Services,GB,GB,pass,unknown,industry unknown
Alexander,Hrankin,Alexander Hrankin,CEO & Co-Founder,Scrambly,scrambly.io,linkedin.com/in/alexander-hrankin-181780138,,C-Team,blitz,https://www.linkedin.com/company/scrambly,,IT,IT,pass,unknown,industry unknown
ALEXANDER,PODVEZKO,ALEXANDER PODVEZKO,MD,WGH,,linkedin.com/in/alexander-podvezko-96a81539,,C-Team,blitz,https://www.linkedin.com/company/wgh,Events Services,US,US,pass,unknown,industry unknown
Alexander,van Walsum,Alexander van Walsum,Freelance Creative Director-Copywriter,various,,linkedin.com/in/alexander-van-walsum-969561b7,,Director,blitz,https://www.linkedin.com/company/freelance-strategy,Advertising Services,FR,US,pass,unknown,industry unknown
Alexander,Yasiukovich,Alexander Yasiukovich,Founder & CEO,UNIC Media Buying Agency,,linkedin.com/in/alexander-yasiukovich-4a509781,,C-Team,blitz,https://www.linkedin.com/company/unic-media-buying-agency,Advertising Services,UA,US,pass,unknown,industry unknown
Alexander,Bowring,Alexander Bowring,Head of Marketing Content,NUMETO,,linkedin.com/in/alexanderbowring,,Director,blitz,https://www.linkedin.com/company/numeto,Advertising Services,GB,US,pass,unknown,industry unknown
Alexandra,Dubois,Alexandra Dubois,Senior Vice President. Patient Engagement,Vaniam Group,vaniamgroup.com,linkedin.com/in/alexandra-dubois-59783268,,VP,blitz,https://www.linkedin.com/company/vaniam-group,Advertising Services,US,US,pass,unknown,industry unknown
Alexandra,BILLANT,Alexandra BILLANT,Head of Growth&Marketing,WeShareTrust,wesharetrust.com,linkedin.com/in/alexandrabillant,,Director,blitz,https://www.linkedin.com/company/wesharetrust,,FR,FR,pass,unknown,industry unknown
Alexandre,Dray,Alexandre Dray,Managing Director - Founder,Publicis LaMaison,,linkedin.com/in/alexandre-dray-68313953,,C-Team,blitz,https://www.linkedin.com/company/publicis-lamaison,Advertising Services,FR,US,pass,unknown,industry unknown
Alexandre,Lecellier,Alexandre Lecellier,Head of product,WeShareTrust,wesharetrust.com,linkedin.com/in/alexandre-lecellier-995957187,,Director,blitz,https://www.linkedin.com/company/wesharetrust,,FR,FR,pass,unknown,industry unknown
Alexandru,Spînu,Alexandru Spînu,Company Owner,AvantCAD,,linkedin.com/in/alexandru-spînu-857571a5,,C-Team,blitz,https://www.linkedin.com/company/avantcad,Design Services,MD,MD,pass,unknown,industry unknown
Alexia,Gazo Farreró,Alexia Gazo Farreró,Head of Partnerships & Board Member,Esade Events,,linkedin.com/in/alexiagazofarrero,,Director,blitz,https://www.linkedin.com/company/esadevents,Events Services,ES,ES,pass,unknown,industry unknown
Alexis,Klaiber,Alexis Klaiber,Human Resources Director,Holowicki Enterprises,,linkedin.com/in/alexis-klaiber-3b7323191,,Director,blitz,https://www.linkedin.com/company/holowicki-enterprises,Advertising Services,US,US,pass,unknown,industry unknown
Alex,Rausch,Alex Rausch,COO x Partner,Dynamic Event Co.,,linkedin.com/in/alexjrausch,,C-Team,blitz,https://www.linkedin.com/company/dynamic-event-services-llc,Events Services,US,US,pass,unknown,industry unknown
Alex,Kellner,Alex Kellner,Partner,BPI Group,bpigroup.com,linkedin.com/in/alexkellner,,C-Team,blitz,https://www.linkedin.com/company/bully-pulpit-international,Advertising Services,US,US,pass,unknown,industry unknown
Alexus,Lee,Alexus Lee,Vice President Finance,Rice Undergraduate Marketing Association (RUMA),,linkedin.com/in/alexus-lee-5b695a210,,VP,blitz,https://www.linkedin.com/company/riceundergraduatemarketingassociation,Marketing Services,US,US,pass,unknown,industry unknown
Alfonso,Pérez,Alfonso Pérez,CEO,P.P.C.M. - Progressive People' s Cooperative Marketing,,linkedin.com/in/alfonso-pérez-21653327,,C-Team,blitz,https://www.linkedin.com/company/p.p.c.m.---progressive-people'-s-cooperative-marketing,Advertising Services,ES,LV,pass,unknown,industry unknown
Alford,Stanford,Alford Stanford,President: ALford L Stanford,WGH,,linkedin.com/in/alford-stanford-9ba74a26,,C-Team,blitz,https://www.linkedin.com/company/wgh,Events Services,US,US,pass,unknown,industry unknown
Ali,McQueen,Ali McQueen,"Senior Director, Digital Strategy",BPI Group,bpigroup.com,linkedin.com/in/ali-mcqueen,,Director,blitz,https://www.linkedin.com/company/bully-pulpit-international,Advertising Services,US,US,pass,unknown,industry unknown
Ali,Rezai,Ali Rezai,Eigenaar,Randstad Sales Group,,linkedin.com/in/ali-rezai-986035285,,C-Team,blitz,https://www.linkedin.com/company/randstad-sales-group,Marketing Services,NL,NL,pass,unknown,industry unknown
Alice,Berthelot,Alice Berthelot,Art Director,StudioM France,,linkedin.com/in/alice-berthelot-329a3149,,Director,blitz,https://www.linkedin.com/company/studiomfrance,Advertising Services,FR,FR,pass,unknown,industry unknown
Alice,Cohen,Alice Cohen,CEO,The Media Edge,,linkedin.com/in/alice-cohen-2889525,,C-Team,blitz,https://www.linkedin.com/company/the-media-edge,Advertising Services,GR,US,pass,unknown,industry unknown
Alison,O'Sullivan,Alison O'Sullivan,Director of Global Implementation,PHMG,phmg.com,linkedin.com/in/alison-o-sullivan-b43b0653,,Director,blitz,https://www.linkedin.com/company/phmg,Advertising Services,GB,GB,pass,unknown,industry unknown
Alison,Weatherill,Alison Weatherill,Director,Mail Solutions,,linkedin.com/in/alison-weatherill-44689673,,Director,blitz,https://www.linkedin.com/company/mail-solutions,Advertising Services,GB,US,pass,unknown,industry unknown
Alizée,Tournadre,Alizée Tournadre,Account Director Social Media & Influence,StudioM France,,linkedin.com/in/alizée-tournadre-a8bb9366,,Director,blitz,https://www.linkedin.com/company/studiomfrance,Advertising Services,FR,FR,pass,unknown,industry unknown
Alla,Bosh,Alla Bosh,Partner,Spirit Advertising,,linkedin.com/in/alla-bosh-093394a,,C-Team,blitz,https://www.linkedin.com/company/spirit-advertising,Advertising Services,US,GB,pass,unknown,industry unknown
Allan,Hayes,Allan Hayes,President,The Hayes Company,,linkedin.com/in/allan-hayes-33411826,,C-Team,blitz,https://www.linkedin.com/company/the-hayes-company,Advertising Services,US,US,pass,unknown,industry unknown
Allen,Breiter,Allen Breiter,West Coast Director,Bigfoot Interactive,,linkedin.com/in/allen-breiter-ab878,,Director,blitz,https://www.linkedin.com/company/bigfoot-interactive,Advertising Services,US,US,pass,unknown,industry unknown
allison,parker,allison parker,Co-Founder,Citi Corporative,,linkedin.com/in/allison-parker-3594a81a1,,C-Team,blitz,https://www.linkedin.com/company/citicorporative,Advertising Services,US,RO,pass,unknown,industry unknown
Allyn,Miller,Allyn Miller,president,Flair Communications Agency,,linkedin.com/in/allyn-miller-0a44816,,C-Team,blitz,https://www.linkedin.com/company/flair-communications-agency,Advertising Services,US,US,pass,unknown,industry unknown
Allyn,Miller,Allyn Miller,President,Flair Communications Agency,,linkedin.com/in/allyn-miller-9229a01,,C-Team,blitz,https://www.linkedin.com/company/flair-communications-agency,Advertising Services,US,US,pass,unknown,industry unknown
alvaro,morales monzo,alvaro morales monzo,Director de Cuentas,Netthink,,linkedin.com/in/alvaro-morales-monzo-3b455818,,Director,blitz,https://www.linkedin.com/company/netthink,Advertising Services,ES,ES,pass,unknown,industry unknown
Alvino,Rosales,Alvino Rosales,Regional Director,Apartments.com,apartments.com,linkedin.com/in/alvino-rosales-b2a30826,,Director,blitz,https://www.linkedin.com/company/apartments-com,Advertising Services,US,US,pass,unknown,industry unknown
Alyson,Walker,Alyson Walker,"Owner I Hate Media,  LLC",I Hate Media,,linkedin.com/in/alyson-walker-0519a5288,,C-Team,blitz,https://www.linkedin.com/company/nextdigital-01,Marketing Services,US,US,pass,unknown,industry unknown
Alyssa,Reeves,Alyssa Reeves,Small Business Owner,Fresh Ideas Flower Co,,linkedin.com/in/alyssa-reeves-8128b1269,,C-Team,blitz,https://www.linkedin.com/company/fresh-ideas-flower-co,Design,US,US,pass,unknown,industry unknown
amador,ribas,amador ribas,Owner,Madri,,linkedin.com/in/amador-ribas-90b392132,,C-Team,blitz,https://www.linkedin.com/company/madri,Design Services,ES,US,pass,unknown,industry unknown
Amanda,Levison,Amanda Levison,CEO,Nonetheless Press Inc,,linkedin.com/in/amanda-levison-88aa32116,,C-Team,blitz,https://www.linkedin.com/company/nonetheless-press-inc,Advertising Services,US,US,pass,unknown,industry unknown
Amanda,Slight,Amanda Slight,Owner,Singer Direct,,linkedin.com/in/amanda-slight-79b3063,,C-Team,blitz,https://www.linkedin.com/company/singer-direct,Advertising Services,US,US,pass,unknown,industry unknown
Amanda,Treend,Amanda Treend,"Portfolio Marketing Director, Part-time Marketing Director and Marketing Consultant",The Marketing Centre,themarketingcentre.com,linkedin.com/in/amandatreend,,Director,blitz,https://www.linkedin.com/company/the-marketing-centre,Advertising Services,GB,GB,pass,unknown,industry unknown
Amaury,PANNELIER,Amaury PANNELIER,CEO and Co-Founder,#trendy,,linkedin.com/in/amaury-pannelier-60722230,,C-Team,blitz,https://www.linkedin.com/company/-trendy,Advertising Services,FR,FR,pass,unknown,industry unknown
Amber,Lynne Mckinstry J D,Amber Lynne Mckinstry J D,Director of Resident Experience,Inspired Living,,linkedin.com/in/amber-lynne-mckinstry-j-d-485173205,,Director,blitz,https://www.linkedin.com/company/inspired-living_2,Design Services,US,US,pass,unknown,industry unknown
Amber,Smith,Amber Smith,Director Project Management,Marketing Alliance Group,mktalliance.com,linkedin.com/in/amber-smith-301473125,,Director,blitz,https://www.linkedin.com/company/marketing-alliance-group,Advertising Services,US,US,pass,unknown,industry unknown
Amber,Hord,Amber Hord,Director,BPI Group,bpigroup.com,linkedin.com/in/amberhord,,Director,blitz,https://www.linkedin.com/company/bully-pulpit-international,Advertising Services,US,US,pass,unknown,industry unknown
Ambrose,Smith,Ambrose Smith,Company Director,Sale Club,,linkedin.com/in/ambrose-smith-1532b2192,,Director,blitz,https://www.linkedin.com/company/sale-club,Advertising Services,GB,US,pass,unknown,industry unknown
Ami,Heath,Ami Heath,Director of Business Development,Bellandi Group,bellandigroup.com,linkedin.com/in/ami-heath-b55335b2,,Director,blitz,https://www.linkedin.com/company/bellandi-group,Advertising Services,US,US,pass,unknown,industry unknown
Amir,Hodzic,Amir Hodzic,ceo,Pink Design,,linkedin.com/in/amir-hodzic-0aa60841,,C-Team,blitz,https://www.linkedin.com/company/pink-design,Design,BA,US,pass,unknown,industry unknown
Amir,Hollaj,Amir Hollaj,Director,Apartments.com,apartments.com,linkedin.com/in/amir-hollaj-07260b22,,Director,blitz,https://www.linkedin.com/company/apartments-com,Advertising Services,ME,US,pass,unknown,industry unknown
Amir,Lima,Amir Lima,Chief Executive Officer,Xpandify,,linkedin.com/in/amir-lima-967711158,,C-Team,blitz,https://www.linkedin.com/company/xpandify,Marketing Services,US,US,pass,unknown,industry unknown
Amrah,Boquist,Amrah Boquist,Partner - VP Account Services,VSM Advertising,,linkedin.com/in/amrahboquist30152,,C-Team,blitz,https://www.linkedin.com/company/vsm-advertising,Advertising Services,US,US,pass,unknown,industry unknown
amro,salama,amro salama,ceo,AS Biss & Co,,linkedin.com/in/amro-salama-01980816,,C-Team,blitz,https://www.linkedin.com/company/as-biss-&-co,Public Relations and Communications Services,NL,GB,pass,unknown,industry unknown
Amy,Brierly,Amy Brierly,Vice President,Creative Consortium,,linkedin.com/in/amy-brierly-7841793,,VP,blitz,https://www.linkedin.com/company/creative-consortium,Design,US,US,pass,unknown,industry unknown
Amy,Hammond,Amy Hammond,Ceo,1981Creations,,linkedin.com/in/amy-hammond-2b6a83112,,C-Team,blitz,https://www.linkedin.com/company/1981creations,Advertising Services,US,ES,pass,unknown,industry unknown
Amy,Mitchell,Amy Mitchell,Executive Vice President,PMK/HBH,,linkedin.com/in/amy-mitchell-35015511,,VP,blitz,https://www.linkedin.com/company/pmkhbh,Public Relations and Communications Services,US,US,pass,unknown,industry unknown
Amy Rizzitello,"Duguay, PhD","Amy Rizzitello Duguay, PhD","Executive Director, Scientific Communications",Vaniam Group,vaniamgroup.com,linkedin.com/in/amy-rizzitello-duguay-phd-0aa2548,,Director,blitz,https://www.linkedin.com/company/vaniam-group,Advertising Services,US,US,pass,unknown,industry unknown
Ana,Angel,Ana Angel,President,Angel Enterprises,,linkedin.com/in/ana-angel-746b36b9,,C-Team,blitz,https://www.linkedin.com/company/angel-enterprises,Public Relations and Communications Services,US,US,pass,unknown,industry unknown
Ana Castro,Showtes,Ana Castro Showtes,President,SHOWTES - USA BUSINESS TOURS,,linkedin.com/in/ana-castro-showtes-91362634,,C-Team,blitz,https://www.linkedin.com/company/showtes---travel-and-event-support,Events Services,US,US,pass,unknown,industry unknown
Ana,Piccinino,Ana Piccinino,Art Director,Siboney USA,,linkedin.com/in/ana-piccinino-a18151b,,Director,blitz,https://www.linkedin.com/company/siboney-usa,Advertising Services,US,US,pass,unknown,industry unknown
Anabelle,Ciancuillo,Anabelle Ciancuillo,Company Owner,ALC Media,,linkedin.com/in/anabelle-ciancuillo-a6bbb987,,C-Team,blitz,https://www.linkedin.com/company/i-am-digital-media,Marketing Services,US,US,pass,unknown,industry unknown
Anand,Patel,Anand Patel,ceo,Soho Digital,,linkedin.com/in/anand-patel-582a529,,C-Team,blitz,https://www.linkedin.com/company/soho-digital,Advertising Services,US,US,pass,unknown,industry unknown
Anders,Meisner,Anders Meisner,Interactive Director,PS Agency,,linkedin.com/in/anders-meisner-3905b035,,Director,blitz,https://www.linkedin.com/company/ps-agency,Advertising Services,SE,SE,pass,unknown,industry unknown
Andre,Jurriens,Andre Jurriens,Owner,Comunicazione strategica e relazioni istituzionali,,linkedin.com/in/andre-jurriens-2545272,,C-Team,blitz,https://www.linkedin.com/company/comunicazione-lobbying,Advertising Services,NL,IT,pass,unknown,industry unknown
Andrea,Alfonsi,Andrea Alfonsi,"Vice President, Director of Client Services",Ziment,,linkedin.com/in/andrea-alfonsi-94a228,,VP,blitz,https://www.linkedin.com/company/ziment,Market Research,US,US,pass,unknown,industry unknown
Andrea,Dietz,Andrea Dietz,Head of Operations,everrank GmbH,everrank.de,linkedin.com/in/andrea-dietz-8b9b552b9,,Director,blitz,https://www.linkedin.com/company/everrank,,DE,DE,pass,unknown,industry unknown
Andrea,Mendoza,Andrea Mendoza,Marketing Director,U,,linkedin.com/in/andrea-mendoza-36a1a4128,,Director,blitz,https://www.linkedin.com/company/universal-survey-center,Market Research,US,US,pass,unknown,industry unknown
Andrea,Morgan,Andrea Morgan,EVP-Director of Consumer Branding,Euro RSCG Magnet,,linkedin.com/in/andrea-morgan-1932464,,VP,blitz,https://www.linkedin.com/company/euro-rscg-magnet,Public Relations and Communications Services,US,US,pass,unknown,industry unknown
Andrea,Stephenson,Andrea Stephenson,"Vice President, Business Development",Marketing Group West,,linkedin.com/in/andrea-stephenson-a99281,,VP,blitz,https://www.linkedin.com/company/marketing-group-west,Advertising Services,US,US,pass,unknown,industry unknown
Andrea,Carrano,Andrea Carrano,Owner,Sunshine Media Group,,linkedin.com/in/andreacarrano,,C-Team,blitz,https://www.linkedin.com/company/sunshine-media-group,Advertising Services,US,US,pass,unknown,industry unknown
Andrea,Dopico,Andrea Dopico,Creative Director,TheMix_PernodRicard,,linkedin.com/in/andreadopico,,Director,blitz,https://www.linkedin.com/company/themix-pernodricard,Design Services,ES,FR,pass,unknown,industry unknown
Andreas,Staios,Andreas Staios,Business Unit Director,UpSet!,,linkedin.com/in/andreas-staios-5784917,,Director,blitz,https://www.linkedin.com/company/upset,Advertising Services,GR,US,pass,unknown,industry unknown
Andreas,Stöcker,Andreas Stöcker,direktor,TK-Marketing und Vertriebsförderung,,linkedin.com/in/andreas-stöcker-107047a6,,Director,blitz,https://www.linkedin.com/company/tk-marketing-und-vertriebsf-rderung,Advertising Services,DE,DE,pass,unknown,industry unknown
Andreas,Thran,Andreas Thran,CEO and Owner,Imagio,,linkedin.com/in/andreas-thran,,C-Team,blitz,https://www.linkedin.com/company/imagio,Public Relations and Communications Services,DE,DE,pass,unknown,industry unknown
andrei,alexandru,andrei alexandru,Business Owner,ANDY,,linkedin.com/in/andrei-alexandru-833ba912b,,C-Team,blitz,https://www.linkedin.com/company/andy,Advertising Services,US,US,pass,unknown,industry unknown
Andrej,Gomboc,Andrej Gomboc,Marketing Director,DNA Marketing,,linkedin.com/in/andrej-gomboc-478298b1,,Director,blitz,https://www.linkedin.com/company/team-ignition-pancultural-marketing,Advertising Services,SI,US,pass,unknown,industry unknown
Andres,Griego,Andres Griego,President,MetroSource,,linkedin.com/in/andres-griego-bb1b07151,,C-Team,blitz,https://www.linkedin.com/company/metrosource,Advertising Services,US,US,pass,unknown,industry unknown
Andrew,Bleeker,Andrew Bleeker,CEO,BPI Group,bpigroup.com,linkedin.com/in/andrew-bleeker-b7a9a72a,,C-Team,blitz,https://www.linkedin.com/company/bully-pulpit-international,Advertising Services,US,US,pass,unknown,industry unknown
Andrew,Castro,Andrew Castro,Head of Sales Operations,PHMG,phmg.com,linkedin.com/in/andrew-castro-7a115311b,,Director,blitz,https://www.linkedin.com/company/phmg,Advertising Services,US,GB,pass,unknown,industry unknown
Andrew,Fabrikant,Andrew Fabrikant,Owner,Fabrika,,linkedin.com/in/andrew-fabrikant-9b8b695,,C-Team,blitz,https://www.linkedin.com/company/fabrika,Advertising Services,US,US,pass,unknown,industry unknown
Andrew,Head,Andrew Head,Finance Director,Romeike,,linkedin.com/in/andrew-head-3108772,,Director,blitz,https://www.linkedin.com/company/romeike,Public Relations and Communications Services,GB,GB,pass,unknown,industry unknown
Andrew,Hudson,Andrew Hudson,Design Director and Partner,AHD.,,linkedin.com/in/andrew-hudson-design,,C-Team,blitz,https://www.linkedin.com/company/ahdltd,Advertising Services,GB,GB,pass,unknown,industry unknown
andrew,Lobo,andrew Lobo,VP of HR,"Sports America, Inc.",,linkedin.com/in/andrew-lobo-07413a2,,VP,blitz,https://www.linkedin.com/company/sports-america-inc.,Events Services,US,US,pass,unknown,industry unknown
Andrew,MacGill,Andrew MacGill,Owner,ASM Group,,linkedin.com/in/andrew-macgill-0102411,,C-Team,blitz,https://www.linkedin.com/company/asm-group,Advertising Services,US,US,pass,unknown,industry unknown
Andrew,Michaels,Andrew Michaels,Co-Founder,FF Advertising,,linkedin.com/in/andrew-michaels-83987913b,,C-Team,blitz,https://www.linkedin.com/company/ff-advertising,Advertising Services,US,US,pass,unknown,industry unknown
Andrew,Morgan,Andrew Morgan,Company Owner,ASM Group,,linkedin.com/in/andrew-morgan-993643158,,C-Team,blitz,https://www.linkedin.com/company/asm-group,Advertising Services,GB,US,pass,unknown,industry unknown
Andrew,Pennoni,Andrew Pennoni,President & CEO,Pennoni,pennoni.com,linkedin.com/in/andrew-pennoni-8b757418,,C-Team,blitz,https://www.linkedin.com/company/pennoni,Design Services,US,US,pass,unknown,industry unknown
Andrew,Wong,Andrew Wong,President,Google Advertising For Any Budget,,linkedin.com/in/andrew-wong-bb93bb14a,,C-Team,blitz,https://www.linkedin.com/company/ppc-for-small-business,Advertising Services,NL,US,pass,unknown,industry unknown
Andrew,Sanitate,Andrew Sanitate,Managing Director of Creative Services,Heritage Werks,heritagewerks.com,linkedin.com/in/andrewsanitate,,C-Team,blitz,https://www.linkedin.com/company/heritage-werks,Advertising Services,US,US,pass,unknown,industry unknown
Andria,Silva,Andria Silva,"Director, Marketing Services",KHJ,,linkedin.com/in/andria-silva-4b73831,,Director,blitz,https://www.linkedin.com/company/khj,Advertising Services,US,US,pass,unknown,industry unknown
Andrzej,Magdziak,Andrzej Magdziak,Managing Director,News Outdoor Russia,,linkedin.com/in/andrzej-magdziak-9aa6711,,C-Team,blitz,https://www.linkedin.com/company/news-outdoor-russia,Advertising Services,PL,PL,pass,unknown,industry unknown
André,Palmeiro,André Palmeiro,Multimedia Director,Brandia,,linkedin.com/in/andré-palmeiro-878a13,,Director,blitz,https://www.linkedin.com/company/brandia,Advertising Services,PT,PT,pass,unknown,industry unknown
Andrés,Kobelt,Andrés Kobelt,Head of Customer Operations,DialogWorld AG,dialogworld.ch,linkedin.com/in/andrés-kobelt-aa2990186,,Director,blitz,https://www.linkedin.com/company/dialogworld,,CH,CH,pass,unknown,industry unknown
Andy,Bundock,Andy Bundock,Senior Designer/Art director,Joshua,,linkedin.com/in/andy-bundock-b65b571,,Director,blitz,https://www.linkedin.com/company/joshua,Advertising Services,GB,GB,pass,unknown,industry unknown
Andy,Chadbourne,Andy Chadbourne,Fractional Marketing Director / CMO,The Marketing Centre,themarketingcentre.com,linkedin.com/in/andy-chadbourne,,C-Team,blitz,https://www.linkedin.com/company/the-marketing-centre,,GB,GB,pass,unknown,industry unknown
Andy,Chapin,Andy Chapin,owner,ANDY,,linkedin.com/in/andy-chapin-a1956092,,C-Team,blitz,https://www.linkedin.com/company/andy,Advertising Services,US,US,pass,unknown,industry unknown
Andy,Cutler,Andy Cutler,Chief Strategy Officer,BeNOW,,linkedin.com/in/andy-cutler-01180b,,C-Team,blitz,https://www.linkedin.com/company/benow,Advertising Services,US,US,pass,unknown,industry unknown
Andy,Margolis,Andy Margolis,President,Profit-Tell International,,linkedin.com/in/andy-margolis-9720081,,C-Team,blitz,https://www.linkedin.com/company/profit-tell-international,Advertising Services,US,US,pass,unknown,industry unknown
Andy,Robinson,Andy Robinson,Client director,Identex,,linkedin.com/in/andy-robinson-90544a,,Director,blitz,https://www.linkedin.com/company/identex,Advertising Services,GB,GB,pass,unknown,industry unknown
Andy,Gruhin,Andy Gruhin,Director of Heritage Werks Music,Heritage Werks,heritagewerks.com,linkedin.com/in/andygruhin,,Director,blitz,https://www.linkedin.com/company/heritage-werks,Advertising Services,US,US,pass,unknown,industry unknown
Andrew,Pass,Andrew Pass,Fractional CMO + Marketing Director,The Marketing Centre,themarketingcentre.com,linkedin.com/in/andypass,,C-Team,blitz,https://www.linkedin.com/company/the-marketing-centre,,GB,GB,pass,unknown,industry unknown
Angela,Fernandez,Angela Fernandez,Head of Market Research,Prime Participant,,linkedin.com/in/angela-fernandez-11a752228,,Director,blitz,https://www.linkedin.com/company/prime-participant,Market Research,US,US,pass,unknown,industry unknown
Angela,Gamba,Angela Gamba,Director of Public Relations,aQuantive,,linkedin.com/in/angela-gamba-a613b21,,Director,blitz,https://www.linkedin.com/company/aquantive,Advertising Services,US,US,pass,unknown,industry unknown
Angela,Hatton,Angela Hatton,Owner,Click Tactics,,linkedin.com/in/angela-hatton-587a95,,C-Team,blitz,https://www.linkedin.com/company/click-tactics,Advertising Services,GB,US,pass,unknown,industry unknown
Angela,Math,Angela Math,Assoc. Creative Director,Warren Industries,,linkedin.com/in/angela-math-617b39,,Director,blitz,https://www.linkedin.com/company/warren-industries,Graphic Design,US,US,pass,unknown,industry unknown
Angela,Stevens,Angela Stevens,Executive Director,Vaniam Group,vaniamgroup.com,linkedin.com/in/angela-stevens-7023a036,,Director,blitz,https://www.linkedin.com/company/vaniam-group,Advertising Services,US,US,pass,unknown,industry unknown
Angela,"Hunter, MPH, MBA","Angela Hunter, MPH, MBA","Senior Director, Client Services",Vaniam Group,vaniamgroup.com,linkedin.com/in/angelanhunter,,Director,blitz,https://www.linkedin.com/company/vaniam-group,Advertising Services,US,US,pass,unknown,industry unknown
Angela,Sansone,Angela Sansone,Co-Owner/Office Manager,Mosaic Designs,,linkedin.com/in/angelasansoneparalegal,,C-Team,blitz,https://www.linkedin.com/company/mosaic-designs,Design,US,US,pass,unknown,industry unknown
Angele Aparicio,Pizzitola,Angele Aparicio Pizzitola,Chief Operating Officer,DM Marketing,,linkedin.com/in/angele-aparicio-pizzitola-17538a3b,,C-Team,blitz,https://www.linkedin.com/company/dm-marketing,Advertising Services,US,US,pass,unknown,industry unknown
Angelica,Aganon,Angelica Aganon,Chief Executive Officer,Manna Enterprises,,linkedin.com/in/angelica-aganon-88b4662b0,,C-Team,blitz,https://www.linkedin.com/company/manna-enterprises,Events Services,US,US,pass,unknown,industry unknown
Angelica,Hoskins,Angelica Hoskins,Owner of Goodsology,I wish I was Redbubble!,,linkedin.com/in/angelicahoskins,,C-Team,blitz,https://www.linkedin.com/company/notrb,Design Services,US,US,pass,unknown,industry unknown
angie,holmes,angie holmes,president,Flowers & Partners,,linkedin.com/in/angie-holmes-82006112,,C-Team,blitz,https://www.linkedin.com/company/flowers-&-partners,Advertising Services,US,US,pass,unknown,industry unknown
Angie,Lawless,Angie Lawless,"Director, Insurance Services","RQA, Inc.",rqa-inc.com,linkedin.com/in/angie-lawless-11a7b711,,Director,blitz,https://www.linkedin.com/company/rqa-inc.,Market Research,US,US,pass,unknown,industry unknown
Anie,George,Anie George,Business Owner,Angel Enterprises,,linkedin.com/in/anie-george-2189064b,,C-Team,blitz,https://www.linkedin.com/company/angel-enterprises,Public Relations and Communications Services,US,US,pass,unknown,industry unknown
Anise,Akhtar,Anise Akhtar,Client Care Director,PHMG,phmg.com,linkedin.com/in/anise-akhtar-475976270,,Director,blitz,https://www.linkedin.com/company/phmg,Advertising Services,GB,GB,pass,unknown,industry unknown
Anita,Green,Anita Green,Owner,Nina By Design,,linkedin.com/in/anita-green-7857592,,C-Team,blitz,https://www.linkedin.com/company/nina-by-design,Graphic Design,US,US,pass,unknown,industry unknown
Anita,Hafenrichter,Anita Hafenrichter,Managing Director,Concept Media,,linkedin.com/in/anita-hafenrichter-236ba32,,C-Team,blitz,https://www.linkedin.com/company/concept-media,Advertising Services,DE,US,pass,unknown,industry unknown
Anita,Papa,Anita Papa,Business Owner,CLASSY CLEANERS,,linkedin.com/in/anita-papa-016287106,,C-Team,blitz,https://www.linkedin.com/company/classy-cleaners,Design Services,US,US,pass,unknown,industry unknown
Anita,Santiago,Anita Santiago,Owner,Anita Santiago Advertising,,linkedin.com/in/anita-santiago-056161,,C-Team,blitz,https://www.linkedin.com/company/anita-santiago-advertising,Advertising Services,US,US,pass,unknown,industry unknown
Anita,Schreiber,Anita Schreiber,Etat Director,röffen GmbH,,linkedin.com/in/anita-schreiber-b25875178,,Director,blitz,https://www.linkedin.com/company/r%c3%b6ffen-gmbh,Marketing Services,DE,DE,pass,unknown,industry unknown
Anjil,Hash,Anjil Hash,Vice President of Signature Events,Fraternity and Sorority Life,,linkedin.com/in/anjilhash,,VP,blitz,https://www.linkedin.com/company/fraternity-and-sorority-life,Graphic Design,US,US,pass,unknown,industry unknown
Ankit,Poudel,Ankit Poudel,Founder,360 Funnels,,linkedin.com/in/ankitpoudel,,C-Team,blitz,https://www.linkedin.com/company/360-funnels,Marketing Services,US,US,pass,unknown,industry unknown
Ann,Kestens,Ann Kestens,client service director,All That Jazz,,linkedin.com/in/ann-kestens-94820a3,,Director,blitz,https://www.linkedin.com/company/all-that-jazz,Advertising Services,BE,US,pass,unknown,industry unknown
Ann,N,Ann N,Director,Ass  of National Advertising members,,linkedin.com/in/ann-n-39879640,,Director,blitz,https://www.linkedin.com/company/ass-of-national-advertising-members,Advertising Services,US,US,pass,unknown,industry unknown
Ann,Peebles,Ann Peebles,Regional Director,chemistri,,linkedin.com/in/ann-peebles-61a1941,,Director,blitz,https://www.linkedin.com/company/chemistri,Advertising Services,US,US,pass,unknown,industry unknown
Ann,Wiessner,Ann Wiessner,VP/Account Director,Kerker,,linkedin.com/in/ann-wiessner-4506b56,,VP,blitz,https://www.linkedin.com/company/kerker,Advertising Services,US,US,pass,unknown,industry unknown
Anna,Diezma,Anna Diezma,Director de proyecto,Empresa de Marketing Digital Impactando personas .Sl,,linkedin.com/in/anna-diezma-676959281,,Director,blitz,https://www.linkedin.com/company/empresa-de-marketing-digital-impactando-personas-sl,Marketing Services,ES,ES,pass,unknown,industry unknown
Anna,Dilphy,Anna Dilphy,Account director EMEA,aQuantive,,linkedin.com/in/anna-dilphy-aa2a033,,Director,blitz,https://www.linkedin.com/company/aquantive,Advertising Services,GB,US,pass,unknown,industry unknown
Anna,Hewett,Anna Hewett,Owner,Over the Rainbow,,linkedin.com/in/anna-hewett-76253789,,C-Team,blitz,https://www.linkedin.com/company/over-the-rainbow,Graphic Design,US,FR,pass,unknown,industry unknown
Anna,Kennedy,Anna Kennedy,Account Director,Diffiniti,,linkedin.com/in/anna-kennedy-2a22941,,Director,blitz,https://www.linkedin.com/company/diffiniti,Advertising Services,GB,GB,pass,unknown,industry unknown
Anna,Lavygina,Anna Lavygina,Head of Data Engineering,PHMG,phmg.com,linkedin.com/in/anna-lavygina-7179b853,,Director,blitz,https://www.linkedin.com/company/phmg,Advertising Services,GB,GB,pass,unknown,industry unknown
Anna,P Diezma,Anna P Diezma,Director de marketing digital,Empresa de Marketing Digital Impactando personas .Sl,,linkedin.com/in/anna-p-diezma-8a5282294,,Director,blitz,https://www.linkedin.com/company/empresa-de-marketing-digital-impactando-personas-sl,Marketing Services,ES,ES,pass,unknown,industry unknown
Anna,Płuska,Anna Płuska,Financial Director,IQS and QUANT Group,,linkedin.com/in/anna-płuska-0008262,,Director,blitz,https://www.linkedin.com/company/iqs-and-quant-group,Market Research,PL,PL,pass,unknown,industry unknown
Anna,Łopuszańska,Anna Łopuszańska,Dyrektor Handlowy,DNA Marketing,,linkedin.com/in/anna-łopuszańska-27b76076,,Director,blitz,https://www.linkedin.com/company/team-ignition-pancultural-marketing,Advertising Services,PL,US,pass,unknown,industry unknown
Anna Maria,Stawiska,Anna Maria Stawiska,Business Unit Director,IQS and QUANT Group,,linkedin.com/in/annamariastawiska,,Director,blitz,https://www.linkedin.com/company/iqs-and-quant-group,Market Research,PL,PL,pass,unknown,industry unknown
Anne-Christine,Fossati,Anne-Christine Fossati,Director of parternship and Public relations,Interdeco,,linkedin.com/in/anne-christine-fossati-92b51b,,Director,blitz,https://www.linkedin.com/company/interdeco,Advertising Services,FR,FR,pass,unknown,industry unknown
Anne,Gobron,Anne Gobron,Entrepreneur,Self Employed Entrepreneur,,linkedin.com/in/anne-gobron-a99231171,,C-Team,blitz,https://www.linkedin.com/company/morozov-oleg-design,Design Services,US,UA,pass,unknown,industry unknown
Anne,L'Hoste,Anne L'Hoste,Directeur artistique indépendant,Moi-meme,,linkedin.com/in/anne-l-hoste-6bb6a1264,,Director,blitz,https://www.linkedin.com/company/moi-meme,Graphic Design,FR,FR,pass,unknown,industry unknown
Anne Mette,Møller,Anne Mette Møller,art director,ncom,,linkedin.com/in/anne-mette-møller-b8ba03,,Director,blitz,https://www.linkedin.com/company/ncom,Advertising Services,DK,DK,pass,unknown,industry unknown
Anne-Roos,Hassing,Anne-Roos Hassing,Product Director (a.i.),Deployteq,deployteq.com,linkedin.com/in/anne-roos-hassing-2514214,,Director,blitz,https://www.linkedin.com/company/deployteq,,NL,NL,pass,unknown,industry unknown
Anne,Loriot,Anne Loriot,Image & Communication Consultant / Creative Director,Various Companies,,linkedin.com/in/anneloriot,,Director,blitz,https://www.linkedin.com/company/many-various-companies,Design Services,FR,US,pass,unknown,industry unknown
Annemiek,Verhagen,Annemiek Verhagen,Owner,TAPPS,,linkedin.com/in/annemiek-verhagen-8273a1,,C-Team,blitz,https://www.linkedin.com/company/tapps,Advertising Services,NL,NL,pass,unknown,industry unknown
Annette,Morin,Annette Morin,Senior Art Director,miller.whiterunkle,,linkedin.com/in/annette-morin-1156283,,Director,blitz,https://www.linkedin.com/company/miller.whiterunkle,Advertising Services,US,US,pass,unknown,industry unknown
Annette,Morin,Annette Morin,art director,miller.whiterunkle,,linkedin.com/in/annette-morin-7b00691,,Director,blitz,https://www.linkedin.com/company/miller.whiterunkle,Advertising Services,US,US,pass,unknown,industry unknown
Ann,Hogge,Ann Hogge,Partner,"Southeast Media Consultants, Inc.",,linkedin.com/in/annhogge,,C-Team,blitz,https://www.linkedin.com/company/southeast-media-consultants-inc-,Advertising Services,US,US,pass,unknown,industry unknown
Annie,Anne,Annie Anne,Directeur,Moi-meme,,linkedin.com/in/annie-anne-83a439261,,Director,blitz,https://www.linkedin.com/company/moi-meme,Graphic Design,FR,FR,pass,unknown,industry unknown
Annita,Galanopoulou,Annita Galanopoulou,Account Director,Bold Ogilvy,,linkedin.com/in/annita-galanopoulou-a9579117,,Director,blitz,https://www.linkedin.com/company/bold-ogilvy,Advertising Services,GR,US,pass,unknown,industry unknown
Anoland,deLeón-Janke,Anoland deLeón-Janke,Director of Patient Strategy & Engagement,Vaniam Group,vaniamgroup.com,linkedin.com/in/anoland-deleon,,Director,blitz,https://www.linkedin.com/company/vaniam-group,Advertising Services,US,US,pass,unknown,industry unknown
Andrea,Salvati,Andrea Salvati,Board Member,CLASS PUBBLICITA  S.P.A. - O IN FORMA ABBREVIATA CLASSPI S.P.A.,,linkedin.com/in/ansalvati,,Director,blitz,https://www.linkedin.com/company/class-pubblicita-s.p.a.---o-in-forma-abbreviata-classpi-s.p.a.,Advertising Services,IT,IT,pass,unknown,industry unknown
Anssi,P.,Anssi P.,Co-Founder,Storywise Oy,,linkedin.com/in/anssipahtila,,C-Team,blitz,https://www.linkedin.com/company/storywiseoy,Marketing Services,FI,FI,pass,unknown,industry unknown
Anthony,Callahan,Anthony Callahan,Barbershop Owner,Mikes Barbershop,,linkedin.com/in/anthony-callahan-0063a0284,,C-Team,blitz,https://www.linkedin.com/company/mikes-barbershop,Design Services,US,US,pass,unknown,industry unknown
Anthony,Decker,Anthony Decker,Ceo,Hard Knock Life LLP,,linkedin.com/in/anthony-decker-67b69a140,,C-Team,blitz,https://www.linkedin.com/company/hard-knock-life-llp,Advertising Services,US,US,pass,unknown,industry unknown
Anthony,OLIVEIRA,Anthony OLIVEIRA,Directeur de projet,EBRA Médias Rhône-Alpes PACA,,linkedin.com/in/anthony-oliveira-86a08580,,Director,blitz,https://www.linkedin.com/company/ebra-medias-rhone-alpes-paca,Advertising Services,FR,FR,pass,unknown,industry unknown
Anthony,Quattrone,Anthony Quattrone,"Director, Public Affairs",The Edison Group,,linkedin.com/in/anthony-quattrone-69b45a9,,Director,blitz,https://www.linkedin.com/company/the-edison-group,Public Relations and Communications Services,US,US,pass,unknown,industry unknown
Anthony,Vitiello,Anthony Vitiello,VP of Sales,National Marketing Services,,linkedin.com/in/anthony-vitiello-57692012,,VP,blitz,https://www.linkedin.com/company/national-marketing-services,Advertising Services,US,US,pass,unknown,industry unknown
Antoine,Pêcheux,Antoine Pêcheux,Head of Product,Horizon Web Ltd,,linkedin.com/in/antoine-pêcheux-22541182,,Director,blitz,https://www.linkedin.com/company/horizon-web-ltd,Marketing Services,MT,US,pass,unknown,industry unknown
Antoine,Roger,Antoine Roger,Managing Director,M4,,linkedin.com/in/antoine-roger-87591a130,,C-Team,blitz,https://www.linkedin.com/company/m4,Advertising Services,ES,US,pass,unknown,industry unknown
antoine,bonodot,antoine bonodot,CEO & Chief Creative Officer,Publicis LaMaison,,linkedin.com/in/antoinebonodot,,C-Team,blitz,https://www.linkedin.com/company/publicis-lamaison,Advertising Services,FR,US,pass,unknown,industry unknown
Antoinette,Fox,Antoinette Fox,Co-owner,Primo,,linkedin.com/in/antoinette-fox-48462231,,C-Team,blitz,https://www.linkedin.com/company/primo,Design Services,US,US,pass,unknown,industry unknown
Antonella,Allori,Antonella Allori,Direttore tecnico scuole,EUTOURIST NEW S.R.L.,,linkedin.com/in/antonella-allori-339429318,,Director,blitz,https://www.linkedin.com/company/eutourist-new-s.r.l.,Events Services,IT,IT,pass,unknown,industry unknown
Antonia,Caudill,Antonia Caudill,Owner Blackrock Construction Consultants Inc.,Blackrock Consultants,,linkedin.com/in/antonia-caudill-777671213,,C-Team,blitz,https://www.linkedin.com/company/blackrock-consultants-inc,Advertising Services,US,US,pass,unknown,industry unknown
Antonio,Fazio,Antonio Fazio,Owner,baum,,linkedin.com/in/antonio-fazio-827251,,C-Team,blitz,https://www.linkedin.com/company/baum,Public Relations and Communications Services,IT,US,pass,unknown,industry unknown
antonio,habus,antonio habus,cro apartment,Apartments.com,apartments.com,linkedin.com/in/antonio-habus-83006235,,C-Team,blitz,https://www.linkedin.com/company/apartments-com,Advertising Services,HR,US,pass,unknown,industry unknown
Antony,Johnson,Antony Johnson,Director Sales Development and Effectiveness,Suzy,suzy.com,linkedin.com/in/antony-johnson-4907b2310,,Director,blitz,https://www.linkedin.com/company/asksuzy,Market Research,US,US,pass,unknown,industry unknown
Antony,Munyua,Antony Munyua,Country Director,The Steadman Group,,linkedin.com/in/antony-munyua-0374b03,,Director,blitz,https://www.linkedin.com/company/the-steadman-group,Advertising Services,US,US,pass,unknown,industry unknown
António,Cartier Pinto,António Cartier Pinto,Event Manager // Partner,MAVA,,linkedin.com/in/antónio-cartier-pinto-4a5649223,,C-Team,blitz,https://www.linkedin.com/company/grupomava,Events Services,PT,US,pass,unknown,industry unknown
Arancha,Cebrián Carretero,Arancha Cebrián Carretero,Directora de Servicios al Cliente en Ernest,Ernest,,linkedin.com/in/aranchacebrian,,Director,blitz,https://www.linkedin.com/company/holaernest,Advertising Services,ES,ES,pass,unknown,industry unknown
Archbishop Dr. James  R.,Rice,Archbishop Dr. James R. Rice,Chief Executive Officer,Socail Media Marketing,,linkedin.com/in/archbishop-dr-james-r-rice-77512433,,C-Team,blitz,https://www.linkedin.com/company/socail-media-marketing,Advertising Services,US,US,pass,unknown,industry unknown
Armando,De La Torre Jr.,Armando De La Torre Jr.,Owner / Operator,Guisados,,linkedin.com/in/armando-de-la-torre-jr-2a08b814,,C-Team,blitz,https://www.linkedin.com/company/guisados,Advertising Services,US,US,pass,unknown,industry unknown
Armando,Della Volpe,Armando Della Volpe,Chairman,TIMEER Digital Studio,timeer.it,linkedin.com/in/armando-della-volpe-670a97196,,C-Team,blitz,https://www.linkedin.com/company/timeer-digital-studio,,IT,IT,pass,unknown,industry unknown
Armando,Favilla,Armando Favilla,Director of Information Management,Retrieval Masters Creditors,,linkedin.com/in/armando-favilla-834a7a197,,Director,blitz,https://www.linkedin.com/company/retrieval-masters-creditors,Advertising Services,US,US,pass,unknown,industry unknown
Arnaud,G,Arnaud G,auto-entrepreneur,Moi-meme,,linkedin.com/in/arnaud-g-0818aa48,,C-Team,blitz,https://www.linkedin.com/company/moi-meme,Graphic Design,FR,FR,pass,unknown,industry unknown
Arnau,Grinyó,Arnau Grinyó,Founder,HAMLET Strategic Makers,,linkedin.com/in/arnaugrinyo,,C-Team,blitz,https://www.linkedin.com/company/hamlet-strategic-makers,Advertising Services,ES,ES,pass,unknown,industry unknown
Arnold,Wempe,Arnold Wempe,directeur,C.H.E.F.,,linkedin.com/in/arnold-wempe-56132a1a,,Director,blitz,https://www.linkedin.com/company/c.h.e.f.,Events Services,NL,NL,pass,unknown,industry unknown
Arran,Symonds,Arran Symonds,Founder,Step Social,stepsocial.co,linkedin.com/in/arransymonds,,C-Team,blitz,https://www.linkedin.com/company/stepsocialcom,Marketing Services,GB,US,pass,unknown,industry unknown
Arsenio,De Lisa,Arsenio De Lisa,Direttore operativo,SOLUZIONE SERVIZI S.R.L.,,linkedin.com/in/arsenio-de-lisa-82225b201,,Director,blitz,https://www.linkedin.com/company/soluzione-servizi-s.r.l.,Events Services,IT,IT,pass,unknown,industry unknown
Art,Barela,Art Barela,Creative Director,Display Concepts,,linkedin.com/in/art-barela-426b8b8,,Director,blitz,https://www.linkedin.com/company/display-concepts,Advertising Services,US,US,pass,unknown,industry unknown
Arthur,Byrne,Arthur Byrne,Finance Director,Diffiniti,,linkedin.com/in/arthur-byrne-63a0b38,,Director,blitz,https://www.linkedin.com/company/diffiniti,Advertising Services,IE,GB,pass,unknown,industry unknown
Asharaf,Hudda,Asharaf Hudda,Business Owner,Discount Smokes & Liquor,,linkedin.com/in/asharaf-hudda-352238204,,C-Team,blitz,https://www.linkedin.com/company/discount-smokes-&-liquor,Public Relations and Communications Services,US,US,pass,unknown,industry unknown
Ashley,Blum,Ashley Blum,"Director, Data Science",BPI Group,bpigroup.com,linkedin.com/in/ashley-blum-04332345,,Director,blitz,https://www.linkedin.com/company/bully-pulpit-international,Advertising Services,US,US,pass,unknown,industry unknown
Ashley,Reynolds,Ashley Reynolds,Vice President,Jukeboxx Media,,linkedin.com/in/ashley-reynolds-267661b8,,VP,blitz,https://www.linkedin.com/company/jukeboxx-media,Advertising Services,US,US,pass,unknown,industry unknown
Ashley,Skorusa,Ashley Skorusa,"Senior Director, Scientific Communications",Vaniam Group,vaniamgroup.com,linkedin.com/in/ashleybasiorka,,Director,blitz,https://www.linkedin.com/company/vaniam-group,Advertising Services,US,US,pass,unknown,industry unknown
Ashley,Buxton,Ashley Buxton,Managing Director,BPI Group,bpigroup.com,linkedin.com/in/ashleybuxton,,C-Team,blitz,https://www.linkedin.com/company/bully-pulpit-international,Advertising Services,US,US,pass,unknown,industry unknown
Ashley,Myers,Ashley Myers,Founder & Director,elevate.io,,linkedin.com/in/ashleytnbc,,C-Team,blitz,https://www.linkedin.com/company/elevate26,Marketing Services,GB,GB,pass,unknown,industry unknown
Ashly,"Pavlovsky, PhD","Ashly Pavlovsky, PhD","Director, Scientific Communications",Vaniam Group,vaniamgroup.com,linkedin.com/in/ashly-pavlovsky-phd-cmpp-55777880,,Director,blitz,https://www.linkedin.com/company/vaniam-group,Advertising Services,US,US,pass,unknown,industry unknown
Asianna Danielle,Junge,Asianna Danielle Junge,Founder & President,Rice Undergraduate Marketing Association (RUMA),,linkedin.com/in/asiannadaniellejunge,,C-Team,blitz,https://www.linkedin.com/company/riceundergraduatemarketingassociation,Marketing Services,US,US,pass,unknown,industry unknown
Astrid,Jansen,Astrid Jansen,Project Director,inc-21,,linkedin.com/in/astrid-jansen-231aba4,,Director,blitz,https://www.linkedin.com/company/inc-21,Advertising Services,NL,NL,pass,unknown,industry unknown
At,Media,At Media,Director,Atmedia Poland,,linkedin.com/in/at-media-9a984a2a,,Director,blitz,https://www.linkedin.com/company/at-media,Advertising Services,US,PL,pass,unknown,industry unknown
Audrey,Povar,Audrey Povar,Director Production & Original Content,Digital Media Management,digitalmediamanagement.com,linkedin.com/in/audrey-povar-13206ab,,Director,blitz,https://www.linkedin.com/company/digital-media-management,Advertising Services,US,US,pass,unknown,industry unknown
Austin,Higgins,Austin Higgins,creative director,AGI Solutions,,linkedin.com/in/austin-higgins-632b6210,,Director,blitz,https://www.linkedin.com/company/agi-solutions,Design Services,GB,GB,pass,unknown,industry unknown
,,,Shop Owner,I wish I was Redbubble!,,linkedin.com/in/austinzeli,,C-Team,blitz,https://www.linkedin.com/company/notrb,Design Services,US,US,pass,unknown,industry unknown
Autumn,Bruton,Autumn Bruton,Creative Director and Brand Consultant,Freelancer/Self-employed,,linkedin.com/in/autumnbcreative,,Director,blitz,https://www.linkedin.com/company/prfreelancer,Public Relations and Communications Services,US,FI,pass,unknown,industry unknown
AVS,Marketing,AVS Marketing,Company Owner,AVS Marketing,,linkedin.com/in/avs-marketing-0ab158276,,C-Team,blitz,https://www.linkedin.com/company/avsmarketing,Marketing Services,GB,US,pass,unknown,industry unknown
,,,MD,180 Degrees,,linkedin.com/in/axelohm,,C-Team,blitz,https://www.linkedin.com/company/180-degrees,Events Services,DE,US,pass,unknown,industry unknown
Ayo,Oluwole,Ayo Oluwole,Founder & CEO,11x,,linkedin.com/in/ayooluwole,,C-Team,blitz,https://www.linkedin.com/company/11x,Advertising Services,US,US,pass,unknown,industry unknown
B K,Parker,B K Parker,Executive Director | Creative,"""RMS"" Retail Marketing Solutions LLC",rmsfirm.com,linkedin.com/in/b-k-parker-3b0129221,,Director,blitz,https://www.linkedin.com/company/rms-retail-marketing-solutions-llc,Advertising Services,US,US,pass,unknown,industry unknown
Albert,Smit,Albert Smit,Managing Director,Milestone,,linkedin.com/in/b2bmarketingservices,,C-Team,blitz,https://www.linkedin.com/company/milestone_4,Advertising Services,NL,NL,pass,unknown,industry unknown
Baleigh,Coley,Baleigh Coley,Director of Project Management,Marketing Alliance Group,mktalliance.com,linkedin.com/in/baleigh-coley-3a625aa9,,Director,blitz,https://www.linkedin.com/company/marketing-alliance-group,Advertising Services,US,US,pass,unknown,industry unknown
Balma,Gras,Balma Gras,Creative Art Director,Ernest,,linkedin.com/in/balma-gras-abab51195,,Director,blitz,https://www.linkedin.com/company/holaernest,Advertising Services,ES,ES,pass,unknown,industry unknown
Monika,Baraket,Monika Baraket,Chief Delivery Officer,FMG Suite,fmgsuite.com,linkedin.com/in/baraket,,C-Team,blitz,https://www.linkedin.com/company/fmg-suite,Advertising Services,US,US,pass,unknown,industry unknown
Barbara A.,Mecchi-Knoll,Barbara A. Mecchi-Knoll,Owner,Resource Advantage,,linkedin.com/in/barbara-a-mecchi-knoll-1084608,,C-Team,blitz,https://www.linkedin.com/company/resource-advantage,Advertising Services,US,US,pass,unknown,industry unknown
Barbara,Angeli Radovani,Barbara Angeli Radovani,Director,PPGH JWT,,linkedin.com/in/barbara-angeli-radovani-66a180,,Director,blitz,https://www.linkedin.com/company/ppgh-jwt,Advertising Services,NL,NL,pass,unknown,industry unknown
Barbara,Bartoli,Barbara Bartoli,Consumer Insights Director,Synovate Censydiam,,linkedin.com/in/barbara-bartoli-4377a4,,Director,blitz,https://www.linkedin.com/company/synovate-censydiam,Market Research,IT,BE,pass,unknown,industry unknown
Barbara,Dash,Barbara Dash,Partner,Catalyst Consultants,,linkedin.com/in/barbara-dash-38437711,,C-Team,blitz,https://www.linkedin.com/company/catalyst-consultants,Advertising Services,US,US,pass,unknown,industry unknown
Barbara,Greg,Barbara Greg,Co-Owner,"Feedback Plus, Inc.",,linkedin.com/in/barbara-greg-792268b,,C-Team,blitz,https://www.linkedin.com/company/feedback-plus-inc.,Market Research,US,US,pass,unknown,industry unknown
Barbara,Noveau,Barbara Noveau,President,Novea,,linkedin.com/in/barbara-noveau-9062363,,C-Team,blitz,https://www.linkedin.com/company/novea,Advertising Services,US,US,pass,unknown,industry unknown
barbara,perchaluk,barbara perchaluk,Exec. VP,G&M,,linkedin.com/in/barbara-perchaluk-a75a8a4,,VP,blitz,https://www.linkedin.com/company/g&m,Advertising Services,US,US,pass,unknown,industry unknown
Barbara,Reilly,Barbara Reilly,Fractional CMO working with a variety of brands; President & CEO of The Ad Club of New England,various,,linkedin.com/in/barbara-reilly-389b686,,C-Team,blitz,https://www.linkedin.com/company/freelance-strategy,Advertising Services,US,US,pass,unknown,industry unknown
Barney,Morgan,Barney Morgan,Director,G&M,,linkedin.com/in/barney-morgan-4425ba6,,Director,blitz,https://www.linkedin.com/company/g&m,Advertising Services,GB,US,pass,unknown,industry unknown
Barry,Fabrikant,Barry Fabrikant,Director,Fabrika,,linkedin.com/in/barry-fabrikant-6619ba6,,Director,blitz,https://www.linkedin.com/company/fabrika,Advertising Services,US,US,pass,unknown,industry unknown
Barry,Ward,Barry Ward,Regional Account Director,chemistri,,linkedin.com/in/barry-ward-b781991,,Director,blitz,https://www.linkedin.com/company/chemistri,Advertising Services,US,US,pass,unknown,industry unknown
Bart,Paashuis,Bart Paashuis,research director,Dataview,,linkedin.com/in/bart-paashuis-0980b81,,Director,blitz,https://www.linkedin.com/company/dataview,Market Research,NL,NL,pass,unknown,industry unknown
Bart,Slomkowski,Bart Slomkowski,Creative Director,Tarantula,,linkedin.com/in/bart-slomkowski-1b1a4020,,Director,blitz,https://www.linkedin.com/company/tarantula,Advertising Services,US,GB,pass,unknown,industry unknown
Bart,Steenbeek,Bart Steenbeek,Owner,M Power,,linkedin.com/in/bart-steenbeek-8235a3,,C-Team,blitz,https://www.linkedin.com/company/m-power,Public Relations and Communications Services,NL,US,pass,unknown,industry unknown
Bartek,Pniewski,Bartek Pniewski,Owner,idea design,,linkedin.com/in/bartek-pniewski-a9b7181,,C-Team,blitz,https://www.linkedin.com/company/idea-design,Design Services,PL,US,pass,unknown,industry unknown
Be,Dum,Be Dum,CEO de moi même,Moi-meme,,linkedin.com/in/be-dum-254b061b4,,C-Team,blitz,https://www.linkedin.com/company/moi-meme,Graphic Design,FR,FR,pass,unknown,industry unknown
Be,Paul,Be Paul,CEO,Payday Leads USA,,linkedin.com/in/be-paul-75a166205,,C-Team,blitz,https://www.linkedin.com/company/payday-leads-r-us,Advertising Services,US,US,pass,unknown,industry unknown
beata,hudecova,beata hudecova,Creative Director,MW Promotion,,linkedin.com/in/beata-hudecova-a4698a150,,Director,blitz,https://www.linkedin.com/company/mw-promotion,Advertising Services,SK,SK,pass,unknown,industry unknown
Beate,Klunn,Beate Klunn,Director,KGB Advertising,,linkedin.com/in/beate-klunn-21a886b,,Director,blitz,https://www.linkedin.com/company/kgb-advertising,Advertising Services,US,US,pass,unknown,industry unknown
Beatriz,Ramos Ponferrada,Beatriz Ramos Ponferrada,Head of CTV,Pulsa Media,,linkedin.com/in/beatriz-ramos-ponferrada-33b1421b,,Director,blitz,https://www.linkedin.com/company/pulsa-media-consulting,Advertising Services,ES,ES,pass,unknown,industry unknown
Becke,Freitas,Becke Freitas,VP,Project Design,,linkedin.com/in/becke-freitas-58954714,,VP,blitz,https://www.linkedin.com/company/project-design,Graphic Design,US,US,pass,unknown,industry unknown
Becky,Maguire,Becky Maguire,Regional Nursing Director,Pat Curtis Communications Consulting,,linkedin.com/in/becky-maguire-243b5889,,Director,blitz,https://www.linkedin.com/company/pat-curtis-communications-consulting,Public Relations and Communications Services,US,US,pass,unknown,industry unknown
Becky,Manville,Becky Manville,Marketing Director,The Marketing Centre,themarketingcentre.com,linkedin.com/in/becky-manville,,Director,blitz,https://www.linkedin.com/company/the-marketing-centre,Advertising Services,GB,GB,pass,unknown,industry unknown
Becky,Norman,Becky Norman,Managing Director,Big Table Marketing Co.,,linkedin.com/in/becky-norman-4427151b7,,C-Team,blitz,https://www.linkedin.com/company/bigtablemarketing,Marketing Services,GB,US,pass,unknown,industry unknown
Becky,Petrey,Becky Petrey,director,Kairos Academy,,linkedin.com/in/becky-petrey-09650b123,,Director,blitz,https://www.linkedin.com/company/kairos-academy,Public Relations and Communications Services,US,US,pass,unknown,industry unknown
Becky,Stamey,Becky Stamey,Owner,Next Day Signs,,linkedin.com/in/becky-stamey-95aa9218,,C-Team,blitz,https://www.linkedin.com/company/next-day-signs,Advertising Services,US,US,pass,unknown,industry unknown
Becky,Stanley,Becky Stanley,Director of Marketing Communications,Conferon,,linkedin.com/in/becky-stanley-5057841,,Director,blitz,https://www.linkedin.com/company/conferon,Events Services,US,US,pass,unknown,industry unknown
Ben,Bennett,Ben Bennett,ceo,Extreme Vehicle Concepts,,linkedin.com/in/ben-bennett-a7681b38,,C-Team,blitz,https://www.linkedin.com/company/extreme-vehicle-concepts,Design Services,US,US,pass,unknown,industry unknown
Ben,Carter,Ben Carter,Client Service Director,PHMG,phmg.com,linkedin.com/in/ben-carter-893605132,,Director,blitz,https://www.linkedin.com/company/phmg,Advertising Services,GB,GB,pass,unknown,industry unknown
Ben,LaBolt,Ben LaBolt,President,BPI Group,bpigroup.com,linkedin.com/in/ben-labolt-52b52969,,C-Team,blitz,https://www.linkedin.com/company/bully-pulpit-international,Advertising Services,US,US,pass,unknown,industry unknown
Ben,Mazur,Ben Mazur,Managing Director,Ignitec,ignitec.com,linkedin.com/in/ben-mazur-6ab95323,,C-Team,blitz,https://www.linkedin.com/company/ignitec,,GB,GB,pass,unknown,industry unknown
Ben,"Seto, MBA","Ben Seto, MBA",Chief Financial Officer,BPI Group,bpigroup.com,linkedin.com/in/ben-seto-mba-finance-executive,,C-Team,blitz,https://www.linkedin.com/company/bully-pulpit-international,Advertising Services,US,US,pass,unknown,industry unknown
Benjamin,Clark,Benjamin Clark,Partner,BPI Group,bpigroup.com,linkedin.com/in/bencoffeyclark,,C-Team,blitz,https://www.linkedin.com/company/bully-pulpit-international,Advertising Services,US,US,pass,unknown,industry unknown
Ben,Eshet,Ben Eshet,"Video Director, Partner",Moburst - Growth Done Right,moburst.com,linkedin.com/in/beneshet,,C-Team,blitz,https://www.linkedin.com/company/moburst,Advertising Services,US,US,pass,unknown,industry unknown
Benjamin,Vagnard,Benjamin Vagnard,Directeur du Développement,Arsenic,,linkedin.com/in/benjamin-vagnard-4749651,,Director,blitz,https://www.linkedin.com/company/arsenic,Advertising Services,FR,FR,pass,unknown,industry unknown
Ben,Backus,Ben Backus,Director of Music and Voice (North America),PHMG,phmg.com,linkedin.com/in/benjaminbackus,,Director,blitz,https://www.linkedin.com/company/phmg,Advertising Services,US,GB,pass,unknown,industry unknown
Benjamin,Salton,Benjamin Salton,"Director, Platform & Digital Strategy",Digital Media Management,digitalmediamanagement.com,linkedin.com/in/benjaminsalton,,Director,blitz,https://www.linkedin.com/company/digital-media-management,Advertising Services,US,US,pass,unknown,industry unknown
Benjamin,Treftz,Benjamin Treftz,President and CEO,The Ritter Company Inc.,,linkedin.com/in/benjamintreftz,,C-Team,blitz,https://www.linkedin.com/company/the-ritter-company,Advertising Services,US,US,pass,unknown,industry unknown
Bennett,Blake,Bennett Blake,Director of Account Management,Suzy,suzy.com,linkedin.com/in/bennett-blake-7a72b21b,,Director,blitz,https://www.linkedin.com/company/asksuzy,Market Research,US,US,pass,unknown,industry unknown
Benoit,Roy,Benoit Roy,directeur des événements et de projet,Sportys,,linkedin.com/in/benoit-roy-2b820a35,,Director,blitz,https://www.linkedin.com/company/sportys,Advertising Services,FR,FR,pass,unknown,industry unknown
Bernard,Ehrwein,Bernard Ehrwein,Owner,Euroteam,,linkedin.com/in/bernard-ehrwein-8921974,,C-Team,blitz,https://www.linkedin.com/company/euroteam,Public Relations and Communications Services,FR,NO,pass,unknown,industry unknown
Bernat,Sanromà,Bernat Sanromà,Director creativo,HAMLET Strategic Makers,,linkedin.com/in/bernatsanroma,,Director,blitz,https://www.linkedin.com/company/hamlet-strategic-makers,Advertising Services,ES,ES,pass,unknown,industry unknown
Bernd,Leske,Bernd Leske,Geschäftsführer,die schrittmacher GmbH & Co. KG,dieschrittmacher.de,linkedin.com/in/bernd-leske-952392a2,,C-Team,blitz,https://www.linkedin.com/company/die-schrittmacher,,DE,DE,pass,unknown,industry unknown
Bernice,Cangialosi,Bernice Cangialosi,Childcare Director,Highpoint Sports & Wellness,,linkedin.com/in/bernice-cangialosi-0ab49713b,,Director,blitz,https://www.linkedin.com/company/highpoint-sports-&-wellness,Public Relations and Communications Services,US,US,pass,unknown,industry unknown
Berta,Antón,Berta Antón,Creative Director,HAMLET Strategic Makers,,linkedin.com/in/bertaanton,,Director,blitz,https://www.linkedin.com/company/hamlet-strategic-makers,Advertising Services,ES,ES,pass,unknown,industry unknown
Beth,Cooper,Beth Cooper,Marketing Director,The Marketing Centre,themarketingcentre.com,linkedin.com/in/beth-cooper-39a4492b0,,Director,blitz,https://www.linkedin.com/company/the-marketing-centre,Advertising Services,GB,GB,pass,unknown,industry unknown
Beth,Paczolt,Beth Paczolt,Group Medical Director,Interlink Healthcare Communications,,linkedin.com/in/beth-paczolt-18ba677,,Director,blitz,https://www.linkedin.com/company/interlink-healthcare-communications,Advertising Services,US,US,pass,unknown,industry unknown
Bethany,Schwab,Bethany Schwab,"Senior Director, People Operations",Vaniam Group,vaniamgroup.com,linkedin.com/in/bethany-schwab-14610a2,,Director,blitz,https://www.linkedin.com/company/vaniam-group,Advertising Services,US,US,pass,unknown,industry unknown
Betsey,"Flood, MBA","Betsey Flood, MBA",Founder,Luminosity,,linkedin.com/in/betseyflood,,C-Team,blitz,https://www.linkedin.com/company/luminosity,Graphic Design,US,US,pass,unknown,industry unknown
Betsy,J.,Betsy J.,Managing Director | Creative,BPI Group,bpigroup.com,linkedin.com/in/betsyjemas,,C-Team,blitz,https://www.linkedin.com/company/bully-pulpit-international,Advertising Services,US,US,pass,unknown,industry unknown
BETTSE,BIRNBAUM,BETTSE BIRNBAUM,Owner,All That Jazz,,linkedin.com/in/bettse-birnbaum-549b555,,C-Team,blitz,https://www.linkedin.com/company/all-that-jazz,Advertising Services,US,US,pass,unknown,industry unknown
Betty Anne,Cooper,Betty Anne Cooper,Senior Vice President,MRM Gillespie,,linkedin.com/in/betty-anne-cooper-2884912,,VP,blitz,https://www.linkedin.com/company/mrm-gillespie,Advertising Services,US,US,pass,unknown,industry unknown
Betty,Bacall,Betty Bacall,Owner,Purls,,linkedin.com/in/betty-bacall-252837113,,C-Team,blitz,https://www.linkedin.com/company/purls,Graphic Design,US,US,pass,unknown,industry unknown
Beverly,Moore,Beverly Moore,Owner,Moore Interiors,,linkedin.com/in/beverly-moore-14b70a126,,C-Team,blitz,https://www.linkedin.com/company/moore-interiors,Advertising Services,US,US,pass,unknown,industry unknown
biagio,carrano,biagio carrano,director,Bonaparte 48,,linkedin.com/in/biagio-carrano-899141,,Director,blitz,https://www.linkedin.com/company/bonaparte-48,Public Relations and Communications Services,IT,US,pass,unknown,industry unknown
Bianca,Strataki,Bianca Strataki,art director,UpSet!,,linkedin.com/in/bianca-strataki-a8ab412,,Director,blitz,https://www.linkedin.com/company/upset,Advertising Services,GR,US,pass,unknown,industry unknown
biggie,smaller,biggie smaller,creative director,Gratis Internet,,linkedin.com/in/biggie-smaller-0913105,,Director,blitz,https://www.linkedin.com/company/gratis-internet,Advertising Services,US,US,pass,unknown,industry unknown
Bill,Berry,Bill Berry,Director of Client Relations,Boston Communications,,linkedin.com/in/bill-berry-692b363,,Director,blitz,https://www.linkedin.com/company/bostoncommunications,Advertising Services,US,US,pass,unknown,industry unknown
Bill,Carino,Bill Carino,Sr. Director,CPC Associates,,linkedin.com/in/bill-carino-a45a181,,Director,blitz,https://www.linkedin.com/company/cpc-associates,Advertising Services,US,US,pass,unknown,industry unknown
Bill,Dorminy,Bill Dorminy,Founder CEO- Goldfingers,McCormick Creative Group,,linkedin.com/in/bill-dorminy-97a94220,,C-Team,blitz,https://www.linkedin.com/company/mccormick-creative-group,Advertising Services,US,US,pass,unknown,industry unknown
Bill,Kruger,Bill Kruger,Owner,Interactive Marketing Group,,linkedin.com/in/bill-kruger-aa19a21,,C-Team,blitz,https://www.linkedin.com/company/interactive-marketing-group,Advertising Services,US,US,pass,unknown,industry unknown
Bill,Marks,Bill Marks,President,Leading Edge Marketing Llc,,linkedin.com/in/bill-marks-8bb76115,,C-Team,blitz,https://www.linkedin.com/company/leading-edge-marketing-llc,Advertising Services,US,US,pass,unknown,industry unknown
Bill,Monet,Bill Monet,President,Corporate Impressions,,linkedin.com/in/bill-monet-b503524,,C-Team,blitz,https://www.linkedin.com/company/corporate-impressions,Advertising Services,US,US,pass,unknown,industry unknown
Bill,Orr,Bill Orr,Managing Director,Manning Selvage and Lee,,linkedin.com/in/bill-orr-51169ab,,C-Team,blitz,https://www.linkedin.com/company/manning-selvage-and-lee,Public Relations and Communications Services,US,US,pass,unknown,industry unknown
Bill,Peters,Bill Peters,Director of Business Devlopment,Business Partner,,linkedin.com/in/bill-peters-74502813,,Director,blitz,https://www.linkedin.com/company/business-partner,Advertising Services,US,US,pass,unknown,industry unknown
Bill,Peters,Bill Peters,Director of Business Development,Business Partner,,linkedin.com/in/bill-peters-9a4b90,,Director,blitz,https://www.linkedin.com/company/business-partner,Advertising Services,US,US,pass,unknown,industry unknown
Bill,Smith,Bill Smith,executive creative director,Exentric Thinking,,linkedin.com/in/bill-smith-159487,,Director,blitz,https://www.linkedin.com/company/exentric-thinking,Advertising Services,GB,GB,pass,unknown,industry unknown
Bill,Steel,Bill Steel,Sr. Vice President,Analytic Innovations,,linkedin.com/in/bill-steel-938106,,VP,blitz,https://www.linkedin.com/company/analytic-innovations,Advertising Services,US,US,pass,unknown,industry unknown
Bill,Wernick,Bill Wernick,COO,Collaborations,,linkedin.com/in/bill-wernick-3863aa6,,C-Team,blitz,https://www.linkedin.com/company/collaborations,Advertising Services,US,US,pass,unknown,industry unknown
Billy,Autry,Billy Autry,Owner,"Serenity Funeral Home & Cremation Center, LLC",,linkedin.com/in/billy-autry-0b858779,,C-Team,blitz,https://www.linkedin.com/company/serenity-funeral-home-&-cremation-center-llc,Events Services,US,US,pass,unknown,industry unknown
Bischofberger,Martina,Bischofberger Martina,CDO und Mitglied der Geschäftsleitung,DialogWorld AG,dialogworld.ch,linkedin.com/in/bischofberger-martina-562573149,,C-Team,blitz,https://www.linkedin.com/company/dialogworld,,CH,CH,pass,unknown,industry unknown
Bistrot,Olivier,Bistrot Olivier,Directeur,Moi-meme,,linkedin.com/in/bistrot-olivier-248188328,,Director,blitz,https://www.linkedin.com/company/moi-meme,Graphic Design,FR,FR,pass,unknown,industry unknown
Bjarne,Pedersen,Bjarne Pedersen,CEO,SignF,,linkedin.com/in/bjarne-pedersen-57b51a3,,C-Team,blitz,https://www.linkedin.com/company/signf,Graphic Design,DK,DK,pass,unknown,industry unknown
Bjoern Hove,Jensen,Bjoern Hove Jensen,Partner,Public Affairs Group,,linkedin.com/in/bjoern-hove-jensen-3112452,,C-Team,blitz,https://www.linkedin.com/company/public-affairs-group,Public Relations and Communications Services,DK,US,pass,unknown,industry unknown
Blair,McKibbon,Blair McKibbon,Director of IT,FMG Suite,fmgsuite.com,linkedin.com/in/blairmckibbon,,Director,blitz,https://www.linkedin.com/company/fmg-suite,Advertising Services,US,US,pass,unknown,industry unknown
Blake,Horgan,Blake Horgan,Commercial & Operations Director,Creative Live Limited,,linkedin.com/in/blake-horgan-39299377,,Director,blitz,https://www.linkedin.com/company/creative-live-limited,Events Services,GB,GB,pass,unknown,industry unknown
Blake,Shannon,Blake Shannon,Creative Director,STERLING COOPER DRAPER PRYCE LTD,,linkedin.com/in/blake-shannon-a79742129,,Director,blitz,https://www.linkedin.com/company/sterling-cooper-draper-pryce-ltd,Advertising Services,US,GB,pass,unknown,industry unknown
Bo,Christensen,Bo Christensen,"CEO, owner",Euroteam,,linkedin.com/in/bo-christensen-6482bb1,,C-Team,blitz,https://www.linkedin.com/company/euroteam,Public Relations and Communications Services,DK,NO,pass,unknown,industry unknown
Bob,A,Bob A,Director,PHMG,phmg.com,linkedin.com/in/bob-a-901887114,,Director,blitz,https://www.linkedin.com/company/phmg,Advertising Services,US,GB,pass,unknown,industry unknown
Bob,Abriola,Bob Abriola,VP Marketing Services,Trilegiant,,linkedin.com/in/bob-abriola-047ab1,,VP,blitz,https://www.linkedin.com/company/trilegiant,Advertising Services,US,US,pass,unknown,industry unknown
Bob,Bann,Bob Bann,Director,Rhombus,,linkedin.com/in/bob-bann-9715542,,Director,blitz,https://www.linkedin.com/company/rhombus,Advertising Services,GB,US,pass,unknown,industry unknown
Bob,"Bevins, PE, PMP, F.SAME","Bob Bevins, PE, PMP, F.SAME",Director of Federal Programs,Pennoni,pennoni.com,linkedin.com/in/bob-bevins-pe-pmp-f-same-72a6a08,,Director,blitz,https://www.linkedin.com/company/pennoni,Design Services,US,US,pass,unknown,industry unknown
Bob,Blincoe,Bob Blincoe,CEO,Frontiers Group,,linkedin.com/in/bob-blincoe-42100b5,,C-Team,blitz,https://www.linkedin.com/company/frontiers-group,Advertising Services,US,US,pass,unknown,industry unknown
Bob,Brumbaugh,Bob Brumbaugh,President,PROBIZ,,linkedin.com/in/bob-brumbaugh-408a715,,C-Team,blitz,https://www.linkedin.com/company/probiz,Advertising Services,US,US,pass,unknown,industry unknown
Bob,deBouver,Bob deBouver,"Vice President, Business Systems Integration",Trilegiant,,linkedin.com/in/bob-debouver-b71b0,,VP,blitz,https://www.linkedin.com/company/trilegiant,Advertising Services,US,US,pass,unknown,industry unknown
Bob,Drucker,Bob Drucker,Director Bus.Develoment,Tabs Direct,,linkedin.com/in/bob-drucker-a60b30b,,Director,blitz,https://www.linkedin.com/company/tabs-direct,Advertising Services,US,US,pass,unknown,industry unknown
Bob,Dylan,Bob Dylan,Partner in charge of Accounts or something lol,STERLING COOPER DRAPER PRYCE LTD,,linkedin.com/in/bob-dylan-5b8b19131,,C-Team,blitz,https://www.linkedin.com/company/sterling-cooper-draper-pryce-ltd,Advertising Services,US,GB,pass,unknown,industry unknown
bob,evens,bob evens,owner,Bob's Carefree Marketing,,linkedin.com/in/bob-evens-46263321,,C-Team,blitz,https://www.linkedin.com/company/bob's-carefree-marketing,Advertising Services,US,US,pass,unknown,industry unknown
Bob,Geoghan,Bob Geoghan,Owner,"Sports America, Inc.",,linkedin.com/in/bob-geoghan-8a68522,,C-Team,blitz,https://www.linkedin.com/company/sports-america-inc.,Events Services,US,US,pass,unknown,industry unknown
Bob- Grandpa,Batchelor,Bob- Grandpa Batchelor,CEO,Living in Color,,linkedin.com/in/bob-grandpa-batchelor-86a0b542,,C-Team,blitz,https://www.linkedin.com/company/living-in-color,Design Services,US,US,pass,unknown,industry unknown
Bob,Jasper,Bob Jasper,president,Marketing Horizons,,linkedin.com/in/bob-jasper-251b893,,C-Team,blitz,https://www.linkedin.com/company/marketing-horizons,Market Research,US,US,pass,unknown,industry unknown
Bob,Johnson,Bob Johnson,Co-Founder,Intelligent Beauty,,linkedin.com/in/bob-johnson-4ab9778,,C-Team,blitz,https://www.linkedin.com/company/intelligent-beauty,Advertising Services,US,US,pass,unknown,industry unknown
Bob,Kahle,Bob Kahle,Owner,Luminosity,,linkedin.com/in/bob-kahle-94b9803,,C-Team,blitz,https://www.linkedin.com/company/luminosity,Graphic Design,US,US,pass,unknown,industry unknown
Bob,Latimer,Bob Latimer,Head of Fulfilment,Broadsystem,,linkedin.com/in/bob-latimer-9143413,,Director,blitz,https://www.linkedin.com/company/broadsystem,Advertising Services,GB,GB,pass,unknown,industry unknown
Bob,Lockhart,Bob Lockhart,Owner,Lockhart Designs,,linkedin.com/in/bob-lockhart-89966baa,,C-Team,blitz,https://www.linkedin.com/company/lockhart-designs,Design Services,US,US,pass,unknown,industry unknown
Bob,Miller,Bob Miller,Owner,Miller Consulting Group,,linkedin.com/in/bob-miller-3b09955,,C-Team,blitz,https://www.linkedin.com/company/miller-consulting-group,Public Relations and Communications Services,US,US,pass,unknown,industry unknown
Bob,Nichols,Bob Nichols,PRESIDENT,Starstream Communications,,linkedin.com/in/bob-nichols-53824153,,C-Team,blitz,https://www.linkedin.com/company/starstream-communications,Advertising Services,US,US,pass,unknown,industry unknown
Bob,Pierro,Bob Pierro,President,Mega Graphics,,linkedin.com/in/bob-pierro-886a4448,,C-Team,blitz,https://www.linkedin.com/company/mega-graphics,Graphic Design,US,US,pass,unknown,industry unknown
Bob,Piorunski,Bob Piorunski,Owner,Designs of the Interior,,linkedin.com/in/bob-piorunski-3676995,,C-Team,blitz,https://www.linkedin.com/company/designs-of-the-interior,Design Services,US,US,pass,unknown,industry unknown
Bob,Priest-Heck,Bob Priest-Heck,CEO,MediaLive International,,linkedin.com/in/bob-priest-heck-a124a9,,C-Team,blitz,https://www.linkedin.com/company/medialive-international,Advertising Services,US,US,pass,unknown,industry unknown
Bob,Richter,Bob Richter,Owner,Richter Media,,linkedin.com/in/bob-richter-21b26,,C-Team,blitz,https://www.linkedin.com/company/richter-media,Public Relations and Communications Services,US,US,pass,unknown,industry unknown
Bobby,Brady,Bobby Brady,President,Brady Marketing Group,,linkedin.com/in/bobby-brady-66968283,,C-Team,blitz,https://www.linkedin.com/company/brady-marketing-group,Advertising Services,US,US,pass,unknown,industry unknown
Bobi,Seredich,Bobi Seredich,Owner,Equanimity,,linkedin.com/in/bobi-seredich-6171b21,,C-Team,blitz,https://www.linkedin.com/company/equanimity,Public Relations and Communications Services,US,US,pass,unknown,industry unknown
Bogdan,Matisan,Bogdan Matisan,Owner,B&C Consulting,,linkedin.com/in/bogdan-matisan-1685003,,C-Team,blitz,https://www.linkedin.com/company/b&c-consulting,Public Relations and Communications Services,RO,US,pass,unknown,industry unknown
Bojan,Andonovski,Bojan Andonovski,Founder And Director,Kreativa,,linkedin.com/in/bojan-andonovski-77638396,,C-Team,blitz,https://www.linkedin.com/company/kreativa,Advertising Services,MK,US,pass,unknown,industry unknown
Bonnie,C.,Bonnie C.,"Owner, Art Director, Designer",Adworks,,linkedin.com/in/bonnie-carter,,C-Team,blitz,https://www.linkedin.com/company/adworks,Advertising Services,US,US,pass,unknown,industry unknown
Bonnie,Surber,Bonnie Surber,Media Director,Roman BrandGroup,,linkedin.com/in/bonnie-surber-779581a,,Director,blitz,https://www.linkedin.com/company/roman-brandgroup,Advertising Services,US,US,pass,unknown,industry unknown
Edward,Rogers,Edward Rogers,CEO,Boost Contact Mobile SMS Text Messages Marketing and Adversiting,,linkedin.com/in/boostcontact,,C-Team,blitz,https://www.linkedin.com/company/boost-contact-mobile-sms-text-messages-marketing-and-adversiting,Advertising Services,US,US,pass,unknown,industry unknown
Boris,Giulian,Boris Giulian,owner,Absolute,,linkedin.com/in/boris-giulian-8b5aa418,,C-Team,blitz,https://www.linkedin.com/company/absolute,Design,US,GB,pass,unknown,industry unknown
Boris,Perić,Boris Perić,Head of PPC,Loft 19,,linkedin.com/in/boris-peric,,Director,blitz,https://www.linkedin.com/company/loft19,Marketing Services,RS,RS,pass,unknown,industry unknown
Pasquale,Borriello,Pasquale Borriello,CEO,Arkage,welcometothearkage.com,linkedin.com/in/borriello,,C-Team,blitz,https://www.linkedin.com/company/arkage,,IT,IT,pass,unknown,industry unknown
Bryan,Perez,Bryan Perez,Creative Director,Riverflow Media,,linkedin.com/in/bptx,,Director,blitz,https://www.linkedin.com/company/riverflow-media,Marketing Services,US,US,pass,unknown,industry unknown
Brad,Derusseau,Brad Derusseau,Owner,Access Cinema Scene,,linkedin.com/in/brad-derusseau-687bb4,,C-Team,blitz,https://www.linkedin.com/company/access-cinema-scene,Advertising Services,US,US,pass,unknown,industry unknown
Brad,Stewart,Brad Stewart,Owner,genesis advertising,,linkedin.com/in/brad-stewart-8a29003b,,C-Team,blitz,https://www.linkedin.com/company/genesis-advertising,Advertising Services,US,US,pass,unknown,industry unknown
Bradley,Powell,Bradley Powell,Owner,Daddy,,linkedin.com/in/bradley-powell-a1a407,,C-Team,blitz,https://www.linkedin.com/company/daddy,Advertising Services,US,SE,pass,unknown,industry unknown
Bradley,Akubuiro,Bradley Akubuiro,Partner | Head of Corporate Communications Practice,BPI Group,bpigroup.com,linkedin.com/in/bradleyakubuiro,,C-Team,blitz,https://www.linkedin.com/company/bully-pulpit-international,Advertising Services,US,US,pass,unknown,industry unknown
Brahim,boukhris,Brahim boukhris,Entrepreneur indépendant,Moi-meme,,linkedin.com/in/brahim-boukhris-700b27299,,C-Team,blitz,https://www.linkedin.com/company/moi-meme,Graphic Design,BE,FR,pass,unknown,industry unknown
Brandie,White,Brandie White,Executive Director,Display Concepts,,linkedin.com/in/brandie-white-40946913,,Director,blitz,https://www.linkedin.com/company/display-concepts,Advertising Services,US,US,pass,unknown,industry unknown
Brandon,Boggs,Brandon Boggs,owner,Bella Pizzeria,,linkedin.com/in/brandon-boggs-37a0a1103,,C-Team,blitz,https://www.linkedin.com/company/bella-pizzeria,Advertising Services,US,DE,pass,unknown,industry unknown
Brandon,"Brown, FCXP (CX-I)","Brandon Brown, FCXP (CX-I)",Vice President of Product Design,FMG Suite,fmgsuite.com,linkedin.com/in/brandon-brown-100,,VP,blitz,https://www.linkedin.com/company/fmg-suite,Advertising Services,US,US,pass,unknown,industry unknown
Brandon,Burnett,Brandon Burnett,Video Director/Editor,Nu America Agency,,linkedin.com/in/brandon-burnett-7b87b1,,Director,blitz,https://www.linkedin.com/company/nu-america-agency,Advertising Services,US,US,pass,unknown,industry unknown
Brandon,Lester,Brandon Lester,Regional Director,Apartments.com,apartments.com,linkedin.com/in/brandonlester,,Director,blitz,https://www.linkedin.com/company/apartments-com,Advertising Services,US,US,pass,unknown,industry unknown
Brandon,Piper,Brandon Piper,"Executive Director, Client Services",BPI Group,bpigroup.com,linkedin.com/in/brandonmpiper,,Director,blitz,https://www.linkedin.com/company/bully-pulpit-international,Advertising Services,US,US,pass,unknown,industry unknown
Brandy,Hamlin,Brandy Hamlin,Buying Director,SpotPlus,,linkedin.com/in/brandy-hamlin-786286233,,Director,blitz,https://www.linkedin.com/company/spotplus,Advertising Services,US,US,pass,unknown,industry unknown
Brandy,Jones,Brandy Jones,President,Studio B Designs,,linkedin.com/in/brandy-jones-8985a09,,C-Team,blitz,https://www.linkedin.com/company/studio-b-designs,Design,US,US,pass,unknown,industry unknown
Bree,Diah Welch,Bree Diah Welch,Vice President,Domino Media Group,dominomediagroup.com,linkedin.com/in/breediah,,VP,blitz,https://www.linkedin.com/company/domino-media-group,Public Relations and Communications Services,US,US,pass,unknown,industry unknown
Brett,Dixon,Brett Dixon,Founder,Bird Dog,,linkedin.com/in/brett-dixon-3aa391133,,C-Team,blitz,https://www.linkedin.com/company/bird-dog,Marketing Services,US,US,pass,unknown,industry unknown
Brett,Stapper,Brett Stapper,Co-Founder & Investor,TGTC,globaltalent.co,linkedin.com/in/brett-stapper-8488aa62,,C-Team,blitz,https://www.linkedin.com/company/the-global-talent-co,Marketing Services,US,US,pass,unknown,industry unknown
Brett,Zera,Brett Zera,Global Head of Premium Services,PHMG,phmg.com,linkedin.com/in/brettzera,,Director,blitz,https://www.linkedin.com/company/phmg,Advertising Services,US,GB,pass,unknown,industry unknown
Brian,Abraham,Brian Abraham,Senior Project Director,Interlink Healthcare Communications,,linkedin.com/in/brian-abraham-70a8ab5,,Director,blitz,https://www.linkedin.com/company/interlink-healthcare-communications,Advertising Services,US,US,pass,unknown,industry unknown
Brian,Campbell,Brian Campbell,Founder & CEO,CrucialPoint,crucialpointagency.com,linkedin.com/in/brian-campbell-87823537,,C-Team,blitz,https://www.linkedin.com/company/crucialpoint,Advertising Services,US,US,pass,unknown,industry unknown
Brian,Carter,Brian Carter,"Vice President, Operations & Customer Service",Logistix,,linkedin.com/in/brian-carter-a063221,,VP,blitz,https://www.linkedin.com/company/logistix,Advertising Services,US,US,pass,unknown,industry unknown
Brian,Conn,Brian Conn,Director of Broadcast Operations,Public Radio Partners,,linkedin.com/in/brian-conn-7a360a6,,Director,blitz,https://www.linkedin.com/company/public-radio-partners,Advertising Services,US,US,pass,unknown,industry unknown
Brian,"Diehl, PE","Brian Diehl, PE",Chief Operating Officer,Pennoni,pennoni.com,linkedin.com/in/brian-diehl-pe-ba114026,,C-Team,blitz,https://www.linkedin.com/company/pennoni,Design Services,US,US,pass,unknown,industry unknown
Brian,Dundon,Brian Dundon,Business Development Director,WonderGroup,,linkedin.com/in/brian-dundon-960634,,Director,blitz,https://www.linkedin.com/company/wondergroup,Advertising Services,US,US,pass,unknown,industry unknown
Brian,Durocher,Brian Durocher,"SVP, Group Account Director",chemistri,,linkedin.com/in/brian-durocher-7530091,,VP,blitz,https://www.linkedin.com/company/chemistri,Advertising Services,US,US,pass,unknown,industry unknown
Brian,Engblad,Brian Engblad,Business Development Director,141 Denmark,,linkedin.com/in/brian-engblad-99b193,,Director,blitz,https://www.linkedin.com/company/141-denmark,Advertising Services,DK,DK,pass,unknown,industry unknown
Brian,Erickson,Brian Erickson,Chief Financial Officer,Suzy,suzy.com,linkedin.com/in/brian-erickson-58b52048,,C-Team,blitz,https://www.linkedin.com/company/asksuzy,Market Research,US,US,pass,unknown,industry unknown
Brian,Feldman,Brian Feldman,Owner,The Edison Group,,linkedin.com/in/brian-feldman-7b36313,,C-Team,blitz,https://www.linkedin.com/company/the-edison-group,Public Relations and Communications Services,US,US,pass,unknown,industry unknown
brian,FOX,brian FOX,President,B.D. Fox & Friends,,linkedin.com/in/brian-fox-20396419b,,C-Team,blitz,https://www.linkedin.com/company/b.d.-fox-&-friends,Graphic Design,US,US,pass,unknown,industry unknown
BRIAN,GORDON,BRIAN GORDON,SENIOR VICE PRESIDENT NETWORK SALES,HYP Network,,linkedin.com/in/brian-gordon-28bb3b3,,VP,blitz,https://www.linkedin.com/company/hyp-network,Advertising Services,US,US,pass,unknown,industry unknown
Brian,Greene,Brian Greene,Chief Financial Officer,Paul J. Ford,pauljford.com,linkedin.com/in/brian-greene-691288288,,C-Team,blitz,https://www.linkedin.com/company/pjfstructures,Design Services,US,US,pass,unknown,industry unknown
Brian,Greene,Brian Greene,President,Paul J. Ford,pauljford.com,linkedin.com/in/brian-greene-b23ab6b,,C-Team,blitz,https://www.linkedin.com/company/pjfstructures,Design Services,US,US,pass,unknown,industry unknown
Brian,Hopfinger,Brian Hopfinger,Director of Human Resources,MAC Meetings & Events,,linkedin.com/in/brian-hopfinger-5234665,,Director,blitz,https://www.linkedin.com/company/mac-meetings-and-events,Events Services,US,US,pass,unknown,industry unknown
Brian,Interland,Brian Interland,VP of Label Relations,Bus Radio,,linkedin.com/in/brian-interland-3732914,,VP,blitz,https://www.linkedin.com/company/bus-radio,Advertising Services,US,US,pass,unknown,industry unknown
brian,jones,brian jones,Owner,Details Communications,,linkedin.com/in/brian-jones-56a4994,,C-Team,blitz,https://www.linkedin.com/company/details-communications,Advertising Services,US,US,pass,unknown,industry unknown
Brian,Jones,Brian Jones,Owner,Details Communications,,linkedin.com/in/brian-jones-7751a,,C-Team,blitz,https://www.linkedin.com/company/details-communications,Advertising Services,US,US,pass,unknown,industry unknown
Brian,Lipes,Brian Lipes,Regional Sales Director,Apartments.com,apartments.com,linkedin.com/in/brian-lipes-238ba279,,Director,blitz,https://www.linkedin.com/company/apartments-com,Advertising Services,US,US,pass,unknown,industry unknown
Brian,Martin,Brian Martin,"vp, executive creative director",i33 communications LLC,,linkedin.com/in/brian-martin-b307221,,VP,blitz,https://www.linkedin.com/company/i33-communications-llc,Advertising Services,US,US,pass,unknown,industry unknown
BRIAN,REYNOLDS,BRIAN REYNOLDS,Director,Reynolds & Associates,,linkedin.com/in/brian-reynolds-b576bb,,Director,blitz,https://www.linkedin.com/company/reynolds-&-associates,Advertising Services,GB,US,pass,unknown,industry unknown
Brian,Ritter,Brian Ritter,VP,Roman BrandGroup,,linkedin.com/in/brian-ritter-27a6377,,VP,blitz,https://www.linkedin.com/company/roman-brandgroup,Advertising Services,US,US,pass,unknown,industry unknown
Brian,Sandlin,Brian Sandlin,Creative Director,Determined Productions Inc.,,linkedin.com/in/brian-sandlin-9948b94,,Director,blitz,https://www.linkedin.com/company/determined-productions-inc.,Graphic Design,US,US,pass,unknown,industry unknown
Brian,Shepherd,Brian Shepherd,"Director, Client Service",MICE International,,linkedin.com/in/brian-shepherd-719193,,Director,blitz,https://www.linkedin.com/company/mice-international,Events Services,GB,US,pass,unknown,industry unknown
Brian,Velez Mira,Brian Velez Mira,Partner,QS Performance,,linkedin.com/in/brian-velez-mira-57899022a,,C-Team,blitz,https://www.linkedin.com/company/quality-sales-performance,Marketing Services,SE,SE,pass,unknown,industry unknown
Brian,Watson,Brian Watson,Director Account Management,Exmplar,,linkedin.com/in/brian-watson-1590a92,,Director,blitz,https://www.linkedin.com/company/exmplar,Advertising Services,US,US,pass,unknown,industry unknown
Brian,Henry,Brian Henry,Regional Vice President,Apartments.com,apartments.com,linkedin.com/in/brianahenry,,VP,blitz,https://www.linkedin.com/company/apartments-com,Advertising Services,US,US,pass,unknown,industry unknown
Brian,Dietzen,Brian Dietzen,Regional Vice President,Apartments.com,apartments.com,linkedin.com/in/briandietzen,,VP,blitz,https://www.linkedin.com/company/apartments-com,Advertising Services,US,US,pass,unknown,industry unknown
Brian,Giannini,Brian Giannini,VP Business Development,"RQA, Inc.",rqa-inc.com,linkedin.com/in/briangiannini,,VP,blitz,https://www.linkedin.com/company/rqa-inc.,Market Research,US,US,pass,unknown,industry unknown
Brian,O'Laoire,Brian O'Laoire,Client Success Director,PHMG,phmg.com,linkedin.com/in/brianola,,Director,blitz,https://www.linkedin.com/company/phmg,Advertising Services,US,GB,pass,unknown,industry unknown
Brice,Dick,Brice Dick,President,BrandAid,,linkedin.com/in/brice-dick-1b0b452,,C-Team,blitz,https://www.linkedin.com/company/brandaid,Advertising Services,US,US,pass,unknown,industry unknown
Bridgett,Frey,Bridgett Frey,Director,BPI Group,bpigroup.com,linkedin.com/in/bridgett-frey,,Director,blitz,https://www.linkedin.com/company/bully-pulpit-international,Advertising Services,US,US,pass,unknown,industry unknown
Brigitte,Meunier,Brigitte Meunier,Customer Relations  Director,JPG,,linkedin.com/in/brigitte-meunier-303770,,Director,blitz,https://www.linkedin.com/company/jpg,Advertising Services,FR,FR,pass,unknown,industry unknown
Brit,Hudgins,Brit Hudgins,VP of Workforce Partner Operations,Suzy,suzy.com,linkedin.com/in/brit-hudgins,,C-Team,blitz,https://www.linkedin.com/company/asksuzy,Market Research,US,US,pass,unknown,industry unknown
Brit,Reich,Brit Reich,Owner,Designs of the Interior,,linkedin.com/in/brit-reich-b0306b9,,C-Team,blitz,https://www.linkedin.com/company/designs-of-the-interior,Design Services,US,US,pass,unknown,industry unknown
Britney,Fields,Britney Fields,Business Owner,Business Owner of Attain Response,,linkedin.com/in/britney-fields-a658a7159,,C-Team,blitz,https://www.linkedin.com/company/business-owner-of-attain-response,Advertising Services,US,US,pass,unknown,industry unknown
Britney,Lingl,Britney Lingl,Owner,Family Daycare Provider,,linkedin.com/in/britney-lingl-a5610074,,C-Team,blitz,https://www.linkedin.com/company/family-daycare-provider,Public Relations and Communications Services,US,US,pass,unknown,industry unknown
Brooke,Sewell Wilson,Brooke Sewell Wilson,Co-Founder,Follow the Bride,,linkedin.com/in/brooke-wilson-1308bb94,,C-Team,blitz,https://www.linkedin.com/company/follow-the-bride,Marketing Services,US,US,pass,unknown,industry unknown
Brooke,Hopkin,Brooke Hopkin,VP of Client Experience and Intelligence,PHMG,phmg.com,linkedin.com/in/brookehopkin,,VP,blitz,https://www.linkedin.com/company/phmg,,GB,GB,pass,unknown,industry unknown
Brosim,Ekpone,Brosim Ekpone,President & CEO,Public Affairs Group,,linkedin.com/in/brosim-ekpone-a80274,,C-Team,blitz,https://www.linkedin.com/company/public-affairs-group,Public Relations and Communications Services,US,US,pass,unknown,industry unknown
Brown,Dave,Brown Dave,VP of Technical Services,Keller Crescent,,linkedin.com/in/brown-dave-a9b82434,,VP,blitz,https://www.linkedin.com/company/keller-crescent,Advertising Services,US,US,pass,unknown,industry unknown
Bruce,Frederick,Bruce Frederick,Regional Vice President,Pennoni,pennoni.com,linkedin.com/in/bruce-frederick-15001633,,VP,blitz,https://www.linkedin.com/company/pennoni,Design Services,US,US,pass,unknown,industry unknown
bruce,geller,bruce geller,owner,60Hats,,linkedin.com/in/bruce-geller-99a33bb8,,C-Team,blitz,https://www.linkedin.com/company/world-institute-of-pain-foundation,Graphic Design,US,US,pass,unknown,industry unknown
Bruce,Haddock,Bruce Haddock,Owner,Joshua,,linkedin.com/in/bruce-haddock-9684376,,C-Team,blitz,https://www.linkedin.com/company/joshua,Advertising Services,US,GB,pass,unknown,industry unknown
Bruce,Harris,Bruce Harris,President,Conferon,,linkedin.com/in/bruce-harris-5bb1531,,C-Team,blitz,https://www.linkedin.com/company/conferon,Events Services,US,US,pass,unknown,industry unknown
Bruce,Somers,Bruce Somers,Director of Sales,Marcan,,linkedin.com/in/bruce-somers-23982110,,Director,blitz,https://www.linkedin.com/company/marcan,Advertising Services,US,US,pass,unknown,industry unknown
Bruce,Meek,Bruce Meek,AI-Driven Entrepreneur & Certified Prompt Engineer,Fiverr and Upwork Freelancers (Buyers and Sellers),,linkedin.com/in/brucemeek,,C-Team,blitz,https://www.linkedin.com/company/fiverr-and-upwork-freelancers-buyers-and-sellers,Advertising Services,US,US,pass,unknown,industry unknown
Bruno,Abreu,Bruno Abreu,Ecommerce Business Owner,I wish I was Redbubble!,,linkedin.com/in/bruno-abreu06,,C-Team,blitz,https://www.linkedin.com/company/notrb,Design Services,PT,US,pass,unknown,industry unknown
Bruno,Frieden,Bruno Frieden,COO,Loylogic,loylogic.com,linkedin.com/in/bruno-frieden-9b071110,,C-Team,blitz,https://www.linkedin.com/company/loylogic,,CH,CH,pass,unknown,industry unknown
Bryan,Eshelbrenner,Bryan Eshelbrenner,"Director, Enterprise Product Management",FMG Suite,fmgsuite.com,linkedin.com/in/bryan-eshelbrenner-6baa9851,,Director,blitz,https://www.linkedin.com/company/fmg-suite,Advertising Services,US,US,pass,unknown,industry unknown
Bryan,Esmond,Bryan Esmond,Landscape Business Owner,You Grow It We Mow It,,linkedin.com/in/bryan-esmond-833247214,,C-Team,blitz,https://www.linkedin.com/company/you-grow-it-we-mow-it,Design Services,US,US,pass,unknown,industry unknown
Bryan,Lang,Bryan Lang,Senior Account Director,Moburst - Growth Done Right,moburst.com,linkedin.com/in/bryan-lang-74a00751,,Director,blitz,https://www.linkedin.com/company/moburst,Advertising Services,US,US,pass,unknown,industry unknown
Bryan,Zuckerberg,Bryan Zuckerberg,Chief Executive Officer,Marketing agency,,linkedin.com/in/bryan-zuckerberg-5320b7199,,C-Team,blitz,https://www.linkedin.com/company/hm-productions,Marketing Services,US,US,pass,unknown,industry unknown
Bryan,Camella,Bryan Camella,"Regional Director, Multifamily",Apartments.com,apartments.com,linkedin.com/in/bryancamella,,Director,blitz,https://www.linkedin.com/company/apartments-com,Advertising Services,US,US,pass,unknown,industry unknown
Bryan,Silverman,Bryan Silverman,Chief Operating Officer,Suzy,suzy.com,linkedin.com/in/bryangsilverman,,C-Team,blitz,https://www.linkedin.com/company/asksuzy,Market Research,US,US,pass,unknown,industry unknown
Brett,Torrence,Brett Torrence,Account Director,Heritage Werks,heritagewerks.com,linkedin.com/in/btorrence,,Director,blitz,https://www.linkedin.com/company/heritage-werks,Advertising Services,US,US,pass,unknown,industry unknown
Buckley,Jolley,Buckley Jolley,Senior Director of Customer Support,FMG Suite,fmgsuite.com,linkedin.com/in/buckleyjolley,,Director,blitz,https://www.linkedin.com/company/fmg-suite,Advertising Services,US,US,pass,unknown,industry unknown
Buffy,L.,Buffy L.,Director of Field Research Operations,Community Builders Advisory Services,,linkedin.com/in/buffy-l-1734311a1,,Director,blitz,https://www.linkedin.com/company/community-builders-advisory-services,Market Research,US,US,pass,unknown,industry unknown
Byron,Ousey,Byron Ousey,Senior Partner,Gavin Anderson & Company,,linkedin.com/in/byron-ousey-b3891112,,C-Team,blitz,https://www.linkedin.com/company/gavin-anderson-&-company,Public Relations and Communications Services,GB,US,pass,unknown,industry unknown
Bénédicte,Fossard,Bénédicte Fossard,Account director,Logistix,,linkedin.com/in/bénédicte-fossard-b1b5551,,Director,blitz,https://www.linkedin.com/company/logistix,Advertising Services,FR,US,pass,unknown,industry unknown
Christian,Abke,Christian Abke,Senior Director,BPI Group,bpigroup.com,linkedin.com/in/cabke,,Director,blitz,https://www.linkedin.com/company/bully-pulpit-international,Advertising Services,US,US,pass,unknown,industry unknown
Caitlin,Callaghan,Caitlin Callaghan,Managing Director,BPI Group,bpigroup.com,linkedin.com/in/caitlin-callaghan-a793a6,,C-Team,blitz,https://www.linkedin.com/company/bully-pulpit-international,Advertising Services,US,US,pass,unknown,industry unknown
Caitlin,Pitt,Caitlin Pitt,Lead Director Of Photography/Editor,GEM,,linkedin.com/in/caitlin-pitt-302701156,,Director,blitz,https://www.linkedin.com/company/gem_2,Advertising Services,US,US,pass,unknown,industry unknown
Callin,Fortis,Callin Fortis,President,Crobar,,linkedin.com/in/callin-fortis-60953a5,,C-Team,blitz,https://www.linkedin.com/company/crobar,Advertising Services,US,US,pass,unknown,industry unknown
Callum,Boardman,Callum Boardman,Head Of Client Care - North America,PHMG,phmg.com,linkedin.com/in/callum-boardman-3932b123a,,Director,blitz,https://www.linkedin.com/company/phmg,Advertising Services,GB,GB,pass,unknown,industry unknown
Calum,M.,Calum M.,Head of Sales,PHMG,phmg.com,linkedin.com/in/calum-m-38b52b101,,Director,blitz,https://www.linkedin.com/company/phmg,Advertising Services,GB,GB,pass,unknown,industry unknown
Cameron,Loghan,Cameron Loghan,Client Care Director - Strategic Accounts,PHMG,phmg.com,linkedin.com/in/cameron-loghan-6a1960187,,Director,blitz,https://www.linkedin.com/company/phmg,Advertising Services,GB,GB,pass,unknown,industry unknown
Cami,Wills,Cami Wills,Director Of Administration,Hemming Properties,,linkedin.com/in/cami-wills-a26918166,,Director,blitz,https://www.linkedin.com/company/hemming-properties,Advertising Services,US,US,pass,unknown,industry unknown
camino,fernandez,camino fernandez,Directora de cuentas,Arena Media Networks,,linkedin.com/in/camino-fernandez-9b4b3325,,Director,blitz,https://www.linkedin.com/company/arena-media-networks,Advertising Services,ES,US,pass,unknown,industry unknown
Candee,Osborne,Candee Osborne,Art Director,Generation Marketing,,linkedin.com/in/candee-osborne-a83abb1,,Director,blitz,https://www.linkedin.com/company/generation-marketing,Advertising Services,US,US,pass,unknown,industry unknown
Candice,DeMichele,Candice DeMichele,Director of Client Implementation,TMG,,linkedin.com/in/candice-demichele-a467bb107,,Director,blitz,https://www.linkedin.com/company/tmgas,Advertising Services,US,US,pass,unknown,industry unknown
LaChyra Candace (캔디스),Mitchell,LaChyra Candace (캔디스) Mitchell,Strategic Communications Director/Brand Manager/Educator/Recruiter,Independent Contractor/Consultant,,linkedin.com/in/candifitwellnessllc,,Director,blitz,https://www.linkedin.com/company/independent-contractor-consultant_2,Public Relations and Communications Services,US,GB,pass,unknown,industry unknown
Cara,McVie,Cara McVie,Partner and CFO,BPI Group,bpigroup.com,linkedin.com/in/cara-mcvie-7361791,,C-Team,blitz,https://www.linkedin.com/company/bully-pulpit-international,Advertising Services,US,US,pass,unknown,industry unknown
Cari,Hormilla,Cari Hormilla,Head of Business Development,PHMG,phmg.com,linkedin.com/in/cari-hormilla-816b4940,,Director,blitz,https://www.linkedin.com/company/phmg,Advertising Services,US,GB,pass,unknown,industry unknown
Carine,Antonio,Carine Antonio,Assistante CEO,Anxa Limited,,linkedin.com/in/carine-antonio-88462443,,C-Team,blitz,https://www.linkedin.com/company/anxa-limited,Market Research,FR,US,pass,unknown,industry unknown
Carl-Johan,Wachtmeister,Carl-Johan Wachtmeister,Managing Director,Sund Kommunikation,,linkedin.com/in/carl-johan-wachtmeister-7968713,,C-Team,blitz,https://www.linkedin.com/company/sund-kommunikation,Public Relations and Communications Services,SE,SE,pass,unknown,industry unknown
Carl,Jones,Carl Jones,Sales Director,PHMG,phmg.com,linkedin.com/in/carl-jones-206852203,,Director,blitz,https://www.linkedin.com/company/phmg,Advertising Services,GB,GB,pass,unknown,industry unknown
carl,towner,carl towner,CMO,FMG Suite,fmgsuite.com,linkedin.com/in/carl-towner-799892277,,C-Team,blitz,https://www.linkedin.com/company/fmg-suite,Advertising Services,US,US,pass,unknown,industry unknown
Carl,Wise,Carl Wise,Business Owner,All Event Rental & Design,alleventrental.com,linkedin.com/in/carl-wise-15a631174,,C-Team,blitz,https://www.linkedin.com/company/all-event-rental-and-design,Events Services,US,US,pass,unknown,industry unknown
Carla,Magnet Abascal,Carla Magnet Abascal,Co-founder & Account Director,About PR Studio,aboutprstudio.com,linkedin.com/in/carla-magnet-abascal-b8246599,,C-Team,blitz,https://www.linkedin.com/company/about-pr-studio,,ES,ES,pass,unknown,industry unknown
Carla,Shaw,Carla Shaw,Vice President,Manning Selvage and Lee,,linkedin.com/in/carla-shaw-13080b7,,VP,blitz,https://www.linkedin.com/company/manning-selvage-and-lee,Public Relations and Communications Services,US,US,pass,unknown,industry unknown
Carlos,Albero Rojas,Carlos Albero Rojas,CEO,Impalajump Ltd.,,linkedin.com/in/carlos-albero-rojas,,C-Team,blitz,https://www.linkedin.com/company/impalajump,Marketing Services,BG,US,pass,unknown,industry unknown
Carlos,Canales,Carlos Canales,Owner,Z GROUP PLC,,linkedin.com/in/carlos-canales-768b4b4,,C-Team,blitz,https://www.linkedin.com/company/z-group-plc,Graphic Design,US,GB,pass,unknown,industry unknown
Carlos,Flores-Gordon,Carlos Flores-Gordon,Vice President,HYP Network,,linkedin.com/in/carlos-flores-gordon-4343b62,,VP,blitz,https://www.linkedin.com/company/hyp-network,Advertising Services,US,US,pass,unknown,industry unknown
Carlos,Torrez,Carlos Torrez,Owner/Operator,New Life Landscapes,,linkedin.com/in/carlos-torrez-84b65532,,C-Team,blitz,https://www.linkedin.com/company/new-life-landscapes,Design Services,US,US,pass,unknown,industry unknown
Carl,Pearson,Carl Pearson,"Director, Marketing Consulting",Pearson & Associates,,linkedin.com/in/carlpearson,,Director,blitz,https://www.linkedin.com/company/pearson-&-associates,Market Research,US,US,pass,unknown,industry unknown
Carmen,Bassage,Carmen Bassage,Director of Concierge Services,Life Made Easy,,linkedin.com/in/carmen-bassage-657a1739,,Director,blitz,https://www.linkedin.com/company/life-made-easy,Public Relations and Communications Services,US,US,pass,unknown,industry unknown
Carmenza,David,Carmenza David,Owner,Organizer,,linkedin.com/in/carmenza-david-8022386,,C-Team,blitz,https://www.linkedin.com/company/organizer,Advertising Services,US,US,pass,unknown,industry unknown
Carol,Bassett,Carol Bassett,Owner,Luminosity,,linkedin.com/in/carol-bassett-9b22714,,C-Team,blitz,https://www.linkedin.com/company/luminosity,Graphic Design,US,US,pass,unknown,industry unknown
carol,Cohen,carol Cohen,Director,OTC INTERNATIONAL,,linkedin.com/in/carol-cohen-23503514,,Director,blitz,https://www.linkedin.com/company/otc-international,Design Services,US,US,pass,unknown,industry unknown
Carol,Edwards,Carol Edwards,Vice President,Euro RSCG Magnet,,linkedin.com/in/carol-edwards-9b7540,,VP,blitz,https://www.linkedin.com/company/euro-rscg-magnet,Public Relations and Communications Services,US,US,pass,unknown,industry unknown
Carol,Lundgren,Carol Lundgren,Owner,Salsman Lundgren Public Relations,,linkedin.com/in/carol-lundgren-5602181,,C-Team,blitz,https://www.linkedin.com/company/salsman-lundgren-public-relations,Public Relations and Communications Services,US,US,pass,unknown,industry unknown
Carol,Minami,Carol Minami,President,Quality Connections,,linkedin.com/in/carol-minami-7543963a,,C-Team,blitz,https://www.linkedin.com/company/quality-connections,Advertising Services,US,US,pass,unknown,industry unknown
Carole,Perfetti,Carole Perfetti,Partner,The Win Group,,linkedin.com/in/carole-perfetti-459a081,,C-Team,blitz,https://www.linkedin.com/company/the-win-group,Events Services,US,US,pass,unknown,industry unknown
Carolien,Doornink,Carolien Doornink,Owner,Commun Public Relations,,linkedin.com/in/carolien-doornink-48406a36,,C-Team,blitz,https://www.linkedin.com/company/commun-public-relations,Public Relations and Communications Services,NL,US,pass,unknown,industry unknown
Carolina,Pajé,Carolina Pajé,Stellv. Geschäftsführerin - COO,DEINTERNATIONAL ITALIA S.R.L.,,linkedin.com/in/carolina-pajé-1b75546,,C-Team,blitz,https://www.linkedin.com/company/deinternational-italia-s.r.l.,Advertising Services,IT,IT,pass,unknown,industry unknown
Carolina,MoneySaver,Carolina MoneySaver,Owner,Carolina MoneySaver,,linkedin.com/in/carolinamoneysaver,,C-Team,blitz,https://www.linkedin.com/company/carolina-moneysaver,Advertising Services,US,US,pass,unknown,industry unknown
Caroline,Ahearn,Caroline Ahearn,Director,BPI Group,bpigroup.com,linkedin.com/in/caroline-ahearn-088593140,,Director,blitz,https://www.linkedin.com/company/bully-pulpit-international,Advertising Services,US,US,pass,unknown,industry unknown
Caroline,LECUYER,Caroline LECUYER,Exhibitions Division Director,Paris Expo,,linkedin.com/in/caroline-lecuyer-267801,,Director,blitz,https://www.linkedin.com/company/paris-expo,Events Services,FR,FR,pass,unknown,industry unknown
Caroline,Morris,Caroline Morris,"Interim Vice President, Content & Creative Division",Heritage Werks,heritagewerks.com,linkedin.com/in/caroline-morris-22588916b,,VP,blitz,https://www.linkedin.com/company/heritage-werks,Advertising Services,US,US,pass,unknown,industry unknown
Caroline,Weisser,Caroline Weisser,Managing Director,BPI Group,bpigroup.com,linkedin.com/in/carolineweisser,,C-Team,blitz,https://www.linkedin.com/company/bully-pulpit-international,Advertising Services,US,US,pass,unknown,industry unknown
carolyn,gargano,carolyn gargano,art director,CCA Advertising,,linkedin.com/in/carolyn-gargano-a819803,,Director,blitz,https://www.linkedin.com/company/cca-advertising,Advertising Services,US,US,pass,unknown,industry unknown
Carolyn,Hughes,Carolyn Hughes,owner,Button Group,,linkedin.com/in/carolyn-hughes-3bb05a19,,C-Team,blitz,https://www.linkedin.com/company/button-group,Design Services,US,GB,pass,unknown,industry unknown
Carrie,Larson,Carrie Larson,Ad Sales Director,Digital Media Management,digitalmediamanagement.com,linkedin.com/in/carrie-larson-5432b3b4,,Director,blitz,https://www.linkedin.com/company/digital-media-management,Advertising Services,US,US,pass,unknown,industry unknown
Carrie,Weaver,Carrie Weaver,Project Director,Exoridior Analytical Services,,linkedin.com/in/carrie-weaver-89785210a,,Director,blitz,https://www.linkedin.com/company/exoridior,Events Services,GB,US,pass,unknown,industry unknown
CarrieAnne,DeLoach,CarrieAnne DeLoach,Vice President Archival Services,Heritage Werks,heritagewerks.com,linkedin.com/in/carrieanne-deloach-phd-21712615,,VP,blitz,https://www.linkedin.com/company/heritage-werks,Advertising Services,US,US,pass,unknown,industry unknown
Cary,Scottoline,Cary Scottoline,Owner,"Direct Response Media, Inc.",,linkedin.com/in/cary-scottoline-502514,,C-Team,blitz,https://www.linkedin.com/company/direct-response-media-inc.,Advertising Services,US,US,pass,unknown,industry unknown
Casey,case,Casey case,Advertising Director,Image Media,,linkedin.com/in/casey-case-8579ab5b,,Director,blitz,https://www.linkedin.com/company/image-media,Advertising Services,US,US,pass,unknown,industry unknown
Cassandra,Denman,Cassandra Denman,Group Show Director (The National Wedding Shows),Otis Media Ltd,,linkedin.com/in/cassandra-denman-3b519a34,,Director,blitz,https://www.linkedin.com/company/otis-media-ltd,Events Services,GB,US,pass,unknown,industry unknown
Cassie,Luxton,Cassie Luxton,Head of Creative,PHMG,phmg.com,linkedin.com/in/cassie-luxton-847564217,,Director,blitz,https://www.linkedin.com/company/phmg,Advertising Services,GB,GB,pass,unknown,industry unknown
Catherine,Astalos,Catherine Astalos,Founder/CEO,Fountainhead,,linkedin.com/in/castalos,,C-Team,blitz,https://www.linkedin.com/company/fountainhead,Advertising Services,US,US,pass,unknown,industry unknown
Cat,Hat,Cat Hat,CEO,Face Time,,linkedin.com/in/cat-hat-249781101,,C-Team,blitz,https://www.linkedin.com/company/face-time,Advertising Services,US,US,pass,unknown,industry unknown
Matt,CataraX,Matt CataraX,Owner,XeaL,,linkedin.com/in/catarax,,C-Team,blitz,https://www.linkedin.com/company/xeal,Graphic Design,GB,US,pass,unknown,industry unknown
Cat,Cheng,Cat Cheng,Art Director / Graphic Designer,Independent Contractor/Consultant,,linkedin.com/in/catcheng,,Director,blitz,https://www.linkedin.com/company/independent-contractor-consultant_2,Public Relations and Communications Services,US,GB,pass,unknown,industry unknown
Catherine,Dyer,Catherine Dyer,Owner,The Padgett Group,,linkedin.com/in/catherine-dyer-8646a5,,C-Team,blitz,https://www.linkedin.com/company/the-padgett-group,Public Relations and Communications Services,US,US,pass,unknown,industry unknown
Catherine,joseph,Catherine joseph,Project Director,Exoridior Analytical Services,,linkedin.com/in/catherine-joseph-31576a107,,Director,blitz,https://www.linkedin.com/company/exoridior,Events Services,GB,US,pass,unknown,industry unknown
Cathy,Dyer,Cathy Dyer,Owner,The Padgett Group,,linkedin.com/in/cathy-dyer-4b1a664,,C-Team,blitz,https://www.linkedin.com/company/the-padgett-group,Public Relations and Communications Services,US,US,pass,unknown,industry unknown
Cathy,Sigismonti,Cathy Sigismonti,Chief Financial Officer,FMG Suite,fmgsuite.com,linkedin.com/in/cathy-sigismonti-76056b41,,C-Team,blitz,https://www.linkedin.com/company/fmg-suite,Advertising Services,US,US,pass,unknown,industry unknown
Cathy,Simon,Cathy Simon,Director,Art Express,,linkedin.com/in/cathy-simon-6826a0140,,Director,blitz,https://www.linkedin.com/company/art-express,Advertising Services,US,US,pass,unknown,industry unknown
CC,Design,CC Design,"Director of Business Development, Marketing and Online Sales",CC Design,,linkedin.com/in/cc-design-791b93127,,Director,blitz,https://www.linkedin.com/company/cc-design,Events Services,US,US,pass,unknown,industry unknown
Christopher,"CrazyThunder, RPh","Christopher CrazyThunder, RPh",Vice President,Navajo,,linkedin.com/in/cc1234,,VP,blitz,https://www.linkedin.com/company/navajo,Advertising Services,US,US,pass,unknown,industry unknown
Ccrawford.,Csa,Ccrawford. Csa,Owner,CSA Marketing,,linkedin.com/in/ccrawford-csa-8b704411,,C-Team,blitz,https://www.linkedin.com/company/csa-marketing,Advertising Services,US,US,pass,unknown,industry unknown
Cecil,Brandon,Cecil Brandon,Owner,Brandon Advertising,,linkedin.com/in/cecil-brandon-35a6ab29,,C-Team,blitz,https://www.linkedin.com/company/brandon-advertising,Advertising Services,US,US,pass,unknown,industry unknown
Cecil,Worsley,Cecil Worsley,Owner,Worsley Companies,,linkedin.com/in/cecil-worsley-88185b5,,C-Team,blitz,https://www.linkedin.com/company/worsley-companies,Advertising Services,US,US,pass,unknown,industry unknown
Cecil,Worsley,Cecil Worsley,Owner,Worsley Companies,,linkedin.com/in/cecil-worsley-93085b5,,C-Team,blitz,https://www.linkedin.com/company/worsley-companies,Advertising Services,US,US,pass,unknown,industry unknown
Cecilio,M.,Cecilio M.,Director dpto. Creativo y Producción.,Arte-Facto,,linkedin.com/in/cecilio-m-99584b21,,Director,blitz,https://www.linkedin.com/company/arte-facto,Advertising Services,ES,ES,pass,unknown,industry unknown
Cedric,Braida,Cedric Braida,Directeur général,DIXICOM,,linkedin.com/in/cedric-braida-1321a363,,C-Team,blitz,https://www.linkedin.com/company/dixicom,Advertising Services,FR,FR,pass,unknown,industry unknown
Cedric,Mattingly,Cedric Mattingly,Director Of Sales Marketing,Center for Social Sales Research and Engineering,,linkedin.com/in/cedric-mattingly-8743b61a7,,Director,blitz,https://www.linkedin.com/company/cssre,Market Research,US,US,pass,unknown,industry unknown
Cedric,White,Cedric White,Ceo,Herbal Essence,,linkedin.com/in/cedric-white-784041157,,C-Team,blitz,https://www.linkedin.com/company/herbal-essence,Public Relations and Communications Services,US,US,pass,unknown,industry unknown
Celia,Muddimer,Celia Muddimer,Regional Director & Fractional CMO/Marketing Director - Midlands Region,The Marketing Centre,themarketingcentre.com,linkedin.com/in/celiamuddimer,,C-Team,blitz,https://www.linkedin.com/company/the-marketing-centre,,GB,GB,pass,unknown,industry unknown
Cesar,Salinas,Cesar Salinas,Owner,180 Degrees,,linkedin.com/in/cesar-salinas-12731aa,,C-Team,blitz,https://www.linkedin.com/company/180-degrees,Events Services,US,US,pass,unknown,industry unknown
Chad,"Hines, P.E., S.E.","Chad Hines, P.E., S.E.",Vice President,Paul J. Ford,pauljford.com,linkedin.com/in/chad-hines-p-e-s-e-41652112,,VP,blitz,https://www.linkedin.com/company/pjfstructures,Design Services,US,US,pass,unknown,industry unknown
Chad,Hassell,Chad Hassell,Regional Director of Sales And Marketing,Media Group,,linkedin.com/in/chadhassell,,Director,blitz,https://www.linkedin.com/company/media-group,Advertising Services,US,US,pass,unknown,industry unknown
Chantal,Giraud,Chantal Giraud,Fitness director,Avant Garde Interior Designs Inc,,linkedin.com/in/chantal-giraud-5473a9295,,Director,blitz,https://www.linkedin.com/company/avant-garde-interior-designs-inc,Design Services,FR,US,pass,unknown,industry unknown
chantal,nowak,chantal nowak,auto entrepreneur,Moi-meme,,linkedin.com/in/chantal-nowak-8239b84b,,C-Team,blitz,https://www.linkedin.com/company/moi-meme,Graphic Design,FR,FR,pass,unknown,industry unknown
Chantelle,Jefferson (Cox),Chantelle Jefferson (Cox),Client Success Director,PHMG,phmg.com,linkedin.com/in/chantelle-jefferson-cox-9207b3265,,Director,blitz,https://www.linkedin.com/company/phmg,Advertising Services,GB,GB,pass,unknown,industry unknown
Chapu,Apaolaza,Chapu Apaolaza,Director de PR y Asuntos Públicos,Ernest,,linkedin.com/in/chapu-apaolaza-53981627,,Director,blitz,https://www.linkedin.com/company/holaernest,Advertising Services,ES,ES,pass,unknown,industry unknown
Chardee,Mcdennis,Chardee Mcdennis,Senior Partner,STERLING COOPER DRAPER PRYCE LTD,,linkedin.com/in/chardee-mcdennis-533a03138,,C-Team,blitz,https://www.linkedin.com/company/sterling-cooper-draper-pryce-ltd,Advertising Services,US,GB,pass,unknown,industry unknown
Charis,Williams,Charis Williams,Business Owner,Future of Mobile Growth,,linkedin.com/in/charis-williams-006333196,,C-Team,blitz,https://www.linkedin.com/company/futureofmobilegrowth,Advertising Services,US,US,pass,unknown,industry unknown
Charity,Bukowski,Charity Bukowski,HR Director,PHMG,phmg.com,linkedin.com/in/charity-bukowski-b35263216,,Director,blitz,https://www.linkedin.com/company/phmg,Advertising Services,GB,GB,pass,unknown,industry unknown
Charlayne,Osborne,Charlayne Osborne,Owner,In the Spotlight,,linkedin.com/in/charlayne-osborne-1922a52,,C-Team,blitz,https://www.linkedin.com/company/in-the-spotlight,Public Relations and Communications Services,US,US,pass,unknown,industry unknown
Charlayne,Osborne,Charlayne Osborne,Owner,In the Spotlight,,linkedin.com/in/charlayne-osborne-8971597,,C-Team,blitz,https://www.linkedin.com/company/in-the-spotlight,Public Relations and Communications Services,US,US,pass,unknown,industry unknown
Charlene Kate,Ditch,Charlene Kate Ditch,Founder,CKE,workwithcke.com,linkedin.com/in/charlenekate,,C-Team,blitz,https://www.linkedin.com/company/workwithcke,Events Services,US,US,pass,unknown,industry unknown
Charles,Adriaenssens,Charles Adriaenssens,Divisional Director,NOP World,,linkedin.com/in/charles-adriaenssens-666aa0,,Director,blitz,https://www.linkedin.com/company/nop-world,Market Research,GB,US,pass,unknown,industry unknown
Charles,Bailey,Charles Bailey,Regional Director,Life Made Easy,,linkedin.com/in/charles-bailey-451a4b29,,Director,blitz,https://www.linkedin.com/company/life-made-easy,Public Relations and Communications Services,US,US,pass,unknown,industry unknown
Charles,Bourne,Charles Bourne,CEO,Bourne Enterprises,,linkedin.com/in/charles-bourne-2b67a9b6,,C-Team,blitz,https://www.linkedin.com/company/bourne-enterprises,Advertising Services,US,US,pass,unknown,industry unknown
Charles,Hayes,Charles Hayes,Owner,The Hayes Company,,linkedin.com/in/charles-hayes-a447914,,C-Team,blitz,https://www.linkedin.com/company/the-hayes-company,Advertising Services,US,US,pass,unknown,industry unknown
Charles,Laird,Charles Laird,Owner,Navajo,,linkedin.com/in/charles-laird-b80377,,C-Team,blitz,https://www.linkedin.com/company/navajo,Advertising Services,US,US,pass,unknown,industry unknown
Charles,Perry,Charles Perry,Senior Vice President and Chief Operating Officer,Pennoni,pennoni.com,linkedin.com/in/charles-perry-b9401a13,,C-Team,blitz,https://www.linkedin.com/company/pennoni,Design Services,US,US,pass,unknown,industry unknown
Charles W,"Reynolds, Jr.","Charles W Reynolds, Jr.",President & CEO,Reynolds & Associates,,linkedin.com/in/charles-w-reynolds-jr-2536305,,C-Team,blitz,https://www.linkedin.com/company/reynolds-&-associates,Advertising Services,US,US,pass,unknown,industry unknown
Charlie,Sussman,Charlie Sussman,"Director, Global Insights",BPI Group,bpigroup.com,linkedin.com/in/charlie-sussman-31417a80,,Director,blitz,https://www.linkedin.com/company/bully-pulpit-international,Advertising Services,GB,US,pass,unknown,industry unknown
Charlie,Wilkins,Charlie Wilkins,Head of Music,PHMG,phmg.com,linkedin.com/in/charlie-wilkins-3ab4b235,,Director,blitz,https://www.linkedin.com/company/phmg,Advertising Services,GB,GB,pass,unknown,industry unknown
Charlie,Williams,Charlie Williams,MD,PHI Design,,linkedin.com/in/charlie-williams-085a011,,C-Team,blitz,https://www.linkedin.com/company/phi-design,Graphic Design,GB,US,pass,unknown,industry unknown
Charlotte,Brown,Charlotte Brown,VP,Special Ops Media,,linkedin.com/in/charlotte-brown-8a045843,,VP,blitz,https://www.linkedin.com/company/special-ops-media,Advertising Services,GB,US,pass,unknown,industry unknown
Charlotte,D.,Charlotte D.,Ceo & Co-founder,CDY,,linkedin.com/in/charlotte-d-77703313a,,C-Team,blitz,https://www.linkedin.com/company/cdy-groupe,Public Relations and Communications Services,FR,FR,pass,unknown,industry unknown
Charlie,Carr,Charlie Carr,Head of Strategy,PHMG,phmg.com,linkedin.com/in/charlottejcarr,,Director,blitz,https://www.linkedin.com/company/phmg,Advertising Services,GB,GB,pass,unknown,industry unknown
Chase,Vergason,Chase Vergason,Vice President,VSM Advertising,,linkedin.com/in/chase-vergason-468020178,,VP,blitz,https://www.linkedin.com/company/vsm-advertising,Advertising Services,US,US,pass,unknown,industry unknown
chee seng,sim,chee seng sim,"SVP, Product Experience",Suzy,suzy.com,linkedin.com/in/cheesengsim,,VP,blitz,https://www.linkedin.com/company/asksuzy,Market Research,US,US,pass,unknown,industry unknown
Cherissa,Adams,Cherissa Adams,Art Director,Independent Contractor/Consultant,,linkedin.com/in/cherissa-adams-94926610,,Director,blitz,https://www.linkedin.com/company/independent-contractor-consultant_2,Public Relations and Communications Services,US,GB,pass,unknown,industry unknown
Cheryl A.,Alesso,Cheryl A. Alesso,Vice President New Business Development,"RQA, Inc.",rqa-inc.com,linkedin.com/in/cheryl-a-alesso-58019489,,VP,blitz,https://www.linkedin.com/company/rqa-inc.,Market Research,US,US,pass,unknown,industry unknown
Cheryl,Adams,Cheryl Adams,Small Business Owner,KW EXP,,linkedin.com/in/cheryl-adams-83442b139,,C-Team,blitz,https://www.linkedin.com/company/areaexp,Events Services,US,US,pass,unknown,industry unknown
Cheryl,Babineau,Cheryl Babineau,Owner,Alibi,,linkedin.com/in/cheryl-babineau-b76ba03,,C-Team,blitz,https://www.linkedin.com/company/alibi,Advertising Services,US,US,pass,unknown,industry unknown
Cheryl,Ipiales,Cheryl Ipiales,Owner,Image Media,,linkedin.com/in/cherylipiales,,C-Team,blitz,https://www.linkedin.com/company/image-media,Advertising Services,US,US,pass,unknown,industry unknown
Cheryn,Pollard,Cheryn Pollard,Director Marketing Communication,Resorts360,,linkedin.com/in/cheryn-pollard-487a192,,Director,blitz,https://www.linkedin.com/company/resorts360,Events Services,US,US,pass,unknown,industry unknown
CHEVALIER,Jean-noel Chevalier,CHEVALIER Jean-noel Chevalier,Directeur commercial,Interdeco,,linkedin.com/in/chevalier-jean-noel-chevalier-305a9640,,Director,blitz,https://www.linkedin.com/company/interdeco,Advertising Services,FR,FR,pass,unknown,industry unknown
Chiara,Brunelli,Chiara Brunelli,Chief Media Officer,Corax,corax.business,linkedin.com/in/chiarabrunelli,,C-Team,blitz,https://www.linkedin.com/company/corax-digital-media,,IT,IT,pass,unknown,industry unknown
Chip,Hopkins,Chip Hopkins,Owner,Moore Art,,linkedin.com/in/chip-hopkins-49b22831,,C-Team,blitz,https://www.linkedin.com/company/moore-art,Graphic Design,US,US,pass,unknown,industry unknown
Chloe,Palka,Chloe Palka,"Senior Director, Partnerships",Digital Media Management,digitalmediamanagement.com,linkedin.com/in/chloe-palka-b5233235,,Director,blitz,https://www.linkedin.com/company/digital-media-management,Advertising Services,US,US,pass,unknown,industry unknown
Chloë,Loftus,Chloë Loftus,Recruitment Director,PHMG,phmg.com,linkedin.com/in/chloë-loftus-748280136,,Director,blitz,https://www.linkedin.com/company/phmg,Advertising Services,GB,GB,pass,unknown,industry unknown
Chris,Aitkens,Chris Aitkens,Chief Sales Officer (CSO),FMG Suite,fmgsuite.com,linkedin.com/in/chris-aitkens-43b6542,,C-Team,blitz,https://www.linkedin.com/company/fmg-suite,Advertising Services,US,US,pass,unknown,industry unknown
Chris,Anderson,Chris Anderson,President,Neighborhood Marketing,,linkedin.com/in/chris-anderson01,,C-Team,blitz,https://www.linkedin.com/company/neighborhood-marketing,Advertising Services,US,US,pass,unknown,industry unknown
Chris,B,Chris B,Director,STERLING COOPER DRAPER PRYCE LTD,,linkedin.com/in/chris-b-579381115,,Director,blitz,https://www.linkedin.com/company/sterling-cooper-draper-pryce-ltd,Advertising Services,US,GB,pass,unknown,industry unknown
Chris,Bartholomew,Chris Bartholomew,Owner,Paradise Promotions,,linkedin.com/in/chris-bartholomew-ba139196,,C-Team,blitz,https://www.linkedin.com/company/paradise-promotions,Events Services,GB,US,pass,unknown,industry unknown
Chris,Baxter,Chris Baxter,Owner,Beyond The Wall,,linkedin.com/in/chris-baxter-4337b81,,C-Team,blitz,https://www.linkedin.com/company/beyond-the-wall,Advertising Services,US,US,pass,unknown,industry unknown
Chris,Davis,Chris Davis,Business Owner,Jukeboxx Media,,linkedin.com/in/chris-davis-67421118b,,C-Team,blitz,https://www.linkedin.com/company/jukeboxx-media,Advertising Services,US,US,pass,unknown,industry unknown
Chris,Gallo,Chris Gallo,Director of List Brokerage,21st Century Marketing,,linkedin.com/in/chris-gallo-65b8851,,Director,blitz,https://www.linkedin.com/company/21st-century-marketing,Advertising Services,US,US,pass,unknown,industry unknown
Chris,Garretty,Chris Garretty,Director of Engineering,BPI Group,bpigroup.com,linkedin.com/in/chris-garretty,,Director,blitz,https://www.linkedin.com/company/bully-pulpit-international,Advertising Services,US,US,pass,unknown,industry unknown
Chris,Heiler,Chris Heiler,Owner,Fountainhead,,linkedin.com/in/chris-heiler-a7b80a5,,C-Team,blitz,https://www.linkedin.com/company/fountainhead,Advertising Services,US,US,pass,unknown,industry unknown
Chris,Johnson,Chris Johnson,Administrative Director,In Your Face Marketing,,linkedin.com/in/chris-johnson-5094ab23,,Director,blitz,https://www.linkedin.com/company/in-your-face-marketing,Advertising Services,US,US,pass,unknown,industry unknown
Chris,Lange,Chris Lange,Chief Creative Officer & Owner,CSB - Creative Studio Berlin GmbH,,linkedin.com/in/chris-lange-4a74b726,,C-Team,blitz,https://www.linkedin.com/company/creative-studio-berlin,Design Services,DE,DE,pass,unknown,industry unknown
Chris,Lee,Chris Lee,"Vice President, Director of Client Service",Ziment,,linkedin.com/in/chris-lee-396243,,VP,blitz,https://www.linkedin.com/company/ziment,Market Research,US,US,pass,unknown,industry unknown
Chris,Little,Chris Little,Web Dev. Director,Details Communications,,linkedin.com/in/chris-little-94391112,,Director,blitz,https://www.linkedin.com/company/details-communications,Advertising Services,US,US,pass,unknown,industry unknown
Chris,Lundh,Chris Lundh,CEO,TerraCom,,linkedin.com/in/chris-lundh-24a0384,,C-Team,blitz,https://www.linkedin.com/company/terracom,Events Services,US,US,pass,unknown,industry unknown
Chris,Paley,Chris Paley,Vice President of Sales,FMG Suite,fmgsuite.com,linkedin.com/in/chris-paley-49a93054,,VP,blitz,https://www.linkedin.com/company/fmg-suite,Advertising Services,US,US,pass,unknown,industry unknown
Chris,Pobst,Chris Pobst,President,Trail Boss Steakhouse,,linkedin.com/in/chris-pobst-44520b15a,,C-Team,blitz,https://www.linkedin.com/company/trail-boss-steakhouse,Public Relations and Communications Services,US,US,pass,unknown,industry unknown
Chris,Poulsom,Chris Poulsom,Account Director,Broadsystem,,linkedin.com/in/chris-poulsom-3148771,,Director,blitz,https://www.linkedin.com/company/broadsystem,Advertising Services,GB,GB,pass,unknown,industry unknown
Chris,Scruggs,Chris Scruggs,Owner,Universal CIT,,linkedin.com/in/chris-scruggs-66b2b87,,C-Team,blitz,https://www.linkedin.com/company/universal-cit,Events Services,US,US,pass,unknown,industry unknown
Chris,Skubal,Chris Skubal,VP,Future Designs,,linkedin.com/in/chris-skubal-3b1a8b63,,VP,blitz,https://www.linkedin.com/company/future-designs,Design Services,US,US,pass,unknown,industry unknown
Chris,Sylvester,Chris Sylvester,Sr VP Sales Development,CorpLogoWare,,linkedin.com/in/chris-sylvester-9932116,,VP,blitz,https://www.linkedin.com/company/corplogoware,Advertising Services,US,US,pass,unknown,industry unknown
Chris,Thacker,Chris Thacker,Chief Technology Officer,PHMG,phmg.com,linkedin.com/in/chris-thacker-78449011,,C-Team,blitz,https://www.linkedin.com/company/phmg,,GB,GB,pass,unknown,industry unknown
Chris,Van Der Hoest,Chris Van Der Hoest,Owner,Hotel Frankendael,,linkedin.com/in/chris-van-der-hoest-5814196,,C-Team,blitz,https://www.linkedin.com/company/ilpero&p,Advertising Services,NL,NL,pass,unknown,industry unknown
Christian,Smith,Christian Smith,Head of Rental Operations x Logistics,Dynamic Event Co.,,linkedin.com/in/chrisbedynamic4,,Director,blitz,https://www.linkedin.com/company/dynamic-event-services-llc,Events Services,US,US,pass,unknown,industry unknown
Chris,Cathcart,Chris Cathcart,Fractional CMO,The Marketing Centre,themarketingcentre.com,linkedin.com/in/chriscathcart,,C-Team,blitz,https://www.linkedin.com/company/the-marketing-centre,,GB,GB,pass,unknown,industry unknown
Chris,Burton,Chris Burton,Fractional CMO | Portfolio Marketing Director | Marketing Consultant,The Marketing Centre,themarketingcentre.com,linkedin.com/in/chrisgburton,,C-Team,blitz,https://www.linkedin.com/company/the-marketing-centre,,GB,GB,pass,unknown,industry unknown
Chris,Hood,Chris Hood,"Senior Director, Marketing, Apartments.com",Apartments.com,apartments.com,linkedin.com/in/chrishoodga,,Director,blitz,https://www.linkedin.com/company/apartments-com,Advertising Services,US,US,pass,unknown,industry unknown
Chris,Lawrence,Chris Lawrence,Photographer & Director,Chris Lawrence,,linkedin.com/in/chrislawrenceph,,Director,blitz,https://www.linkedin.com/company/chris-lawrence,Graphic Design,IT,US,pass,unknown,industry unknown
Christa,"Gott, RN, BSN","Christa Gott, RN, BSN",Executive Vice President,Vaniam Group,vaniamgroup.com,linkedin.com/in/christa-gott,,VP,blitz,https://www.linkedin.com/company/vaniam-group,Advertising Services,US,US,pass,unknown,industry unknown
Christel,Bierkens,Christel Bierkens,Owner,Crystal Events,,linkedin.com/in/christel-bierkens-5bb49a11,,C-Team,blitz,https://www.linkedin.com/company/crystal-events,Events Services,NL,NL,pass,unknown,industry unknown
Chris,Tesoriero,Chris Tesoriero,"Director, Insights",Suzy,suzy.com,linkedin.com/in/christesoriero,,Director,blitz,https://www.linkedin.com/company/asksuzy,Market Research,US,US,pass,unknown,industry unknown
Christian,Gregersen,Christian Gregersen,Owner,Effect Media,,linkedin.com/in/christian-gregersen-798186,,C-Team,blitz,https://www.linkedin.com/company/effect-media,Advertising Services,DK,US,pass,unknown,industry unknown
Christian,Henderson,Christian Henderson,CEO,"CPA Market, LLC",,linkedin.com/in/christian-henderson-982b261,,C-Team,blitz,https://www.linkedin.com/company/cpa-market-llc,Advertising Services,US,US,pass,unknown,industry unknown
Christian,Savelli,Christian Savelli,Director Information Management,Maritz McGettigan,,linkedin.com/in/christian-savelli-a31b14,,Director,blitz,https://www.linkedin.com/company/maritz-mcgettigan,Events Services,US,US,pass,unknown,industry unknown
Christina,Götz,Christina Götz,Geschäftsführer,somefriends Management,,linkedin.com/in/christina-götz-a8247a183,,C-Team,blitz,https://www.linkedin.com/company/somefriends-management,Advertising Services,DE,US,pass,unknown,industry unknown
Christina,McCormick,Christina McCormick,Director Of Rehabilitation,Woodside Manor Nursing Home,,linkedin.com/in/christina-mccormick-62453953,,Director,blitz,https://www.linkedin.com/company/woodside-manor-nursing-home,Advertising Services,US,US,pass,unknown,industry unknown
Christina,Bensien,Christina Bensien,Junior Art Director,DOCK26,dock26.de,linkedin.com/in/christinabensien,,Director,blitz,https://www.linkedin.com/company/werbeagentur-dock26,,DE,DE,pass,unknown,industry unknown
Christine,Burn LGSM(Hons)ALAM,Christine Burn LGSM(Hons)ALAM,Founder,Lunch,,linkedin.com/in/christine-burn-lgsm-hons-alam-731b403,,C-Team,blitz,https://www.linkedin.com/company/lunch,Advertising Services,GB,US,pass,unknown,industry unknown
Christine,Cimko,Christine Cimko,Sr. Vice President,Dittus Communications,,linkedin.com/in/christine-cimko-34581ab,,VP,blitz,https://www.linkedin.com/company/dittus-communications,Public Relations and Communications Services,US,US,pass,unknown,industry unknown
Christine,Smith,Christine Smith,Sirens Club Owner,Sirens,,linkedin.com/in/christine-smith-470730129,,C-Team,blitz,https://www.linkedin.com/company/sirens,Events Services,US,US,pass,unknown,industry unknown
Christine,Spelson,Christine Spelson,Owner of Profit-Tell Chicagoland,Profit-Tell International,,linkedin.com/in/christine-spelson-ba3b913,,C-Team,blitz,https://www.linkedin.com/company/profit-tell-international,Advertising Services,US,US,pass,unknown,industry unknown
Christine,Urban,Christine Urban,Owner,Urban & Associates,,linkedin.com/in/christine-urban-6646721,,C-Team,blitz,https://www.linkedin.com/company/urban-&-associates,Market Research,US,US,pass,unknown,industry unknown
Christine,DeMartino,Christine DeMartino,Travel Director,Maritz McGettigan,,linkedin.com/in/christinedemartino,,Director,blitz,https://www.linkedin.com/company/maritz-mcgettigan,Events Services,US,US,pass,unknown,industry unknown
Christine,Durkin  MBA,Christine Durkin MBA,Regional Director – Southern,The Marketing Centre,themarketingcentre.com,linkedin.com/in/christinedurkinmba,,Director,blitz,https://www.linkedin.com/company/the-marketing-centre,Advertising Services,GB,GB,pass,unknown,industry unknown
Christine,Moses,Christine Moses,Fractional CMO,The Marketing Centre,themarketingcentre.com,linkedin.com/in/christinemoses,,C-Team,blitz,https://www.linkedin.com/company/the-marketing-centre,,GB,GB,pass,unknown,industry unknown
Christine,Peacock,Christine Peacock,Creative Strategist/Creative Director,Image Magic,,linkedin.com/in/christinequattrypeacock,,Director,blitz,https://www.linkedin.com/company/image-magic,Public Relations and Communications Services,US,US,pass,unknown,industry unknown
Christoph A.,Reimers,Christoph A. Reimers,Geschäftsführender Gesellschafter,Accelery GmbH,accelery.de,linkedin.com/in/christoph-a-reimers-26124921a,,C-Team,blitz,https://www.linkedin.com/company/accelery-gmbh,,DE,DE,pass,unknown,industry unknown
Christophe,Cortes,Christophe Cortes,Entrepreneur,Moi-meme,,linkedin.com/in/christophe-cortes-4aa525311,,C-Team,blitz,https://www.linkedin.com/company/moi-meme,Graphic Design,FR,FR,pass,unknown,industry unknown
Christophe,Delbe,Christophe Delbe,Directeur de création,Publicis Lille,,linkedin.com/in/christophe-delbe-6a7a27127,,Director,blitz,https://www.linkedin.com/company/publicis-lille,Advertising Services,FR,FR,pass,unknown,industry unknown
Christophe,Fauconnier,Christophe Fauconnier,Director Synovate Censydiam WE,Synovate Censydiam,,linkedin.com/in/christophe-fauconnier-a032431,,Director,blitz,https://www.linkedin.com/company/synovate-censydiam,Market Research,BE,BE,pass,unknown,industry unknown
Christophe,Haviland,Christophe Haviland,Commercial Director,JPG,,linkedin.com/in/christophe-haviland-1159352,,Director,blitz,https://www.linkedin.com/company/jpg,Advertising Services,FR,FR,pass,unknown,industry unknown
Christopher,Brackett,Christopher Brackett,Creative Director,Vocabulary,,linkedin.com/in/christopher-brackett-002125162,,Director,blitz,https://www.linkedin.com/company/vocabularyco,Marketing Services,US,US,pass,unknown,industry unknown
Christopher,DeRothschild,Christopher DeRothschild,President,Young & Rubican,,linkedin.com/in/christopher-derothschild-4018a6134,,C-Team,blitz,https://www.linkedin.com/company/young-&-rubican,Advertising Services,US,US,pass,unknown,industry unknown
Christopher,Friday,Christopher Friday,Executive Director,Erie Parking Authority,,linkedin.com/in/christopher-friday-a73b2524,,Director,blitz,https://www.linkedin.com/company/erie-parking-authority,Advertising Services,US,US,pass,unknown,industry unknown
Christopher,Levonyak,Christopher Levonyak,"Director, Business Strategy",Vaniam Group,vaniamgroup.com,linkedin.com/in/christopher-levonyak-b94701125,,Director,blitz,https://www.linkedin.com/company/vaniam-group,Advertising Services,US,US,pass,unknown,industry unknown
Christopher,Renfrow,Christopher Renfrow,Director of Forwarding,AIP Solutions,,linkedin.com/in/christopher-renfrow-b758138,,Director,blitz,https://www.linkedin.com/company/aip-solutions,Design Services,US,US,pass,unknown,industry unknown
Christopher,Suttles,Christopher Suttles,President,Genesis Respiratory Services,,linkedin.com/in/christopher-suttles-623b792b0,,C-Team,blitz,https://www.linkedin.com/company/genesis-respiratory-services,Graphic Design,US,US,pass,unknown,industry unknown
Christopher,Vincent,Christopher Vincent,Director,Paparazzi,,linkedin.com/in/christopher-vincent-6654ab190,,Director,blitz,https://www.linkedin.com/company/paparazzi,Advertising Services,US,US,pass,unknown,industry unknown
Christopher,Woodfin,Christopher Woodfin,Owner/President,PR Solutions,,linkedin.com/in/christopher-woodfin-07b4b77,,C-Team,blitz,https://www.linkedin.com/company/pr-solutions,Public Relations and Communications Services,US,US,pass,unknown,industry unknown
Christy,Morris,Christy Morris,Owner,Tantastic Tanning Salon,,linkedin.com/in/christy-morris-0b9943b4,,C-Team,blitz,https://www.linkedin.com/company/tantastic-tanning-salon,Public Relations and Communications Services,US,US,pass,unknown,industry unknown
Chuck,McCann,Chuck McCann,Owner/CEO,Arena Media Networks,,linkedin.com/in/chuck-mccann-691239b,,C-Team,blitz,https://www.linkedin.com/company/arena-media-networks,Advertising Services,US,US,pass,unknown,industry unknown
Chuck,Pennoni,Chuck Pennoni,Chairman,Pennoni,pennoni.com,linkedin.com/in/chuck-pennoni-2b004471,,C-Team,blitz,https://www.linkedin.com/company/pennoni,Design Services,US,US,pass,unknown,industry unknown
Chuck,D.,Chuck D.,"VP Go-to-Market, Marketing and Customer Advocacy",CXC,,linkedin.com/in/chuckdrake,,VP,blitz,https://www.linkedin.com/company/cxc,Advertising Services,US,US,pass,unknown,industry unknown
Chung,Ho,Chung Ho,Owner,Business Partner,,linkedin.com/in/chung-ho-b870bb3,,C-Team,blitz,https://www.linkedin.com/company/business-partner,Advertising Services,US,US,pass,unknown,industry unknown
Cindi,Webber,Cindi Webber,Sales Director,Greg Christian Catering,,linkedin.com/in/cindi-webber-1158015,,Director,blitz,https://www.linkedin.com/company/greg-christian-catering,Events Services,US,US,pass,unknown,industry unknown
Cindy,Crowhurst,Cindy Crowhurst,Owner,Initials,,linkedin.com/in/cindy-crowhurst-3b1bb26,,C-Team,blitz,https://www.linkedin.com/company/initials,Advertising Services,US,US,pass,unknown,industry unknown
Cindy,Depasquale,Cindy Depasquale,Media Director,Argiz Advertising,,linkedin.com/in/cindy-depasquale-4a17718,,Director,blitz,https://www.linkedin.com/company/argiz-advertising,Advertising Services,US,US,pass,unknown,industry unknown
Cindy,Diekhans,Cindy Diekhans,"Director Merchandising, Sourcing and Vendor Relations",Cyrk,,linkedin.com/in/cindy-diekhans-3193189,,Director,blitz,https://www.linkedin.com/company/cyrk,Advertising Services,US,US,pass,unknown,industry unknown
Cindy,Maug,Cindy Maug,owner,Just Sew,,linkedin.com/in/cindy-maug-0744083b,,C-Team,blitz,https://www.linkedin.com/company/just-sew,Design,US,GB,pass,unknown,industry unknown
ciro,velotti,ciro velotti,titolare pizzeria,AZIENDA GENERALE RISTORAZIONE ITALIANA S.R.L. IN SIGLA A.G.R.I. S.R.L.,,linkedin.com/in/ciro-velotti-8503911aa,,C-Team,blitz,https://www.linkedin.com/company/azienda-generale-ristorazione-italiana-s.r.l.-in-sigla-a.g.r.i.-s.r.l.,Events Services,IT,IT,pass,unknown,industry unknown
CKR,Inc,CKR Inc,Owner,CKR Group,,linkedin.com/in/ckr-inc-531388,,C-Team,blitz,https://www.linkedin.com/company/ckr-group,Advertising Services,US,US,pass,unknown,industry unknown
Claire,Davies,Claire Davies,Director of Financial Operations & Employee Trust Director,PHMG,phmg.com,linkedin.com/in/claire-davies-40462537,,Director,blitz,https://www.linkedin.com/company/phmg,Advertising Services,GB,GB,pass,unknown,industry unknown
Claire,Hatten,Claire Hatten,"VP, Interactive & Direct Marketing",ComGroup,,linkedin.com/in/claire-hatten-771533,,VP,blitz,https://www.linkedin.com/company/comgroup,Advertising Services,US,US,pass,unknown,industry unknown
Claire,Hollenbeck,Claire Hollenbeck,Head of Implementation- North America,PHMG,phmg.com,linkedin.com/in/claire-hollenbeck-a2413712b,,Director,blitz,https://www.linkedin.com/company/phmg,Advertising Services,GB,GB,pass,unknown,industry unknown
claire,Townsend,claire Townsend,Account Director,Creative Juice,,linkedin.com/in/claire-townsend-60607715,,Director,blitz,https://www.linkedin.com/company/creative-juice,Advertising Services,GB,GB,pass,unknown,industry unknown
Claire,Croft,Claire Croft,Deputy Planning Director,Craik Jones,,linkedin.com/in/clairecroft,,Director,blitz,https://www.linkedin.com/company/craik-jones,Advertising Services,GB,GB,pass,unknown,industry unknown
Clark,Gargan,Clark Gargan,Sales Director,Paradigm Development Group,,linkedin.com/in/clark-gargan-6b1811200,,Director,blitz,https://www.linkedin.com/company/paradigmdevgrp,Advertising Services,US,US,pass,unknown,industry unknown
Claudia,Arganese,Claudia Arganese,Junior Art Director,Arkage,welcometothearkage.com,linkedin.com/in/claudia-arganese-343687192,,Director,blitz,https://www.linkedin.com/company/arkage,,IT,IT,pass,unknown,industry unknown
Claudia,Garcia,Claudia Garcia,Managing Director,GTM Services,,linkedin.com/in/claudia-garcia-3028761b6,,C-Team,blitz,https://www.linkedin.com/company/gtm-services,Public Relations and Communications Services,US,US,pass,unknown,industry unknown
Claudia,Gassel,Claudia Gassel,director,Crobar,,linkedin.com/in/claudia-gassel-2287241,,Director,blitz,https://www.linkedin.com/company/crobar,Advertising Services,US,US,pass,unknown,industry unknown
Claudia,Gassel,Claudia Gassel,Director,Crobar,,linkedin.com/in/claudia-gassel-3b38881,,Director,blitz,https://www.linkedin.com/company/crobar,Advertising Services,US,US,pass,unknown,industry unknown
Claudia,Lin,Claudia Lin,VP of Marketing & Communications,Rice Undergraduate Marketing Association (RUMA),,linkedin.com/in/claudia-lin-b39548188,,VP,blitz,https://www.linkedin.com/company/riceundergraduatemarketingassociation,Marketing Services,US,US,pass,unknown,industry unknown
Claudia,Luongo,Claudia Luongo,"Head of Account, Project Manager & Digital Marketing",Corax,corax.business,linkedin.com/in/claudia-luongo,,Director,blitz,https://www.linkedin.com/company/corax-digital-media,,IT,IT,pass,unknown,industry unknown
Claudio,Ciatti,Claudio Ciatti,Founder,Arkage,welcometothearkage.com,linkedin.com/in/claudio-ciatti-0aa6b691,,C-Team,blitz,https://www.linkedin.com/company/arkage,,IT,IT,pass,unknown,industry unknown
Claudio,Corini,Claudio Corini,Chief Operating Officer,Corax,corax.business,linkedin.com/in/claudio-corini-3b0878ab,,C-Team,blitz,https://www.linkedin.com/company/corax-digital-media,,IT,IT,pass,unknown,industry unknown
Claudio,Ledda,Claudio Ledda,DIRECTOR FINANCE 6 TREASURY,Allaxia,,linkedin.com/in/claudio-ledda-29247b,,Director,blitz,https://www.linkedin.com/company/allaxia,Advertising Services,IT,IT,pass,unknown,industry unknown
Claudio,Prillwitz,Claudio Prillwitz,Chief Operating Officer,Dschungel,,linkedin.com/in/claudioprillwitz,,C-Team,blitz,https://www.linkedin.com/company/marketingdschungel,Marketing Services,DE,DE,pass,unknown,industry unknown
Claus,Tømming,Claus Tømming,Co- Ceo,Kidz Entertainment,,linkedin.com/in/claus-tømming-0389b7,,C-Team,blitz,https://www.linkedin.com/company/kidz-entertainment,Advertising Services,DK,DK,pass,unknown,industry unknown
Clay,Neigher,Clay Neigher,Creative Director and Brand Strategist,Creative Strategy,,linkedin.com/in/clayneigher,,Director,blitz,https://www.linkedin.com/company/creative-strategy,Advertising Services,US,US,pass,unknown,industry unknown
cliff,moore,cliff moore,OWNER/OPERATOR,CCM Enterprises,,linkedin.com/in/cliff-moore-a409a1a5,,C-Team,blitz,https://www.linkedin.com/company/ccm-enterprises,Advertising Services,US,US,pass,unknown,industry unknown
Clive,Gibbins,Clive Gibbins,Director of Global Operations,NOP World,,linkedin.com/in/clive-gibbins-255269,,Director,blitz,https://www.linkedin.com/company/nop-world,Market Research,GB,US,pass,unknown,industry unknown
Cllr Christine,Banton,Cllr Christine Banton,DIRECTOR,AZI,,linkedin.com/in/cllr-christine-banton-05761936,,Director,blitz,https://www.linkedin.com/company/azi,Design Services,GB,US,pass,unknown,industry unknown
CMS,DOCTORS,CMS DOCTORS,Founder CMS Dr's,BS Central Inc.,,linkedin.com/in/cms-doctors-863a8b116,,C-Team,blitz,https://www.linkedin.com/company/roosevelt-valley-special-education-co-op,Graphic Design,US,US,pass,unknown,industry unknown
Cody,Ritsema,Cody Ritsema,Director of Named Accounts,Loon,,linkedin.com/in/cody-ritsema,,Director,blitz,https://www.linkedin.com/company/go-clover,Marketing Services,US,US,pass,unknown,industry unknown
cody,stephen,cody stephen,Project Director,Exoridior Analytical Services,,linkedin.com/in/cody-stephen-113625107,,Director,blitz,https://www.linkedin.com/company/exoridior,Events Services,GB,US,pass,unknown,industry unknown
Col,Phillips,Col Phillips,Owner,KP Communications,,linkedin.com/in/col-phillips-3642382a,,C-Team,blitz,https://www.linkedin.com/company/kp-communications,Public Relations and Communications Services,US,GB,pass,unknown,industry unknown
Cole,McKellar,Cole McKellar,Senior Vice President,SalesLogic,,linkedin.com/in/cole-mckellar-1300031,,VP,blitz,https://www.linkedin.com/company/saleslogic,Advertising Services,US,GB,pass,unknown,industry unknown
Colette,Porter,Colette Porter,Portfolio Marketing Director,The Marketing Centre,themarketingcentre.com,linkedin.com/in/colette-p-39a8b6a,,Director,blitz,https://www.linkedin.com/company/the-marketing-centre,Advertising Services,GB,GB,pass,unknown,industry unknown
Coley,Schaan Amaro,Coley Schaan Amaro,Executive Director,Luna Azul,,linkedin.com/in/coley-schaan-amaro-803732146,,Director,blitz,https://www.linkedin.com/company/luna-azul,Graphic Design,US,US,pass,unknown,industry unknown
Colin,Jacques,Colin Jacques,DIRECTEUR,CoLin,,linkedin.com/in/colin-jacques-0ba47382,,Director,blitz,https://www.linkedin.com/company/colin,Public Relations and Communications Services,FR,US,pass,unknown,industry unknown
Colin,Kelly,Colin Kelly,"Senior Director, Business Operations",BPI Group,bpigroup.com,linkedin.com/in/colin-kelly-baabbb120,,Director,blitz,https://www.linkedin.com/company/bully-pulpit-international,Advertising Services,US,US,pass,unknown,industry unknown
Colin,Mulqueen,Colin Mulqueen,Senior Art Director,Brandon Advertising,,linkedin.com/in/colin-mulqueen-7b92839,,Director,blitz,https://www.linkedin.com/company/brandon-advertising,Advertising Services,US,US,pass,unknown,industry unknown
Colin,Murchie,Colin Murchie,Business Development Director,GRP,,linkedin.com/in/colin-murchie-ab03b213,,Director,blitz,https://www.linkedin.com/company/grp,Advertising Services,GB,US,pass,unknown,industry unknown
Colin,Scott,Colin Scott,Owner,GRP,,linkedin.com/in/colin-scott-16a9961,,C-Team,blitz,https://www.linkedin.com/company/grp,Advertising Services,GB,US,pass,unknown,industry unknown
Colin,Strong,Colin Strong,Director,NOP World,,linkedin.com/in/colin-strong-257537,,Director,blitz,https://www.linkedin.com/company/nop-world,Market Research,GB,US,pass,unknown,industry unknown
Colin,Wiggins,Colin Wiggins,Regional Director-Operations,Passage Events,,linkedin.com/in/colin-wiggins-95b34b4,,Director,blitz,https://www.linkedin.com/company/passage-events,Advertising Services,US,US,pass,unknown,industry unknown
Colin,Stickland,Colin Stickland,Regional Director (Eastern Counties & East Midlands),The Marketing Centre,themarketingcentre.com,linkedin.com/in/colinstickland,,Director,blitz,https://www.linkedin.com/company/the-marketing-centre,Advertising Services,GB,GB,pass,unknown,industry unknown
Colleen,Dohm,Colleen Dohm,Account Director,Heritage Werks,heritagewerks.com,linkedin.com/in/colleen-dohm,,Director,blitz,https://www.linkedin.com/company/heritage-werks,Advertising Services,US,US,pass,unknown,industry unknown
Collier,Craft,Collier Craft,President,Dittus Communications,,linkedin.com/in/collier-craft-b676933,,C-Team,blitz,https://www.linkedin.com/company/dittus-communications,Public Relations and Communications Services,US,US,pass,unknown,industry unknown
🧑🏻‍💻Collin,D.,🧑🏻‍💻Collin D.,Chief Product Officer,Loon,,linkedin.com/in/collinedavis,,C-Team,blitz,https://www.linkedin.com/company/go-clover,Marketing Services,US,US,pass,unknown,industry unknown
Alicia,Collins,Alicia Collins,Head of Talent Partnerships + Social Media,Digital Media Management,digitalmediamanagement.com,linkedin.com/in/collinsalicia,,Director,blitz,https://www.linkedin.com/company/digital-media-management,Advertising Services,US,US,pass,unknown,industry unknown
Commitment,Zahid,Commitment Zahid,Director of Operations,Commitment,,linkedin.com/in/commitment,,Director,blitz,https://www.linkedin.com/company/commitment,Events Services,US,US,pass,unknown,industry unknown
Connie,Berry,Connie Berry,"Director, Marketing & Creative",Marketing Alliance Group,mktalliance.com,linkedin.com/in/connieeberry,,Director,blitz,https://www.linkedin.com/company/marketing-alliance-group,Advertising Services,US,US,pass,unknown,industry unknown
Connie,Demas Tsoumanis,Connie Demas Tsoumanis,President Club Winner - Sales Executive,Apartments.com,apartments.com,linkedin.com/in/connietsoumanis,,C-Team,blitz,https://www.linkedin.com/company/apartments-com,Advertising Services,US,US,pass,unknown,industry unknown
Constantine,Georgiades,Constantine Georgiades,Marketing & Public Relations Director,Eye Candy Media,,linkedin.com/in/constantine-georgiades-9249b4,,Director,blitz,https://www.linkedin.com/company/eye-candy-media,Advertising Services,GB,US,pass,unknown,industry unknown
Coralys,Julian,Coralys Julian,Director of Operations,Cien Marketing Inc.,,linkedin.com/in/coralys-julian-345895207,,Director,blitz,https://www.linkedin.com/company/cien-marketing-inc.,Advertising Services,US,US,pass,unknown,industry unknown
Corby,Carrico,Corby Carrico,Director of Strategic Accounts,Marketing Alliance Group,mktalliance.com,linkedin.com/in/corbycampbell,,Director,blitz,https://www.linkedin.com/company/marketing-alliance-group,Advertising Services,US,US,pass,unknown,industry unknown
Caylan,Cordaro,Caylan Cordaro,Chief Executive Officer,The Camelot Agency,,linkedin.com/in/cordarocaylan,,C-Team,blitz,https://www.linkedin.com/company/camelot-contracting-llc,Marketing Services,US,US,pass,unknown,industry unknown
Corey,A.,Corey A.,Ceo And Co-Founder,Abstract Concepts Inc.,,linkedin.com/in/corey-a-602b0b6,,C-Team,blitz,https://www.linkedin.com/company/abstract-concepts-inc.,Advertising Services,US,US,pass,unknown,industry unknown
Corey,Wagner,Corey Wagner,Head of New Business,Suzy,suzy.com,linkedin.com/in/corey-wagner-48304285,,Director,blitz,https://www.linkedin.com/company/asksuzy,Market Research,US,US,pass,unknown,industry unknown
Corey,Goldstone,Corey Goldstone,"Director, Strategic Communications",BPI Group,bpigroup.com,linkedin.com/in/coreygoldstone,,Director,blitz,https://www.linkedin.com/company/bully-pulpit-international,Advertising Services,US,US,pass,unknown,industry unknown
Corey,Nieder,Corey Nieder,Vice President of Sales,PHMG,phmg.com,linkedin.com/in/coreynieder,,VP,blitz,https://www.linkedin.com/company/phmg,,US,GB,pass,unknown,industry unknown
Cory,Foxx,Cory Foxx,Sr.VP of Sales,AdIQ,,linkedin.com/in/cory-foxx-876764115,,VP,blitz,https://www.linkedin.com/company/adiq,Advertising Services,US,US,pass,unknown,industry unknown
Cory,Leytham,Cory Leytham,Vice President of Sales,Hopkins & Raines Staffed Events,,linkedin.com/in/cory-leytham-b49ab267,,VP,blitz,https://www.linkedin.com/company/hopkins-&-raines-staffed-events,Events Services,US,US,pass,unknown,industry unknown
Cosmin,Cret,Cosmin Cret,Owner,Brandstorm,,linkedin.com/in/cosmin-cret-62a4891,,C-Team,blitz,https://www.linkedin.com/company/brandstorm,Advertising Services,RO,US,pass,unknown,industry unknown
Costin,Mayer-Suhr,Costin Mayer-Suhr,CTO,TerraCom,,linkedin.com/in/costin-mayer-suhr-7660b85,,C-Team,blitz,https://www.linkedin.com/company/terracom,Events Services,DE,US,pass,unknown,industry unknown
Courtney,White,Courtney White,Director of Event Operations,Crystal Gardens,,linkedin.com/in/courtney-white-70687192,,Director,blitz,https://www.linkedin.com/company/crystal-gardens,Events Services,US,US,pass,unknown,industry unknown
Coutheillas,Thomas,Coutheillas Thomas,Owner,Welldone,,linkedin.com/in/coutheillas-thomas-957426,,C-Team,blitz,https://www.linkedin.com/company/welldone,Advertising Services,FR,US,pass,unknown,industry unknown
CPA,Charlotte M. Johnston,CPA Charlotte M. Johnston,Owner,Johnston & Associates,,linkedin.com/in/cpa-charlotte-m-johnston-9004754,,C-Team,blitz,https://www.linkedin.com/company/johnston-&-associates,Market Research,US,US,pass,unknown,industry unknown
Chris,Palmer,Chris Palmer,Regional Vice President,Apartments.com,apartments.com,linkedin.com/in/cpalmer5,,VP,blitz,https://www.linkedin.com/company/apartments-com,Advertising Services,US,US,pass,unknown,industry unknown
Crab,Craboothius,Crab Craboothius,Chief Executive Officer,Crab,,linkedin.com/in/crab-craboothius-098470277,,C-Team,blitz,https://www.linkedin.com/company/crab,Design Services,US,US,pass,unknown,industry unknown
Craig,Boots,Craig Boots,Owner,The Graphic Shop,,linkedin.com/in/craig-boots-311201188,,C-Team,blitz,https://www.linkedin.com/company/the-graphic-shop,Design Services,US,US,pass,unknown,industry unknown
Craig,Boyle,Craig Boyle,VP,Equitec,,linkedin.com/in/craig-boyle-323426,,VP,blitz,https://www.linkedin.com/company/equitec,Advertising Services,US,US,pass,unknown,industry unknown
Craig,Collins,Craig Collins,Business Owner,Landscape Lighting Design,,linkedin.com/in/craig-collins-238b19120,,C-Team,blitz,https://www.linkedin.com/company/landscape-lighting-design,Design Services,US,US,pass,unknown,industry unknown
Craig,McKinney,Craig McKinney,Creative Director & Advisor,Reynolds & Associates,,linkedin.com/in/craig-mckinney,,Director,blitz,https://www.linkedin.com/company/reynolds-&-associates,Advertising Services,US,US,pass,unknown,industry unknown
Craig,Yakatan,Craig Yakatan,President,Ksy Enterprises Inc,,linkedin.com/in/craig-yakatan-75980712b,,C-Team,blitz,https://www.linkedin.com/company/ksy-enterprises-inc,Advertising Services,US,US,pass,unknown,industry unknown
Craig,Rouse,Craig Rouse,"Owner, Creative Director and Graphic Designer",R Design,,linkedin.com/in/craigrouserdesignllc,,C-Team,blitz,https://www.linkedin.com/company/r-design,Design,US,US,pass,unknown,industry unknown
Creative Juice,Admin,Creative Juice Admin,Chief Executive Officer,Creative Juice,,linkedin.com/in/creative-juice-admin-9a74071a0,,C-Team,blitz,https://www.linkedin.com/company/creative-juice,Advertising Services,HU,GB,pass,unknown,industry unknown
Cris,Carrano,Cris Carrano,Director,Continental Promotion Group,,linkedin.com/in/cris-carrano-0b0149a,,Director,blitz,https://www.linkedin.com/company/continental-promotion-group,Advertising Services,US,US,pass,unknown,industry unknown
cristian,bae,cristian bae,Chief Operations Officer,O Block,,linkedin.com/in/cristian-bae-048a6a2b4,,C-Team,blitz,https://www.linkedin.com/company/o-block,Design,US,US,pass,unknown,industry unknown
Cristian,Bencze,Cristian Bencze,Owner,Cougar Publicitate,,linkedin.com/in/cristian-bencze-56528875,,C-Team,blitz,https://www.linkedin.com/company/cougar-publicitate,Advertising Services,RO,RO,pass,unknown,industry unknown
Cristian,Marchio,Cristian Marchio,Direttore,RISTORAZIONE DOC S.R.L.,,linkedin.com/in/cristian-marchio-63354b17a,,Director,blitz,https://www.linkedin.com/company/ristorazione-doc-s.r.l.,Events Services,IT,IT,pass,unknown,industry unknown
Cristiana,Bianchi di Lavagna,Cristiana Bianchi di Lavagna,Chief Financial Officer,DNATA S.R.L.,,linkedin.com/in/cristiana-bianchi-di-lavagna,,C-Team,blitz,https://www.linkedin.com/company/dnata-s.r.l.,Events Services,FR,IT,pass,unknown,industry unknown
Cristina,Cavicchini,Cristina Cavicchini,Junior Art Director,Arkage,welcometothearkage.com,linkedin.com/in/cristina-cavicchini-084834274,,Director,blitz,https://www.linkedin.com/company/arkage,,IT,IT,pass,unknown,industry unknown
Cristina,Jerez,Cristina Jerez,Socio gerente,PRETTY NAILS,,linkedin.com/in/cristina-jerez-b90a10213,,C-Team,blitz,https://www.linkedin.com/company/pretty-nails,Advertising Services,ES,US,pass,unknown,industry unknown
Colm,Cronin,Colm Cronin,"Owner, Digital Marketer, Web Designer",Forward Marketing,,linkedin.com/in/cronincolm,,C-Team,blitz,https://www.linkedin.com/company/forward-marketing,Advertising Services,IE,US,pass,unknown,industry unknown
cruzito,cruz,cruzito cruz,Propietario de restaurante,Black Olive,,linkedin.com/in/cruzito-cruz-7935652b9,,C-Team,blitz,https://www.linkedin.com/company/black-olive,Design Services,US,GB,pass,unknown,industry unknown
Crystal,Ebert,Crystal Ebert,Director - Digital & Comms,BPI Group,bpigroup.com,linkedin.com/in/crystal-ebert-61796131,,Director,blitz,https://www.linkedin.com/company/bully-pulpit-international,Advertising Services,US,US,pass,unknown,industry unknown
Cumbermack,Mike,Cumbermack Mike,cfo,Innovative Communication,,linkedin.com/in/cumbermack-mike-49047928,,C-Team,blitz,https://www.linkedin.com/company/innovative-communication,Advertising Services,US,US,pass,unknown,industry unknown
Curtis,Milton,Curtis Milton,Founder,Future Designs,,linkedin.com/in/curtis-milton-018041a0,,C-Team,blitz,https://www.linkedin.com/company/future-designs,Design Services,US,US,pass,unknown,industry unknown
CurtisAu,Au,CurtisAu Au,Group Creative Director,The Guild Group,,linkedin.com/in/curtisau-au-4852119,,Director,blitz,https://www.linkedin.com/company/the-guild-group,Advertising Services,US,US,pass,unknown,industry unknown
Custom,Cleanings,Custom Cleanings,Company Owner,CUSTOM CLEANING,,linkedin.com/in/custom-cleanings-266446260,,C-Team,blitz,https://www.linkedin.com/company/custom-cleaning,Advertising Services,US,US,pass,unknown,industry unknown
Cyber Knight Limited,IT and IT'es,Cyber Knight Limited IT and IT'es,Director,EXPO INDIA,,linkedin.com/in/cyberknight,,Director,blitz,https://www.linkedin.com/company/expo-india,Events Services,GB,US,pass,unknown,industry unknown
Cynthia,Hilliard,Cynthia Hilliard,Asst. to CEO,CoActive Marketing Group,,linkedin.com/in/cynthia-hilliard-58b3706,,C-Team,blitz,https://www.linkedin.com/company/coactive-marketing-group,Advertising Services,US,US,pass,unknown,industry unknown
Cyril,Law,Cyril Law,Technology and Systems Director,Broadsystem,,linkedin.com/in/cyril-law-39253114,,Director,blitz,https://www.linkedin.com/company/broadsystem,Advertising Services,GB,GB,pass,unknown,industry unknown
D,B,D B,"VP, Audience Management",Suzy,suzy.com,linkedin.com/in/d-b-3424b1221,,VP,blitz,https://www.linkedin.com/company/asksuzy,Market Research,US,US,pass,unknown,industry unknown
D.B.,SLOAN,D.B. SLOAN,CEO,The Sloan Group,,linkedin.com/in/d-b-sloan-04420172,,C-Team,blitz,https://www.linkedin.com/company/the-sloan-group,Advertising Services,US,US,pass,unknown,industry unknown
D.D.,Cobb,D.D. Cobb,Regional Director,Apartments.com,apartments.com,linkedin.com/in/d-d-cobb-77288948,,Director,blitz,https://www.linkedin.com/company/apartments-com,Advertising Services,US,US,pass,unknown,industry unknown
Dabla,Billmeier,Dabla Billmeier,President,Forward Marketing,,linkedin.com/in/dabla,,C-Team,blitz,https://www.linkedin.com/company/forward-marketing,Advertising Services,US,US,pass,unknown,industry unknown
Adrian,"Marin, JD","Adrian Marin, JD","Executive Director, Business Strategy",Vaniam Group,vaniamgroup.com,linkedin.com/in/dadrianmarin,,Director,blitz,https://www.linkedin.com/company/vaniam-group,Advertising Services,US,US,pass,unknown,industry unknown
Dain,DeGroff,Dain DeGroff,Board Member or Observer,Suzy,suzy.com,linkedin.com/in/dain-degroff-47ba452,,Director,blitz,https://www.linkedin.com/company/asksuzy,Market Research,US,US,pass,unknown,industry unknown
Daisy,Adams,Daisy Adams,Head of Cloud Computing Data,Performance Lists,,linkedin.com/in/daisy-adams-11981222,,Director,blitz,https://www.linkedin.com/company/performance-lists,Advertising Services,GB,US,pass,unknown,industry unknown
Dale,Green,Dale Green,Owner,MREC (Mike Ryan Exhibitor Consultants),,linkedin.com/in/dale-green-72853b80,,C-Team,blitz,https://www.linkedin.com/company/mrec-mike-ryan-exhibitor-consultants-,Advertising Services,US,US,pass,unknown,industry unknown
Dale,Sloan,Dale Sloan,Director,RS PROPERTY MAINTENANCE LIMITED,,linkedin.com/in/dale-sloan-447b46b7,,Director,blitz,https://www.linkedin.com/company/rs-property-maintenance-limited,Advertising Services,GB,GB,pass,unknown,industry unknown
Dale,Markgraf,Dale Markgraf,Owner,Extreme Vehicle Concepts,,linkedin.com/in/dalemarkgraf,,C-Team,blitz,https://www.linkedin.com/company/extreme-vehicle-concepts,Design Services,US,US,pass,unknown,industry unknown
Dalia,Moroni,Dalia Moroni,Founder & Strategic Planner,Artificio-Comunicazione,artificio-comunicazione.it,linkedin.com/in/dalia-moroni-90b7332a,,C-Team,blitz,https://www.linkedin.com/company/artificio-comunicazione,,IT,IT,pass,unknown,industry unknown
Paul,Daligan,Paul Daligan,Head of Creative Operations,BPI Group,bpigroup.com,linkedin.com/in/daligan,,Director,blitz,https://www.linkedin.com/company/bully-pulpit-international,Advertising Services,US,US,pass,unknown,industry unknown
Damian,Traynor,Damian Traynor,Fractional Marketing Director,The Marketing Centre,themarketingcentre.com,linkedin.com/in/damian-traynor-9463742,,Director,blitz,https://www.linkedin.com/company/the-marketing-centre,Advertising Services,GB,GB,pass,unknown,industry unknown
Damien,C.,Damien C.,Client Director,STERLING COOPER DRAPER PRYCE LTD,,linkedin.com/in/damien-c-624b01198,,Director,blitz,https://www.linkedin.com/company/sterling-cooper-draper-pryce-ltd,Advertising Services,US,GB,pass,unknown,industry unknown
Damien,Lagadec,Damien Lagadec,Auto-entrepreneur,Freelance Event/Project Manager,,linkedin.com/in/damien-lagadec,,C-Team,blitz,https://www.linkedin.com/company/freelance-event-projects-manager,Events Services,FR,GB,pass,unknown,industry unknown
Damien,M.,Damien M.,CEO & Co Founder,Konect Group,,linkedin.com/in/damien-m-56722621a,,C-Team,blitz,https://www.linkedin.com/company/konect-group-,Marketing Services,FR,FR,pass,unknown,industry unknown
Damien,SUDREAU,Damien SUDREAU,Owner,Action Marketing,,linkedin.com/in/damien-sudreau-6421182,,C-Team,blitz,https://www.linkedin.com/company/action-marketing,Advertising Services,FR,US,pass,unknown,industry unknown
Damon,Caudill,Damon Caudill,ceo,Eden,,linkedin.com/in/damon-caudill-90174622,,C-Team,blitz,https://www.linkedin.com/company/eden,Design Services,US,NL,pass,unknown,industry unknown
Dan,Bailey,Dan Bailey,Director of Traffic,Navajo,,linkedin.com/in/dan-bailey-7482b92,,Director,blitz,https://www.linkedin.com/company/navajo,Advertising Services,US,US,pass,unknown,industry unknown
Dan,Becker,Dan Becker,Sr. Vice President of Sales,The CMI Network,,linkedin.com/in/dan-becker-9079b11,,VP,blitz,https://www.linkedin.com/company/the-cmi-network,Advertising Services,US,US,pass,unknown,industry unknown
Dan,Byers,Dan Byers,Owner,Daddy,,linkedin.com/in/dan-byers-9b0bb64,,C-Team,blitz,https://www.linkedin.com/company/daddy,Advertising Services,US,SE,pass,unknown,industry unknown
Dan,Glaviano,Dan Glaviano,President,DM Marketing,,linkedin.com/in/dan-glaviano-695872a5,,C-Team,blitz,https://www.linkedin.com/company/dm-marketing,Advertising Services,US,US,pass,unknown,industry unknown
Dan,Hudson,Dan Hudson,Owner,Helena Plays Games,,linkedin.com/in/dan-hudson-7556a4143,,C-Team,blitz,https://www.linkedin.com/company/helenaplaysgames,Advertising Services,US,GB,pass,unknown,industry unknown
Dan,"Johnson, Ph.D.","Dan Johnson, Ph.D.",Owner,Creative Presentations,,linkedin.com/in/dan-johnson-ph-d-2668383,,C-Team,blitz,https://www.linkedin.com/company/creative-presentations,Events Services,US,US,pass,unknown,industry unknown
DAN,MCCORMICK,DAN MCCORMICK,Director of Tennis,Eastern Yacht Club,,linkedin.com/in/dan-mccormick-692664279,,Director,blitz,https://www.linkedin.com/company/eastern-yacht-club,Public Relations and Communications Services,US,US,pass,unknown,industry unknown
Dan,Popa,Dan Popa,Conference Director,Media On,,linkedin.com/in/dan-popa-4998101,,Director,blitz,https://www.linkedin.com/company/media-on,Advertising Services,RO,US,pass,unknown,industry unknown
Dan,Pritsker,Dan Pritsker,"Senior Account Director, Brand Practice Lead",Heritage Werks,heritagewerks.com,linkedin.com/in/dan-pritsker-7b814267,,Director,blitz,https://www.linkedin.com/company/heritage-werks,Advertising Services,US,US,pass,unknown,industry unknown
Dan,Rindos,Dan Rindos,v.p.,Bargain News,,linkedin.com/in/dan-rindos-568a831,,Director,blitz,https://www.linkedin.com/company/bargain-news,Graphic Design,US,US,pass,unknown,industry unknown
Dan,Roman,Dan Roman,"Chairman, CEO",Roman BrandGroup,,linkedin.com/in/dan-roman-2636724,,C-Team,blitz,https://www.linkedin.com/company/roman-brandgroup,Advertising Services,US,US,pass,unknown,industry unknown
Dan,Sanchez,Dan Sanchez,Vice President - Editorial Director,The Enthusiast Network,,linkedin.com/in/dan-sanchez-1336313,,VP,blitz,https://www.linkedin.com/company/the-enthusiast-network,Advertising Services,US,US,pass,unknown,industry unknown
Dan,Slayton,Dan Slayton,Owner,D and D Enterprises,,linkedin.com/in/dan-slayton-4896b687,,C-Team,blitz,https://www.linkedin.com/company/d-and-d-enterprises,Advertising Services,US,US,pass,unknown,industry unknown
Dana,Houlihan,Dana Houlihan,Owner,Inspire By Design,,linkedin.com/in/dana-houlihan-989456102,,C-Team,blitz,https://www.linkedin.com/company/inspire-by-design,Graphic Design,US,US,pass,unknown,industry unknown
Dana,Kornbluth,Dana Kornbluth,Director,Blackrock Consultants,,linkedin.com/in/dana-kornbluth-545321187,,Director,blitz,https://www.linkedin.com/company/blackrock-consultants-inc,Advertising Services,US,US,pass,unknown,industry unknown
Dana,Marshall,Dana Marshall,Director of Sales and Marketing,Sharp Events,,linkedin.com/in/dana-marshall-6382815,,Director,blitz,https://www.linkedin.com/company/sharp-events,Events Services,US,US,pass,unknown,industry unknown
Dana,Olson,Dana Olson,Managing Director,Ignite - Turning Energy into Income,,linkedin.com/in/dana-olson-ab095034,,C-Team,blitz,https://www.linkedin.com/company/ignite---turning-energy-into-income_2,Advertising Services,US,US,pass,unknown,industry unknown
Dana,Sterner,Dana Sterner,Sales Director,Jukeboxx Media,,linkedin.com/in/dana-sterner,,Director,blitz,https://www.linkedin.com/company/jukeboxx-media,Advertising Services,US,US,pass,unknown,industry unknown
Dana,Wall,Dana Wall,"National Director, Client Relations",PSB Integrated Marketing,,linkedin.com/in/dana-wall-b555484,,Director,blitz,https://www.linkedin.com/company/psb-integrated-marketing,Advertising Services,US,US,pass,unknown,industry unknown
Dana,Wotruba,Dana Wotruba,Art Director,Rick Johnson & Company,,linkedin.com/in/dana-wotruba-a397566,,Director,blitz,https://www.linkedin.com/company/rick-johnson-&-company,Advertising Services,US,US,pass,unknown,industry unknown
Dan,Alexander,Dan Alexander,CEO | Founder,Bold Collective,boldcollective.co,linkedin.com/in/danalexander99,,C-Team,blitz,https://www.linkedin.com/company/theboldcollective,Advertising Services,US,US,pass,unknown,industry unknown
Daniel,Barbato PE,Daniel Barbato PE,Vice President and Office Director,Pennoni,pennoni.com,linkedin.com/in/danbarbato,,VP,blitz,https://www.linkedin.com/company/pennoni,Design Services,US,US,pass,unknown,industry unknown
Danette,Mann,Danette Mann,Owner/Artist,D M Designs,,linkedin.com/in/danette-mann-07754166,,C-Team,blitz,https://www.linkedin.com/company/d-m-designs,Design Services,US,US,pass,unknown,industry unknown
Dan,Green,Dan Green,"VP, Public Relations",Resource Advantage,,linkedin.com/in/dangreen23,,VP,blitz,https://www.linkedin.com/company/resource-advantage,Advertising Services,US,US,pass,unknown,industry unknown
Dani,Lavoie,Dani Lavoie,President,TURF,,linkedin.com/in/dani-lavoie-491ab7178,,C-Team,blitz,https://www.linkedin.com/company/turf,Advertising Services,US,US,pass,unknown,industry unknown
Danica,Grujičić,Danica Grujičić,Chief Executive Officer,Loft 19,,linkedin.com/in/danica-grujičić-b58229138,,C-Team,blitz,https://www.linkedin.com/company/loft19,Marketing Services,RS,RS,pass,unknown,industry unknown
Daniel,Alb,Daniel Alb,Owner,Brandstorm,,linkedin.com/in/daniel-alb-b503ba1,,C-Team,blitz,https://www.linkedin.com/company/brandstorm,Advertising Services,RO,US,pass,unknown,industry unknown
Daniel,Baur,Daniel Baur,Founder,Maximus Marketing,,linkedin.com/in/daniel-baur-a2706b107,,C-Team,blitz,https://www.linkedin.com/company/maximus-marketing-ab,Advertising Services,DE,SE,pass,unknown,industry unknown
Daniel,Boucher,Daniel Boucher,Director,Determined Productions Inc.,,linkedin.com/in/daniel-boucher-2124a37,,Director,blitz,https://www.linkedin.com/company/determined-productions-inc.,Graphic Design,US,US,pass,unknown,industry unknown
daniel,carter,daniel carter,CEO,Taking Care of Business,,linkedin.com/in/daniel-carter-956bb2126,,C-Team,blitz,https://www.linkedin.com/company/taking-care-of-business,Advertising Services,US,NL,pass,unknown,industry unknown
Daniel,Greenhalgh,Daniel Greenhalgh,Client Care Director,PHMG,phmg.com,linkedin.com/in/daniel-greenhalgh-a1a4912ba,,Director,blitz,https://www.linkedin.com/company/phmg,Advertising Services,GB,GB,pass,unknown,industry unknown
Daniel,Holmes,Daniel Holmes,Director or Marketing,E-Com Solutions,,linkedin.com/in/daniel-holmes-505b3b14a,,Director,blitz,https://www.linkedin.com/company/e-com-solutions,Advertising Services,US,FR,pass,unknown,industry unknown
Daniel,Kippycash,Daniel Kippycash,President,The Momentum Group,,linkedin.com/in/daniel-kippycash-7121284,,C-Team,blitz,https://www.linkedin.com/company/the-momentum-group,Advertising Services,US,US,pass,unknown,industry unknown
Daniel,Lunness,Daniel Lunness,Chief Operating Officer,Acroud Media,,linkedin.com/in/daniel-lunness-773ab7b2,,C-Team,blitz,https://www.linkedin.com/company/acroud-media,Marketing Services,GB,US,pass,unknown,industry unknown
Daniel,Mally,Daniel Mally,"Mitinhaber, CEO und VR Del.",DialogWorld AG,dialogworld.ch,linkedin.com/in/daniel-mally-94b15136,,C-Team,blitz,https://www.linkedin.com/company/dialogworld,,CH,CH,pass,unknown,industry unknown
Daniel,Rabinal,Daniel Rabinal,Director de proyecto,Ju & Jo Eventos,,linkedin.com/in/daniel-rabinal-91383515b,,Director,blitz,https://www.linkedin.com/company/business-by-ju-&-jo,Events Services,ES,ES,pass,unknown,industry unknown
...Daniel,Schmidt,...Daniel Schmidt,Director Sales &  Business Development (Global),Loylogic,loylogic.com,linkedin.com/in/daniel-schmidt-dtc-loyalty,,Director,blitz,https://www.linkedin.com/company/loylogic,,CH,CH,pass,unknown,industry unknown
Daniel,Scicluna,Daniel Scicluna,Chief Technology Officer,Horizon Web Ltd,,linkedin.com/in/daniel-scicluna-0262a344,,C-Team,blitz,https://www.linkedin.com/company/horizon-web-ltd,Marketing Services,MT,US,pass,unknown,industry unknown
Daniel,Taibleson,Daniel Taibleson,Director - Insights,BPI Group,bpigroup.com,linkedin.com/in/daniel-taibleson-184653116,,Director,blitz,https://www.linkedin.com/company/bully-pulpit-international,Advertising Services,US,US,pass,unknown,industry unknown
Daniel,Williams,Daniel Williams,Owner-Operator,Dj Designs,,linkedin.com/in/daniel-williams-02524513b,,C-Team,blitz,https://www.linkedin.com/company/dj-designs,Graphic Design,US,US,pass,unknown,industry unknown
Daniel,Yerena,Daniel Yerena,Managing Partner,The Red Group,,linkedin.com/in/daniel-yerena-673a504,,C-Team,blitz,https://www.linkedin.com/company/the-red-group,Advertising Services,US,US,pass,unknown,industry unknown
Danielle,Diggs,Danielle Diggs,ceo,Mar-Tech & Finance,,linkedin.com/in/danielle-diggs-b6871657,,C-Team,blitz,https://www.linkedin.com/company/mar-tech-&-finance,Public Relations and Communications Services,US,FR,pass,unknown,industry unknown
Danielle,Duncan,Danielle Duncan,Owner/Associate broker,Duncan & Associates,,linkedin.com/in/danielle-duncan-73a67713,,C-Team,blitz,https://www.linkedin.com/company/duncan-&-associates,Advertising Services,US,US,pass,unknown,industry unknown
Danielle,Jensen,Danielle Jensen,Director of Analytics,Digital Media Management,digitalmediamanagement.com,linkedin.com/in/danielle-jensen-52249282,,Director,blitz,https://www.linkedin.com/company/digital-media-management,Advertising Services,US,US,pass,unknown,industry unknown
Danielle,Wade,Danielle Wade,Owner,Mafioso PR,,linkedin.com/in/danielle-wade-b62882,,C-Team,blitz,https://www.linkedin.com/company/mafioso-pr,Public Relations and Communications Services,US,US,pass,unknown,industry unknown
Daniel,Watson,Daniel Watson,Managing Director,BPI Group,bpigroup.com,linkedin.com/in/danielmwatson,,C-Team,blitz,https://www.linkedin.com/company/bully-pulpit-international,Advertising Services,US,US,pass,unknown,industry unknown
Daniel,Tummeley,Daniel Tummeley,"Director, Kitcaster by Moburst",Moburst - Growth Done Right,moburst.com,linkedin.com/in/danieltummeley,,Director,blitz,https://www.linkedin.com/company/moburst,Advertising Services,US,US,pass,unknown,industry unknown
Daniel,Lafferty,Daniel Lafferty,SVP of Sales,PHMG,phmg.com,linkedin.com/in/danlafferty,,VP,blitz,https://www.linkedin.com/company/phmg,,US,GB,pass,unknown,industry unknown
Dan,LaFontaine,Dan LaFontaine,Co-Founder - COO/CFO,Suzy,suzy.com,linkedin.com/in/danlafontaine,,C-Team,blitz,https://www.linkedin.com/company/asksuzy,Market Research,US,US,pass,unknown,industry unknown
Danny,Eden,Danny Eden,Owner,Pink Design,,linkedin.com/in/danny-eden-5699033,,C-Team,blitz,https://www.linkedin.com/company/pink-design,Design,FI,US,pass,unknown,industry unknown
Danny,Franklin,Danny Franklin,Partner,BPI Group,bpigroup.com,linkedin.com/in/danny-franklin-97240a,,C-Team,blitz,https://www.linkedin.com/company/bully-pulpit-international,Advertising Services,US,US,pass,unknown,industry unknown
Danny,Frasier,Danny Frasier,Owner,Singer Direct,,linkedin.com/in/danny-frasier-bb21b06,,C-Team,blitz,https://www.linkedin.com/company/singer-direct,Advertising Services,US,US,pass,unknown,industry unknown
Danny,Russell,Danny Russell,Vice President of Sales & Marketing,Basic Printing and More,,linkedin.com/in/danny-russell-51422571,,VP,blitz,https://www.linkedin.com/company/basic-printing-and-more,Graphic Design,US,US,pass,unknown,industry unknown
Danny,van der Ploeg,Danny van der Ploeg,Eigenaar,Myosotis,,linkedin.com/in/danny-van-der-ploeg-11b89492,,C-Team,blitz,https://www.linkedin.com/company/myosotis,Graphic Design,NL,US,pass,unknown,industry unknown
Dan,Willson,Dan Willson,Head of Sales Enablement,PHMG,phmg.com,linkedin.com/in/danwillson,,Director,blitz,https://www.linkedin.com/company/phmg,Advertising Services,GB,GB,pass,unknown,industry unknown
Darci J.,Bailey,Darci J. Bailey,CEO,Major Tom,,linkedin.com/in/darci-j-bailey-ab0188125,,C-Team,blitz,https://www.linkedin.com/company/major-tom,Events Services,US,NL,pass,unknown,industry unknown
Darek,Wolicki,Darek Wolicki,Dyrektor Serwisu,OTC INTERNATIONAL,,linkedin.com/in/darek-wolicki-7ab84b,,Director,blitz,https://www.linkedin.com/company/otc-international,Design Services,PL,US,pass,unknown,industry unknown
Darius,Radford,Darius Radford,Security Director,Click Tactics,,linkedin.com/in/darius-radford-7696871,,Director,blitz,https://www.linkedin.com/company/click-tactics,Advertising Services,US,US,pass,unknown,industry unknown
Darlene,Campbell,Darlene Campbell,Processing Director,PromoCorp,,linkedin.com/in/darlene-campbell-7303524,,Director,blitz,https://www.linkedin.com/company/promocorp,Advertising Services,US,US,pass,unknown,industry unknown
Daron,C.,Daron C.,Senior Director—Speechwriting & Executive Communications,BPI Group,bpigroup.com,linkedin.com/in/daron-christopher,,Director,blitz,https://www.linkedin.com/company/bully-pulpit-international,Advertising Services,US,US,pass,unknown,industry unknown
Darrell,Franklin,Darrell Franklin,Owner,FMG Suite,fmgsuite.com,linkedin.com/in/darrell-franklin-843a9940,,C-Team,blitz,https://www.linkedin.com/company/fmg-suite,Advertising Services,US,US,pass,unknown,industry unknown
Darren,Colebrook,Darren Colebrook,CEO,Acroud Media,,linkedin.com/in/darren-colebrook-11b6b099,,C-Team,blitz,https://www.linkedin.com/company/acroud-media,Marketing Services,GB,US,pass,unknown,industry unknown
Darren,Hawkins,Darren Hawkins,Planning Director,Poulters,,linkedin.com/in/darren-hawkins-9a91909,,Director,blitz,https://www.linkedin.com/company/poulters,Advertising Services,GB,GB,pass,unknown,industry unknown
Darrin,Walter,Darrin Walter,Director,Snap Marketing,,linkedin.com/in/darrin-walter-7baa55157,,Director,blitz,https://www.linkedin.com/company/snap-marketing,Advertising Services,US,US,pass,unknown,industry unknown
Darryl,Cannady,Darryl Cannady,owner,Legends Barber Shop,,linkedin.com/in/darryl-cannady-70777933,,C-Team,blitz,https://www.linkedin.com/company/legends-barber-shop,Design Services,US,US,pass,unknown,industry unknown
Dave,Burk,Dave Burk,Regional Director,Fanfare Media Works,,linkedin.com/in/dave-burk-b6622b2,,Director,blitz,https://www.linkedin.com/company/fanfare-media-works,Advertising Services,US,US,pass,unknown,industry unknown
Dave,Goetz,Dave Goetz,Owner,CZ Marketing,,linkedin.com/in/dave-goetz-3b1b168,,C-Team,blitz,https://www.linkedin.com/company/cz-marketing,Advertising Services,US,US,pass,unknown,industry unknown
Dave,Golden,Dave Golden,Owner,Earthscapes Landscaping,,linkedin.com/in/dave-golden-a24a2418,,C-Team,blitz,https://www.linkedin.com/company/earthscapes-landscaping,Market Research,US,US,pass,unknown,industry unknown
Dave,Lewandowski,Dave Lewandowski,VP,Al Paul Lefton Co.,,linkedin.com/in/dave-lewandowski-863b7812,,VP,blitz,https://www.linkedin.com/company/al-paul-lefton-co.,Advertising Services,US,US,pass,unknown,industry unknown
Dave,Liang,Dave Liang,SVP of Platinum Network,e.d.s.dezign,,linkedin.com/in/dave-liang-1443b316,,VP,blitz,https://www.linkedin.com/company/e.d.s.dezign,Design,US,US,pass,unknown,industry unknown
Dave,Long,Dave Long,Owner,NWM,,linkedin.com/in/dave-long-084a372,,C-Team,blitz,https://www.linkedin.com/company/nwm,Advertising Services,US,US,pass,unknown,industry unknown
Dave,Malat,Dave Malat,CFO,Rhombus,,linkedin.com/in/dave-malat-b4147b1,,C-Team,blitz,https://www.linkedin.com/company/rhombus,Advertising Services,US,US,pass,unknown,industry unknown
Dave,Matusiak,Dave Matusiak,Head of Talent,BPI Group,bpigroup.com,linkedin.com/in/dave-matusiak-3284a1327,,Director,blitz,https://www.linkedin.com/company/bully-pulpit-international,Advertising Services,US,US,pass,unknown,industry unknown
Dave,Rayburn,Dave Rayburn,CEO,Socialzing,,linkedin.com/in/dave-rayburn-aa756621,,C-Team,blitz,https://www.linkedin.com/company/qs2,Advertising Services,US,US,pass,unknown,industry unknown
Dave,Reyburn,Dave Reyburn,Executive Creative Director,Roman BrandGroup,,linkedin.com/in/dave-reyburn-0616411,,Director,blitz,https://www.linkedin.com/company/roman-brandgroup,Advertising Services,US,US,pass,unknown,industry unknown
Dave,Shaw,Dave Shaw,Vice President,TateAustin,,linkedin.com/in/dave-shaw-408297,,VP,blitz,https://www.linkedin.com/company/tateaustin,Public Relations and Communications Services,US,US,pass,unknown,industry unknown
Dave,Spreitzer,Dave Spreitzer,Business Owner,Campus Pub,,linkedin.com/in/dave-spreitzer-240a0615b,,C-Team,blitz,https://www.linkedin.com/company/campus-pub,Advertising Services,US,US,pass,unknown,industry unknown
Dave,Thompson,Dave Thompson,"Director, 3D",REZN8,,linkedin.com/in/dave-thompson-0646a53,,Director,blitz,https://www.linkedin.com/company/rezn8,Graphic Design,US,US,pass,unknown,industry unknown
Dave,"Matusiak, SPHR, SHRM-SCP","Dave Matusiak, SPHR, SHRM-SCP",Senior Director - Head of Talent,BPI Group,bpigroup.com,linkedin.com/in/davematusiak,,Director,blitz,https://www.linkedin.com/company/bully-pulpit-international,Advertising Services,US,US,pass,unknown,industry unknown
David,Alexander Williams,David Alexander Williams,Managing Director,Synth,,linkedin.com/in/david-alexander-williams-55b6062b,,C-Team,blitz,https://www.linkedin.com/company/synthlondon,Public Relations and Communications Services,GB,GB,pass,unknown,industry unknown
David,Archer,David Archer,Owner,Falcon Enterprises,,linkedin.com/in/david-archer-b1947995,,C-Team,blitz,https://www.linkedin.com/company/falcon-enterprises,Graphic Design,US,US,pass,unknown,industry unknown
David,Balliet,David Balliet,Freelance Lighting Director,Staging Techniques,,linkedin.com/in/david-balliet-34533915,,Director,blitz,https://www.linkedin.com/company/staging-techniques,Events Services,US,US,pass,unknown,industry unknown
David,Bergfeld,David Bergfeld,Video Director,Creative Freelaner,,linkedin.com/in/david-bergfeld-8b3196127,,Director,blitz,https://www.linkedin.com/company/creative-freelaner,Design Services,US,GB,pass,unknown,industry unknown
David & Beryl,Holmes,David & Beryl Holmes,Owner,TAPPS,,linkedin.com/in/david-beryl-holmes-1a167a3,,C-Team,blitz,https://www.linkedin.com/company/tapps,Advertising Services,US,NL,pass,unknown,industry unknown
David,Bradbury,David Bradbury,Sr. Vice President - Sales,Ocean Design,,linkedin.com/in/david-bradbury-a734125,,VP,blitz,https://www.linkedin.com/company/ocean-design,Design Services,US,US,pass,unknown,industry unknown
David,Bronson,David Bronson,Vice President,CorpLogoWare,,linkedin.com/in/david-bronson-837967,,VP,blitz,https://www.linkedin.com/company/corplogoware,Advertising Services,US,US,pass,unknown,industry unknown
David,Burgett,David Burgett,general contractor // Owner,Creative Constructions,,linkedin.com/in/david-burgett-9784b948,,C-Team,blitz,https://www.linkedin.com/company/creative-constructions,Events Services,US,NL,pass,unknown,industry unknown
David,Cook,David Cook,Owner,Quality Connections,,linkedin.com/in/david-cook-1939436,,C-Team,blitz,https://www.linkedin.com/company/quality-connections,Advertising Services,US,US,pass,unknown,industry unknown
David,Frank,David Frank,Office Director,Pennoni,pennoni.com,linkedin.com/in/david-frank-8073a452,,Director,blitz,https://www.linkedin.com/company/pennoni,Design Services,US,US,pass,unknown,industry unknown
David,Gagnon,David Gagnon,VP of Sales,Southern Marketing Associates,,linkedin.com/in/david-gagnon-235b1b6,,VP,blitz,https://www.linkedin.com/company/creative-marketing-associates,Advertising Services,US,US,pass,unknown,industry unknown
David,Gardineer,David Gardineer,IT Director,PERQ/HCI,,linkedin.com/in/david-gardineer-5393aa11,,Director,blitz,https://www.linkedin.com/company/perqhci,Market Research,US,US,pass,unknown,industry unknown
David,Gillette,David Gillette,President of Property Management,"Residential Property Management, Inc.",,linkedin.com/in/david-gillette-a814b0161,,C-Team,blitz,https://www.linkedin.com/company/residential-property-management-inc.,Advertising Services,US,US,pass,unknown,industry unknown
David,Granath,David Granath,Account Director,Storåkers McCann,,linkedin.com/in/david-granath-4a8a8,,Director,blitz,https://www.linkedin.com/company/storakers-mccann,Advertising Services,SE,SE,pass,unknown,industry unknown
David,Ives,David Ives,President/COO,Townsend Agency,,linkedin.com/in/david-ives-7928601,,C-Team,blitz,https://www.linkedin.com/company/townsend-agency,Advertising Services,US,US,pass,unknown,industry unknown
David,Jacobson,David Jacobson,SVP,NOP World,,linkedin.com/in/david-jacobson-4601ba,,VP,blitz,https://www.linkedin.com/company/nop-world,Market Research,US,US,pass,unknown,industry unknown
David,Jacobson,David Jacobson,Senior VP,NOP World,,linkedin.com/in/david-jacobson-a61748,,VP,blitz,https://www.linkedin.com/company/nop-world,Market Research,US,US,pass,unknown,industry unknown
David,Jäkle,David Jäkle,Director of Operations Systems & Automation,Renaissance Growth,,linkedin.com/in/david-jaekle,,Director,blitz,https://www.linkedin.com/company/renaissance-growth,Marketing Services,DE,US,pass,unknown,industry unknown
David Jason,Green,David Jason Green,Director of Operations,Creative Live Limited,,linkedin.com/in/david-jason-green-178684199,,Director,blitz,https://www.linkedin.com/company/creative-live-limited,Events Services,GB,GB,pass,unknown,industry unknown
David,Kalson,David Kalson,Partner,Beacon Advisors,,linkedin.com/in/david-kalson-86436253,,C-Team,blitz,https://www.linkedin.com/company/beacon-advisors,Public Relations and Communications Services,US,US,pass,unknown,industry unknown
David,King,David King,Sales Director,Home-based business,,linkedin.com/in/david-king-829a3351,,Director,blitz,https://www.linkedin.com/company/home-based-business_2,Advertising Services,GB,PL,pass,unknown,industry unknown
David,Kuijsters,David Kuijsters,Online Marketing Consultant | Eigenaar,PositiveDigits,positivedigits.com,linkedin.com/in/david-kuijsters,,C-Team,blitz,https://www.linkedin.com/company/positivedigits,,NL,NL,pass,unknown,industry unknown
David,Lang,David Lang,Owner,LPC Public Relations,,linkedin.com/in/david-lang-3bb71b4,,C-Team,blitz,https://www.linkedin.com/company/lpc-public-relations,Public Relations and Communications Services,US,US,pass,unknown,industry unknown
David,Latourell,David Latourell,Director,Snap Marketing,,linkedin.com/in/david-latourell-683ab46,,Director,blitz,https://www.linkedin.com/company/snap-marketing,Advertising Services,US,US,pass,unknown,industry unknown
DAVID,LAWRENCE,DAVID LAWRENCE,GROUP PLANNING DIRECTOR,Logistix,,linkedin.com/in/david-lawrence-9098421,,Director,blitz,https://www.linkedin.com/company/logistix,Advertising Services,GB,US,pass,unknown,industry unknown
David,Lester,David Lester,Director Of Sales Marketing,Sharp Events,,linkedin.com/in/david-lester-559391173,,Director,blitz,https://www.linkedin.com/company/sharp-events,Events Services,US,US,pass,unknown,industry unknown
David,McDonald,David McDonald,"Chairman of Board, CEO",Sunshine Media Group,,linkedin.com/in/david-mcdonald-4370aa7,,C-Team,blitz,https://www.linkedin.com/company/sunshine-media-group,Advertising Services,US,US,pass,unknown,industry unknown
David,Nicholls,David Nicholls,Director,Market Communications,,linkedin.com/in/david-nicholls-583392,,Director,blitz,https://www.linkedin.com/company/market-communications,Advertising Services,GB,US,pass,unknown,industry unknown
david,norheim,david norheim,entrepreneur,Neon Lights,,linkedin.com/in/david-norheim-1841a9155,,C-Team,blitz,https://www.linkedin.com/company/neon-lights,Advertising Services,US,US,pass,unknown,industry unknown
David,Oliver,David Oliver,Marketing Director,The Marketing Centre,themarketingcentre.com,linkedin.com/in/david-oliver-81bb6812,,Director,blitz,https://www.linkedin.com/company/the-marketing-centre,Advertising Services,GB,GB,pass,unknown,industry unknown
David,Roberts,David Roberts,Owner,Arena Media Networks,,linkedin.com/in/david-roberts-644615,,C-Team,blitz,https://www.linkedin.com/company/arena-media-networks,Advertising Services,US,US,pass,unknown,industry unknown
David,Russo,David Russo,Owner,Sign Me Up Signs,,linkedin.com/in/david-russo-5a86961a,,C-Team,blitz,https://www.linkedin.com/company/sign-me-up-signs,Advertising Services,US,US,pass,unknown,industry unknown
David,Samson,David Samson,Owner,Adville/USA,,linkedin.com/in/david-samson-57933a5,,C-Team,blitz,https://www.linkedin.com/company/advilleusa,Advertising Services,US,US,pass,unknown,industry unknown
David,Samson,David Samson,President,Adville/USA,,linkedin.com/in/david-samson-6738925,,C-Team,blitz,https://www.linkedin.com/company/advilleusa,Advertising Services,US,US,pass,unknown,industry unknown
David,Shute,David Shute,director,Brand Engine,,linkedin.com/in/david-shute-3b942a,,Director,blitz,https://www.linkedin.com/company/brand-engine,Design Services,GB,US,pass,unknown,industry unknown
David,Smith,David Smith,Field Promotions Director,MatchPoint Marketing,,linkedin.com/in/david-smith-920b464,,Director,blitz,https://www.linkedin.com/company/matchpoint-marketing,Advertising Services,US,US,pass,unknown,industry unknown
David,Ellis,David Ellis,Owner,Digital Creations,,linkedin.com/in/davidellis62,,C-Team,blitz,https://www.linkedin.com/company/digital-creations,Graphic Design,US,US,pass,unknown,industry unknown
David,Fenton,David Fenton,Regional Director (Thames Valley) with the Marketing Centre - Proven Marketing Leaders.,The Marketing Centre,themarketingcentre.com,linkedin.com/in/davidifenton,,Director,blitz,https://www.linkedin.com/company/the-marketing-centre,Advertising Services,GB,GB,pass,unknown,industry unknown
David,Goodman,David Goodman,Director of AI Transformation,Moburst - Growth Done Right,moburst.com,linkedin.com/in/davidjamesgoodman,,Director,blitz,https://www.linkedin.com/company/moburst,Advertising Services,GB,US,pass,unknown,industry unknown
David,Long,David Long,Marketing Director,The Marketing Centre,themarketingcentre.com,linkedin.com/in/davidlong,,Director,blitz,https://www.linkedin.com/company/the-marketing-centre,Advertising Services,GB,GB,pass,unknown,industry unknown
David,Whiting,David Whiting,Partner,BPI Group,bpigroup.com,linkedin.com/in/davidswhiting,,C-Team,blitz,https://www.linkedin.com/company/bully-pulpit-international,Advertising Services,US,US,pass,unknown,industry unknown
Davoud,Farnoush,Davoud Farnoush,Director,BPI Group,bpigroup.com,linkedin.com/in/davoud-farnoush,,Director,blitz,https://www.linkedin.com/company/bully-pulpit-international,Advertising Services,US,US,pass,unknown,industry unknown
Davy,Vosch,Davy Vosch,Owner,Borg as,,linkedin.com/in/davy-vosch-1765351,,C-Team,blitz,https://www.linkedin.com/company/borg-as,Advertising Services,BE,NO,pass,unknown,industry unknown
Dawn,Hubbard,Dawn Hubbard,Owner,La Fleur,,linkedin.com/in/dawn-hubbard-76a7221a,,C-Team,blitz,https://www.linkedin.com/company/la-fleur,Events Services,US,US,pass,unknown,industry unknown
Dawn,Myers,Dawn Myers,Sr. Research Director,Common Knowledge,,linkedin.com/in/dawn-myers-309360,,Director,blitz,https://www.linkedin.com/company/common-knowledge,Market Research,US,US,pass,unknown,industry unknown
Dawn,Schroeder,Dawn Schroeder,Owner,Adworks,,linkedin.com/in/dawn-schroeder-b2a98a58,,C-Team,blitz,https://www.linkedin.com/company/adworks,Advertising Services,US,US,pass,unknown,industry unknown
Dave,Christensen,Dave Christensen,CEO & Co-founder,FMG Suite,fmgsuite.com,linkedin.com/in/dcbuilds,,C-Team,blitz,https://www.linkedin.com/company/fmg-suite,Advertising Services,US,US,pass,unknown,industry unknown
David,Rodas,David Rodas,"Director of Engineering, Vestorly",FMG Suite,fmgsuite.com,linkedin.com/in/ddre54,,Director,blitz,https://www.linkedin.com/company/fmg-suite,Advertising Services,US,US,pass,unknown,industry unknown
Dean,Langley,Dean Langley,Creative Director | Founder DL-LTD,DL-LTD,,linkedin.com/in/dean-langley,,C-Team,blitz,https://www.linkedin.com/company/dlltd,Advertising Services,US,US,pass,unknown,industry unknown
Deanna,van Gestel,Deanna van Gestel,CEO,Vaniam Group,vaniamgroup.com,linkedin.com/in/deanna-van-gestel-415881,,C-Team,blitz,https://www.linkedin.com/company/vaniam-group,Advertising Services,US,US,pass,unknown,industry unknown
Dean,Reader,Dean Reader,Co-Founder,GIFTA,,linkedin.com/in/deanreader,,C-Team,blitz,https://www.linkedin.com/company/giftauk,Advertising Services,GB,GB,pass,unknown,industry unknown
Deb,Kelley,Deb Kelley,Account Director,CoActive Marketing Group,,linkedin.com/in/deb-kelley-4b4628,,Director,blitz,https://www.linkedin.com/company/coactive-marketing-group,Advertising Services,US,US,pass,unknown,industry unknown
Deb,La Plante,Deb La Plante,HR Director,MRM Gillespie,,linkedin.com/in/deb-la-plante-9314217,,Director,blitz,https://www.linkedin.com/company/mrm-gillespie,Advertising Services,US,US,pass,unknown,industry unknown
Debbie,Betts,Debbie Betts,Owner,Moka,,linkedin.com/in/debbie-betts-a3822a6,,C-Team,blitz,https://www.linkedin.com/company/moka,Graphic Design,US,IT,pass,unknown,industry unknown
Debbie,Lovell,Debbie Lovell,President,Display Concepts,,linkedin.com/in/debbie-lovell-89548b2,,C-Team,blitz,https://www.linkedin.com/company/display-concepts,Advertising Services,US,US,pass,unknown,industry unknown
Debbie,Lovell,Debbie Lovell,Owner,Display Concepts,,linkedin.com/in/debbie-lovell-a6b2024,,C-Team,blitz,https://www.linkedin.com/company/display-concepts,Advertising Services,US,US,pass,unknown,industry unknown
Debbie,DiCerbo,Debbie DiCerbo,Freelance Graphic Designer | Art Director | Creative Director,Dj Designs,,linkedin.com/in/debbiedicerbo,,Director,blitz,https://www.linkedin.com/company/dj-designs,Graphic Design,US,US,pass,unknown,industry unknown
Debby,Harris,Debby Harris,VP Procurement,MatchPoint Marketing,,linkedin.com/in/debby-harris-a5421a20,,VP,blitz,https://www.linkedin.com/company/matchpoint-marketing,Advertising Services,US,US,pass,unknown,industry unknown
Deborah,freedman,Deborah freedman,Director of Sales,Ziment,,linkedin.com/in/deborah-freedman-4bb9223,,Director,blitz,https://www.linkedin.com/company/ziment,Market Research,US,US,pass,unknown,industry unknown
Deborah,Ioli,Deborah Ioli,Vice President Shopper Marketing,MatchPoint Marketing,,linkedin.com/in/deborah-ioli-ba450912,,VP,blitz,https://www.linkedin.com/company/matchpoint-marketing,Advertising Services,US,US,pass,unknown,industry unknown
Deborah,Lind,Deborah Lind,Owner,LINDESIGN,,linkedin.com/in/deborahlind,,C-Team,blitz,https://www.linkedin.com/company/lindesign,Design Services,US,US,pass,unknown,industry unknown
Debor~ah,Holland,Debor~ah Holland,Owner,C.H.E.F.,,linkedin.com/in/debor~ah-holland-63645220,,C-Team,blitz,https://www.linkedin.com/company/c.h.e.f.,Events Services,US,NL,pass,unknown,industry unknown
Debra,Brown,Debra Brown,Cook/ restaurant owner,Fraternal Order Of The Eagles,,linkedin.com/in/debra-brown-24412214a,,C-Team,blitz,https://www.linkedin.com/company/fraternal-order-of-the-eagles,Graphic Design,US,US,pass,unknown,industry unknown
Debra,Tirico,Debra Tirico,CREATIVE DIRECTOR,CCM Marketing,,linkedin.com/in/debra-tirico-5117b233,,Director,blitz,https://www.linkedin.com/company/ccm-marketing,Advertising Services,US,US,pass,unknown,industry unknown
Debra,McCann,Debra McCann,Founder and CEO,ICO Marketing Solutions,,linkedin.com/in/debramccann,,C-Team,blitz,https://www.linkedin.com/company/icomarketingsolutions,Advertising Services,US,US,pass,unknown,industry unknown
Declan,Sheehy,Declan Sheehy,Vice President,Marketing Horizons,,linkedin.com/in/declan-sheehy-b660801,,VP,blitz,https://www.linkedin.com/company/marketing-horizons,Market Research,US,US,pass,unknown,industry unknown
Dee,Wayne,Dee Wayne,Entrepreneur,HIGHLIFE®,,linkedin.com/in/dee-wayne-b15111246,,C-Team,blitz,https://www.linkedin.com/company/highlife-,Advertising Services,US,US,pass,unknown,industry unknown
Deirdre,Cook-Namur,Deirdre Cook-Namur,"VP, Creative Services",Bigfoot Interactive,,linkedin.com/in/deirdre-cook-namur-aaaa15,,VP,blitz,https://www.linkedin.com/company/bigfoot-interactive,Advertising Services,US,US,pass,unknown,industry unknown
Dejonte,Gartmon,Dejonte Gartmon,Co Founder Modeling and Promotions Manager,FLEXX,,linkedin.com/in/dejonte-gartmon-405a33ab,,C-Team,blitz,https://www.linkedin.com/company/flexx,Advertising Services,US,US,pass,unknown,industry unknown
Delane,Sims,Delane Sims,Founder/CEO,Senior Moments,,linkedin.com/in/delane-sims-oaklandca,,C-Team,blitz,https://www.linkedin.com/company/senior-moments,Graphic Design,US,US,pass,unknown,industry unknown
Delfina María,Oliver,Delfina María Oliver,Directora de Comunicacion y RREE,Ernest,,linkedin.com/in/delfina-oliver,,Director,blitz,https://www.linkedin.com/company/holaernest,Advertising Services,ES,ES,pass,unknown,industry unknown
Deli,Mária,Deli Mária,head of department,Quaestor,,linkedin.com/in/deli-mária-73837b50,,Director,blitz,https://www.linkedin.com/company/quaestor,Market Research,HU,GB,pass,unknown,industry unknown
Delphine,Schroeder-Fouqueray,Delphine Schroeder-Fouqueray,Fondateur,DS COMMUNICATION,,linkedin.com/in/delphine-schroeder-fouqueray-32111027,,C-Team,blitz,https://www.linkedin.com/company/ds-communication,Public Relations and Communications Services,FR,FR,pass,unknown,industry unknown
delyan,delin,delyan delin,Director,PR Consultants,,linkedin.com/in/delyan-delin-581b5130,,Director,blitz,https://www.linkedin.com/company/pr-consultants,Public Relations and Communications Services,BG,US,pass,unknown,industry unknown
Tina,Preston,Tina Preston,Director - Growth,Intent Amplify®,intentamplify.com,linkedin.com/in/demandgenexpert,,Director,blitz,https://www.linkedin.com/company/intent-amplify,Advertising Services,US,US,pass,unknown,industry unknown
Demarco,Jaldin,Demarco Jaldin,Director de ventas,Pulso Creativo,,linkedin.com/in/demarco-jaldin-30a202198,,Director,blitz,https://www.linkedin.com/company/pulso-creativo,Advertising Services,US,US,pass,unknown,industry unknown
Denisa,Cernoskova,Denisa Cernoskova,Business Owner,CZ Marketing,,linkedin.com/in/denisa-cernoskova-5297a7139,,C-Team,blitz,https://www.linkedin.com/company/cz-marketing,Advertising Services,CZ,US,pass,unknown,industry unknown
Denise,Allen,Denise Allen,Director,Flair Communications Agency,,linkedin.com/in/denise-allen-00134a12,,Director,blitz,https://www.linkedin.com/company/flair-communications-agency,Advertising Services,US,US,pass,unknown,industry unknown
DENISE,Copy City,DENISE Copy City,Owner,Copy City,,linkedin.com/in/denise-copy-city-22b623156,,C-Team,blitz,https://www.linkedin.com/company/copy-city,Graphic Design,US,US,pass,unknown,industry unknown
Denise,Henderson,Denise Henderson,Owner,Equanimity,,linkedin.com/in/denise-henderson-2334841,,C-Team,blitz,https://www.linkedin.com/company/equanimity,Public Relations and Communications Services,US,US,pass,unknown,industry unknown
Dennis,Hayashi,Dennis Hayashi,President CEO,Media Options,,linkedin.com/in/dennis-hayashi-709133,,C-Team,blitz,https://www.linkedin.com/company/media-options,Advertising Services,US,US,pass,unknown,industry unknown
Dennis,Kanai,Dennis Kanai,CFO,Innovative Communication,,linkedin.com/in/dennis-kanai-ba11a929,,C-Team,blitz,https://www.linkedin.com/company/innovative-communication,Advertising Services,US,US,pass,unknown,industry unknown
Dennis,Terry,Dennis Terry,Owner,Admobile,,linkedin.com/in/dennis-terry-17355a1,,C-Team,blitz,https://www.linkedin.com/company/admobile,Advertising Services,US,US,pass,unknown,industry unknown
denny,pretz,denny pretz,CEO,D&B Marketing,,linkedin.com/in/denny-pretz-b8073a132,,C-Team,blitz,https://www.linkedin.com/company/d&b-marketing,Advertising Services,US,US,pass,unknown,industry unknown
Denny,Will,Denny Will,Director of Operations,RYA,,linkedin.com/in/denny-will-9684b5b,,Director,blitz,https://www.linkedin.com/company/rya,Design,US,US,pass,unknown,industry unknown
Dereck,Morton,Dereck Morton,Entrepreneur,D and D Enterprises,,linkedin.com/in/dereck-morton-43681413b,,C-Team,blitz,https://www.linkedin.com/company/d-and-d-enterprises,Advertising Services,US,US,pass,unknown,industry unknown
Derek,Brown,Derek Brown,Account Director,McElroy,,linkedin.com/in/derek-brown-082b662,,Director,blitz,https://www.linkedin.com/company/mcelroy,Advertising Services,US,US,pass,unknown,industry unknown
Derek,Dressler,Derek Dressler,VP US Sales,Continental Promotion Group,,linkedin.com/in/derek-dressler-041884,,VP,blitz,https://www.linkedin.com/company/continental-promotion-group,Advertising Services,US,US,pass,unknown,industry unknown
Derek.,Dressler,Derek. Dressler,Vice President - US Sales,Continental Promotion Group,,linkedin.com/in/derek-dressler-901878,,VP,blitz,https://www.linkedin.com/company/continental-promotion-group,Advertising Services,US,US,pass,unknown,industry unknown
Derek,Fisch,Derek Fisch,Owner,Velocity Media,,linkedin.com/in/derek-fisch-8747463,,C-Team,blitz,https://www.linkedin.com/company/velocity-media,Graphic Design,US,US,pass,unknown,industry unknown
Derek,Gonzales,Derek Gonzales,Owner,Grindhouse,,linkedin.com/in/derek-gonzales-688a4986,,C-Team,blitz,https://www.linkedin.com/company/grindhousex,Events Services,US,US,pass,unknown,industry unknown
Derek,Jefferies.,Derek Jefferies.,Managing Director,Collision,,linkedin.com/in/derek-jefferies-b054235a,,C-Team,blitz,https://www.linkedin.com/company/collision-workwear,Advertising Services,GB,US,pass,unknown,industry unknown
Derek,Szena,Derek Szena,Owner,Dz Designs,,linkedin.com/in/derek-szena-507824170,,C-Team,blitz,https://www.linkedin.com/company/dz-designs,Graphic Design,US,US,pass,unknown,industry unknown
Derek,Wynne,Derek Wynne,Owner,RCC HR,,linkedin.com/in/derek-wynne-671a9a,,C-Team,blitz,https://www.linkedin.com/company/rcc-hr,Advertising Services,GB,GB,pass,unknown,industry unknown
Derek,Pearce,Derek Pearce,Director,BPI Group,bpigroup.com,linkedin.com/in/derekwpearce,,Director,blitz,https://www.linkedin.com/company/bully-pulpit-international,Advertising Services,US,US,pass,unknown,industry unknown
Dericka,Cooper,Dericka Cooper,Owner,Lovely,,linkedin.com/in/dericka-cooper-27a568180,,C-Team,blitz,https://www.linkedin.com/company/lovely_2,Advertising Services,US,NL,pass,unknown,industry unknown
derrick,phillips,derrick phillips,Owner,Precision Media,,linkedin.com/in/derrick-phillips-5927613,,C-Team,blitz,https://www.linkedin.com/company/precision-media,Advertising Services,US,US,pass,unknown,industry unknown
Desmond,"Douglas, MBA","Desmond Douglas, MBA",Director of Strategic Architecture & Engineering Development,"""RMS"" Retail Marketing Solutions LLC",rmsfirm.com,linkedin.com/in/desmond-douglas-mba-17a4762a,,Director,blitz,https://www.linkedin.com/company/rms-retail-marketing-solutions-llc,Advertising Services,US,US,pass,unknown,industry unknown
Desmond,Longford,Desmond Longford,Director of Sales,PHDS,,linkedin.com/in/desmond-longford-168a6b1,,Director,blitz,https://www.linkedin.com/company/phds,Graphic Design,US,US,pass,unknown,industry unknown
Dawn,Attridge,Dawn Attridge,Independent Business Owner,Direct Solutions,,linkedin.com/in/destiny911,,C-Team,blitz,https://www.linkedin.com/company/direct-solutions,Advertising Services,US,US,pass,unknown,industry unknown
Devain,Doolaramani,Devain Doolaramani,CEO & Founder,Friends In Reality,,linkedin.com/in/devain,,C-Team,blitz,https://www.linkedin.com/company/friendsinreality,Marketing Services,US,US,pass,unknown,industry unknown
Devid,Paolo Gelmini,Devid Paolo Gelmini,Presidente,Dream Events,,linkedin.com/in/devid-paolo-gelmini-6705b91aa,,C-Team,blitz,https://www.linkedin.com/company/dreamevents747,Events Services,IT,IT,pass,unknown,industry unknown
Devon,"Roll, PhD","Devon Roll, PhD","Executive Director, Scientific Communications",Vaniam Group,vaniamgroup.com,linkedin.com/in/devon-roll-phd-69b25115,,Director,blitz,https://www.linkedin.com/company/vaniam-group,Advertising Services,US,US,pass,unknown,industry unknown
Dhana,Mahendran,Dhana Mahendran,Finance Director,Rise Communications,,linkedin.com/in/dhana-mahendran-6467826,,Director,blitz,https://www.linkedin.com/company/rise-communications,Advertising Services,GB,GB,pass,unknown,industry unknown
Dhruv,Kumar,Dhruv Kumar,Director,keeK Marketing,,linkedin.com/in/dhhruvkumar,,Director,blitz,https://www.linkedin.com/company/keek-marketing,Marketing Services,GB,GB,pass,unknown,industry unknown
David,Abbott,David Abbott,Fractional CMO,The Marketing Centre,themarketingcentre.com,linkedin.com/in/diabbott,,C-Team,blitz,https://www.linkedin.com/company/the-marketing-centre,,GB,GB,pass,unknown,industry unknown
Diana,Chiaravalloti,Diana Chiaravalloti,Director of Operations,McKenzie River Corp,,linkedin.com/in/diana-chiaravalloti-b5942539,,Director,blitz,https://www.linkedin.com/company/mckenzie-river-corp,Advertising Services,US,US,pass,unknown,industry unknown
Diana,Dubois,Diana Dubois,vp,Eden,,linkedin.com/in/diana-dubois-797606a,,VP,blitz,https://www.linkedin.com/company/eden,Design Services,US,NL,pass,unknown,industry unknown
Diana,Gonzalez,Diana Gonzalez,Directora,Mobvious,mobvious.me,linkedin.com/in/diana-gonzalez-74b957255,,Director,blitz,https://www.linkedin.com/company/prisamediausa,Advertising Services,ES,US,pass,unknown,industry unknown
Diana,Karcz,Diana Karcz,Director SEO,Online Solutions Group GmbH,onlinesolutionsgroup.de,linkedin.com/in/diana-karcz-47a748238,,Director,blitz,https://www.linkedin.com/company/online-solutions-group-gmbh,,DE,DE,pass,unknown,industry unknown
Diana,Lee,Diana Lee,Activities Director,BS Central Inc.,,linkedin.com/in/diana-lee-a8874840,,Director,blitz,https://www.linkedin.com/company/roosevelt-valley-special-education-co-op,Graphic Design,US,US,pass,unknown,industry unknown
Diana,Malek,Diana Malek,"Director, Brand Strategy",Desgrippes Gobe,,linkedin.com/in/diana-malek-4872b02,,Director,blitz,https://www.linkedin.com/company/desgrippes-gobe,Advertising Services,US,US,pass,unknown,industry unknown
Diane,Baumann,Diane Baumann,Owner,Kidz Entertainment,,linkedin.com/in/diane-baumann-2021796,,C-Team,blitz,https://www.linkedin.com/company/kidz-entertainment,Advertising Services,US,DK,pass,unknown,industry unknown
diane,berger,diane berger,Owner,All That Jazz,,linkedin.com/in/diane-berger-6a56a74,,C-Team,blitz,https://www.linkedin.com/company/all-that-jazz,Advertising Services,US,US,pass,unknown,industry unknown
Diane,Krieger,Diane Krieger,Owner,Ocean Design,,linkedin.com/in/diane-krieger-8aa2763,,C-Team,blitz,https://www.linkedin.com/company/ocean-design,Design Services,US,US,pass,unknown,industry unknown
Diane,Lanoy,Diane Lanoy,Business Owner,CLASSY CLEANERS,,linkedin.com/in/diane-lanoy-5a281214a,,C-Team,blitz,https://www.linkedin.com/company/classy-cleaners,Design Services,US,US,pass,unknown,industry unknown
Diane,Maxwell,Diane Maxwell,Director of Marketing and Communications,Marketing Magic Advertising,,linkedin.com/in/diane-maxwell-38111b86,,Director,blitz,https://www.linkedin.com/company/marketing-magic-advertising,Advertising Services,US,US,pass,unknown,industry unknown
Diane,McElroy,Diane McElroy,Owner,McElroy,,linkedin.com/in/diane-mcelroy-13b9001,,C-Team,blitz,https://www.linkedin.com/company/mcelroy,Advertising Services,US,US,pass,unknown,industry unknown
Diane,Taranto Horan,Diane Taranto Horan,Director,Seton Foundation For Learning,,linkedin.com/in/diane-taranto-horan-2013b611,,Director,blitz,https://www.linkedin.com/company/seton-foundation-for-learning,Graphic Design,US,US,pass,unknown,industry unknown
Diane,Youtsey,Diane Youtsey,Director,Starstream Communications,,linkedin.com/in/diane-youtsey-4b088a13,,Director,blitz,https://www.linkedin.com/company/starstream-communications,Advertising Services,US,US,pass,unknown,industry unknown
Dianna,Beaudry,Dianna Beaudry,Owner,Flair Communications Agency,,linkedin.com/in/dianna-beaudry-582a4611,,C-Team,blitz,https://www.linkedin.com/company/flair-communications-agency,Advertising Services,US,US,pass,unknown,industry unknown
Didier,Van Ghyseghem,Didier Van Ghyseghem,Client Services Director,I DO,,linkedin.com/in/didier-van-ghyseghem-5561441,,Director,blitz,https://www.linkedin.com/company/i-do,Advertising Services,BE,US,pass,unknown,industry unknown
diego,carratu',diego carratu',direttore,Megaron,,linkedin.com/in/diego-carratu-0011343a,,Director,blitz,https://www.linkedin.com/company/megaron,Advertising Services,IT,US,pass,unknown,industry unknown
Diljá,Thorhallsdóttir,Diljá Thorhallsdóttir,Art director,Fabrika,,linkedin.com/in/diljá-thorhallsdóttir-4b00024,,Director,blitz,https://www.linkedin.com/company/fabrika,Advertising Services,IS,US,pass,unknown,industry unknown
dimaria,gilcrist,dimaria gilcrist,Founder,FJF Studio,,linkedin.com/in/dimaria-gilcrist-58504625a,,C-Team,blitz,https://www.linkedin.com/company/fjf-studio,Graphic Design,US,US,pass,unknown,industry unknown
Dimitrina,Djostova,Dimitrina Djostova,Owner,Abriss Design Center,,linkedin.com/in/dimitrina-djostova-5348b71,,C-Team,blitz,https://www.linkedin.com/company/abriss-design-center,Advertising Services,BG,US,pass,unknown,industry unknown
DINA,Benigni,DINA Benigni,owner,Business Owner of Attain Response,,linkedin.com/in/dina-benigni-bb901519,,C-Team,blitz,https://www.linkedin.com/company/business-owner-of-attain-response,Advertising Services,US,US,pass,unknown,industry unknown
Dina,Galanou,Dina Galanou,Managing Director,Manning Selvage and Lee,,linkedin.com/in/dina-galanou-61a0a82,,C-Team,blitz,https://www.linkedin.com/company/manning-selvage-and-lee,Public Relations and Communications Services,GR,US,pass,unknown,industry unknown
Dina,Holleran,Dina Holleran,Owner,Project Design,,linkedin.com/in/dina-holleran-4352324,,C-Team,blitz,https://www.linkedin.com/company/project-design,Graphic Design,US,US,pass,unknown,industry unknown
Dionne,Nicol,Dionne Nicol,Executive Director,Dublin Retirement Villiage,,linkedin.com/in/dionne-nicol-288656256,,Director,blitz,https://www.linkedin.com/company/dublin-retirement-villiage,Advertising Services,US,US,pass,unknown,industry unknown
Dirk,Hahn,Dirk Hahn,director,West & Associates,,linkedin.com/in/dirk-hahn-5158376,,Director,blitz,https://www.linkedin.com/company/west-&-associates,Advertising Services,DE,US,pass,unknown,industry unknown
Jay,P.,Jay P.,Managing Director,Homeoffice Inc,,linkedin.com/in/divinext,,C-Team,blitz,https://www.linkedin.com/company/homeoffice-inc,Advertising Services,PT,US,pass,unknown,industry unknown
Djordje,Marjanovic,Djordje Marjanovic,creative director,Creative Shop,,linkedin.com/in/djordje-marjanovic-7a967b42,,Director,blitz,https://www.linkedin.com/company/creative-shop,Design Services,RS,GB,pass,unknown,industry unknown
Kevin,Dollabillz,Kevin Dollabillz,Chief Executive Officer,CMS Global Network,,linkedin.com/in/dollabillz,,C-Team,blitz,https://www.linkedin.com/company/cms-global-network,Advertising Services,US,US,pass,unknown,industry unknown
Dolly,LIttle123456,Dolly LIttle123456,RAnch owner,Living in Color,,linkedin.com/in/dolly-little123456-84b90817,,C-Team,blitz,https://www.linkedin.com/company/living-in-color,Design Services,US,US,pass,unknown,industry unknown
Michał,Domański,Michał Domański,Founder,SMARTVISION,,linkedin.com/in/domanskimichal,,C-Team,blitz,https://www.linkedin.com/company/smartvision-pl,Advertising Services,PL,PL,pass,unknown,industry unknown
Max,Dombrovski 🇺🇦,Max Dombrovski 🇺🇦,Head of UA,Scrambly,scrambly.io,linkedin.com/in/dombrovskimax,,Director,blitz,https://www.linkedin.com/company/scrambly,,PT,IT,pass,unknown,industry unknown
Domenico,La Manna,Domenico La Manna,Entrepreneur indépendant,Moi-meme,,linkedin.com/in/domenico-la-manna-bb0272328,,C-Team,blitz,https://www.linkedin.com/company/moi-meme,Graphic Design,BE,FR,pass,unknown,industry unknown
Dominic,Elliston,Dominic Elliston,Account Director,Shire Health International,,linkedin.com/in/dominic-elliston-a422b11,,Director,blitz,https://www.linkedin.com/company/shire-health-international,Public Relations and Communications Services,GB,US,pass,unknown,industry unknown
Dominique,Aldebert,Dominique Aldebert,Directeur,Moi-meme,,linkedin.com/in/dominique-aldebert-a28a69292,,Director,blitz,https://www.linkedin.com/company/moi-meme,Graphic Design,FR,FR,pass,unknown,industry unknown
Dominique,THOMASSIN,Dominique THOMASSIN,"Gérant, owner",DTH,,linkedin.com/in/dominique-thomassin-b440778,,C-Team,blitz,https://www.linkedin.com/company/dth,Advertising Services,FR,US,pass,unknown,industry unknown
Don,Draper,Don Draper,Creative Director,STERLING COOPER DRAPER PRYCE LTD,,linkedin.com/in/don-draper-050ba8b4,,Director,blitz,https://www.linkedin.com/company/sterling-cooper-draper-pryce-ltd,Advertising Services,US,GB,pass,unknown,industry unknown
Don,Draper,Don Draper,Founding Partner,STERLING COOPER DRAPER PRYCE LTD,,linkedin.com/in/don-draper-1b47021b8,,C-Team,blitz,https://www.linkedin.com/company/sterling-cooper-draper-pryce-ltd,Advertising Services,US,GB,pass,unknown,industry unknown
Don,Draper,Don Draper,Creative Director,STERLING COOPER DRAPER PRYCE LTD,,linkedin.com/in/don-draper-43389b118,,Director,blitz,https://www.linkedin.com/company/sterling-cooper-draper-pryce-ltd,Advertising Services,US,GB,pass,unknown,industry unknown
Don,Draper,Don Draper,Directeur créatif de Sterling Cooper,STERLING COOPER DRAPER PRYCE LTD,,linkedin.com/in/don-draper-831201b6,,Director,blitz,https://www.linkedin.com/company/sterling-cooper-draper-pryce-ltd,Advertising Services,US,GB,pass,unknown,industry unknown
Don,Draper,Don Draper,Advertisement Director,STERLING COOPER DRAPER PRYCE LTD,,linkedin.com/in/don-draper-b78630123,,Director,blitz,https://www.linkedin.com/company/sterling-cooper-draper-pryce-ltd,Advertising Services,US,GB,pass,unknown,industry unknown
Don,email,Don email,owner,Honda Car Repair,,linkedin.com/in/don-email-677811b2,,C-Team,blitz,https://www.linkedin.com/company/honda-car-repair,Advertising Services,US,US,pass,unknown,industry unknown
Don,Martens,Don Martens,Vice President of Operations with Sales & Marketing,"Award Concepts, Inc.",,linkedin.com/in/don-martens-5378129,,VP,blitz,https://www.linkedin.com/company/award-concepts-inc.,Advertising Services,US,US,pass,unknown,industry unknown
Don,Rossi,Don Rossi,"SVP, Sales & Marketing",3rd Dimension,,linkedin.com/in/don-rossi-33483110,,VP,blitz,https://www.linkedin.com/company/3rd-dimension,Advertising Services,US,DK,pass,unknown,industry unknown
Don,Toto,Don Toto,Director,KGB Advertising,,linkedin.com/in/don-toto-56271228b,,Director,blitz,https://www.linkedin.com/company/kgb-advertising,Advertising Services,AL,US,pass,unknown,industry unknown
Don,Wandler,Don Wandler,Owner,Action Marketing,,linkedin.com/in/don-wandler-404970,,C-Team,blitz,https://www.linkedin.com/company/action-marketing,Advertising Services,US,US,pass,unknown,industry unknown
Don,Zinzell,Don Zinzell,Brand Creative Director,Various Companies,,linkedin.com/in/don-zinzell,,Director,blitz,https://www.linkedin.com/company/many-various-companies,Design Services,US,US,pass,unknown,industry unknown
Donald,Macintosh,Donald Macintosh,director,Quaestor,,linkedin.com/in/donald-macintosh-4a89b51,,Director,blitz,https://www.linkedin.com/company/quaestor,Market Research,GB,GB,pass,unknown,industry unknown
Donald,Simons,Donald Simons,Vice President,NOP World,,linkedin.com/in/donald-simons-473256,,VP,blitz,https://www.linkedin.com/company/nop-world,Market Research,US,US,pass,unknown,industry unknown
Donatella,Del Bosco,Donatella Del Bosco,Proprietario di azienda,idea design,,linkedin.com/in/donatella-del-bosco-b8261128a,,C-Team,blitz,https://www.linkedin.com/company/idea-design,Design Services,IT,US,pass,unknown,industry unknown
Donna,Bowden,Donna Bowden,Owner,A Beautiful Bridal Event of Chicago Inc.,,linkedin.com/in/donna-bowden-8bb74322,,C-Team,blitz,https://www.linkedin.com/company/a-beautiful-bridal-event-of-chicago-inc.,Events Services,US,US,pass,unknown,industry unknown
Donna,Malavolta,Donna Malavolta,"Vice President, Insert Brokerage",Singer Direct,,linkedin.com/in/donna-malavolta-4846574,,VP,blitz,https://www.linkedin.com/company/singer-direct,Advertising Services,US,US,pass,unknown,industry unknown
Dáila,Assis,Dáila Assis,Montaggio e regia video / Editor e diretor de video,Arkage,welcometothearkage.com,linkedin.com/in/donnadaila,,Director,blitz,https://www.linkedin.com/company/arkage,,IT,IT,pass,unknown,industry unknown
Donnell,Guichard,Donnell Guichard,Director of Client Success,Dynamic Event Co.,,linkedin.com/in/donnellguichard,,Director,blitz,https://www.linkedin.com/company/dynamic-event-services-llc,Events Services,US,US,pass,unknown,industry unknown
dori,rones,dori rones,Regional Director,Apartments.com,apartments.com,linkedin.com/in/dori-rones-bb582b255,,Director,blitz,https://www.linkedin.com/company/apartments-com,Advertising Services,US,US,pass,unknown,industry unknown
Doris,Jeffers,Doris Jeffers,Owner,Dj Designs,,linkedin.com/in/doris-jeffers-63542611,,C-Team,blitz,https://www.linkedin.com/company/dj-designs,Graphic Design,US,US,pass,unknown,industry unknown
Doris,Reynolds,Doris Reynolds,President & CEO,Reynolds & Associates,,linkedin.com/in/doris-reynolds-20998a13,,C-Team,blitz,https://www.linkedin.com/company/reynolds-&-associates,Advertising Services,US,US,pass,unknown,industry unknown
Doris,Smith,Doris Smith,Owner of PKS Formals,McCormick Creative Group,,linkedin.com/in/doris-smith-7414b166,,C-Team,blitz,https://www.linkedin.com/company/mccormick-creative-group,Advertising Services,US,US,pass,unknown,industry unknown
Dorota,Nawrocka,Dorota Nawrocka,CO-owner/Brand Coordinator,MANADO,,linkedin.com/in/dorota-nawrocka-7b52a319b,,C-Team,blitz,https://www.linkedin.com/company/manado,Advertising Services,PL,FR,pass,unknown,industry unknown
Doug,Baker,Doug Baker,Owner,Outdoor Services,,linkedin.com/in/doug-baker-23a98a30,,C-Team,blitz,https://www.linkedin.com/company/outdoor-services,Advertising Services,US,US,pass,unknown,industry unknown
Doug,Bray,Doug Bray,owner,Outdoor Services,,linkedin.com/in/doug-bray-4488b792,,C-Team,blitz,https://www.linkedin.com/company/outdoor-services,Advertising Services,US,US,pass,unknown,industry unknown
Doug,Brown,Doug Brown,Senior Director,Dittus Communications,,linkedin.com/in/doug-brown-66816,,Director,blitz,https://www.linkedin.com/company/dittus-communications,Public Relations and Communications Services,US,US,pass,unknown,industry unknown
Doug,Gerber,Doug Gerber,"VP, Account Services",Passage Events,,linkedin.com/in/doug-gerber-05437a3,,VP,blitz,https://www.linkedin.com/company/passage-events,Advertising Services,US,US,pass,unknown,industry unknown
Doug,Gerber,Doug Gerber,"VP, Account Services",Passage Events,,linkedin.com/in/doug-gerber-6677685,,VP,blitz,https://www.linkedin.com/company/passage-events,Advertising Services,US,US,pass,unknown,industry unknown
Doug,Guetzloe,Doug Guetzloe,President,Advantage Consultants,,linkedin.com/in/doug-guetzloe-a3923210,,C-Team,blitz,https://www.linkedin.com/company/advantage-consultants,Advertising Services,US,US,pass,unknown,industry unknown
Doug,Huggins,Doug Huggins,Director of Business Development,Database Marketing Solutions,,linkedin.com/in/doug-huggins-913161,,Director,blitz,https://www.linkedin.com/company/database-marketing-solutions,Advertising Services,US,US,pass,unknown,industry unknown
Doug,McMurray,Doug McMurray,owner,Pat Curtis Communications Consulting,,linkedin.com/in/doug-mcmurray-652a9114,,C-Team,blitz,https://www.linkedin.com/company/pat-curtis-communications-consulting,Public Relations and Communications Services,US,US,pass,unknown,industry unknown
Doug,Spak,Doug Spak,Senior Vice President,CoActive Marketing Group,,linkedin.com/in/doug-spak-3b58a0,,VP,blitz,https://www.linkedin.com/company/coactive-marketing-group,Advertising Services,US,US,pass,unknown,industry unknown
Doug,Webber,Doug Webber,Owner,Media Group,,linkedin.com/in/doug-webber-9750744,,C-Team,blitz,https://www.linkedin.com/company/media-group,Advertising Services,US,US,pass,unknown,industry unknown
Douwe,Baarsma,Douwe Baarsma,Commercial Director Deployteq,Deployteq,deployteq.com,linkedin.com/in/douwe-baarsma-03957a4,,Director,blitz,https://www.linkedin.com/company/deployteq,,NL,NL,pass,unknown,industry unknown
Duarte,Pinheiro de Melo,Duarte Pinheiro de Melo,Creative Director,Ernest,,linkedin.com/in/dpmelo,,Director,blitz,https://www.linkedin.com/company/holaernest,Advertising Services,PT,ES,pass,unknown,industry unknown
Dr. Paul,Ramos Th.D,Dr. Paul Ramos Th.D,Founder and Apostle,FDS International,,linkedin.com/in/dr-paul-ramos-th-d-69668156,,C-Team,blitz,https://www.linkedin.com/company/fds-international,Market Research,US,GB,pass,unknown,industry unknown
Dragana,Trenkovic,Dragana Trenkovic,Executive director,Capital Decor,,linkedin.com/in/dragana-trenkovic-aa893538,,Director,blitz,https://www.linkedin.com/company/capital-decor,Design Services,RS,US,pass,unknown,industry unknown
Duane,Hickerson,Duane Hickerson,Owner,Relay Gear,,linkedin.com/in/duane-hickerson-29313a1,,C-Team,blitz,https://www.linkedin.com/company/relay-gear,Advertising Services,US,US,pass,unknown,industry unknown
Dubravko,"Opašić, EMBA","Dubravko Opašić, EMBA",Founder / Managing Partner,Loft 19,,linkedin.com/in/dubravkoopasic,,C-Team,blitz,https://www.linkedin.com/company/loft19,Marketing Services,HR,RS,pass,unknown,industry unknown
Dulani,Masimini,Dulani Masimini,Owner,Public Relations Partners,,linkedin.com/in/dulani-masimini-31a40540,,C-Team,blitz,https://www.linkedin.com/company/public-relations-partners,Public Relations and Communications Services,US,US,pass,unknown,industry unknown
Dusty,Sutherland,Dusty Sutherland,Director of Terrible Movie Reviews,Loon,,linkedin.com/in/dusty-sutherland-67477945,,Director,blitz,https://www.linkedin.com/company/go-clover,Marketing Services,US,US,pass,unknown,industry unknown
Dylan,Rooney,Dylan Rooney,Owner,Redline Graphics,,linkedin.com/in/dylan-rooney,,C-Team,blitz,https://www.linkedin.com/company/redline-graphics,Graphic Design,US,US,pass,unknown,industry unknown
e,da,e da,President,Nu America Agency,,linkedin.com/in/e-da-b4aa8014,,C-Team,blitz,https://www.linkedin.com/company/nu-america-agency,Advertising Services,US,US,pass,unknown,industry unknown
E. Michael,"McCarthy, P.E.","E. Michael McCarthy, P.E.",Vice President,Pennoni,pennoni.com,linkedin.com/in/e-michael-mccarthy-p-e-77339617,,VP,blitz,https://www.linkedin.com/company/pennoni,Design Services,US,US,pass,unknown,industry unknown
Ebecca,Smith,Ebecca Smith,Senior Project Director,Exoridior Analytical Services,,linkedin.com/in/ebecca-smith-60165610a,,Director,blitz,https://www.linkedin.com/company/exoridior,Events Services,GB,US,pass,unknown,industry unknown
eBetty,Jackson,eBetty Jackson,Managing Partner,Taking Care of Business,,linkedin.com/in/ebetty-jackson-a3994431,,C-Team,blitz,https://www.linkedin.com/company/taking-care-of-business,Advertising Services,US,NL,pass,unknown,industry unknown
Ed,Collingwood,Ed Collingwood,Art Director,Vivid Communications,,linkedin.com/in/ed-collingwood-2a23a34,,Director,blitz,https://www.linkedin.com/company/vivid-communications,Advertising Services,GB,GB,pass,unknown,industry unknown
Ed,Drilon,Ed Drilon,"Producer VP, Life Sciences",Strategic Research Institute,,linkedin.com/in/ed-drilon-025a96,,VP,blitz,https://www.linkedin.com/company/strategic-research-institute,Events Services,US,US,pass,unknown,industry unknown
Ed,Goldberg,Ed Goldberg,Owner,United Marketing Solutions,,linkedin.com/in/ed-goldberg-06ab5211,,C-Team,blitz,https://www.linkedin.com/company/united-marketing-solutions,Advertising Services,US,US,pass,unknown,industry unknown
Ed,Guetens,Ed Guetens,Vice President,Pennoni,pennoni.com,linkedin.com/in/ed-guetens-8ba43228,,VP,blitz,https://www.linkedin.com/company/pennoni,Design Services,US,US,pass,unknown,industry unknown
Ed,Jansen,Ed Jansen,Owner,"Sports America, Inc.",,linkedin.com/in/ed-jansen-78599b1,,C-Team,blitz,https://www.linkedin.com/company/sports-america-inc.,Events Services,NL,US,pass,unknown,industry unknown
Eddie,de Guia,Eddie de Guia,Director of Advertising,Gratis Internet,,linkedin.com/in/eddie-de-guia-2a7416,,Director,blitz,https://www.linkedin.com/company/gratis-internet,Advertising Services,US,US,pass,unknown,industry unknown
Eddie,James,Eddie James,VP-Project Management,Marketing Horizons,,linkedin.com/in/eddie-james-1b93a67,,VP,blitz,https://www.linkedin.com/company/marketing-horizons,Market Research,US,US,pass,unknown,industry unknown
Eden,Beverly,Eden Beverly,owner designer,Eden Jewelry,,linkedin.com/in/eden-beverly-63694b39,,C-Team,blitz,https://www.linkedin.com/company/eden-jewelry,Design Services,FR,US,pass,unknown,industry unknown
Edie,Fraser,Edie Fraser,President and CEO,Public Affairs Group,,linkedin.com/in/edie-fraser-b63b641,,C-Team,blitz,https://www.linkedin.com/company/public-affairs-group,Public Relations and Communications Services,US,US,pass,unknown,industry unknown
"Edmunds,",Lindsay,"Edmunds, Lindsay",Account Director,Jackie Cooper PR,,linkedin.com/in/edmunds-lindsay-4553205,,Director,blitz,https://www.linkedin.com/company/jackie-cooper-pr,Public Relations and Communications Services,GB,GB,pass,unknown,industry unknown
Edouard,Sinet,Edouard Sinet,Directeur Associé BDMR / OPTIN DATA,BDMR - Optin Data,,linkedin.com/in/edouard-sinet-a38a0b3b,,Director,blitz,https://www.linkedin.com/company/bdmr-optindata,Advertising Services,FR,FR,pass,unknown,industry unknown
Ed,Petrone,Ed Petrone,"Director, Sales",Suzy,suzy.com,linkedin.com/in/edpetrone,,Director,blitz,https://www.linkedin.com/company/asksuzy,Market Research,US,US,pass,unknown,industry unknown
Eduardo,Wong,Eduardo Wong,VP Client Experience,#trendy,,linkedin.com/in/eduardo-wong-4584b1161,,VP,blitz,https://www.linkedin.com/company/-trendy,Advertising Services,US,FR,pass,unknown,industry unknown
Edward,Cole,Edward Cole,Creative Director and Founder,MIA Design Studio,,linkedin.com/in/edward-cole-62a776184,,C-Team,blitz,https://www.linkedin.com/company/mia-design-studio,Design Services,BA,US,pass,unknown,industry unknown
Edward,Fitzpatrick,Edward Fitzpatrick,President Of US (Past),Fun And Games,,linkedin.com/in/edward-fitzpatrick-087089300,,C-Team,blitz,https://www.linkedin.com/company/fun-and-games,Graphic Design,US,US,pass,unknown,industry unknown
Edward,Griffin,Edward Griffin,Coo,Daddy,,linkedin.com/in/edward-griffin-88b45b245,,C-Team,blitz,https://www.linkedin.com/company/daddy,Advertising Services,GB,SE,pass,unknown,industry unknown
Edward,Jackson,Edward Jackson,Director Customer Care,Continental Promotion Group,,linkedin.com/in/edward-jackson-8a7607175,,Director,blitz,https://www.linkedin.com/company/continental-promotion-group,Advertising Services,US,US,pass,unknown,industry unknown
EDWARD,STEADMAN,EDWARD STEADMAN,FOUNDER,The Steadman Group,,linkedin.com/in/edward-steadman-85877989,,C-Team,blitz,https://www.linkedin.com/company/the-steadman-group,Advertising Services,US,US,pass,unknown,industry unknown
Edwin,Okamura,Edwin Okamura,Vice President of Marketing,Sunset Direct,,linkedin.com/in/edwin-okamura-542b7,,VP,blitz,https://www.linkedin.com/company/sunset-direct,Advertising Services,US,US,pass,unknown,industry unknown
Egle,Ainsaar,Egle Ainsaar,Sales Director,Müügimeistrite AS,telemarketing.ee,linkedin.com/in/egle-ainsaar-310134151,,Director,blitz,https://www.linkedin.com/company/muugimeistrid,,EE,EE,pass,unknown,industry unknown
Eileen,Rappaport,Eileen Rappaport,Vice President,Lotta Luv,,linkedin.com/in/eileen-rappaport-900a111,,VP,blitz,https://www.linkedin.com/company/lotta-luv,Design Services,US,US,pass,unknown,industry unknown
Eiña Madison,Crerand,Eiña Madison Crerand,Regional Account Director,Konnected+,,linkedin.com/in/eiña-madison-crerand-008593233,,Director,blitz,https://www.linkedin.com/company/konnectedplustv,Advertising Services,GB,GB,pass,unknown,industry unknown
Elaine,Burn,Elaine Burn,Owner,Target Market Corporation,,linkedin.com/in/elaineburn,,C-Team,blitz,https://www.linkedin.com/company/target-market-corporation,Advertising Services,US,US,pass,unknown,industry unknown
elek,orosz,elek orosz,Director,Disign:,,linkedin.com/in/elek-orosz-293a5223a,,Director,blitz,https://www.linkedin.com/company/disignbydion,Graphic Design,HU,NL,pass,unknown,industry unknown
Elena,Amaro Acosta,Elena Amaro Acosta,Directora de Arte Junior,Ernest,,linkedin.com/in/elena-amaro-acosta-a46786158,,Director,blitz,https://www.linkedin.com/company/holaernest,Advertising Services,ES,ES,pass,unknown,industry unknown
Elena,Bacheva,Elena Bacheva,Client Service director,Ashley & Holmes,,linkedin.com/in/elena-bacheva-6522741,,Director,blitz,https://www.linkedin.com/company/ashley-&-holmes,Advertising Services,BG,US,pass,unknown,industry unknown
Eleni,Theocharopoulos,Eleni Theocharopoulos,junior art director,UpSet!,,linkedin.com/in/eleni-theocharopoulos-6b7365,,Director,blitz,https://www.linkedin.com/company/upset,Advertising Services,GR,US,pass,unknown,industry unknown
Elisa,Lorenzo,Elisa Lorenzo,Vicepresident,Atletico International Advertising,,linkedin.com/in/elisa-lorenzo-04103314,,VP,blitz,https://www.linkedin.com/company/atletico-international-advertising,Advertising Services,US,ES,pass,unknown,industry unknown
Elise,Boukobza,Elise Boukobza,Directeur général,Media Com,,linkedin.com/in/elise-boukobza-220361158,,C-Team,blitz,https://www.linkedin.com/company/media-com,Advertising Services,FR,US,pass,unknown,industry unknown
Elise,Dworkin,Elise Dworkin,"VP, Account Services",The Guild Group,,linkedin.com/in/elise-dworkin-a061722,,VP,blitz,https://www.linkedin.com/company/the-guild-group,Advertising Services,US,US,pass,unknown,industry unknown
Elise,Matthys,Elise Matthys,Director France,Synovate Censydiam,,linkedin.com/in/elise-matthys-bbb3b0,,Director,blitz,https://www.linkedin.com/company/synovate-censydiam,Market Research,FR,BE,pass,unknown,industry unknown
Elise,Porter,Elise Porter,Founder,Minutemen Marketing Group,,linkedin.com/in/elise-porter,,C-Team,blitz,https://www.linkedin.com/company/minutemen-marketing-group-mmg,Marketing Services,US,US,pass,unknown,industry unknown
Eliza,Geodoiu,Eliza Geodoiu,CFO,News Outdoor Russia,,linkedin.com/in/eliza-geodoiu-539a93,,C-Team,blitz,https://www.linkedin.com/company/news-outdoor-russia,Advertising Services,RO,PL,pass,unknown,industry unknown
Elizabeth,Alexander,Elizabeth Alexander,Partner,BPI Group,bpigroup.com,linkedin.com/in/elizabeth-alexander-01140b4,,C-Team,blitz,https://www.linkedin.com/company/bully-pulpit-international,Advertising Services,US,US,pass,unknown,industry unknown
Elizabeth,Blackwell,Elizabeth Blackwell,Owner,P!nto,,linkedin.com/in/elizabeth-blackwell-108b402b,,C-Team,blitz,https://www.linkedin.com/company/p-nto,Advertising Services,US,PT,pass,unknown,industry unknown
Elizabeth,Hogan,Elizabeth Hogan,"Director, Customer Success",Suzy,suzy.com,linkedin.com/in/elizabeth-hogan-854a731,,Director,blitz,https://www.linkedin.com/company/asksuzy,Market Research,US,US,pass,unknown,industry unknown
Elizabeth (Liz),Dohrmann,Elizabeth (Liz) Dohrmann,Senior Director,Vaniam Group,vaniamgroup.com,linkedin.com/in/elizabeth-liz-dohrmann-95735716,,Director,blitz,https://www.linkedin.com/company/vaniam-group,Advertising Services,US,US,pass,unknown,industry unknown
Elizabeth,Meyers,Elizabeth Meyers,CEO,E companies,,linkedin.com/in/elizabeth-meyers-b7a108a,,C-Team,blitz,https://www.linkedin.com/company/e-companies,Events Services,US,US,pass,unknown,industry unknown
Elizabeth,R.,Elizabeth R.,Vice President,Pennoni,pennoni.com,linkedin.com/in/elizabeth-r-727b9552,,VP,blitz,https://www.linkedin.com/company/pennoni,Design Services,US,US,pass,unknown,industry unknown
Elizabeth,Stone,Elizabeth Stone,Human Resources Director,Paul J. Ford,pauljford.com,linkedin.com/in/elizabethfayestone,,Director,blitz,https://www.linkedin.com/company/pjfstructures,Design Services,US,US,pass,unknown,industry unknown
Elle,Ruschioni,Elle Ruschioni,Creative/Art Director,Spirit Advertising,,linkedin.com/in/elle-ruschioni-a6aab5b,,Director,blitz,https://www.linkedin.com/company/spirit-advertising,Advertising Services,GB,GB,pass,unknown,industry unknown
Ellen,Tanioka,Ellen Tanioka,Funeral Director,Hosoi Garden Mortuary,,linkedin.com/in/ellen-tanioka-373a78113,,Director,blitz,https://www.linkedin.com/company/hosoi-garden-mortuary,Events Services,US,US,pass,unknown,industry unknown
Ellen,Esterhay,Ellen Esterhay,"Senior Director, Digital Marketing",BPI Group,bpigroup.com,linkedin.com/in/ellenesterhay,,Director,blitz,https://www.linkedin.com/company/bully-pulpit-international,Advertising Services,US,US,pass,unknown,industry unknown
Ellie,Airhart,Ellie Airhart,Head of School,Dogwood Elementary,,linkedin.com/in/ellie-airhart-3454b7316,,Director,blitz,https://www.linkedin.com/company/dogwood-elementary,Public Relations and Communications Services,US,US,pass,unknown,industry unknown
Ellie,Loats,Ellie Loats,Executive Vice President,Research Strategies,,linkedin.com/in/ellie-loats-b897551,,VP,blitz,https://www.linkedin.com/company/research-strategies,Market Research,US,US,pass,unknown,industry unknown
Ellie,Tucker,Ellie Tucker,Account Director,The Works London,,linkedin.com/in/ellie-tucker-9a994a2,,Director,blitz,https://www.linkedin.com/company/the-works-london,Advertising Services,GB,GB,pass,unknown,industry unknown
Elliott,Eiseman,Elliott Eiseman,Principal / Director Sales Training and Management,Strategic Communications Consulting,,linkedin.com/in/elliott-eiseman-39178485,,Director,blitz,https://www.linkedin.com/company/strategic-communications-consulting,Public Relations and Communications Services,US,US,pass,unknown,industry unknown
Elliott,Pavoli,Elliott Pavoli,President&CEO,FDS International,,linkedin.com/in/elliott-pavoli-9a6b4756,,C-Team,blitz,https://www.linkedin.com/company/fds-international,Market Research,US,GB,pass,unknown,industry unknown
Elsa,Auberger,Elsa Auberger,Senior Art Director,Publicis LaMaison,,linkedin.com/in/elsa-auberger,,Director,blitz,https://www.linkedin.com/company/publicis-lamaison,Advertising Services,FR,US,pass,unknown,industry unknown
Els,Degroote,Els Degroote,Board Member,ZOUTE GRAND PRIX,,linkedin.com/in/elsdegroote,,Director,blitz,https://www.linkedin.com/company/zoutegrandprix,Events Services,BE,BE,pass,unknown,industry unknown
Emanuele,Fedeli,Emanuele Fedeli,Founder,Smossi Digital Creative Hub,smossi.com,linkedin.com/in/emanuelefedeli,,C-Team,blitz,https://www.linkedin.com/company/smossidigitalcreativehub,,IT,IT,pass,unknown,industry unknown
Eric,Marcum,Eric Marcum,"Managing Partner, Bellandi Group South",Bellandi Group,bellandigroup.com,linkedin.com/in/emarcum,,C-Team,blitz,https://www.linkedin.com/company/bellandi-group,Advertising Services,US,US,pass,unknown,industry unknown
Emerson,Brown,Emerson Brown,Director of Communications,803 Productions,,linkedin.com/in/emerson-brown-2b33382,,Director,blitz,https://www.linkedin.com/company/803-productions,Advertising Services,US,US,pass,unknown,industry unknown
Emil,Hill,Emil Hill,Vice President,Manning Selvage and Lee,,linkedin.com/in/emil-hill-2291a61,,VP,blitz,https://www.linkedin.com/company/manning-selvage-and-lee,Public Relations and Communications Services,US,US,pass,unknown,industry unknown
Emilia,Reorizo,Emilia Reorizo,Owner,Research Strategies,,linkedin.com/in/emilia-reorizo-20a60a2,,C-Team,blitz,https://www.linkedin.com/company/research-strategies,Market Research,US,US,pass,unknown,industry unknown
Emilie,Schaum,Emilie Schaum,SVP Global Chief Talent Director,Manning Selvage and Lee,,linkedin.com/in/emilie-schaum-3933822,,VP,blitz,https://www.linkedin.com/company/manning-selvage-and-lee,Public Relations and Communications Services,US,US,pass,unknown,industry unknown
Emilie,Carinha,Emilie Carinha,"Director, Social Media",BPI Group,bpigroup.com,linkedin.com/in/emiliecarinha,,Director,blitz,https://www.linkedin.com/company/bully-pulpit-international,Advertising Services,US,US,pass,unknown,industry unknown
Emilie,Tardiff,Emilie Tardiff,Media Director,BPI Group,bpigroup.com,linkedin.com/in/emilietardiff,,Director,blitz,https://www.linkedin.com/company/bully-pulpit-international,Advertising Services,US,US,pass,unknown,industry unknown
Emilio,De Martino,Emilio De Martino,Owner,All Media Group,,linkedin.com/in/emilio-de-martino-6b6583,,C-Team,blitz,https://www.linkedin.com/company/all-media-group,Graphic Design,IT,US,pass,unknown,industry unknown
Emily,Xu,Emily Xu,Finance Director (Resource Development & Strategy),Rice Undergraduate Marketing Association (RUMA),,linkedin.com/in/emilyxu222,,Director,blitz,https://www.linkedin.com/company/riceundergraduatemarketingassociation,Marketing Services,US,US,pass,unknown,industry unknown
Emma,Brickfield,Emma Brickfield,"Director, Marketing Analytics",BPI Group,bpigroup.com,linkedin.com/in/emma-brickfield,,Director,blitz,https://www.linkedin.com/company/bully-pulpit-international,Advertising Services,US,US,pass,unknown,industry unknown
Emma,Marcotte,Emma Marcotte,"SVP, Clients",Moburst - Growth Done Right,moburst.com,linkedin.com/in/emma-marcotte-6501422b,,VP,blitz,https://www.linkedin.com/company/moburst,Advertising Services,US,US,pass,unknown,industry unknown
Emma,Mercer,Emma Mercer,account director,Fridays,,linkedin.com/in/emma-mercer-3127243,,Director,blitz,https://www.linkedin.com/company/fridays-media-group,Public Relations and Communications Services,GB,GB,pass,unknown,industry unknown
Emma,Thomas (Assoc CIPD),Emma Thomas (Assoc CIPD),Head of Recruitment,PHMG,phmg.com,linkedin.com/in/emma-thomas-assoc-cipd-25313a49,,Director,blitz,https://www.linkedin.com/company/phmg,Advertising Services,GB,GB,pass,unknown,industry unknown
Emma,King,Emma King,Fractional CMO,The Marketing Centre,themarketingcentre.com,linkedin.com/in/emmaking1,,C-Team,blitz,https://www.linkedin.com/company/the-marketing-centre,,GB,GB,pass,unknown,industry unknown
Emmanuel,KISSY,Emmanuel KISSY,Directeur conseil,Publicis Lille,,linkedin.com/in/emmanuel-kissy-8381772a,,Director,blitz,https://www.linkedin.com/company/publicis-lille,Advertising Services,FR,FR,pass,unknown,industry unknown
Emmanuel,Libaudière,Emmanuel Libaudière,Owner,Mar-Tech & Finance,,linkedin.com/in/emmanuel-libaudière-58151,,C-Team,blitz,https://www.linkedin.com/company/mar-tech-&-finance,Public Relations and Communications Services,FR,FR,pass,unknown,industry unknown
Emma,Rainey,Emma Rainey,Fractional CMO,The Marketing Centre,themarketingcentre.com,linkedin.com/in/emmarainey,,C-Team,blitz,https://www.linkedin.com/company/the-marketing-centre,,GB,GB,pass,unknown,industry unknown
Emmett,Varricchio,Emmett Varricchio,Account Director,Vaniam Group,vaniamgroup.com,linkedin.com/in/emmett-varricchio-68700868,,Director,blitz,https://www.linkedin.com/company/vaniam-group,Advertising Services,US,US,pass,unknown,industry unknown
EMORY (MOE),CLEMENTS,EMORY (MOE) CLEMENTS,Owner,Outdoor Services,,linkedin.com/in/emory-moe-clements-4b4751b0,,C-Team,blitz,https://www.linkedin.com/company/outdoor-services,Advertising Services,US,US,pass,unknown,industry unknown
Endri,Kalthi,Endri Kalthi,Proprietario di azienda,Cantera srl,,linkedin.com/in/endri-kalthi-81ba32181,,C-Team,blitz,https://www.linkedin.com/company/canterasrl,Advertising Services,IT,IT,pass,unknown,industry unknown
ENNE,ESSE,ENNE ESSE,Owner,Antonio,,linkedin.com/in/enne-esse-1ba41417,,C-Team,blitz,https://www.linkedin.com/company/s&ph-comunicazione-integrata,Advertising Services,IT,IT,pass,unknown,industry unknown
Enrico,B.,Enrico B.,Head of Sales (UK),PHMG,phmg.com,linkedin.com/in/enrico-breen,,Director,blitz,https://www.linkedin.com/company/phmg,Advertising Services,GB,GB,pass,unknown,industry unknown
Eppie,Anderson,Eppie Anderson,Director,The Marketing Team,,linkedin.com/in/eppieanderson,,Director,blitz,https://www.linkedin.com/company/the-marketing-team,Advertising Services,GB,US,pass,unknown,industry unknown
Eric,Arnold,Eric Arnold,President,Eclipse Productions,,linkedin.com/in/eric-arnold-4b79896,,C-Team,blitz,https://www.linkedin.com/company/eclipse-productions,Design,US,US,pass,unknown,industry unknown
Eric,Bergman,Eric Bergman,Director of Sales,MediaLive International,,linkedin.com/in/eric-bergman-762570,,Director,blitz,https://www.linkedin.com/company/medialive-international,Advertising Services,US,US,pass,unknown,industry unknown
Eric,Faggiole,Eric Faggiole,President,Admobile,,linkedin.com/in/eric-faggiole-8779a3a,,C-Team,blitz,https://www.linkedin.com/company/admobile,Advertising Services,US,US,pass,unknown,industry unknown
Eric,Hunter,Eric Hunter,"Senior Vice President, Entertainment Marketing",PMK/HBH,,linkedin.com/in/eric-hunter-29358,,VP,blitz,https://www.linkedin.com/company/pmkhbh,Public Relations and Communications Services,US,US,pass,unknown,industry unknown
Eric,Munz,Eric Munz,Owner,KDP Groupe,,linkedin.com/in/eric-munz-05943213,,C-Team,blitz,https://www.linkedin.com/company/kdp-groupe,Advertising Services,FR,FR,pass,unknown,industry unknown
Eric,Schimansky,Eric Schimansky,Owner,Apartments.com,apartments.com,linkedin.com/in/eric-schimansky-76b3a21,,C-Team,blitz,https://www.linkedin.com/company/apartments-com,Advertising Services,US,US,pass,unknown,industry unknown
Eric,Tavernier,Eric Tavernier,Owner of luxurious taxi service in st thomas usvi,Self Employed Entrepreneur,,linkedin.com/in/eric-tavernier-9a0808253,,C-Team,blitz,https://www.linkedin.com/company/morozov-oleg-design,Design Services,US,UA,pass,unknown,industry unknown
Eric,Taylor,Eric Taylor,Owner,TURF,,linkedin.com/in/eric-taylor-264bb222,,C-Team,blitz,https://www.linkedin.com/company/turf,Advertising Services,US,US,pass,unknown,industry unknown
Erica,Springirth,Erica Springirth,"Director, Media Buying",BPI Group,bpigroup.com,linkedin.com/in/erica-springirth-9b0885113,,Director,blitz,https://www.linkedin.com/company/bully-pulpit-international,Advertising Services,US,US,pass,unknown,industry unknown
Eric,B.,Eric B.,Creative Director/Senior Copywriter & Messaging Consultant,various,,linkedin.com/in/ericbarrysf,,Director,blitz,https://www.linkedin.com/company/freelance-strategy,Advertising Services,DE,US,pass,unknown,industry unknown
Eric J,Hunt,Eric J Hunt,Vice President of Business Development,PHMG,phmg.com,linkedin.com/in/ericjhunt,,VP,blitz,https://www.linkedin.com/company/phmg,,US,GB,pass,unknown,industry unknown
Eric,Redline,Eric Redline,Vice President of Product Management,Vaniam Group,vaniamgroup.com,linkedin.com/in/ericredline1,,VP,blitz,https://www.linkedin.com/company/vaniam-group,Advertising Services,US,US,pass,unknown,industry unknown
Erik,Keessen,Erik Keessen,Owner,Design Domain,,linkedin.com/in/erik-keessen-a93207,,C-Team,blitz,https://www.linkedin.com/company/design-domain,Advertising Services,NL,US,pass,unknown,industry unknown
Erik,Speckmann,Erik Speckmann,Owner,Imagio,,linkedin.com/in/erik-speckmann-8a871b1,,C-Team,blitz,https://www.linkedin.com/company/imagio,Public Relations and Communications Services,NL,DE,pass,unknown,industry unknown
Erik,Struys,Erik Struys,Senior consultant Healthcare & Partner at PRP Public Relations Partners,Public Relations Partners,,linkedin.com/in/erik-struys-6543277,,C-Team,blitz,https://www.linkedin.com/company/public-relations-partners,Public Relations and Communications Services,BE,US,pass,unknown,industry unknown
Erika,Backhaus,Erika Backhaus,CEO,Manning Selvage and Lee,,linkedin.com/in/erika-backhaus-6304a94,,C-Team,blitz,https://www.linkedin.com/company/manning-selvage-and-lee,Public Relations and Communications Services,DE,US,pass,unknown,industry unknown
Erika,Pelser,Erika Pelser,Creative Director,The iD Factor,,linkedin.com/in/erika-pelser-13150b1,,Director,blitz,https://www.linkedin.com/company/the-id-factor,Market Research,GB,GB,pass,unknown,industry unknown
Erika,Shjeflo,Erika Shjeflo,Design Director | Certified Interior Designerger,TRG Architecture + Interior Design,trgarch.com,linkedin.com/in/erika-shjeflo-59954153,,Director,blitz,https://www.linkedin.com/company/trg-architects,Design Services,US,US,pass,unknown,industry unknown
Erikroot.,Summit,Erikroot. Summit,owner / technician,Summit Communications,,linkedin.com/in/erikroot-summit-20453b96,,C-Team,blitz,https://www.linkedin.com/company/summit-communications,Advertising Services,US,US,pass,unknown,industry unknown
Erikson,Dockery,Erikson Dockery,Head of Sales,PHMG,phmg.com,linkedin.com/in/eriksondockery,,Director,blitz,https://www.linkedin.com/company/phmg,Advertising Services,US,GB,pass,unknown,industry unknown
Erin,McDaniel,Erin McDaniel,Owner,Freelance Videographer,,linkedin.com/in/erin-mcdaniel-360468b,,C-Team,blitz,https://www.linkedin.com/company/delete-com,Advertising Services,US,US,pass,unknown,industry unknown
Erin,Williamson,Erin Williamson,"Senior Director, Research",Suzy,suzy.com,linkedin.com/in/erin-williamson-21861732,,Director,blitz,https://www.linkedin.com/company/asksuzy,Market Research,US,US,pass,unknown,industry unknown
Erin,Mulrooney,Erin Mulrooney,"Senior Director, Media Buying",BPI Group,bpigroup.com,linkedin.com/in/erinmulrooney,,Director,blitz,https://www.linkedin.com/company/bully-pulpit-international,Advertising Services,US,US,pass,unknown,industry unknown
Ernest,Chaplin,Ernest Chaplin,VP Marketing,Keller Crescent,,linkedin.com/in/ernest-chaplin-a523154,,VP,blitz,https://www.linkedin.com/company/keller-crescent,Advertising Services,US,US,pass,unknown,industry unknown
Ernestine,Cooney,Ernestine Cooney,Owner,Unique Weddings and Events,,linkedin.com/in/ernestine-cooney-36036351,,C-Team,blitz,https://www.linkedin.com/company/unique-weddings-and-events,Events Services,US,US,pass,unknown,industry unknown
Ernesto,Diaz,Ernesto Diaz,Art Director,Siboney USA,,linkedin.com/in/ernesto-diaz-05603122,,Director,blitz,https://www.linkedin.com/company/siboney-usa,Advertising Services,US,US,pass,unknown,industry unknown
Ernesto Giovanni,Arnoldi,Ernesto Giovanni Arnoldi,R&D Manager and founder,ARCHIMEDE S.R.L. SOCIETA  DI INGEGNERIA,,linkedin.com/in/ernesto-giovanni-arnoldi-38a07594,,C-Team,blitz,https://www.linkedin.com/company/archimede-s.r.l.-societa-di-ingegneria,Design Services,IT,IT,pass,unknown,industry unknown
Ernie,Silva,Ernie Silva,Manageing Director of Operations,Passage Events,,linkedin.com/in/ernie-silva-b0b6225,,Director,blitz,https://www.linkedin.com/company/passage-events,Advertising Services,US,US,pass,unknown,industry unknown
Erwin,Bakker,Erwin Bakker,Owner,Creative Presentations,,linkedin.com/in/erwin-bakker-b25484,,C-Team,blitz,https://www.linkedin.com/company/creative-presentations,Events Services,NL,US,pass,unknown,industry unknown
Erwin,Jacobs,Erwin Jacobs,"Owner, zelfstandig inkoopadviseur, diverse opdrachten zie onderstaand.",JPG,,linkedin.com/in/erwin-jacobs-9a14062,,C-Team,blitz,https://www.linkedin.com/company/jpg,Advertising Services,NL,FR,pass,unknown,industry unknown
Essi,Männistö,Essi Männistö,CPo,Respecta Oy,,linkedin.com/in/essi-männistö-263078142,,C-Team,blitz,https://www.linkedin.com/company/respecta-oy,Public Relations and Communications Services,FI,FI,pass,unknown,industry unknown
Estela,E.,Estela E.,Co-Founder,The Diverse Agency,,linkedin.com/in/estelaiglesias,,C-Team,blitz,https://www.linkedin.com/company/thediverseagency,Advertising Services,US,US,pass,unknown,industry unknown
Etienne,Moreau,Etienne Moreau,Founder I Atelier Moreau,Architecte d'intérieur - Décorateur,,linkedin.com/in/etienne-moreau-b41767150,,C-Team,blitz,https://www.linkedin.com/company/architecte-d-int%c3%a9rieur-d%c3%a9corateur,Design Services,FR,US,pass,unknown,industry unknown
Etsy,I.,Etsy I.,Art Director + Designer,Independent Contractor/Consultant,,linkedin.com/in/etsukodesign,,Director,blitz,https://www.linkedin.com/company/independent-contractor-consultant_2,Public Relations and Communications Services,US,GB,pass,unknown,industry unknown
Eugene,Kurtev,Eugene Kurtev,Strategic Planning Director,FCB MA,,linkedin.com/in/eugene-kurtev-ab51776,,Director,blitz,https://www.linkedin.com/company/fcb-ma,Advertising Services,UA,US,pass,unknown,industry unknown
Eugenie,Wijffels,Eugenie Wijffels,Marketing  Director,CorporateTrailer | The Power of Storytelling,corporatetrailer.nl,linkedin.com/in/eugeniewijffels,,Director,blitz,https://www.linkedin.com/company/corporatetrailer,,NL,NL,pass,unknown,industry unknown
Eva,Barriga,Eva Barriga,"Art Director, Marketing",Heritage Werks,heritagewerks.com,linkedin.com/in/eva-barriga-0110085,,Director,blitz,https://www.linkedin.com/company/heritage-werks,Advertising Services,US,US,pass,unknown,industry unknown
EVA,HERRERO,EVA HERRERO,Directora de Servicios al Cliente,Pulsa Media,,linkedin.com/in/eva-herrero-71aa52a8,,Director,blitz,https://www.linkedin.com/company/pulsa-media-consulting,Advertising Services,ES,ES,pass,unknown,industry unknown
Eva,Mcoy,Eva Mcoy,Project Director,Exoridior Analytical Services,,linkedin.com/in/evamcoy,,Director,blitz,https://www.linkedin.com/company/exoridior,Events Services,GB,US,pass,unknown,industry unknown
Evan,Bouwman,Evan Bouwman,Group Finance Director,Only Entrepreneurs,only.nl,linkedin.com/in/evan-bouwman-6bb2b186,,Director,blitz,https://www.linkedin.com/company/only-creative-entrepreneurs,,NL,NL,pass,unknown,industry unknown
Evan,Shofron,Evan Shofron,President,Action Marketing,,linkedin.com/in/evan-shofron-18469843,,C-Team,blitz,https://www.linkedin.com/company/action-marketing,Advertising Services,US,US,pass,unknown,industry unknown
Evan,Siegel,Evan Siegel,President and CEO,Ground Zero,,linkedin.com/in/evan-siegel-8582535,,C-Team,blitz,https://www.linkedin.com/company/ground-zero,Advertising Services,US,US,pass,unknown,industry unknown
Evan,Bleecker,Evan Bleecker,Project Management Director,Heritage Werks,heritagewerks.com,linkedin.com/in/evanbleecker,,Director,blitz,https://www.linkedin.com/company/heritage-werks,Advertising Services,US,US,pass,unknown,industry unknown
evy,vandeput,evy vandeput,art director,Grey Entertainment,,linkedin.com/in/evy-vandeput-94a1a79,,Director,blitz,https://www.linkedin.com/company/grey-entertainment,Advertising Services,BE,US,pass,unknown,industry unknown
Ewa,Wojciga,Ewa Wojciga,Export Director,Moka,,linkedin.com/in/ewa-wojciga-75a0212,,Director,blitz,https://www.linkedin.com/company/moka,Graphic Design,PL,IT,pass,unknown,industry unknown
Stephen,CITTADINI,Stephen CITTADINI,Directeur / Owner,Exponentiel,exponentiel.tv,linkedin.com/in/exponentiel,,C-Team,blitz,https://www.linkedin.com/company/exponentiel_it,,FR,FR,pass,unknown,industry unknown
Eyal,Wand,Eyal Wand,Founder & Executive Producer,We Productions,,linkedin.com/in/eyal-wand-18110b45,,C-Team,blitz,https://www.linkedin.com/company/we-productions,Advertising Services,US,US,pass,unknown,industry unknown
Fabian,Gehrmann,Fabian Gehrmann,Head of Performance Marketing & UX,joviva.de,joviva.de,linkedin.com/in/fabian-gehrmann-089b181ab,,Director,blitz,https://www.linkedin.com/company/joviva-de,,DE,DE,pass,unknown,industry unknown
Fabian,Molloy,Fabian Molloy,Engagement Director (North America),PHMG,phmg.com,linkedin.com/in/fabian-molloy-6b8a04109,,Director,blitz,https://www.linkedin.com/company/phmg,Advertising Services,GB,GB,pass,unknown,industry unknown
Fabio,Mastracchio,Fabio Mastracchio,Partner,DONDI INGEGNERIA SRL,,linkedin.com/in/fabio-mastracchio-6179644b,,C-Team,blitz,https://www.linkedin.com/company/dondi-ingegneria-srl,Design Services,IT,IT,pass,unknown,industry unknown
Fabio,Quattromini,Fabio Quattromini,Head of Sales,Corax,corax.business,linkedin.com/in/fabio-quattromini-97514321,,Director,blitz,https://www.linkedin.com/company/corax-digital-media,,IT,IT,pass,unknown,industry unknown
fabrice,baron,fabrice baron,"CEO, France",Gavin Anderson & Company,,linkedin.com/in/fabrice-baron-1a94b4,,C-Team,blitz,https://www.linkedin.com/company/gavin-anderson-&-company,Public Relations and Communications Services,FR,US,pass,unknown,industry unknown
Fabrice,BRUNAULT,Fabrice BRUNAULT,Directeur qualité,MITSUBA MANUFACTURING FRANCE,,linkedin.com/in/fabrice-brunault-962b4b153,,Director,blitz,https://www.linkedin.com/company/mitsuba-manufacturing-france,Design Services,FR,FR,pass,unknown,industry unknown
Fabrice,PANCALLO,Fabrice PANCALLO,DIRECTEUR,"Phoenix Formations, Inc.",,linkedin.com/in/fabrice-pancallo-538a7b45,,Director,blitz,https://www.linkedin.com/company/phoenix-formations-inc.,Events Services,FR,US,pass,unknown,industry unknown
Toto,Gonzalez,Toto Gonzalez,Owner,Fabrika,,linkedin.com/in/fabrikalink,,C-Team,blitz,https://www.linkedin.com/company/fabrika,Advertising Services,US,US,pass,unknown,industry unknown
Fabrizio,Cardone,Fabrizio Cardone,Head of Talent Management,Corax,corax.business,linkedin.com/in/fabrizio-cardone-696249144,,Director,blitz,https://www.linkedin.com/company/corax-digital-media,,IT,IT,pass,unknown,industry unknown
Faizan,Akbar,Faizan Akbar,CEO & Co-founder,EventBuizz,eventbuizz.com,linkedin.com/in/faizanakbar,,C-Team,blitz,https://www.linkedin.com/company/eventbuizz,,DK,DK,pass,unknown,industry unknown
Farat,Buta,Farat Buta,Client Care Director,PHMG,phmg.com,linkedin.com/in/faratbuta627ba317,,Director,blitz,https://www.linkedin.com/company/phmg,Advertising Services,GB,GB,pass,unknown,industry unknown
Fatmata,LMSW/LGSW,Fatmata LMSW/LGSW,Founder of Pace Healing Center LLC,Heath Care,,linkedin.com/in/fatmata-lmsw-lgsw-ab2b4561,,C-Team,blitz,https://www.linkedin.com/company/heath-care,Market Research,US,US,pass,unknown,industry unknown
Fausto,M.,Fausto M.,Head of Controlling and FP&A,MAESTRALE S.r.l.,,linkedin.com/in/fausto-m-68253959,,Director,blitz,https://www.linkedin.com/company/maestrale-engineering,Design Services,IT,IT,pass,unknown,industry unknown
Fawad,Ahmad,Fawad Ahmad,MD,The Momentum Group,,linkedin.com/in/fawad-ahmad-a2a3b5,,C-Team,blitz,https://www.linkedin.com/company/the-momentum-group,Advertising Services,US,US,pass,unknown,industry unknown
Fawnda,James,Fawnda James,Owner,Paparazzi,,linkedin.com/in/fawnda-james-4891298a,,C-Team,blitz,https://www.linkedin.com/company/paparazzi,Advertising Services,US,US,pass,unknown,industry unknown
Fazil,Kalari Kandy,Fazil Kalari Kandy,Entrepreneur,Self Employed Entrepreneur,,linkedin.com/in/fazil-kalari-kandy-b04455195,,C-Team,blitz,https://www.linkedin.com/company/morozov-oleg-design,Design Services,GB,UA,pass,unknown,industry unknown
Federica,Miceli,Federica Miceli,Creative director,Nextudio,nextudio.agency,linkedin.com/in/federica-miceli1,,Director,blitz,https://www.linkedin.com/company/nextudio,,IT,IT,pass,unknown,industry unknown
Felicity,Neilson,Felicity Neilson,Présidente,Matrix Consultants,,linkedin.com/in/felicity-neilson-4b41b55,,C-Team,blitz,https://www.linkedin.com/company/matrix-consultants,Advertising Services,FR,US,pass,unknown,industry unknown
Felim,White,Felim White,Owner,Fingal,,linkedin.com/in/felim-white-670a685,,C-Team,blitz,https://www.linkedin.com/company/fingal,Advertising Services,IE,GB,pass,unknown,industry unknown
Felix,Frazier,Felix Frazier,Founding Partner,Fountainhead,,linkedin.com/in/felix-frazier-b14a244,,C-Team,blitz,https://www.linkedin.com/company/fountainhead,Advertising Services,US,US,pass,unknown,industry unknown
Felix,Sanchez,Felix Sanchez,President & CEO,TerraCom,,linkedin.com/in/felix-sanchez-69408112,,C-Team,blitz,https://www.linkedin.com/company/terracom,Events Services,US,US,pass,unknown,industry unknown
Felmar,Dean,Felmar Dean,Founder,Bodega Social Club,,linkedin.com/in/felmar-dean-89a73953,,C-Team,blitz,https://www.linkedin.com/company/bodegasocialclub,Advertising Services,US,US,pass,unknown,industry unknown
Ferenc,Szabo,Ferenc Szabo,CIO,Quaestor,,linkedin.com/in/ferenc-szabo-6590311,,C-Team,blitz,https://www.linkedin.com/company/quaestor,Market Research,HU,GB,pass,unknown,industry unknown
Fernan,Garcia,Fernan Garcia,Head of Design,Big Table Marketing Co.,,linkedin.com/in/fernan-garcia-664180188,,Director,blitz,https://www.linkedin.com/company/bigtablemarketing,Marketing Services,GB,US,pass,unknown,industry unknown
Fernando,Martínez Denia,Fernando Martínez Denia,"Associate Director & COO – Transformation, Research & Technology Leadership for Mobile Growth",AppASO Group,appaso-auditgratuit.fr,linkedin.com/in/fernando-martinez-denia,,C-Team,blitz,https://www.linkedin.com/company/appaso-groupefr,,FR,FR,pass,unknown,industry unknown
Filipa,Moura,Filipa Moura,Diretor de marketing,Movie Factory,,linkedin.com/in/filipa-moura-3b7248143,,Director,blitz,https://www.linkedin.com/company/movie-factory,Graphic Design,PT,US,pass,unknown,industry unknown
Filipe,Sampaio,Filipe Sampaio,"Director, Motion Designer",Motion Graphic Designer,,linkedin.com/in/filipe-sampaio-90b0b231,,Director,blitz,https://www.linkedin.com/company/motion-graphic-designer,Graphic Design,PT,US,pass,unknown,industry unknown
Fiona,Abbotts,Fiona Abbotts,Director,Essential Events,,linkedin.com/in/fiona-abbotts-899b1944,,Director,blitz,https://www.linkedin.com/company/essential-events,Events Services,GB,GB,pass,unknown,industry unknown
Fiona,West,Fiona West,Fractional CMO,The Marketing Centre,themarketingcentre.com,linkedin.com/in/fionakwest,,C-Team,blitz,https://www.linkedin.com/company/the-marketing-centre,,GB,GB,pass,unknown,industry unknown
Flair,Communications,Flair Communications,CEO & Founder,Flair Communications Agency,,linkedin.com/in/flair-communications-28ab2b14,,C-Team,blitz,https://www.linkedin.com/company/flair-communications-agency,Advertising Services,US,US,pass,unknown,industry unknown
Florian,BOUGAULT,Florian BOUGAULT,Account Director Social Média & Influence,StudioM France,,linkedin.com/in/florian-bougault-1b250460,,Director,blitz,https://www.linkedin.com/company/studiomfrance,Advertising Services,FR,FR,pass,unknown,industry unknown
Florian,GUIHAIRE,Florian GUIHAIRE,Directeur général,Moi-meme,,linkedin.com/in/florian-guihaire-91707326a,,C-Team,blitz,https://www.linkedin.com/company/moi-meme,Graphic Design,FR,FR,pass,unknown,industry unknown
Florian,Müller,Florian Müller,Geschäftsführer,Online Solutions Group GmbH,onlinesolutionsgroup.de,linkedin.com/in/florian-müller-834362236,,C-Team,blitz,https://www.linkedin.com/company/online-solutions-group-gmbh,,DE,DE,pass,unknown,industry unknown
Florin,Gaitanaru,Florin Gaitanaru,Chief Financial Officer,Inform Lykos S.A.,,linkedin.com/in/floringaitanaru,,C-Team,blitz,https://www.linkedin.com/company/inform-lykos-s-a-,Market Research,RO,RO,pass,unknown,industry unknown
Folusho,Dasylva,Folusho Dasylva,Chief Executive Officer,"Royalty Events, Inc.",,linkedin.com/in/folusho-dasylva-45968b1b4,,C-Team,blitz,https://www.linkedin.com/company/royalty-events-inc.,Events Services,US,US,pass,unknown,industry unknown
Fran,Gullo,Fran Gullo,Owner,Daddy,,linkedin.com/in/fran-gullo-7b00375,,C-Team,blitz,https://www.linkedin.com/company/daddy,Advertising Services,US,SE,pass,unknown,industry unknown
Frances,Cole,Frances Cole,H/R and Ops. Director,CarryOn Communication,,linkedin.com/in/frances-cole-a564151,,Director,blitz,https://www.linkedin.com/company/carryon-communication,Public Relations and Communications Services,US,US,pass,unknown,industry unknown
Francesc,Pérez López,Francesc Pérez López,Presidente,mi empresa,,linkedin.com/in/francesc-pérez-lópez-0575258a,,C-Team,blitz,https://www.linkedin.com/company/mi-empresa,Graphic Design,ES,US,pass,unknown,industry unknown
Francesca,Ferri,Francesca Ferri,Proprietario di azienda,KIKO,,linkedin.com/in/francesca-ferri-765b14242,,C-Team,blitz,https://www.linkedin.com/company/kiko,Design Services,IT,US,pass,unknown,industry unknown
Francesca,Indigeno,Francesca Indigeno,CX Director e Agile Product Owner,Arkage,welcometothearkage.com,linkedin.com/in/francesca-indigeno-84399827,,C-Team,blitz,https://www.linkedin.com/company/arkage,,IT,IT,pass,unknown,industry unknown
Francesca,Para,Francesca Para,Head of Talent Management,Corax,corax.business,linkedin.com/in/francescapara,,Director,blitz,https://www.linkedin.com/company/corax-digital-media,,IT,IT,pass,unknown,industry unknown
Francesco,Florio,Francesco Florio,Managing Director,Firenze Progetti España sl,,linkedin.com/in/francesco-florio-b10b2713,,C-Team,blitz,https://www.linkedin.com/company/firenze-progetti-espa-a-sl,Design Services,ES,ES,pass,unknown,industry unknown
Francesco,Po,Francesco Po,Entrepreneur,BTN-International Marketing,,linkedin.com/in/francesco-po-9703291b3,,C-Team,blitz,https://www.linkedin.com/company/btn-behind-the-network,Advertising Services,IT,US,pass,unknown,industry unknown
Francis,Miller,Francis Miller,Owner,Miller Consulting Group,,linkedin.com/in/francis-miller-51940a5,,C-Team,blitz,https://www.linkedin.com/company/miller-consulting-group,Public Relations and Communications Services,GB,US,pass,unknown,industry unknown
Francis,POTTIER,Francis POTTIER,DIRECTEUR DES VENTES FRANCE,Eden,,linkedin.com/in/francis-pottier-a07aab29,,Director,blitz,https://www.linkedin.com/company/eden,Design Services,FR,NL,pass,unknown,industry unknown
Francis,Toldi,Francis Toldi,VP and GC,Determined Productions Inc.,,linkedin.com/in/francis-toldi-2b1929,,VP,blitz,https://www.linkedin.com/company/determined-productions-inc.,Graphic Design,US,US,pass,unknown,industry unknown
Francis,Turner,Francis Turner,Sales Director,Utarget,,linkedin.com/in/francis-turner-1baa531,,Director,blitz,https://www.linkedin.com/company/utarget,Advertising Services,GB,GB,pass,unknown,industry unknown
Francisco,B.,Francisco B.,Chief Technology Officer,Taurus,,linkedin.com/in/francisco-b-0b6b4315,,C-Team,blitz,https://www.linkedin.com/company/taurus1,Advertising Services,US,HR,pass,unknown,industry unknown
Francisco,Quiroba,Francisco Quiroba,Sr. Designer / Art Director,BPI Group,bpigroup.com,linkedin.com/in/francisco-quiroba-720446a8,,Director,blitz,https://www.linkedin.com/company/bully-pulpit-international,Advertising Services,US,US,pass,unknown,industry unknown
francisco,sanchez,francisco sanchez,Owner,USA Direct,,linkedin.com/in/francisco-sanchez-a342294,,C-Team,blitz,https://www.linkedin.com/company/usa-direct,Advertising Services,US,US,pass,unknown,industry unknown
Francisco,Toledo,Francisco Toledo,Director Nuevos Negocios,PUBLISEIS,,linkedin.com/in/francisco-toledo-3239b414,,Director,blitz,https://www.linkedin.com/company/publiseis,Advertising Services,ES,ES,pass,unknown,industry unknown
Franck,STEFFAN,Franck STEFFAN,Président,Myosotis,,linkedin.com/in/franck-steffan-67026112b,,C-Team,blitz,https://www.linkedin.com/company/myosotis,Graphic Design,FR,US,pass,unknown,industry unknown
Franco,Corelli,Franco Corelli,Art Director,Arkage,welcometothearkage.com,linkedin.com/in/franco-corelli-473037253,,Director,blitz,https://www.linkedin.com/company/arkage,,IT,IT,pass,unknown,industry unknown
Franco,Reda,Franco Reda,Senior Art Director,Joshua,,linkedin.com/in/franco-reda-2ba15310,,Director,blitz,https://www.linkedin.com/company/joshua,Advertising Services,GB,GB,pass,unknown,industry unknown
francois,cornuau,francois cornuau,chairman,Arsenic,,linkedin.com/in/francois-cornuau-a60955,,C-Team,blitz,https://www.linkedin.com/company/arsenic,Advertising Services,FR,FR,pass,unknown,industry unknown
Francois,Gehot,Francois Gehot,Director Consultant,Public Relations Partners,,linkedin.com/in/francois-gehot-47a8064,,Director,blitz,https://www.linkedin.com/company/public-relations-partners,Public Relations and Communications Services,BE,US,pass,unknown,industry unknown
Francois,Moyet,Francois Moyet,Director,Studio A Advertising,,linkedin.com/in/francois-moyet-7b433a20,,Director,blitz,https://www.linkedin.com/company/studio-a-advertising,Advertising Services,US,US,pass,unknown,industry unknown
François,Houste,François Houste,Directeur des Créations,"Mon Oncle, l'agence",,linkedin.com/in/francoishouste,,Director,blitz,https://www.linkedin.com/company/mon-oncle-web-agency,Marketing Services,FR,FR,pass,unknown,industry unknown
Frank,Antonucci,Frank Antonucci,"Director of Campus Ministry (full time), Director of Religious Education (part time)",Living in Color,,linkedin.com/in/frank-antonucci-8024a423,,Director,blitz,https://www.linkedin.com/company/living-in-color,Design Services,US,US,pass,unknown,industry unknown
Frank,Beadle,Frank Beadle,Owner,Equitec,,linkedin.com/in/frank-beadle-b715b5,,C-Team,blitz,https://www.linkedin.com/company/equitec,Advertising Services,US,US,pass,unknown,industry unknown
Frank,Brady,Frank Brady,CEO,Brady Marketing Group,,linkedin.com/in/frank-brady-b7156512,,C-Team,blitz,https://www.linkedin.com/company/brady-marketing-group,Advertising Services,US,US,pass,unknown,industry unknown
Frank,Ernandes,Frank Ernandes,CTO / VP Engineering,Una Vez Mas/Azteca America Network Affiliate,,linkedin.com/in/frank-ernandes-81172180,,C-Team,blitz,https://www.linkedin.com/company/una-vez-mas-azteca-america-network-affiliate,Advertising Services,US,US,pass,unknown,industry unknown
Frank,Kassela,Frank Kassela,President,Mascom Communications Inc,,linkedin.com/in/frank-kassela-8187664,,C-Team,blitz,https://www.linkedin.com/company/mascom-communications-inc,Advertising Services,US,US,pass,unknown,industry unknown
Frank,Peretzman,Frank Peretzman,VP Business Development,Corporate Incentive Solutions,,linkedin.com/in/frank-peretzman-920454a,,VP,blitz,https://www.linkedin.com/company/corporate-incentive-solutions,Advertising Services,US,US,pass,unknown,industry unknown
Frank,Ploeger,Frank Ploeger,Geschäftsführer,Highlight Media,,linkedin.com/in/frank-ploeger-316a032b9,,C-Team,blitz,https://www.linkedin.com/company/highlight-mediagiants,Marketing Services,DE,US,pass,unknown,industry unknown
Frank,Zanca,Frank Zanca,Owner,Action Marketing,,linkedin.com/in/frank-zanca-7173392,,C-Team,blitz,https://www.linkedin.com/company/action-marketing,Advertising Services,US,US,pass,unknown,industry unknown
Frank,Flores,Frank Flores,Managing Partner,EXACTA | BORN FROM MEDIA,exactamedia.com,linkedin.com/in/frankeflores,,C-Team,blitz,https://www.linkedin.com/company/exacta-media-inc.,Advertising Services,US,US,pass,unknown,industry unknown
Frann,Goldstein,Frann Goldstein,Media Director,MRM Gillespie,,linkedin.com/in/frann-goldstein-6138233,,Director,blitz,https://www.linkedin.com/company/mrm-gillespie,Advertising Services,US,US,pass,unknown,industry unknown
Frans,de Vries,Frans de Vries,Chief Executive Officer,Only Entrepreneurs,only.nl,linkedin.com/in/frans-de-vries-,,C-Team,blitz,https://www.linkedin.com/company/only-creative-entrepreneurs,,NL,NL,pass,unknown,industry unknown
Illia,Frantsevskyi,Illia Frantsevskyi,"CTO & CPO, Co-Founder",Scrambly,scrambly.io,linkedin.com/in/frantsevskyi,,C-Team,blitz,https://www.linkedin.com/company/scrambly,,PL,IT,pass,unknown,industry unknown
Franziska,Marx,Franziska Marx,Head of UX & Deputy Chief Product Officer,RP Digital,,linkedin.com/in/franziska-marx-b0857445,,C-Team,blitz,https://www.linkedin.com/company/rpdigitall,Advertising Services,DE,US,pass,unknown,industry unknown
Franziska,Przygoda,Franziska Przygoda,Executive Business Director,Zenithmedia GmbH,,linkedin.com/in/franziska-przygoda-a7680a204,,Director,blitz,https://www.linkedin.com/company/zenithmedia-gmbh,Advertising Services,DE,DE,pass,unknown,industry unknown
François-Marie,Charmet,François-Marie Charmet,Co-fondateur,WeShareTrust,wesharetrust.com,linkedin.com/in/françois-marie-charmet-12010b24,,C-Team,blitz,https://www.linkedin.com/company/wesharetrust,,ES,FR,pass,unknown,industry unknown
Françoise,Bugnet,Françoise Bugnet,Directeur Commercial,Jump France,,linkedin.com/in/françoise-bugnet-53109714,,Director,blitz,https://www.linkedin.com/company/jump-france,Advertising Services,FR,US,pass,unknown,industry unknown
Fred,Cornuau,Fred Cornuau,Art Director,Arsenic,,linkedin.com/in/fred-cornuau-0578734,,Director,blitz,https://www.linkedin.com/company/arsenic,Advertising Services,FR,FR,pass,unknown,industry unknown
Fred,Dougherty,Fred Dougherty,owner and president,Pat Curtis Communications Consulting,,linkedin.com/in/fred-dougherty-40736b17,,C-Team,blitz,https://www.linkedin.com/company/pat-curtis-communications-consulting,Public Relations and Communications Services,US,US,pass,unknown,industry unknown
Fred,Fisher,Fred Fisher,Vice President Sales,AJD,,linkedin.com/in/fred-fisher-b34158134,,VP,blitz,https://www.linkedin.com/company/ajd,Advertising Services,US,US,pass,unknown,industry unknown
Fred,Masjuan,Fred Masjuan,Owner,Profit-Tell International,,linkedin.com/in/fred-masjuan-82a28839,,C-Team,blitz,https://www.linkedin.com/company/profit-tell-international,Advertising Services,US,US,pass,unknown,industry unknown
fred,steuer,fred steuer,Director,TRES,,linkedin.com/in/fred-steuer-7a3190157,,Director,blitz,https://www.linkedin.com/company/tres,Design Services,FR,US,pass,unknown,industry unknown
Fred,Stevens,Fred Stevens,Owner,Snap Marketing,,linkedin.com/in/fred-stevens-9a54b31,,C-Team,blitz,https://www.linkedin.com/company/snap-marketing,Advertising Services,US,US,pass,unknown,industry unknown
Fred,Butson,Fred Butson,President,WebLife,goweblife.com,linkedin.com/in/fredbutson,,C-Team,blitz,https://www.linkedin.com/company/goweblife,Market Research,US,US,pass,unknown,industry unknown
Freddy,Hydro,Freddy Hydro,Director of Operations,319 Group Llc,,linkedin.com/in/freddy-hydro-6244b1311,,Director,blitz,https://www.linkedin.com/company/319-group-llc,Public Relations and Communications Services,US,US,pass,unknown,industry unknown
frederic,frambot,frederic frambot,account director,Jump France,,linkedin.com/in/frederic-frambot-541513,,Director,blitz,https://www.linkedin.com/company/jump-france,Advertising Services,FR,US,pass,unknown,industry unknown
Frederic,Lechat,Frederic Lechat,COO & Founder at Mobvious,Mobvious,mobvious.me,linkedin.com/in/frederic-lechat-9948191,,C-Team,blitz,https://www.linkedin.com/company/prisamediausa,Advertising Services,BE,US,pass,unknown,industry unknown
Frederic,Pinkney,Frederic Pinkney,President,Joshua,,linkedin.com/in/frederic-pinkney-55a49551,,C-Team,blitz,https://www.linkedin.com/company/joshua,Advertising Services,US,GB,pass,unknown,industry unknown
Fredrik,Malmfält,Fredrik Malmfält,Client Service Director,Bizkit,,linkedin.com/in/fredrik-malmfält-87946487,,Director,blitz,https://www.linkedin.com/company/bizkit,Advertising Services,SE,SE,pass,unknown,industry unknown
Free,Bikes,Free Bikes,President,Free Bikes,,linkedin.com/in/free-bikes-a8592713,,C-Team,blitz,https://www.linkedin.com/company/free-bikes,Advertising Services,US,US,pass,unknown,industry unknown
Frippe,Stenberg,Frippe Stenberg,Account Director,Storåkers McCann,,linkedin.com/in/frippe-stenberg-6134411,,Director,blitz,https://www.linkedin.com/company/storakers-mccann,Advertising Services,SE,SE,pass,unknown,industry unknown
Frouke,de Jonge,Frouke de Jonge,directrice/eigenaar van webshop Cadoe.nl,Geen Tekst?,,linkedin.com/in/frouke-de-jonge-5a9550148,,C-Team,blitz,https://www.linkedin.com/company/geen-tekst-,Public Relations and Communications Services,NL,NL,pass,unknown,industry unknown
Frédéric,Amespil,Frédéric Amespil,directeur de création,Market Place,,linkedin.com/in/frédéric-amespil-aa918315,,Director,blitz,https://www.linkedin.com/company/market-place,Events Services,FR,FR,pass,unknown,industry unknown
Fulvio,Porto,Fulvio Porto,Owner,talk2me,,linkedin.com/in/fulvioporto,,C-Team,blitz,https://www.linkedin.com/company/talk2me,Advertising Services,PT,NO,pass,unknown,industry unknown
Gabe,Castaneda,Gabe Castaneda,Owner,Affinity Marketing Group,,linkedin.com/in/gabe-castaneda-3753b52,,C-Team,blitz,https://www.linkedin.com/company/affinity-marketing-group,Advertising Services,US,US,pass,unknown,industry unknown
Gabe,Lakatosh,Gabe Lakatosh,Owner,Final Film,,linkedin.com/in/gabe-lakatosh-8616b21,,C-Team,blitz,https://www.linkedin.com/company/final-film,Advertising Services,US,US,pass,unknown,industry unknown
Gabriel,Taminiaux,Gabriel Taminiaux,Partner / CTO,Adjust,adjust.be,linkedin.com/in/gabriel-taminiaux-95115921,,C-Team,blitz,https://www.linkedin.com/company/adjust,,BE,BE,pass,unknown,industry unknown
Gabriela,Esquerdo,Gabriela Esquerdo,Vice President,ESADE Fashion,,linkedin.com/in/gabriela-esquerdo-329847290,,VP,blitz,https://www.linkedin.com/company/esade-fashion,Events Services,ES,ES,pass,unknown,industry unknown
,,,Sports Director,WVCW Radio,,linkedin.com/in/gabrielaref,,Director,blitz,https://www.linkedin.com/company/wvcw-radio,Advertising Services,US,US,pass,unknown,industry unknown
"Gabrielle ""Gabe""",Corcoran,"Gabrielle ""Gabe"" Corcoran","Director, Enterprise Sales",Suzy,suzy.com,linkedin.com/in/gabrielle-gabe-corcoran-85596a85,,Director,blitz,https://www.linkedin.com/company/asksuzy,Market Research,US,US,pass,unknown,industry unknown
Gaetan,Nsoki,Gaetan Nsoki,Fondateur,NKDesign,,linkedin.com/in/gaetan-nsoki,,C-Team,blitz,https://www.linkedin.com/company/nkdesign01,Graphic Design,FR,FR,pass,unknown,industry unknown
Gail,Gilbert,Gail Gilbert,Owner,Business Partner,,linkedin.com/in/gail-gilbert-300a26,,C-Team,blitz,https://www.linkedin.com/company/business-partner,Advertising Services,US,US,pass,unknown,industry unknown
Gail,Remudaro,Gail Remudaro,Online Media Director,NextWeb Media,,linkedin.com/in/gail-remudaro-b94777b,,Director,blitz,https://www.linkedin.com/company/nextweb-media,Advertising Services,US,US,pass,unknown,industry unknown
Gailon,Tucker,Gailon Tucker,Director of IT,United Yellow Pages,,linkedin.com/in/gailon-tucker-3801987,,Director,blitz,https://www.linkedin.com/company/united-yellow-pages,Advertising Services,US,US,pass,unknown,industry unknown
Gailon,Tucker,Gailon Tucker,Director of Information Technology,United Yellow Pages,,linkedin.com/in/gailon-tucker-a90ab02,,Director,blitz,https://www.linkedin.com/company/united-yellow-pages,Advertising Services,US,US,pass,unknown,industry unknown
Ganbold,Chuluunbat,Ganbold Chuluunbat,Creative Director,BPI Group,bpigroup.com,linkedin.com/in/ganboldc,,Director,blitz,https://www.linkedin.com/company/bully-pulpit-international,Advertising Services,US,US,pass,unknown,industry unknown
Gar,Simmo,Gar Simmo,Owner,GDD,,linkedin.com/in/gar-simmo-8b19572,,C-Team,blitz,https://www.linkedin.com/company/gdd,Advertising Services,US,US,pass,unknown,industry unknown
Gareth,Roberts,Gareth Roberts,CEO | President,RYNO,weareryno.com,linkedin.com/in/garethdavidroberts,,C-Team,blitz,https://www.linkedin.com/company/weareryno,Marketing Services,US,US,pass,unknown,industry unknown
Gareth,Watt,Gareth Watt,Chief Operating Officer,PHMG,phmg.com,linkedin.com/in/garethwatt,,C-Team,blitz,https://www.linkedin.com/company/phmg,,GB,GB,pass,unknown,industry unknown
Garrett,Butrym,Garrett Butrym,Founder/President,Marketing 101,,linkedin.com/in/garrett-butrym-2b7182120,,C-Team,blitz,https://www.linkedin.com/company/marketing-101,Advertising Services,US,US,pass,unknown,industry unknown
Garrett,Castillo,Garrett Castillo,"Managing Partner, Co-Owner | Executive Creative Director",Amigo Creative,,linkedin.com/in/garrett-castillo-9660384,,C-Team,blitz,https://www.linkedin.com/company/amigo-creative,Advertising Services,US,US,pass,unknown,industry unknown
Garth,Anderson,Garth Anderson,VP/Group Planning Director,Surge Healthcare,,linkedin.com/in/garth-anderson-0844467,,VP,blitz,https://www.linkedin.com/company/surge-healthcare,Advertising Services,US,US,pass,unknown,industry unknown
Gary,Cohen,Gary Cohen,President,The Golden Group,,linkedin.com/in/gary-cohen-04a53a3,,C-Team,blitz,https://www.linkedin.com/company/the-golden-group,Advertising Services,US,US,pass,unknown,industry unknown
Gary,Gibson,Gary Gibson,recreation director,McCormick Creative Group,,linkedin.com/in/gary-gibson-9464b375,,Director,blitz,https://www.linkedin.com/company/mccormick-creative-group,Advertising Services,US,US,pass,unknown,industry unknown
Gary,Kleinman,Gary Kleinman,Managing Director,Snap Marketing,,linkedin.com/in/gary-kleinman-4b07725,,C-Team,blitz,https://www.linkedin.com/company/snap-marketing,Advertising Services,US,US,pass,unknown,industry unknown
gary,kleinman,gary kleinman,VP,Buzztone,,linkedin.com/in/gary-kleinman-4b2a73,,VP,blitz,https://www.linkedin.com/company/buzztone,Advertising Services,US,US,pass,unknown,industry unknown
Gary,Kopervas,Gary Kopervas,Partner/Creative Director,EngineRoom,,linkedin.com/in/gary-kopervas-0076381,,C-Team,blitz,https://www.linkedin.com/company/engineroom,Advertising Services,US,US,pass,unknown,industry unknown
Gary,Nichols,Gary Nichols,owner,Today,,linkedin.com/in/gary-nichols-0971a7a2,,C-Team,blitz,https://www.linkedin.com/company/today,Design Services,US,GB,pass,unknown,industry unknown
Gary,OLeary,Gary OLeary,Senior Director Marketing Communications,Gt Promotions,,linkedin.com/in/gary-oleary-006438157,,Director,blitz,https://www.linkedin.com/company/gt-promotions,Advertising Services,US,US,pass,unknown,industry unknown
Gary,West,Gary West,Owner,West & Associates,,linkedin.com/in/gary-west-770b9411,,C-Team,blitz,https://www.linkedin.com/company/west-&-associates,Advertising Services,US,US,pass,unknown,industry unknown
Gavin,Levy,Gavin Levy,Owner/Creative Director,Creative Instinct,,linkedin.com/in/gavinlevy,,C-Team,blitz,https://www.linkedin.com/company/creative-instinct,Graphic Design,US,US,pass,unknown,industry unknown
Gayatri,Surendranathan,Gayatri Surendranathan,Director,BPI Group,bpigroup.com,linkedin.com/in/gayatri-surendranathan,,Director,blitz,https://www.linkedin.com/company/bully-pulpit-international,Advertising Services,US,US,pass,unknown,industry unknown
Geena,U.,Geena U.,"Director, Global Creator Partnerships",Digital Media Management,digitalmediamanagement.com,linkedin.com/in/geenaumansky,,Director,blitz,https://www.linkedin.com/company/digital-media-management,Advertising Services,US,US,pass,unknown,industry unknown
Geert,Rops,Geert Rops,Head of Data & Insights,Only Entrepreneurs,only.nl,linkedin.com/in/geertrops,,Director,blitz,https://www.linkedin.com/company/only-creative-entrepreneurs,,NL,NL,pass,unknown,industry unknown
Geff,Kinnaman,Geff Kinnaman,Owner,Kinnaman Group,,linkedin.com/in/geff-kinnaman-771884b4,,C-Team,blitz,https://www.linkedin.com/company/kinnaman-group,Advertising Services,US,US,pass,unknown,industry unknown
Geffray,Christian,Geffray Christian,auto entrepreneur,Moi-meme,,linkedin.com/in/geffray-christian-4091a910a,,C-Team,blitz,https://www.linkedin.com/company/moi-meme,Graphic Design,FR,FR,pass,unknown,industry unknown
Genaro,Lagdameo,Genaro Lagdameo,Director of Design,Designs of the Interior,,linkedin.com/in/genaro-lagdameo-74a3393,,Director,blitz,https://www.linkedin.com/company/designs-of-the-interior,Design Services,US,US,pass,unknown,industry unknown
Gene,Siedman,Gene Siedman,VP Strategic Business Development,Brightmark,,linkedin.com/in/gene-siedman-47b18,,VP,blitz,https://www.linkedin.com/company/brightmark,Advertising Services,US,US,pass,unknown,industry unknown
Geoff,Bysshe,Geoff Bysshe,Owner,Dataview,,linkedin.com/in/geoff-bysshe-b6155b1,,C-Team,blitz,https://www.linkedin.com/company/dataview,Market Research,US,NL,pass,unknown,industry unknown
Georg,Ebert,Georg Ebert,Owner,Mafioso PR,,linkedin.com/in/georg-ebert-5117811,,C-Team,blitz,https://www.linkedin.com/company/mafioso-pr,Public Relations and Communications Services,SE,US,pass,unknown,industry unknown
George,Caravanos,George Caravanos,Owner,Apartments.com,apartments.com,linkedin.com/in/george-caravanos-3aba622,,C-Team,blitz,https://www.linkedin.com/company/apartments-com,Advertising Services,US,US,pass,unknown,industry unknown
George,Dimitropoulos,George Dimitropoulos,Owner,aQuantive,,linkedin.com/in/george-dimitropoulos-80a958,,C-Team,blitz,https://www.linkedin.com/company/aquantive,Advertising Services,US,US,pass,unknown,industry unknown
George,Dunheimer,George Dunheimer,Regional Director,Pennoni,pennoni.com,linkedin.com/in/george-dunheimer-96a29789,,Director,blitz,https://www.linkedin.com/company/pennoni,Design Services,US,US,pass,unknown,industry unknown
George,Fontaine,George Fontaine,Entrepreneur,Citi Corporative,,linkedin.com/in/george-fontaine-436568135,,C-Team,blitz,https://www.linkedin.com/company/citicorporative,Advertising Services,GB,RO,pass,unknown,industry unknown
George,Fuller,George Fuller,Client Success Director,PHMG,phmg.com,linkedin.com/in/george-fuller-6282ab1b4,,Director,blitz,https://www.linkedin.com/company/phmg,Advertising Services,GB,GB,pass,unknown,industry unknown
George,Hourdakis,George Hourdakis,"Head of IT @ attp group. (attp,alternative rersearch solutions)",attp,,linkedin.com/in/george-hourdakis-8b9b31,,Director,blitz,https://www.linkedin.com/company/attp,Advertising Services,GR,US,pass,unknown,industry unknown
George,Jacob,George Jacob,director projects,Design Craftsmen,,linkedin.com/in/george-jacob-66697b3,,Director,blitz,https://www.linkedin.com/company/design-craftsmen,Design Services,US,US,pass,unknown,industry unknown
George,Kent,George Kent,Managing Director,Strategic Research Institute,,linkedin.com/in/george-kent-0742515,,C-Team,blitz,https://www.linkedin.com/company/strategic-research-institute,Events Services,US,US,pass,unknown,industry unknown
George,Kozlov,George Kozlov,Head of Mobile & Web,Scrambly,scrambly.io,linkedin.com/in/george-kozlov-7664b0113,,Director,blitz,https://www.linkedin.com/company/scrambly,,PL,IT,pass,unknown,industry unknown
George,Miller,George Miller,CEO,Falcon Enterprises,,linkedin.com/in/george-miller-9b457637,,C-Team,blitz,https://www.linkedin.com/company/falcon-enterprises,Graphic Design,US,US,pass,unknown,industry unknown
George,Petitjean,George Petitjean,Executive Director,Tendercare Gaylord,,linkedin.com/in/george-petitjean-49089418,,Director,blitz,https://www.linkedin.com/company/tendercare-gaylord,Advertising Services,US,US,pass,unknown,industry unknown
George,Riser,George Riser,Chairman,R/A Performance Group,,linkedin.com/in/george-riser-8a63518,,C-Team,blitz,https://www.linkedin.com/company/ra-performance-group,Events Services,US,US,pass,unknown,industry unknown
George  S.,Yulis,George S. Yulis,Director of e-Commerce & Market Development,OTC INTERNATIONAL,,linkedin.com/in/george-s-yulis-8690a79,,Director,blitz,https://www.linkedin.com/company/otc-international,Design Services,US,US,pass,unknown,industry unknown
George,Saldivar,George Saldivar,Business Owner,Home-based business,,linkedin.com/in/george-saldivar-bb1841b1,,C-Team,blitz,https://www.linkedin.com/company/home-based-business_2,Advertising Services,US,PL,pass,unknown,industry unknown
George,Staresinic,George Staresinic,Owner,5 Star Mobile Notary,,linkedin.com/in/george-staresinic-2ab445a1,,C-Team,blitz,https://www.linkedin.com/company/5-star-mobile-notary,Advertising Services,US,US,pass,unknown,industry unknown
George,Young,George Young,Small Business Owner,Mid Michigan Gymnastics USA,,linkedin.com/in/george-young-4bb3a9112,,C-Team,blitz,https://www.linkedin.com/company/mid-michigan-gymnastics-usa,Public Relations and Communications Services,US,US,pass,unknown,industry unknown
Georges-André,Tabet,Georges-André Tabet,CEO & Founder,UPP,,linkedin.com/in/georgesandrétabet,,C-Team,blitz,https://www.linkedin.com/company/uppagency,Advertising Services,CH,CH,pass,unknown,industry unknown
Georgi,Kitov,Georgi Kitov,Business Owner,Gk Automotive,,linkedin.com/in/georgi-kitov-6b82488a,,C-Team,blitz,https://www.linkedin.com/company/gk-automotive,Advertising Services,US,US,pass,unknown,industry unknown
Georgina,Harris,Georgina Harris,Client Care Director,PHMG,phmg.com,linkedin.com/in/georgina-harris-91633463,,Director,blitz,https://www.linkedin.com/company/phmg,Advertising Services,GB,GB,pass,unknown,industry unknown
Gerry,Leone,Gerry Leone,President and Head Dude,G-Whiz,,linkedin.com/in/gerry-leone-35b03222,,C-Team,blitz,https://www.linkedin.com/company/g-whiz,Advertising Services,US,US,pass,unknown,industry unknown
Gerry,Smith,Gerry Smith,Production Director,Bus Radio,,linkedin.com/in/gerry-smith-2b43156,,Director,blitz,https://www.linkedin.com/company/bus-radio,Advertising Services,US,US,pass,unknown,industry unknown
Gianluca,Fino,Gianluca Fino,Director of Global Performance,Acroud Media,,linkedin.com/in/gfino91,,Director,blitz,https://www.linkedin.com/company/acroud-media,Marketing Services,MT,US,pass,unknown,industry unknown
Giada,Molli,Giada Molli,Presidente e Direttrice Personale,COOPERATIVA LAVORATORI AUSILIARI DEL TRAFFICO L.A.T. IN FORMA ABBREVIATA COOPLAT,,linkedin.com/in/giada-molli-a129401ab,,C-Team,blitz,https://www.linkedin.com/company/cooperativa-lavoratori-ausiliari-del-traffico-l-a-t-in-forma-abbreviata-cooplat,Events Services,IT,IT,pass,unknown,industry unknown
Gianfranco,Parenti,Gianfranco Parenti,Owner,Jump France,,linkedin.com/in/gianfranco-parenti-1911933,,C-Team,blitz,https://www.linkedin.com/company/jump-france,Advertising Services,IT,US,pass,unknown,industry unknown
Timothy,Giardina,Timothy Giardina,President,Global Solutions Consulting,,linkedin.com/in/giardinatimothy,,C-Team,blitz,https://www.linkedin.com/company/global-solutions-consulting,Market Research,US,US,pass,unknown,industry unknown
Gijs,Ten Kate,Gijs Ten Kate,director of strategy,inc-21,,linkedin.com/in/gijs-ten-kate-413b46,,Director,blitz,https://www.linkedin.com/company/inc-21,Advertising Services,NL,NL,pass,unknown,industry unknown
Gil,Itzcovich,Gil Itzcovich,Art Director,Moburst - Growth Done Right,moburst.com,linkedin.com/in/gil-itzcovich-7b981717b,,Director,blitz,https://www.linkedin.com/company/moburst,Advertising Services,US,US,pass,unknown,industry unknown
Gilberto,Tommasi,Gilberto Tommasi,Head of Video & Content Production,Corax,corax.business,linkedin.com/in/gilberto-tommasi-3a5858218,,Director,blitz,https://www.linkedin.com/company/corax-digital-media,,IT,IT,pass,unknown,industry unknown
gilly,hope,gilly hope,Company Director / Freelance Radio / TV Presenter / Media and Journalism Lecturer/ Event Host ..,Freelance media and communications professional,,linkedin.com/in/gilly-hope-571807114,,Director,blitz,https://www.linkedin.com/company/freelance-media-and-communications-professional,Public Relations and Communications Services,GB,GB,pass,unknown,industry unknown
Gimena,Mazzetti,Gimena Mazzetti,Director of Financial Reporting,aQuantive,,linkedin.com/in/gimena-mazzetti-6b60b25,,Director,blitz,https://www.linkedin.com/company/aquantive,Advertising Services,US,US,pass,unknown,industry unknown
Gina,Cantrell,Gina Cantrell,Director,Horizons Christian Academy,,linkedin.com/in/gina-cantrell-14653a145,,Director,blitz,https://www.linkedin.com/company/horizons-christian-academy,Public Relations and Communications Services,US,US,pass,unknown,industry unknown
ginger,bell,ginger bell,Hairstylist Salon Owner,Hair It Is Inc,,linkedin.com/in/ginger-bell-13348bb4,,C-Team,blitz,https://www.linkedin.com/company/hair-it-is-inc,Design Services,US,US,pass,unknown,industry unknown
Giorgio,Brugora,Giorgio Brugora,director,Bonaparte 48,,linkedin.com/in/giorgio-brugora-376a2b,,Director,blitz,https://www.linkedin.com/company/bonaparte-48,Public Relations and Communications Services,IT,US,pass,unknown,industry unknown
Giovanni,Pisciottaro,Giovanni Pisciottaro,Art Director,TIMEER Digital Studio,timeer.it,linkedin.com/in/giovanni-pisciottaro,,Director,blitz,https://www.linkedin.com/company/timeer-digital-studio,,IT,IT,pass,unknown,industry unknown
Gisele,Olive,Gisele Olive,Directeur général,Moi-meme,,linkedin.com/in/gisele-olive-22b422323,,C-Team,blitz,https://www.linkedin.com/company/moi-meme,Graphic Design,FR,FR,pass,unknown,industry unknown
giuliano,vismara,giuliano vismara,Presidente e Direttore Generale,SMA RISTORAZIONE S.R.L.,,linkedin.com/in/giuliano-vismara-23557b80,,C-Team,blitz,https://www.linkedin.com/company/sma-ristorazione-s.r.l.,Events Services,IT,IT,pass,unknown,industry unknown
Giulio,Michelon,Giulio Michelon,Founder,Belka,belkadigital.com,linkedin.com/in/giuliomichelon,,C-Team,blitz,https://www.linkedin.com/company/belkadigital,,GB,IT,pass,unknown,industry unknown
Giuseppe,Coccon,Giuseppe Coccon,Director,Bonaparte 48,,linkedin.com/in/giuseppe-coccon-9346a,,Director,blitz,https://www.linkedin.com/company/bonaparte-48,Public Relations and Communications Services,IT,US,pass,unknown,industry unknown
Giuseppe,Mamozzio,Giuseppe Mamozzio,Directeur d’entreprise,Moi-meme,,linkedin.com/in/giuseppe-mamozzio-252489278,,Director,blitz,https://www.linkedin.com/company/moi-meme,Graphic Design,FR,FR,pass,unknown,industry unknown
Giuseppe,Polimeno,Giuseppe Polimeno,Head of Growth and Innovation,BPI Group,bpigroup.com,linkedin.com/in/giuseppepolimeno,,Director,blitz,https://www.linkedin.com/company/bully-pulpit-international,Advertising Services,GB,US,pass,unknown,industry unknown
Giuseppina,Pierri,Giuseppina Pierri,Head of Quality an Career Mangement CXC,DialogWorld AG,dialogworld.ch,linkedin.com/in/giuseppina-pierri-a05aa3176,,Director,blitz,https://www.linkedin.com/company/dialogworld,,CH,CH,pass,unknown,industry unknown
Glen,Roberts,Glen Roberts,Chairman Of The Board Of Directors,Mascom Communications Inc,,linkedin.com/in/glen-roberts-384296161,,C-Team,blitz,https://www.linkedin.com/company/mascom-communications-inc,Advertising Services,US,US,pass,unknown,industry unknown
Glenn,Gilbreath,Glenn Gilbreath,Owner,Castle Graphics,,linkedin.com/in/glenn-gilbreath-481383132,,C-Team,blitz,https://www.linkedin.com/company/castle-graphics,Graphic Design,US,US,pass,unknown,industry unknown
Glenn,Greenhill,Glenn Greenhill,Executive Creative Director,Grey Direct Inc,,linkedin.com/in/glenn-greenhill-216b7626,,Director,blitz,https://www.linkedin.com/company/grey-direct-inc,Advertising Services,GB,US,pass,unknown,industry unknown
Glenn,Gurgiolo,Glenn Gurgiolo,President,"Sports America, Inc.",,linkedin.com/in/glenn-gurgiolo-171621,,C-Team,blitz,https://www.linkedin.com/company/sports-america-inc.,Events Services,US,US,pass,unknown,industry unknown
Glenn,Haley,Glenn Haley,Director,Pavillion,,linkedin.com/in/glenn-haley-177901ab,,Director,blitz,https://www.linkedin.com/company/pavillion,Advertising Services,GB,US,pass,unknown,industry unknown
Glenn,williams,Glenn williams,CEO / Marketing Consultant,21st Century Marketing,,linkedin.com/in/glenn-williams-1bb41820,,C-Team,blitz,https://www.linkedin.com/company/21st-century-marketing,Advertising Services,US,US,pass,unknown,industry unknown
Gloria,Ajlouny,Gloria Ajlouny,Design Director,chemistri,,linkedin.com/in/gloria-ajlouny-191653,,Director,blitz,https://www.linkedin.com/company/chemistri,Advertising Services,US,US,pass,unknown,industry unknown
Greg,Mauldin,Greg Mauldin,Vice President,Keller Crescent,,linkedin.com/in/gmauldin,,VP,blitz,https://www.linkedin.com/company/keller-crescent,Advertising Services,US,US,pass,unknown,industry unknown
Godwin,Joseph,Godwin Joseph,Vice President International Sales,MediaLive International,,linkedin.com/in/godwin-joseph-909b5,,VP,blitz,https://www.linkedin.com/company/medialive-international,Advertising Services,GB,US,pass,unknown,industry unknown
Golden,Jenkins,Golden Jenkins,President,The Golden Group,,linkedin.com/in/golden-jenkins-72b279a0,,C-Team,blitz,https://www.linkedin.com/company/the-golden-group,Advertising Services,US,US,pass,unknown,industry unknown
Gonzalo,Gárate,Gonzalo Gárate,Co-Founder and Managing Director,Mediacore Solutions,mediacore.es,linkedin.com/in/gonzalogarate,,C-Team,blitz,https://www.linkedin.com/company/mediacore-solutions,,ES,ES,pass,unknown,industry unknown
Gordon,Tannock,Gordon Tannock,Account Director,The Works London,,linkedin.com/in/gordon-tannock-0213a41,,Director,blitz,https://www.linkedin.com/company/the-works-london,Advertising Services,GB,GB,pass,unknown,industry unknown
Semyon,Gorobtsov,Semyon Gorobtsov,Business Development Director,"A1 Team, digital marketing agency",,linkedin.com/in/gorobtsov,,Director,blitz,https://www.linkedin.com/company/btl-a-one-publicity,Advertising Services,IT,CH,pass,unknown,industry unknown
Grace,Post,Grace Post,"VP, Strategic Research",MORI Research,,linkedin.com/in/grace-post-099b493,,VP,blitz,https://www.linkedin.com/company/mori-research,Market Research,US,US,pass,unknown,industry unknown
Graham,Rhodes,Graham Rhodes,deputy managing director,Craik Jones,,linkedin.com/in/graham-rhodes-011495b,,C-Team,blitz,https://www.linkedin.com/company/craik-jones,Advertising Services,GB,GB,pass,unknown,industry unknown
Graham,Wells,Graham Wells,Account Director,Konnected+,,linkedin.com/in/graham-wells-08490713,,Director,blitz,https://www.linkedin.com/company/konnectedplustv,Advertising Services,GB,GB,pass,unknown,industry unknown
Grace,"Lewis, PharmD","Grace Lewis, PharmD","Director, Scientific and Strategic Services",Vaniam Group,vaniamgroup.com,linkedin.com/in/gralewis,,Director,blitz,https://www.linkedin.com/company/vaniam-group,Advertising Services,US,US,pass,unknown,industry unknown
Grania,Kelway,Grania Kelway,Senior Art Director,Bold Ogilvy,,linkedin.com/in/grania-kelway-2646152a,,Director,blitz,https://www.linkedin.com/company/bold-ogilvy,Advertising Services,GR,US,pass,unknown,industry unknown
Gray,Smith,Gray Smith,Director of Corporate Support,Public Radio Partners,,linkedin.com/in/gray-smith-692a935,,Director,blitz,https://www.linkedin.com/company/public-radio-partners,Advertising Services,US,US,pass,unknown,industry unknown
Graziano,Grillo,Graziano Grillo,titolare,Embroidery Service,,linkedin.com/in/graziano-grillo-6748bbb9,,C-Team,blitz,https://www.linkedin.com/company/embroidery-service,Advertising Services,IT,US,pass,unknown,industry unknown
Graziano,Stefanelli,Graziano Stefanelli,Head of Finance,Scrambly,scrambly.io,linkedin.com/in/grazianostefanelli,,Director,blitz,https://www.linkedin.com/company/scrambly,,IT,IT,pass,unknown,industry unknown
Grecia Anely,Quiñones Marrero,Grecia Anely Quiñones Marrero,Directora Casa del Habano Partagas,Caracol,,linkedin.com/in/grecia-anely-quiñones-marrero-259212104,,Director,blitz,https://www.linkedin.com/company/caracol,Public Relations and Communications Services,US,NL,pass,unknown,industry unknown
Greer,Silvia,Greer Silvia,Owner,Greer & Associates,,linkedin.com/in/greer-silvia-10a4063,,C-Team,blitz,https://www.linkedin.com/company/greer-&-associates,Advertising Services,US,US,pass,unknown,industry unknown
Greer,Silvia,Greer Silvia,Owner,Greer & Associates,,linkedin.com/in/greer-silvia-a2362a3,,C-Team,blitz,https://www.linkedin.com/company/greer-&-associates,Advertising Services,US,US,pass,unknown,industry unknown
Greg,Biba,Greg Biba,It Director,Phillips Flowers & Gifts,,linkedin.com/in/greg-biba-205a40102,,Director,blitz,https://www.linkedin.com/company/phillips-flowers-&-gifts,Events Services,US,US,pass,unknown,industry unknown
Greg,Christian,Greg Christian,Owner,Greg Christian Catering,,linkedin.com/in/greg-christian-1a52a14,,C-Team,blitz,https://www.linkedin.com/company/greg-christian-catering,Events Services,US,US,pass,unknown,industry unknown
Greg,Kach,Greg Kach,Co-Owner,Jackie Cooper PR,,linkedin.com/in/greg-kach-99257ba,,C-Team,blitz,https://www.linkedin.com/company/jackie-cooper-pr,Public Relations and Communications Services,US,GB,pass,unknown,industry unknown
Greg,Kasavana,Greg Kasavana,Chief Financial Officer,FMG Suite,fmgsuite.com,linkedin.com/in/greg-kasavana-3a70a41b,,C-Team,blitz,https://www.linkedin.com/company/fmg-suite,Advertising Services,US,US,pass,unknown,industry unknown
Greg,Manuel,Greg Manuel,Owner,The Momentum Group,,linkedin.com/in/greg-manuel-46999a3,,C-Team,blitz,https://www.linkedin.com/company/the-momentum-group,Advertising Services,US,US,pass,unknown,industry unknown
Greg,McElroy,Greg McElroy,Owner,McElroy,,linkedin.com/in/greg-mcelroy-1398a62,,C-Team,blitz,https://www.linkedin.com/company/mcelroy,Advertising Services,US,US,pass,unknown,industry unknown
Greg,Meyer,Greg Meyer,SVP - Product and Technology,aQuantive,,linkedin.com/in/greg-meyer-25b878,,VP,blitz,https://www.linkedin.com/company/aquantive,Advertising Services,US,US,pass,unknown,industry unknown
Greg,Meyer,Greg Meyer,CIO,aQuantive,,linkedin.com/in/greg-meyer-7025a,,C-Team,blitz,https://www.linkedin.com/company/aquantive,Advertising Services,US,US,pass,unknown,industry unknown
Greg,Owoc,Greg Owoc,CEO and Director of Innovation and Product Development,T U F,,linkedin.com/in/greg-owoc-54a48519,,C-Team,blitz,https://www.linkedin.com/company/t-u-f,Design Services,US,US,pass,unknown,industry unknown
Greg,Panagiotis,Greg Panagiotis,Sr. Vice President Operations,McElroy,,linkedin.com/in/greg-panagiotis-a0664a3,,VP,blitz,https://www.linkedin.com/company/mcelroy,Advertising Services,US,US,pass,unknown,industry unknown
Greg,Propper,Greg Propper,Partner,BPI Group,bpigroup.com,linkedin.com/in/greg-propper-23671b46,,C-Team,blitz,https://www.linkedin.com/company/bully-pulpit-international,Advertising Services,US,US,pass,unknown,industry unknown
Greg,Smith,Greg Smith,Partner,Johnston & Associates,,linkedin.com/in/greg-smith-4a019a2,,C-Team,blitz,https://www.linkedin.com/company/johnston-&-associates,Market Research,US,US,pass,unknown,industry unknown
Greg,Stahl,Greg Stahl,art director,DRGM Advertising,,linkedin.com/in/greg-stahl-751a335,,Director,blitz,https://www.linkedin.com/company/drgm-advertising,Advertising Services,US,US,pass,unknown,industry unknown
Greg,Tennant,Greg Tennant,President & CEO,Luminosity,,linkedin.com/in/greg-tennant-7abbb1,,C-Team,blitz,https://www.linkedin.com/company/luminosity,Graphic Design,US,US,pass,unknown,industry unknown
Greg,Whitlow,Greg Whitlow,CFO,Monsoon Interactive,,linkedin.com/in/greg-whitlow-6a52276,,C-Team,blitz,https://www.linkedin.com/company/monsoon-interactive,Advertising Services,US,US,pass,unknown,industry unknown
Greg,Zehner,Greg Zehner,"SVP, Group Acct. Director",Roman BrandGroup,,linkedin.com/in/greg-zehner-b7a1525,,VP,blitz,https://www.linkedin.com/company/roman-brandgroup,Advertising Services,US,US,pass,unknown,industry unknown
Gregg,Greca,Gregg Greca,Regional Director New Business Development,Champion Exposition Services,,linkedin.com/in/gregg-greca-0016929,,Director,blitz,https://www.linkedin.com/company/champion-exposition-services,Events Services,US,US,pass,unknown,industry unknown
Gregoriusrakasatria,Salford,Gregoriusrakasatria Salford,Chief Executive Officer,Industrial Designers,,linkedin.com/in/gregoriusrakasatria-salford,,C-Team,blitz,https://www.linkedin.com/company/industrial-designers,Design Services,GB,US,pass,unknown,industry unknown
Gregory,Klink,Gregory Klink,Owner,Creative Juice,,linkedin.com/in/gregory-klink-018a786,,C-Team,blitz,https://www.linkedin.com/company/creative-juice,Advertising Services,US,GB,pass,unknown,industry unknown
Gregory,McBride-Bey,Gregory McBride-Bey,CEO - Artist Development,UNsignedRTists,,linkedin.com/in/gregory-mcbride-bey-a683851b,,C-Team,blitz,https://www.linkedin.com/company/unsignedrtists,Public Relations and Communications Services,US,US,pass,unknown,industry unknown
Gretchen,Griesmer,Gretchen Griesmer,Director of Operations,Maritz McGettigan,,linkedin.com/in/gretchen-griesmer-a8a287,,Director,blitz,https://www.linkedin.com/company/maritz-mcgettigan,Events Services,US,US,pass,unknown,industry unknown
Gretel,Truong,Gretel Truong,"Director, Culture Change",BPI Group,bpigroup.com,linkedin.com/in/greteltruong,,Director,blitz,https://www.linkedin.com/company/bully-pulpit-international,Advertising Services,US,US,pass,unknown,industry unknown
Grzegorz,Gawluk,Grzegorz Gawluk,Dyrektor artystyczny,Cyrk,,linkedin.com/in/grzegorz-gawluk-025bb616b,,Director,blitz,https://www.linkedin.com/company/cyrk,Advertising Services,IE,US,pass,unknown,industry unknown
Maxime,Guérineau,Maxime Guérineau,Founder,FIVER,,linkedin.com/in/guerineaum,,C-Team,blitz,https://www.linkedin.com/company/fiver-lille,Design Services,FR,FR,pass,unknown,industry unknown
Guida,Reis,Guida Reis,Owner,Caixa Alta,,linkedin.com/in/guida-reis-0895383,,C-Team,blitz,https://www.linkedin.com/company/caixa-alta,Design Services,PT,US,pass,unknown,industry unknown
Guido,Bravatti,Guido Bravatti,Chief Operating Officer,Finesse,,linkedin.com/in/guido-bravatti-68265b76,,C-Team,blitz,https://www.linkedin.com/company/finesse,Advertising Services,US,US,pass,unknown,industry unknown
Guido,Ferrantelli,Guido Ferrantelli,Direttore,Interactive Marketing Group,,linkedin.com/in/guido-ferrantelli-12a8805,,Director,blitz,https://www.linkedin.com/company/interactive-marketing-group,Advertising Services,IT,US,pass,unknown,industry unknown
Gui,Ferreira,Gui Ferreira,Chief Executive Officer,Atomsix,atom6studio.com,linkedin.com/in/guiferreiraux,,C-Team,blitz,https://www.linkedin.com/company/atomsix,Design Services,US,US,pass,unknown,industry unknown
carolina,guillen,carolina guillen,Design Director,Twenty Three Layers,23layers.com,linkedin.com/in/guillencarolina,,Director,blitz,https://www.linkedin.com/company/23-layers,Events Services,US,US,pass,unknown,industry unknown
Guillermo,Arias Ferrari,Guillermo Arias Ferrari,CEO - Managing Director,B-druk,,linkedin.com/in/guillermo-arias-ferrari-8b116624,,C-Team,blitz,https://www.linkedin.com/company/bdruk,Advertising Services,ES,BE,pass,unknown,industry unknown
Gus,Novloski 🌎,Gus Novloski 🌎,Chief Operating Officer,Atomsix,atom6studio.com,linkedin.com/in/gus-novloski,,C-Team,blitz,https://www.linkedin.com/company/atomsix,Design Services,US,US,pass,unknown,industry unknown
Gustavo,Barchilon,Gustavo Barchilon,Diretor de entretenimento,MAK,,linkedin.com/in/gustavo-barchilon-326695161,,Director,blitz,https://www.linkedin.com/company/makexperenices,Advertising Services,GB,US,pass,unknown,industry unknown
Gustavo,Mendoza,Gustavo Mendoza,Self Employed /  Entrepreneur,Self Employed Entrepreneur,,linkedin.com/in/gustavo-mendoza-bb469838,,C-Team,blitz,https://www.linkedin.com/company/morozov-oleg-design,Design Services,US,UA,pass,unknown,industry unknown
Guy,Celestin,Guy Celestin,President,Promo Sports,,linkedin.com/in/guy-celestin-122551,,C-Team,blitz,https://www.linkedin.com/company/promo-sports,Advertising Services,US,US,pass,unknown,industry unknown
EDDIE,GARNER,EDDIE GARNER,OWNER,G-Whiz,,linkedin.com/in/gwhiz215,,C-Team,blitz,https://www.linkedin.com/company/g-whiz,Advertising Services,US,US,pass,unknown,industry unknown
Hadley,Trevillion,Hadley Trevillion,Managing Director,SOUP Marketing,,linkedin.com/in/hadley-trevillion-089407287,,C-Team,blitz,https://www.linkedin.com/company/soup-marketing-ltd,Marketing Services,GB,GB,pass,unknown,industry unknown
Hadrien,M.,Hadrien M.,Chief Technology Officer,Bweez,,linkedin.com/in/hadrienmm,,C-Team,blitz,https://www.linkedin.com/company/bweez,Design Services,FR,FR,pass,unknown,industry unknown
Hal,Jaffe,Hal Jaffe,Partner,clā,,linkedin.com/in/hal-jaffe-53b2b5160,,C-Team,blitz,https://www.linkedin.com/company/cl-,Design Services,US,US,pass,unknown,industry unknown
Haley,Wherry,Haley Wherry,Executive Director,Ground Zero,,linkedin.com/in/haley-wherry-72ab901,,Director,blitz,https://www.linkedin.com/company/ground-zero,Advertising Services,US,US,pass,unknown,industry unknown
Hamza,Dehmani,Hamza Dehmani,Entrepreneur,Self Employed Entrepreneur,,linkedin.com/in/hamzadehmani,,C-Team,blitz,https://www.linkedin.com/company/morozov-oleg-design,Design Services,CH,UA,pass,unknown,industry unknown
Hank,Woodruff,Hank Woodruff,President,HMW,,linkedin.com/in/hank-woodruff-4020a07,,C-Team,blitz,https://www.linkedin.com/company/hmw,Advertising Services,US,US,pass,unknown,industry unknown
Hanna,Bublii,Hanna Bublii,Partner,Partner Ukraine,,linkedin.com/in/hanna-bublii-7b9193a5,,C-Team,blitz,https://www.linkedin.com/company/%d0%be%d0%be%d0%be-%d0%bf%d0%b0%d1%80%d1%82%d0%bd%d0%b5%d1%80-%d0%b0%d0%bb%d1%8c%d1%8f%d0%bd%d1%81-,Advertising Services,UA,US,pass,unknown,industry unknown
Hannemie,Stitz-Krämer,Hannemie Stitz-Krämer,Geschäftsführender Gesellschafter,Public Relations Partners,,linkedin.com/in/hannemie-stitz-krämer-1b4a27135,,C-Team,blitz,https://www.linkedin.com/company/public-relations-partners,Public Relations and Communications Services,DE,US,pass,unknown,industry unknown
Hans,Ertl,Hans Ertl,Owner,Ground Zero,,linkedin.com/in/hans-ertl-b53b913,,C-Team,blitz,https://www.linkedin.com/company/ground-zero,Advertising Services,US,US,pass,unknown,industry unknown
hans,visser,hans visser,cfo,Pink Design,,linkedin.com/in/hans-visser-0907119,,C-Team,blitz,https://www.linkedin.com/company/pink-design,Design,NL,US,pass,unknown,industry unknown
happy,go lucky,happy go lucky,owner,Happy Advertising,,linkedin.com/in/happy-go-lucky-3546843b,,C-Team,blitz,https://www.linkedin.com/company/happy-advertising,Advertising Services,US,DK,pass,unknown,industry unknown
Harry,McDonald,Harry McDonald,Head of Salesforce,PHMG,phmg.com,linkedin.com/in/harrymcdonald,,Director,blitz,https://www.linkedin.com/company/phmg,Advertising Services,GB,GB,pass,unknown,industry unknown
Hassan,Khan,Hassan Khan,Senior Events & Webinar Director,Freelance/Self-Employed,,linkedin.com/in/hassanmkhan,,Director,blitz,https://www.linkedin.com/company/freelance-theatre,Events Services,GB,GB,pass,unknown,industry unknown
Heather,Selinkoff,Heather Selinkoff,Director of Operations,Mad Dogs Restaurant Group Inc,,linkedin.com/in/heather-selinkoff-50682740,,Director,blitz,https://www.linkedin.com/company/mad-dogs-restaurant-group-inc,Public Relations and Communications Services,US,US,pass,unknown,industry unknown
Heba,Attia,Heba Attia,Business Owner,Freelance/Self-Employed,,linkedin.com/in/heba-attia,,C-Team,blitz,https://www.linkedin.com/company/freelance-theatre,Events Services,US,GB,pass,unknown,industry unknown
Helder,Pereira,Helder Pereira,Director,Brandia,,linkedin.com/in/helder-pereira-8b4405,,Director,blitz,https://www.linkedin.com/company/brandia,Advertising Services,PT,PT,pass,unknown,industry unknown
Helen,Alachmanetis,Helen Alachmanetis,Owner /Director,Options Design,,linkedin.com/in/helen-alachmanetis-89194078,,C-Team,blitz,https://www.linkedin.com/company/options-design,Graphic Design,GR,US,pass,unknown,industry unknown
Helen,Clark,Helen Clark,Owner,MAD Academy,,linkedin.com/in/helen-clark-6643124,,C-Team,blitz,https://www.linkedin.com/company/mad-academy,Graphic Design,GB,US,pass,unknown,industry unknown
Helen,Dunne,Helen Dunne,Head of Reporting and Insights,PHMG,phmg.com,linkedin.com/in/helen-dunne-34162b43,,Director,blitz,https://www.linkedin.com/company/phmg,Advertising Services,GB,GB,pass,unknown,industry unknown
Helen,Kennedy,Helen Kennedy,Head Of Content,PHMG,phmg.com,linkedin.com/in/helen-kennedy-26107a2b,,Director,blitz,https://www.linkedin.com/company/phmg,Advertising Services,GB,GB,pass,unknown,industry unknown
Helen Priscila,Prestes Pasquini,Helen Priscila Prestes Pasquini,Sócio administrador,Crealab,,linkedin.com/in/helen-priscila-prestes-pasquini-4162b483,,C-Team,blitz,https://www.linkedin.com/company/studio-pasquini-design,Design Services,IT,US,pass,unknown,industry unknown
Helena,Muñoz,Helena Muñoz,Client Service Director,HAMLET Strategic Makers,,linkedin.com/in/helenamunoz,,Director,blitz,https://www.linkedin.com/company/hamlet-strategic-makers,Advertising Services,ES,ES,pass,unknown,industry unknown
Helen,Bradshaw,Helen Bradshaw,Fractional CMO,The Marketing Centre,themarketingcentre.com,linkedin.com/in/helenbradshawcmo,,C-Team,blitz,https://www.linkedin.com/company/the-marketing-centre,,GB,GB,pass,unknown,industry unknown
Helenor,Rogers,Helenor Rogers,Fractional / Portfolio Marketing Director,The Marketing Centre,themarketingcentre.com,linkedin.com/in/helenor-rogers-41b422,,Director,blitz,https://www.linkedin.com/company/the-marketing-centre,Advertising Services,GB,GB,pass,unknown,industry unknown
Helen,Sloman,Helen Sloman,Fractional Marketing Director (consultant),The Marketing Centre,themarketingcentre.com,linkedin.com/in/helensloman,,Director,blitz,https://www.linkedin.com/company/the-marketing-centre,Advertising Services,GB,GB,pass,unknown,industry unknown
Helge,Steimann,Helge Steimann,Co-Founder,Nakoa Digital | Commerce Media,nakoa.digital,linkedin.com/in/helgesteimann,,C-Team,blitz,https://www.linkedin.com/company/nakoadigital,,DE,DE,pass,unknown,industry unknown
Henri,Banyuls,Henri Banyuls,Owner,LG Ad,,linkedin.com/in/henri-banyuls-697869,,C-Team,blitz,https://www.linkedin.com/company/lg-ad,Advertising Services,ES,US,pass,unknown,industry unknown
Henrik,Wagner,Henrik Wagner,Owner,SignF,,linkedin.com/in/henrik-wagner-85595a5,,C-Team,blitz,https://www.linkedin.com/company/signf,Graphic Design,DK,DK,pass,unknown,industry unknown
Henry,Reb,Henry Reb,Owner,"Feedback Plus, Inc.",,linkedin.com/in/henry-reb-7277aa6,,C-Team,blitz,https://www.linkedin.com/company/feedback-plus-inc.,Market Research,US,US,pass,unknown,industry unknown
Henry,Sossa,Henry Sossa,Vice President,MRT Services,,linkedin.com/in/henry-sossa-b251a012,,VP,blitz,https://www.linkedin.com/company/mrt-services,Market Research,US,US,pass,unknown,industry unknown
Hermann,Wegmann,Hermann Wegmann,Geschäftsführer,Betreutes Wohnen,,linkedin.com/in/hermann-wegmann-083006123,,C-Team,blitz,https://www.linkedin.com/company/betreutes-wohnen,Advertising Services,DE,DE,pass,unknown,industry unknown
Hervé,DEBRAY,Hervé DEBRAY,Fondateur,BDMR - Optin Data,,linkedin.com/in/hervé-debray-29b43b19,,C-Team,blitz,https://www.linkedin.com/company/bdmr-optindata,Advertising Services,FR,FR,pass,unknown,industry unknown
Herwig,Deconinck,Herwig Deconinck,Owner,True Colours,,linkedin.com/in/herwigattruecolours,,C-Team,blitz,https://www.linkedin.com/company/true-colours,Advertising Services,BE,US,pass,unknown,industry unknown
Hidden,Besides One,Hidden Besides One,Owner,CANNA,,linkedin.com/in/hidden-besides-one-2a06065,,C-Team,blitz,https://www.linkedin.com/company/canna,Advertising Services,GB,US,pass,unknown,industry unknown
Rod,Hill,Rod Hill,Program Director/ IT Director/ Engineer,Hall Communications,,linkedin.com/in/hillrod,,Director,blitz,https://www.linkedin.com/company/hall-communications,Advertising Services,US,US,pass,unknown,industry unknown
Hilary Nachem,Loewenstein,Hilary Nachem Loewenstein,Managing Director,BPI Group,bpigroup.com,linkedin.com/in/hnachem,,C-Team,blitz,https://www.linkedin.com/company/bully-pulpit-international,Advertising Services,US,US,pass,unknown,industry unknown
Adam,Hodge,Adam Hodge,Managing Director,BPI Group,bpigroup.com,linkedin.com/in/hodgerc,,C-Team,blitz,https://www.linkedin.com/company/bully-pulpit-international,Advertising Services,US,US,pass,unknown,industry unknown
Holly,Haringa,Holly Haringa,Director of Programs,Marketing Horizons,,linkedin.com/in/holly-haringa-67a0811,,Director,blitz,https://www.linkedin.com/company/marketing-horizons,Market Research,US,US,pass,unknown,industry unknown
Hong,Ly,Hong Ly,Founder I CEO,InstantSource,,linkedin.com/in/hong-ly92841,,C-Team,blitz,https://www.linkedin.com/company/instantsource,Advertising Services,US,US,pass,unknown,industry unknown
Howard,Goldberg,Howard Goldberg,VP Marketing and strategic planning,Exhibitgroup Giltspur,,linkedin.com/in/howard-goldberg-71a79a153,,VP,blitz,https://www.linkedin.com/company/exhibitgroup-giltspur,Events Services,US,US,pass,unknown,industry unknown
🇺🇸Howard,Miller🇺🇸,🇺🇸Howard Miller🇺🇸,President,Miller Consulting Group,,linkedin.com/in/howardmiller,,C-Team,blitz,https://www.linkedin.com/company/miller-consulting-group,Public Relations and Communications Services,US,US,pass,unknown,industry unknown
Hubert,LEMAIRE,Hubert LEMAIRE,Directeur,Palais des Congrès de Paris,,linkedin.com/in/hubert-lemaire-46200610,,Director,blitz,https://www.linkedin.com/company/palais-des-congres-de-paris,Events Services,FR,US,pass,unknown,industry unknown
Hugo,Firth,Hugo Firth,group account director,Craik Jones,,linkedin.com/in/hugo-firth-8556361,,Director,blitz,https://www.linkedin.com/company/craik-jones,Advertising Services,GB,GB,pass,unknown,industry unknown
hugues,michel bornecque,hugues michel bornecque,directeur artistique,Novea,,linkedin.com/in/hugues-michel-bornecque-43670639,,Director,blitz,https://www.linkedin.com/company/novea,Advertising Services,FR,US,pass,unknown,industry unknown
Humberto,Marruffo,Humberto Marruffo,director,Tabs Direct,,linkedin.com/in/humberto-marruffo-22112615,,Director,blitz,https://www.linkedin.com/company/tabs-direct,Advertising Services,US,US,pass,unknown,industry unknown
Hunter,Sales,Hunter Sales,Company Director,Hunter Sales and Co.,,linkedin.com/in/hunter-sales-215358216,,Director,blitz,https://www.linkedin.com/company/hunter-sales-and-co,Advertising Services,GB,US,pass,unknown,industry unknown
Huw,Guariento,Huw Guariento,Operations Director,CDN International,,linkedin.com/in/huw-guariento-0b18109a,,Director,blitz,https://www.linkedin.com/company/cdn-international,Design Services,GB,US,pass,unknown,industry unknown
Huw,Johns,Huw Johns,Fractional Marketing Director,The Marketing Centre,themarketingcentre.com,linkedin.com/in/huw-johns-6babba21a,,Director,blitz,https://www.linkedin.com/company/the-marketing-centre,Advertising Services,GB,GB,pass,unknown,industry unknown
Huy,Tran,Huy Tran,Owner,ORD,,linkedin.com/in/huy-tran-07ab548,,C-Team,blitz,https://www.linkedin.com/company/ord,Advertising Services,US,US,pass,unknown,industry unknown
Hyon,Bradford,Hyon Bradford,Owner,Profit-Tell International,,linkedin.com/in/hyon-bradford-628765,,C-Team,blitz,https://www.linkedin.com/company/profit-tell-international,Advertising Services,US,US,pass,unknown,industry unknown
Anastasia,Iachevskaia,Anastasia Iachevskaia,Junior Art Director,RoRe Group,,linkedin.com/in/iachevskaia,,Director,blitz,https://www.linkedin.com/company/rore-group,Advertising Services,IT,US,pass,unknown,industry unknown
Iain,Mallon,Iain Mallon,Marketing Director,The Marketing Centre,themarketingcentre.com,linkedin.com/in/iain-mallon-client-acquisition-and-business-growth-lead-generation-marketing-strategy-02409bb,,Director,blitz,https://www.linkedin.com/company/the-marketing-centre,Advertising Services,GB,GB,pass,unknown,industry unknown
Meez,Lockhart Jones,Meez Lockhart Jones,Executive Creative Director,Stash House,,linkedin.com/in/iamomeez,,Director,blitz,https://www.linkedin.com/company/stash-house,Advertising Services,US,US,pass,unknown,industry unknown
Ian,Cooper,Ian Cooper,President,EmailAppenders,,linkedin.com/in/ian-cooper-97b0365,,C-Team,blitz,https://www.linkedin.com/company/emailappenders,Advertising Services,US,US,pass,unknown,industry unknown
Ian,Crick,Ian Crick,Business Development & Marketing Director,Thomson Intermedia Plc,,linkedin.com/in/ian-crick-1369259,,Director,blitz,https://www.linkedin.com/company/thomson-intermedia-plc,Advertising Services,GB,GB,pass,unknown,industry unknown
Ian,Hiscock,Ian Hiscock,Chair of the Board of Trustees,PHMG,phmg.com,linkedin.com/in/ian-hiscock-926437137,,C-Team,blitz,https://www.linkedin.com/company/phmg,,GB,GB,pass,unknown,industry unknown
Ian,McAllister,Ian McAllister,Owner,Exentric Thinking,,linkedin.com/in/ian-mcallister-1baa503,,C-Team,blitz,https://www.linkedin.com/company/exentric-thinking,Advertising Services,GB,GB,pass,unknown,industry unknown
Ian,McAllister,Ian McAllister,CEO,Exentric Thinking,,linkedin.com/in/ian-mcallister-a77526,,C-Team,blitz,https://www.linkedin.com/company/exentric-thinking,Advertising Services,GB,GB,pass,unknown,industry unknown
Ian,McAnally,Ian McAnally,Director/Owner,various,,linkedin.com/in/ian-mcanally-11b264167,,C-Team,blitz,https://www.linkedin.com/company/freelance-strategy,Advertising Services,GB,US,pass,unknown,industry unknown
Ian,Ryder,Ian Ryder,Commercial Director,The British Perfumery and Cosmetics Company,,linkedin.com/in/ian-ryder-commercialleader,,Director,blitz,https://www.linkedin.com/company/the-british-perfumery-and-cosmetics-company,Marketing Services,GB,GB,pass,unknown,industry unknown
Ian,Swatt,Ian Swatt,Director Of Operations,Party Plus,,linkedin.com/in/ian-swatt-6a7281173,,Director,blitz,https://www.linkedin.com/company/party-plus,Events Services,US,GB,pass,unknown,industry unknown
ian,wallis,ian wallis,CEO,Pavillion,,linkedin.com/in/ian-wallis-3628855b,,C-Team,blitz,https://www.linkedin.com/company/pavillion,Advertising Services,GB,US,pass,unknown,industry unknown
Ian,Webb,Ian Webb,CMO | Fractional Marketing Director | NED,The Marketing Centre,themarketingcentre.com,linkedin.com/in/ianwebb,,C-Team,blitz,https://www.linkedin.com/company/the-marketing-centre,,GB,GB,pass,unknown,industry unknown
Ibi,T.,Ibi T.,Senior Director,BPI Group,bpigroup.com,linkedin.com/in/ibitayyab,,Director,blitz,https://www.linkedin.com/company/bully-pulpit-international,Advertising Services,US,US,pass,unknown,industry unknown
Ibrahim,AlHusseini,Ibrahim AlHusseini,CEO,Meca Communications,,linkedin.com/in/ibrahim-alhusseini-6b9256,,C-Team,blitz,https://www.linkedin.com/company/meca-communications,Advertising Services,US,US,pass,unknown,industry unknown
Ido,Rebhun,Ido Rebhun,Founder & CEO,Renaissance Growth,,linkedin.com/in/ido-rebhun-743886224,,C-Team,blitz,https://www.linkedin.com/company/renaissance-growth,Marketing Services,US,US,pass,unknown,industry unknown
Ief,Stuyvaert,Ief Stuyvaert,Owner,Conception,,linkedin.com/in/iefstuyvaert,,C-Team,blitz,https://www.linkedin.com/company/conception,Graphic Design,BE,US,pass,unknown,industry unknown
Ian,Grundy,Ian Grundy,Fractional Marketing Director,The Marketing Centre,themarketingcentre.com,linkedin.com/in/igrundy,,Director,blitz,https://www.linkedin.com/company/the-marketing-centre,Advertising Services,GB,GB,pass,unknown,industry unknown
Ilene,Modica,Ilene Modica,Full time travel blogger and personal business owner of SendOutCards,SOC SendOutCards,,linkedin.com/in/ilene-modica-7422a544,,C-Team,blitz,https://www.linkedin.com/company/soc-sendoutcards,Advertising Services,IT,US,pass,unknown,industry unknown
ilkay,Dogan,ilkay Dogan,Entrepreneur indépendant,styles,,linkedin.com/in/ilkay-dogan-45b170178,,C-Team,blitz,https://www.linkedin.com/company/styles,Advertising Services,BE,US,pass,unknown,industry unknown
Imran,Sarwar,Imran Sarwar,"Partner, CRO and Creative Director",EventBuizz,eventbuizz.com,linkedin.com/in/imran-sarwar-51020259,,C-Team,blitz,https://www.linkedin.com/company/eventbuizz,,SE,DK,pass,unknown,industry unknown
India,Morris,India Morris,Director,Pear,,linkedin.com/in/india-morris-a29528a0,,Director,blitz,https://www.linkedin.com/company/pearcomms,Public Relations and Communications Services,GB,GB,pass,unknown,industry unknown
Inge,V.,Inge V.,Creatief directeur,Divers,,linkedin.com/in/inge-v-507ab533,,Director,blitz,https://www.linkedin.com/company/diversservice,Design,NL,US,pass,unknown,industry unknown
Ingo,Hübner,Ingo Hübner,Client Service Director,Atletico International Advertising,,linkedin.com/in/ingo-hübner-481b1543,,Director,blitz,https://www.linkedin.com/company/atletico-international-advertising,Advertising Services,DE,ES,pass,unknown,industry unknown
Ingrid,Otero-Smart,Ingrid Otero-Smart,President,Anita Santiago Advertising,,linkedin.com/in/ingrid-otero-smart-a250812,,C-Team,blitz,https://www.linkedin.com/company/anita-santiago-advertising,Advertising Services,US,US,pass,unknown,industry unknown
Inland,Empire,Inland Empire,Chief Executive Officer,Citi Corporative,,linkedin.com/in/inland-empire-727309304,,C-Team,blitz,https://www.linkedin.com/company/citicorporative,Advertising Services,US,RO,pass,unknown,industry unknown
Irina,Alvera,Irina Alvera,Client Service Director,Grey Entertainment,,linkedin.com/in/irina-alvera-08353111,,Director,blitz,https://www.linkedin.com/company/grey-entertainment,Advertising Services,IT,US,pass,unknown,industry unknown
Iryna,Kuzmina,Iryna Kuzmina,CEO,Prospects Ukraine,,linkedin.com/in/iryna-kuzmina-91a716327,,C-Team,blitz,https://www.linkedin.com/company/prospects-ukraine,Advertising Services,UA,US,pass,unknown,industry unknown
Isaac,Cohen,Isaac Cohen,Owner,Zoom Design,,linkedin.com/in/isaac-cohen-2032a14,,C-Team,blitz,https://www.linkedin.com/company/zoom-design,Design Services,US,US,pass,unknown,industry unknown
Isabel,Bardinet,Isabel Bardinet,commercial and development executive director,Palais des Congrès de Paris,,linkedin.com/in/isabel-bardinet-281339,,Director,blitz,https://www.linkedin.com/company/palais-des-congres-de-paris,Events Services,FR,US,pass,unknown,industry unknown
Isabel,Feys,Isabel Feys,Geschäftsführer (CEO),joviva.de,joviva.de,linkedin.com/in/isabel-feys-97aa2930,,C-Team,blitz,https://www.linkedin.com/company/joviva-de,,DE,DE,pass,unknown,industry unknown
Isabell,Rieder,Isabell Rieder,"Inhaberin, Geschäftsführerin",PR Consultants,,linkedin.com/in/isabell-rieder-7073b214,,C-Team,blitz,https://www.linkedin.com/company/pr-consultants,Public Relations and Communications Services,DE,US,pass,unknown,industry unknown
Issa,Elhinn,Issa Elhinn,"Vise President, Import and Traffic",Determined Productions Inc.,,linkedin.com/in/issa-elhinn-38410316,,C-Team,blitz,https://www.linkedin.com/company/determined-productions-inc.,Graphic Design,US,US,pass,unknown,industry unknown
Itbar,Merali,Itbar Merali,Owner,Market Place,,linkedin.com/in/itbar-merali-677a085,,C-Team,blitz,https://www.linkedin.com/company/market-place,Events Services,US,FR,pass,unknown,industry unknown
Itxaso,Marimon,Itxaso Marimon,Directora comercial,Pulsa Media,,linkedin.com/in/itxaso-marimon-626946b4,,Director,blitz,https://www.linkedin.com/company/pulsa-media-consulting,Advertising Services,ES,ES,pass,unknown,industry unknown
Iva,A.,Iva A.,Directeur,Victoria Secrets Beauty Salon,,linkedin.com/in/iva-a-1031b2164,,Director,blitz,https://www.linkedin.com/company/victoria-secrets-beauty-salon,Design Services,CH,US,pass,unknown,industry unknown
Ivan,Popov,Ivan Popov,advertising director,Extreme Media,,linkedin.com/in/ivan-popov-044b7b16,,Director,blitz,https://www.linkedin.com/company/extreme-media,Advertising Services,BG,US,pass,unknown,industry unknown
Ivan,Santic,Ivan Santic,Founder,Isma,,linkedin.com/in/ivan-santic-829766239,,C-Team,blitz,https://www.linkedin.com/company/ismallc,Advertising Services,US,US,pass,unknown,industry unknown
Ivanoel,Barreto,Ivanoel Barreto,Directeur artistique/Art Director,Maison Des Artistes,,linkedin.com/in/ivanoel-barreto-47560455,,Director,blitz,https://www.linkedin.com/company/maison-des-artistes,Events Services,FR,US,pass,unknown,industry unknown
Iveta,Puchovanova,Iveta Puchovanova,Account Director,MW Promotion,,linkedin.com/in/iveta-puchovanova,,Director,blitz,https://www.linkedin.com/company/mw-promotion,Advertising Services,SK,SK,pass,unknown,industry unknown
Ivygale,"Fredriksson, MICB, CPS","Ivygale Fredriksson, MICB, CPS",Chief Growth Officer,Reach Digital Solutions,,linkedin.com/in/ivygale-oporto,,C-Team,blitz,https://www.linkedin.com/company/reach-digital-solutions-ph,Marketing Services,SE,US,pass,unknown,industry unknown
Iwona,Tyszka,Iwona Tyszka,director,zaher nourredine Lucifer,,linkedin.com/in/iwona-tyszka-4a66b075,,Director,blitz,https://www.linkedin.com/company/lucifer,Advertising Services,US,NL,pass,unknown,industry unknown
Iza,Ochocka,Iza Ochocka,Client Service director,Media Group,,linkedin.com/in/iza-ochocka-73a314b,,Director,blitz,https://www.linkedin.com/company/media-group,Advertising Services,PL,US,pass,unknown,industry unknown
J.C.,Glez.,J.C. Glez.,Director General,Eden,,linkedin.com/in/j-c-glez-3447a328,,Director,blitz,https://www.linkedin.com/company/eden,Design Services,ES,NL,pass,unknown,industry unknown
Josh,C.,Josh C.,"Managing Partner, Co-Owner | Executive Creative Director",Amigo Creative,,linkedin.com/in/j-chamberlain,,C-Team,blitz,https://www.linkedin.com/company/amigo-creative,Advertising Services,US,US,pass,unknown,industry unknown
J. Sandra,Tizzone,J. Sandra Tizzone,EVENTS COORDINATOR & WEDDING CONSULTANT & OWNER of CONTINENTAL ADVERTISING AGENCY,The Wedding Company,,linkedin.com/in/j-sandra-tizzone-16340b11,,C-Team,blitz,https://www.linkedin.com/company/the-wedding-company,Events Services,US,US,pass,unknown,industry unknown
Ja,Lytle,Ja Lytle,Owner,J L Design,,linkedin.com/in/ja-lytle-05856036,,C-Team,blitz,https://www.linkedin.com/company/j-l-design,Design Services,US,US,pass,unknown,industry unknown
Jaap,Donkersloot,Jaap Donkersloot,Directeur Toiletten,Geen Tekst?,,linkedin.com/in/jaap-donkersloot-887a81144,,Director,blitz,https://www.linkedin.com/company/geen-tekst-,Public Relations and Communications Services,NL,NL,pass,unknown,industry unknown
Jacek,Barankiewicz,Jacek Barankiewicz,President,Axel Springer Kontakt,,linkedin.com/in/jacek-barankiewicz-a4519a3,,C-Team,blitz,https://www.linkedin.com/company/axel-springer-kontakt,Advertising Services,PL,PL,pass,unknown,industry unknown
Jacinda,Martin,Jacinda Martin,Owner,Equanimity,,linkedin.com/in/jacinda-martin-8816191,,C-Team,blitz,https://www.linkedin.com/company/equanimity,Public Relations and Communications Services,US,US,pass,unknown,industry unknown
jack,baghjajian,jack baghjajian,president,Sign Perfect,,linkedin.com/in/jack-baghjajian-5a3b7642,,C-Team,blitz,https://www.linkedin.com/company/sign-perfect,Advertising Services,US,US,pass,unknown,industry unknown
Jack,Chaplin,Jack Chaplin,Owner,Daddy,,linkedin.com/in/jack-chaplin-11184b4,,C-Team,blitz,https://www.linkedin.com/company/daddy,Advertising Services,US,SE,pass,unknown,industry unknown
Jack,Cresswell,Jack Cresswell,Head of Brand Copy,PHMG,phmg.com,linkedin.com/in/jack-cresswell-007bb582,,Director,blitz,https://www.linkedin.com/company/phmg,Advertising Services,GB,GB,pass,unknown,industry unknown
Jack,Dacey,Jack Dacey,Director Project Management,Boston Communications,,linkedin.com/in/jack-dacey-31776b4,,Director,blitz,https://www.linkedin.com/company/bostoncommunications,Advertising Services,US,US,pass,unknown,industry unknown
Jack,Duncan,Jack Duncan,President,Duncan & Associates,,linkedin.com/in/jack-duncan-1a547a7,,C-Team,blitz,https://www.linkedin.com/company/duncan-&-associates,Advertising Services,US,US,pass,unknown,industry unknown
Jack,Edwards,Jack Edwards,Senior Partner,Fountainhead,,linkedin.com/in/jack-edwards-5142634,,C-Team,blitz,https://www.linkedin.com/company/fountainhead,Advertising Services,US,US,pass,unknown,industry unknown
Jack,Henry,Jack Henry,Senior Vice President Sales,Mohawk Marketing,,linkedin.com/in/jack-henry-8b906a7,,VP,blitz,https://www.linkedin.com/company/mohawk-marketing,Advertising Services,US,US,pass,unknown,industry unknown
JACK,SCHERER,JACK SCHERER,Owner,The Marketing Edge,,linkedin.com/in/jack-scherer-716914,,C-Team,blitz,https://www.linkedin.com/company/the-marketing-edge,Advertising Services,US,US,pass,unknown,industry unknown
Jack,Gaylord,Jack Gaylord,Founder and President,Grace Events Inc,,linkedin.com/in/jackgaylord,,C-Team,blitz,https://www.linkedin.com/company/grace-events-inc,Events Services,US,US,pass,unknown,industry unknown
Jackie,Conner-Henry,Jackie Conner-Henry,Activities Director,Woodside Manor Nursing Home,,linkedin.com/in/jackie-conner-henry-36958a2a,,Director,blitz,https://www.linkedin.com/company/woodside-manor-nursing-home,Advertising Services,US,US,pass,unknown,industry unknown
Jackie,Long,Jackie Long,VP,Euro RSCG Magnet,,linkedin.com/in/jackie-long-74366,,VP,blitz,https://www.linkedin.com/company/euro-rscg-magnet,Public Relations and Communications Services,US,US,pass,unknown,industry unknown
Jackie,Post,Jackie Post,EVP Media,EXACTA | BORN FROM MEDIA,exactamedia.com,linkedin.com/in/jackie-post-aa43b46,,VP,blitz,https://www.linkedin.com/company/exacta-media-inc.,Advertising Services,US,US,pass,unknown,industry unknown
Jackie,Smaga,Jackie Smaga,Executive Director,MBC Direct,,linkedin.com/in/jackie-smaga-631b0b5,,Director,blitz,https://www.linkedin.com/company/mbc-direct,Advertising Services,US,US,pass,unknown,industry unknown
Jackie,Winter,Jackie Winter,Sales Director,MediaLive International,,linkedin.com/in/jackie-winter-b62b8,,Director,blitz,https://www.linkedin.com/company/medialive-international,Advertising Services,US,US,pass,unknown,industry unknown
Jacob,Nyborg,Jacob Nyborg,Owner,Copenhagen Group,,linkedin.com/in/jacob-nyborg-025320,,C-Team,blitz,https://www.linkedin.com/company/copenhagen-group,Advertising Services,DK,DK,pass,unknown,industry unknown
Jacob,Van Winkle,Jacob Van Winkle,Senior Director of Art & Design,Apartments.com,apartments.com,linkedin.com/in/jacob-van-winkle-b597a910,,Director,blitz,https://www.linkedin.com/company/apartments-com,Advertising Services,US,US,pass,unknown,industry unknown
Jacob,Reynolds,Jacob Reynolds,Director of Web Presence,REZN8,,linkedin.com/in/jacobreynolds,,Director,blitz,https://www.linkedin.com/company/rezn8,Graphic Design,GB,US,pass,unknown,industry unknown
Jacqueline,Bates,Jacqueline Bates,Director of Training and Quality Assurance,Expivia Interaction Marketing Group Inc.,expiviausa.com,linkedin.com/in/jacqueline-bates-129ab0123,,Director,blitz,https://www.linkedin.com/company/expiviausa,Advertising Services,US,US,pass,unknown,industry unknown
Jacqueline,Montes Bornstein,Jacqueline Montes Bornstein,"Vice President, Corporate & Enterprise Websites, Digital Media, M&A Executive",FMG Suite,fmgsuite.com,linkedin.com/in/jacqueline-montes-bornstein-30200735,,VP,blitz,https://www.linkedin.com/company/fmg-suite,Advertising Services,US,US,pass,unknown,industry unknown
Jacqueline,Scott-Douglas,Jacqueline Scott-Douglas,Senior Director,BPI Group,bpigroup.com,linkedin.com/in/jacqueline-scott-douglas-02b506150,,Director,blitz,https://www.linkedin.com/company/bully-pulpit-international,Advertising Services,US,US,pass,unknown,industry unknown
Jacques,CHENAIN,Jacques CHENAIN,Directeur général / Managing director,Manufactures Mode,,linkedin.com/in/jacques-chenain-45539229,,C-Team,blitz,https://www.linkedin.com/company/manufactures-mode,Design,FR,US,pass,unknown,industry unknown
Jacques,Schingh,Jacques Schingh,Chief Financial Officer,Bargain News,,linkedin.com/in/jacques-schingh-95a09213,,C-Team,blitz,https://www.linkedin.com/company/bargain-news,Graphic Design,US,US,pass,unknown,industry unknown
Jacqui,Stewart,Jacqui Stewart,Director of Hispanic Marketing,miller.whiterunkle,,linkedin.com/in/jacqui-stewart-48a866,,Director,blitz,https://www.linkedin.com/company/miller.whiterunkle,Advertising Services,US,US,pass,unknown,industry unknown
Jade,E.,Jade E.,Client Success Director,PHMG,phmg.com,linkedin.com/in/jadeburke,,Director,blitz,https://www.linkedin.com/company/phmg,Advertising Services,GB,GB,pass,unknown,industry unknown
Jaime,Molina,Jaime Molina,CEO,Caracol,,linkedin.com/in/jaime-molina-3637b147,,C-Team,blitz,https://www.linkedin.com/company/caracol,Public Relations and Communications Services,US,NL,pass,unknown,industry unknown
Jake,Forman,Jake Forman,Director,MSSL Research Ltd.,,linkedin.com/in/jake-forman-16a99922,,Director,blitz,https://www.linkedin.com/company/mssl-research-ltd.,Market Research,GB,GB,pass,unknown,industry unknown
Jake,Stevens,Jake Stevens,"Director, BuzzStreet Programs",Buzztone,,linkedin.com/in/jake-stevens-77a207,,Director,blitz,https://www.linkedin.com/company/buzztone,Advertising Services,US,US,pass,unknown,industry unknown
Jakob,Møller,Jakob Møller,Art Director,ncom,,linkedin.com/in/jakob-møller-272a9a3,,Director,blitz,https://www.linkedin.com/company/ncom,Advertising Services,DK,DK,pass,unknown,industry unknown
Jakob,Thuesen,Jakob Thuesen,Owner,FLEXX,,linkedin.com/in/jakob-thuesen-401336,,C-Team,blitz,https://www.linkedin.com/company/flexx,Advertising Services,DK,US,pass,unknown,industry unknown
Jamael,Green,Jamael Green,Chief Executive Officer,Grass Is Greener,,linkedin.com/in/jamael-green-034306aa,,C-Team,blitz,https://www.linkedin.com/company/grass-is-greener,Public Relations and Communications Services,US,US,pass,unknown,industry unknown
Jamal,Siddiqi,Jamal Siddiqi,Founder,Royal Palace Banquet Hall,,linkedin.com/in/jamal-siddiqi-419b0134,,C-Team,blitz,https://www.linkedin.com/company/royal-palace-banquet-hall,Events Services,US,US,pass,unknown,industry unknown
Jamal,Walsh ♾,Jamal Walsh ♾,Director of Software Engineering,PHMG,phmg.com,linkedin.com/in/jamalwalsh,,Director,blitz,https://www.linkedin.com/company/phmg,Advertising Services,GB,GB,pass,unknown,industry unknown
James A.,Martin,James A. Martin,President,Powerful Promotions Llc,,linkedin.com/in/james-a-martin-551a3a32,,C-Team,blitz,https://www.linkedin.com/company/powerful-promotions-llc,Advertising Services,US,US,pass,unknown,industry unknown
James,Abbott,James Abbott,Advertising Sales Director,Psp Sports Marketing,,linkedin.com/in/james-abbott-6052b6257,,Director,blitz,https://www.linkedin.com/company/psp-sports-marketing,Advertising Services,US,US,pass,unknown,industry unknown
James,Anderson,James Anderson,VP-Alliance,EmailAppenders,,linkedin.com/in/james-anderson-2148107,,VP,blitz,https://www.linkedin.com/company/emailappenders,Advertising Services,US,US,pass,unknown,industry unknown
James,Anderson,James Anderson,VP-Alliance Program,EmailAppenders,,linkedin.com/in/james-anderson-4523b74,,VP,blitz,https://www.linkedin.com/company/emailappenders,Advertising Services,US,US,pass,unknown,industry unknown
James,Anderson,James Anderson,VP-Alliance Program,EmailAppenders,,linkedin.com/in/james-anderson-a4a2b15,,VP,blitz,https://www.linkedin.com/company/emailappenders,Advertising Services,US,US,pass,unknown,industry unknown
James,Angelo,James Angelo,COO,JJM s.a.,,linkedin.com/in/james-angelo-87433ba,,C-Team,blitz,https://www.linkedin.com/company/jjm-s.a.,Graphic Design,US,BE,pass,unknown,industry unknown
James,Bironneau,James Bironneau,Directeur adjoint,FMG Suite,fmgsuite.com,linkedin.com/in/james-bironneau-931759235,,Director,blitz,https://www.linkedin.com/company/fmg-suite,Advertising Services,FR,US,pass,unknown,industry unknown
James,Bradley,James Bradley,Group Account Director,Vivid Communications,,linkedin.com/in/james-bradley-13b51b3,,Director,blitz,https://www.linkedin.com/company/vivid-communications,Advertising Services,GB,GB,pass,unknown,industry unknown
James,Cochran,James Cochran,Business owner,FFCreation,,linkedin.com/in/james-cochran-501b4510,,C-Team,blitz,https://www.linkedin.com/company/ffcreation,Advertising Services,US,PL,pass,unknown,industry unknown
james,david warner,james david warner,Event Director,Conference Series,,linkedin.com/in/james-david-warner-79a327163,,Director,blitz,https://www.linkedin.com/company/conference-series-llc,Events Services,GB,US,pass,unknown,industry unknown
James E.,"Hoffman, Jr.","James E. Hoffman, Jr.",Owner,Catalyst Consultants,,linkedin.com/in/james-e-hoffman-jr-533521,,C-Team,blitz,https://www.linkedin.com/company/catalyst-consultants,Advertising Services,US,US,pass,unknown,industry unknown
James,Gallagher,James Gallagher,Vice President,Pennoni,pennoni.com,linkedin.com/in/james-gallagher-4b47566,,VP,blitz,https://www.linkedin.com/company/pennoni,Design Services,US,US,pass,unknown,industry unknown
James,King,James King,executive director,CCM Marketing,,linkedin.com/in/james-king-3076a813,,Director,blitz,https://www.linkedin.com/company/ccm-marketing,Advertising Services,US,US,pass,unknown,industry unknown
James,Klaus,James Klaus,President,Loon,,linkedin.com/in/james-klaus-071b5372,,C-Team,blitz,https://www.linkedin.com/company/go-clover,Marketing Services,US,US,pass,unknown,industry unknown
James,Maddonni,James Maddonni,Vice President,Pennoni,pennoni.com,linkedin.com/in/james-maddonni-a4169710,,VP,blitz,https://www.linkedin.com/company/pennoni,Design Services,US,US,pass,unknown,industry unknown
James,Marsland,James Marsland,Director and VP Business Affairs & Development,REZN8,,linkedin.com/in/james-marsland-730608,,VP,blitz,https://www.linkedin.com/company/rezn8,Graphic Design,US,US,pass,unknown,industry unknown
James,Mitchell,James Mitchell,Chief Technology Officer,Global Logic Corporation,,linkedin.com/in/james-mitchell-b356a7199,,C-Team,blitz,https://www.linkedin.com/company/global-logic-corporation,Advertising Services,US,US,pass,unknown,industry unknown
james,muzik,james muzik,Independent Business Owner,Floral Shop,,linkedin.com/in/james-muzik-286a01171,,C-Team,blitz,https://www.linkedin.com/company/floral-shop,Design Services,US,US,pass,unknown,industry unknown
james,pooley,james pooley,President,Taking Care of Business,,linkedin.com/in/james-pooley-670196133,,C-Team,blitz,https://www.linkedin.com/company/taking-care-of-business,Advertising Services,US,NL,pass,unknown,industry unknown
James,Quirke,James Quirke,Co-Founder & Head of Digital,Mundane,,linkedin.com/in/james-quirke-58a995210,,C-Team,blitz,https://www.linkedin.com/company/mundane-agency,Advertising Services,GB,GB,pass,unknown,industry unknown
James,Robinson,James Robinson,Fractional CMO,The Marketing Centre,themarketingcentre.com,linkedin.com/in/james-robinson-3357281a,,C-Team,blitz,https://www.linkedin.com/company/the-marketing-centre,,GB,GB,pass,unknown,industry unknown
James,Ryan,James Ryan,Partner,Beacon Advisors,,linkedin.com/in/james-ryan-4801741a,,C-Team,blitz,https://www.linkedin.com/company/beacon-advisors,Public Relations and Communications Services,US,US,pass,unknown,industry unknown
James,Schlenk,James Schlenk,President,Market Communications,,linkedin.com/in/james-schlenk-2b49691b,,C-Team,blitz,https://www.linkedin.com/company/market-communications,Advertising Services,US,US,pass,unknown,industry unknown
James T,Brown,James T Brown,Owner,Jb Marketing Consultants,,linkedin.com/in/james-t-brown-040542165,,C-Team,blitz,https://www.linkedin.com/company/jb-marketing-consultants,Marketing Services,US,US,pass,unknown,industry unknown
James,Young,James Young,CEO,Mad River Post,,linkedin.com/in/james-young-78aa1141,,C-Team,blitz,https://www.linkedin.com/company/mad-river-post,Advertising Services,US,US,pass,unknown,industry unknown
Jamie,Dotson,Jamie Dotson,Vice President,Marketing Alliance Group,mktalliance.com,linkedin.com/in/jamie-dotson-56a1a960,,VP,blitz,https://www.linkedin.com/company/marketing-alliance-group,Advertising Services,US,US,pass,unknown,industry unknown
Jamie,Jahnke,Jamie Jahnke,Director of Purchasing & Facilities Management,Starstream Communications,,linkedin.com/in/jamie-jahnke-83a9691,,Director,blitz,https://www.linkedin.com/company/starstream-communications,Advertising Services,US,US,pass,unknown,industry unknown
Jamie,Jenord,Jamie Jenord,Client Care Director,PHMG,phmg.com,linkedin.com/in/jamie-jenord-269a28244,,Director,blitz,https://www.linkedin.com/company/phmg,Advertising Services,GB,GB,pass,unknown,industry unknown
Jamie,Murphy,Jamie Murphy,Director of Customer Service,"Vici Marketing, LLC",,linkedin.com/in/jamie-murphy-5520b5108,,Director,blitz,https://www.linkedin.com/company/vici-marketing-llc,Advertising Services,US,US,pass,unknown,industry unknown
Jamie,Peck,Jamie Peck,"EVP, Managing Director",MRM Gillespie,,linkedin.com/in/jamie-peck-8166263,,C-Team,blitz,https://www.linkedin.com/company/mrm-gillespie,Advertising Services,US,US,pass,unknown,industry unknown
Jamie,Peck,Jamie Peck,COO,MRM Gillespie,,linkedin.com/in/jamie-peck-821b4b6,,C-Team,blitz,https://www.linkedin.com/company/mrm-gillespie,Advertising Services,US,US,pass,unknown,industry unknown
Jan,Jakoubek,Jan Jakoubek,CFO/COO,Button Group,,linkedin.com/in/jan-jakoubek-37038050,,C-Team,blitz,https://www.linkedin.com/company/button-group,Design Services,CZ,GB,pass,unknown,industry unknown
Jan,"Jensen, CKD.","Jan Jensen, CKD.",Owner,Jensen Design,,linkedin.com/in/jan-jensen-ckd-02213021,,C-Team,blitz,https://www.linkedin.com/company/jensen-design,Graphic Design,US,US,pass,unknown,industry unknown
Jan,Means,Jan Means,President / Executive Consultant,Resource Advantage,,linkedin.com/in/jan-means-3a0b33,,C-Team,blitz,https://www.linkedin.com/company/resource-advantage,Advertising Services,US,US,pass,unknown,industry unknown
Jan,Miller,Jan Miller,"Sr. Director, Human Resources",Direct Group North America,,linkedin.com/in/jan-miller-0ab0a79,,Director,blitz,https://www.linkedin.com/company/direct-group-north-america,Advertising Services,US,US,pass,unknown,industry unknown
Jan,Nawrocki,Jan Nawrocki,Owner,IQS and QUANT Group,,linkedin.com/in/jan-nawrocki-17455a11,,C-Team,blitz,https://www.linkedin.com/company/iqs-and-quant-group,Market Research,PL,PL,pass,unknown,industry unknown
Jan,Strindlund,Jan Strindlund,CFO,Storåkers McCann,,linkedin.com/in/jan-strindlund-063b454,,C-Team,blitz,https://www.linkedin.com/company/storakers-mccann,Advertising Services,SE,SE,pass,unknown,industry unknown
Jan Yang,Brummer,Jan Yang Brummer,Co-Founder & Director,LevelOne,,linkedin.com/in/jan-yang-brummer-0116411b2,,C-Team,blitz,https://www.linkedin.com/company/levelone-agency,Events Services,BE,US,pass,unknown,industry unknown
Jan,Zilla,Jan Zilla,Director,SpotPlus,,linkedin.com/in/jan-zilla-23519135,,Director,blitz,https://www.linkedin.com/company/spotplus,Advertising Services,US,US,pass,unknown,industry unknown
Jana,Bosse,Jana Bosse,Partner Managerin,joviva.de,joviva.de,linkedin.com/in/jana-bosse-41652753,,C-Team,blitz,https://www.linkedin.com/company/joviva-de,,DE,DE,pass,unknown,industry unknown
Jana,Tkacova,Jana Tkacova,Managing Director,kk,,linkedin.com/in/jana-tkacova-76aba8141,,C-Team,blitz,https://www.linkedin.com/company/agentura,Advertising Services,SK,EE,pass,unknown,industry unknown
Andy,Miller,Andy Miller,Chairman/CEO,Miller Consulting Group,,linkedin.com/in/jandymiller,,C-Team,blitz,https://www.linkedin.com/company/miller-consulting-group,Public Relations and Communications Services,US,US,pass,unknown,industry unknown
Jane,Bass,Jane Bass,Client Service Director,MatchPoint Marketing,,linkedin.com/in/jane-bass-128b1b1,,Director,blitz,https://www.linkedin.com/company/matchpoint-marketing,Advertising Services,US,US,pass,unknown,industry unknown
jane,cavalier,jane cavalier,ceo,Brightmark,,linkedin.com/in/jane-cavalier-8292194,,C-Team,blitz,https://www.linkedin.com/company/brightmark,Advertising Services,US,US,pass,unknown,industry unknown
Jane,Cottrill,Jane Cottrill,Director of FP&A,PHMG,phmg.com,linkedin.com/in/jane-cottrill-a7a6a639,,Director,blitz,https://www.linkedin.com/company/phmg,Advertising Services,GB,GB,pass,unknown,industry unknown
Jane,Kinnaman,Jane Kinnaman,Owner,Kinnaman Group,,linkedin.com/in/jane-kinnaman-3036467,,C-Team,blitz,https://www.linkedin.com/company/kinnaman-group,Advertising Services,US,US,pass,unknown,industry unknown
Jane,Munro,Jane Munro,Managing Director,BPI Group,bpigroup.com,linkedin.com/in/jane-munro,,C-Team,blitz,https://www.linkedin.com/company/bully-pulpit-international,Advertising Services,US,US,pass,unknown,industry unknown
Janel,McCoy,Janel McCoy,Business owner,The Express Group,,linkedin.com/in/janel-mccoy-510929a9,,C-Team,blitz,https://www.linkedin.com/company/the-express-group,Advertising Services,US,US,pass,unknown,industry unknown
Janelle,Dozark,Janelle Dozark,Head of Customer Support,My Shopping Community,,linkedin.com/in/janelle-dozark-492479,,Director,blitz,https://www.linkedin.com/company/my-shopping-community,Advertising Services,US,US,pass,unknown,industry unknown
Jane,Nugent,Jane Nugent,Portfolio Marketing Director/Fractional CMO,The Marketing Centre,themarketingcentre.com,linkedin.com/in/janenugentmba,,C-Team,blitz,https://www.linkedin.com/company/the-marketing-centre,,GB,GB,pass,unknown,industry unknown
Janet,Bergman,Janet Bergman,Partner,Beacon Advisors,,linkedin.com/in/janet-bergman-5bab1810,,C-Team,blitz,https://www.linkedin.com/company/beacon-advisors,Public Relations and Communications Services,US,US,pass,unknown,industry unknown
Janet,Waters,Janet Waters,owner,Design Craftsmen,,linkedin.com/in/janet-waters-a98449b,,C-Team,blitz,https://www.linkedin.com/company/design-craftsmen,Design Services,US,US,pass,unknown,industry unknown
Janet,Malzone,Janet Malzone,Audit Committee Chair and Board Member,FMG Suite,fmgsuite.com,linkedin.com/in/janetmalzone,,C-Team,blitz,https://www.linkedin.com/company/fmg-suite,Advertising Services,US,US,pass,unknown,industry unknown
Janette,H.,Janette H.,Strategy Director,various,,linkedin.com/in/janettehall,,Director,blitz,https://www.linkedin.com/company/freelance-strategy,Advertising Services,GB,US,pass,unknown,industry unknown
Janice,Cobb,Janice Cobb,CEO,Changing Images,,linkedin.com/in/janice-cobb-5a689256,,C-Team,blitz,https://www.linkedin.com/company/changing-images,Graphic Design,US,US,pass,unknown,industry unknown
Janine,Dethmers,Janine Dethmers,Owner,Corporate Impressions,,linkedin.com/in/janine-dethmers-26a1745,,C-Team,blitz,https://www.linkedin.com/company/corporate-impressions,Advertising Services,US,US,pass,unknown,industry unknown
Janis,Rozenbergs,Janis Rozenbergs,Owner,SDR Consulting,,linkedin.com/in/janis-rozenbergs-ab0379,,C-Team,blitz,https://www.linkedin.com/company/sdr-consulting,Market Research,LV,US,pass,unknown,industry unknown
Jannus,Kat,Jannus Kat,CFO,Only Entrepreneurs,only.nl,linkedin.com/in/jannus-kat-8a12b046,,C-Team,blitz,https://www.linkedin.com/company/only-creative-entrepreneurs,,NL,NL,pass,unknown,industry unknown
Jan,Suiskens,Jan Suiskens,Creatief directeur,CorporateTrailer | The Power of Storytelling,corporatetrailer.nl,linkedin.com/in/jansuiskens,,Director,blitz,https://www.linkedin.com/company/corporatetrailer,,NL,NL,pass,unknown,industry unknown
Jared,Card,Jared Card,Chief Operating Officer,FMG Suite,fmgsuite.com,linkedin.com/in/jaredcard,,C-Team,blitz,https://www.linkedin.com/company/fmg-suite,Advertising Services,US,US,pass,unknown,industry unknown
Jaroslaw,Okragly,Jaroslaw Okragly,Owner,Media Com,,linkedin.com/in/jaroslaw-okragly-a6a5a3,,C-Team,blitz,https://www.linkedin.com/company/media-com,Advertising Services,PL,US,pass,unknown,industry unknown
Jarosław,Oponowicz,Jarosław Oponowicz,Dyrektor zarządzający,KK,,linkedin.com/in/jarosław-oponowicz-075677108,,Director,blitz,https://www.linkedin.com/company/kk_2,Advertising Services,PL,BE,pass,unknown,industry unknown
Jasmine,Redwood,Jasmine Redwood,Head of Client Support (UK),PHMG,phmg.com,linkedin.com/in/jasmine-redwood-1ab309b1,,Director,blitz,https://www.linkedin.com/company/phmg,Advertising Services,GB,GB,pass,unknown,industry unknown
Jasmine,Schariefy,Jasmine Schariefy,Founder & CEO,JS Marketing Co,,linkedin.com/in/jasmine-schariefy-933419268,,C-Team,blitz,https://www.linkedin.com/company/j-s-marketing-co,Advertising Services,US,US,pass,unknown,industry unknown
Jason,Bergeron,Jason Bergeron,Director of Platform Services,Heritage Werks,heritagewerks.com,linkedin.com/in/jason-bergeron-067b7557,,Director,blitz,https://www.linkedin.com/company/heritage-werks,Advertising Services,US,US,pass,unknown,industry unknown
Jason,Daye,Jason Daye,Chief Executive Officer,PHMG,phmg.com,linkedin.com/in/jason-daye-88b00117,,C-Team,blitz,https://www.linkedin.com/company/phmg,,GB,GB,pass,unknown,industry unknown
Jason,Jabb,Jason Jabb,Vice President,Fridays,,linkedin.com/in/jason-jabb-0024b228,,VP,blitz,https://www.linkedin.com/company/fridays-media-group,Public Relations and Communications Services,US,GB,pass,unknown,industry unknown
Jason,Lane,Jason Lane,Owner,Lane Trucking,,linkedin.com/in/jason-lane-607026107,,C-Team,blitz,https://www.linkedin.com/company/lane-trucking,Advertising Services,US,US,pass,unknown,industry unknown
Jason,Perrins,Jason Perrins,Owner,JK Investments,,linkedin.com/in/jason-perrins-07aaa217,,C-Team,blitz,https://www.linkedin.com/company/jk-investments,Advertising Services,US,US,pass,unknown,industry unknown
Jason,Peskey,Jason Peskey,Head of Business Development ( North America),PHMG,phmg.com,linkedin.com/in/jason-peskey-96965635,,Director,blitz,https://www.linkedin.com/company/phmg,Advertising Services,US,GB,pass,unknown,industry unknown
Jason,Pritchett,Jason Pritchett,Owner,Forward Marketing,,linkedin.com/in/jason-pritchett-a8528a,,C-Team,blitz,https://www.linkedin.com/company/forward-marketing,Advertising Services,US,US,pass,unknown,industry unknown
Jason,Snavlin,Jason Snavlin,Owner/Principal,Design Farm,,linkedin.com/in/jason-snavlin-760453,,C-Team,blitz,https://www.linkedin.com/company/design-farm,Design,US,US,pass,unknown,industry unknown
Jason,West,Jason West,CEO,QRA,,linkedin.com/in/jason-west-011ab390,,C-Team,blitz,https://www.linkedin.com/company/qra,Market Research,US,US,pass,unknown,industry unknown
Jason,Dietz,Jason Dietz,Founder,"The Sportsbook Insider, Inc",,linkedin.com/in/jasondietz1,,C-Team,blitz,https://www.linkedin.com/company/the-sportsbook-insider-inc,Marketing Services,US,US,pass,unknown,industry unknown
Jason,Pritchett,Jason Pritchett,Owner,Forward Marketing,,linkedin.com/in/jasonpritchett,,C-Team,blitz,https://www.linkedin.com/company/forward-marketing,Advertising Services,US,US,pass,unknown,industry unknown
Jason,Sylva,Jason Sylva,Chief Operating Officer,"The Sportsbook Insider, Inc",,linkedin.com/in/jasonsylva,,C-Team,blitz,https://www.linkedin.com/company/the-sportsbook-insider-inc,Marketing Services,US,US,pass,unknown,industry unknown
Jasper,Edwards,Jasper Edwards,Head of Account Management,PHMG,phmg.com,linkedin.com/in/jasper-edwards-38940a10b,,Director,blitz,https://www.linkedin.com/company/phmg,Advertising Services,GB,GB,pass,unknown,industry unknown
Javier,Paico,Javier Paico,Store executive director,La Plaza Supermarket,,linkedin.com/in/javier-paico-bbab9b95,,Director,blitz,https://www.linkedin.com/company/la-plaza-supermarket,Advertising Services,US,US,pass,unknown,industry unknown
Jay,Clem,Jay Clem,VP of IT,aQuantive,,linkedin.com/in/jay-clem-a8a8821a,,VP,blitz,https://www.linkedin.com/company/aquantive,Advertising Services,US,US,pass,unknown,industry unknown
Jay,Sandusky,Jay Sandusky,creative director,The Sloan Group,,linkedin.com/in/jay-sandusky-5414433,,Director,blitz,https://www.linkedin.com/company/the-sloan-group,Advertising Services,US,US,pass,unknown,industry unknown
Jay,Williams,Jay Williams,Owner,The Red Group,,linkedin.com/in/jay-williams-b5ab0b1,,C-Team,blitz,https://www.linkedin.com/company/the-red-group,Advertising Services,US,US,pass,unknown,industry unknown
Jayne-Marie,Pooley  (FCIM),Jayne-Marie Pooley (FCIM),Fractional CMO | Portfolio Marketing Director & NED Advisor,The Marketing Centre,themarketingcentre.com,linkedin.com/in/jaynepooley,,C-Team,blitz,https://www.linkedin.com/company/the-marketing-centre,,GB,GB,pass,unknown,industry unknown
Jayson,Hedmark,Jayson Hedmark,VD,QS Performance,,linkedin.com/in/jayson-hedmark-a48473178,,C-Team,blitz,https://www.linkedin.com/company/quality-sales-performance,Marketing Services,SE,SE,pass,unknown,industry unknown
Jaz,Lola,Jaz Lola,Finance Director,The Works London,,linkedin.com/in/jaz-lola-262b871,,Director,blitz,https://www.linkedin.com/company/the-works-london,Advertising Services,GB,GB,pass,unknown,industry unknown
Jazz,Singh,Jazz Singh,Company Director,Direct Travel Team Ltd,,linkedin.com/in/jazz-singh-9584751a1,,Director,blitz,https://www.linkedin.com/company/direct-travel-team-ltd,Advertising Services,GB,GB,pass,unknown,industry unknown
John B.,Antiskay,John B. Antiskay,Director of Account Management,Suzy,suzy.com,linkedin.com/in/jbantiskay,,Director,blitz,https://www.linkedin.com/company/asksuzy,Market Research,US,US,pass,unknown,industry unknown
JC,Graphics,JC Graphics,President,Jc Graphics,,linkedin.com/in/jc-graphics-80805b185,,C-Team,blitz,https://www.linkedin.com/company/jc-graphics,Graphic Design,US,US,pass,unknown,industry unknown
Jodie,Stephenson,Jodie Stephenson,Fractional Marketing Director - Towmate Trailers Ltd,The Marketing Centre,themarketingcentre.com,linkedin.com/in/jclwilson76,,Director,blitz,https://www.linkedin.com/company/the-marketing-centre,Advertising Services,GB,GB,pass,unknown,industry unknown
Jonathan,Bailey,Jonathan Bailey,Digital Director & Political Consultant,Frontier Strategies,,linkedin.com/in/jdbaileyms,,Director,blitz,https://www.linkedin.com/company/frontier-strategies,Graphic Design,US,US,pass,unknown,industry unknown
Jean,Boyle,Jean Boyle,President,Trident Communications,,linkedin.com/in/jean-boyle-7a9ba26,,C-Team,blitz,https://www.linkedin.com/company/trident-communications,Public Relations and Communications Services,US,US,pass,unknown,industry unknown
Jean-Christophe,Gabriel,Jean-Christophe Gabriel,Co-Founder - CEO - Digital Strategist,Adjust,adjust.be,linkedin.com/in/jean-christophe-gabriel-0b02685,,C-Team,blitz,https://www.linkedin.com/company/adjust,,BE,BE,pass,unknown,industry unknown
Jean Claude,Avenel,Jean Claude Avenel,CEO,Starstream Communications,,linkedin.com/in/jean-claude-avenel-2098a7a3,,C-Team,blitz,https://www.linkedin.com/company/starstream-communications,Advertising Services,US,US,pass,unknown,industry unknown
Jean louis,Leroux,Jean louis Leroux,Directeur Général,Jump France,,linkedin.com/in/jean-louis-leroux-64575617,,C-Team,blitz,https://www.linkedin.com/company/jump-france,Advertising Services,FR,US,pass,unknown,industry unknown
Jean-Marc,Favre,Jean-Marc Favre,Owner,SafeData,,linkedin.com/in/jean-marc-favre-1b81454,,C-Team,blitz,https://www.linkedin.com/company/safedata,Advertising Services,CH,US,pass,unknown,industry unknown
Jean,Mom,Jean Mom,Director,Taco Sombrero Inc,,linkedin.com/in/jean-mom-80980b15a,,Director,blitz,https://www.linkedin.com/company/taco-sombrero-inc,Advertising Services,US,US,pass,unknown,industry unknown
Jean Paul,López,Jean Paul López,Technical Director,Netthink,,linkedin.com/in/jean-paul-lópez-200165,,Director,blitz,https://www.linkedin.com/company/netthink,Advertising Services,ES,ES,pass,unknown,industry unknown
Jean-Pierre,Mailles,Jean-Pierre Mailles,Président,Smash,,linkedin.com/in/jean-pierre-mailles-6251b442,,C-Team,blitz,https://www.linkedin.com/company/smash,Advertising Services,FR,US,pass,unknown,industry unknown
Jean Pierre,Villaret,Jean Pierre Villaret,CEO,devarrieuxvillaret,,linkedin.com/in/jean-pierre-villaret-aa2587,,C-Team,blitz,https://www.linkedin.com/company/devarrieuxvillaret,Advertising Services,FR,FR,pass,unknown,industry unknown
jean,sargeant,jean sargeant,MD,Sage Design,,linkedin.com/in/jean-sargeant-21465213,,C-Team,blitz,https://www.linkedin.com/company/sage-design,Advertising Services,GB,US,pass,unknown,industry unknown
Jean-Charles,Faverot Quilichini 🚀✨,Jean-Charles Faverot Quilichini 🚀✨,Designer - Directeur Artistique,JCDesign®,,linkedin.com/in/jeancharlesfavq,,Director,blitz,https://www.linkedin.com/company/jcdesign%c2%ae,Design Services,FR,FR,pass,unknown,industry unknown
Jeanine,J.,Jeanine J.,Independent Business Owner,Jl Enterprises,,linkedin.com/in/jeanine-j-79b719136,,C-Team,blitz,https://www.linkedin.com/company/jl-enterprises,Design Services,US,US,pass,unknown,industry unknown
Jeanne,Carpenter,Jeanne Carpenter,EVP/Director of Public Relatiosn,Kerker,,linkedin.com/in/jeanne-carpenter-328777,,VP,blitz,https://www.linkedin.com/company/kerker,Advertising Services,US,US,pass,unknown,industry unknown
JEANNE,undefined,JEANNE undefined,Directeur général,Moi-meme,,linkedin.com/in/jeanne-undefined-065410286,,C-Team,blitz,https://www.linkedin.com/company/moi-meme,Graphic Design,FR,FR,pass,unknown,industry unknown
Jeff,Adamiak,Jeff Adamiak,Owner,GEM,,linkedin.com/in/jeff-adamiak-93482494,,C-Team,blitz,https://www.linkedin.com/company/gem_2,Advertising Services,US,US,pass,unknown,industry unknown
Jeff,Bail,Jeff Bail,"VP, Sports Marketing",Passage Events,,linkedin.com/in/jeff-bail-6901259,,VP,blitz,https://www.linkedin.com/company/passage-events,Advertising Services,US,US,pass,unknown,industry unknown
Jeff,Boomer,Jeff Boomer,Partner,A Partnership,,linkedin.com/in/jeff-boomer-937b5411,,C-Team,blitz,https://www.linkedin.com/company/a-partnership,Advertising Services,US,US,pass,unknown,industry unknown
Jeff,Clevenger,Jeff Clevenger,Senior Director of Engineering,Denver Colorado,,linkedin.com/in/jeff-clevenger-85481b43,,Director,blitz,https://www.linkedin.com/company/denver-colorado,Advertising Services,US,US,pass,unknown,industry unknown
Jeff,Friedman,Jeff Friedman,Owner,Friedman-Swift Associates,,linkedin.com/in/jeff-friedman-4b535124,,C-Team,blitz,https://www.linkedin.com/company/friedman-swift-associates,Market Research,US,US,pass,unknown,industry unknown
Jeff,Mickel,Jeff Mickel,Owner,Designs of the Interior,,linkedin.com/in/jeff-mickel-1769b91,,C-Team,blitz,https://www.linkedin.com/company/designs-of-the-interior,Design Services,US,US,pass,unknown,industry unknown
Jeff,Neilson,Jeff Neilson,President,National Marketing Services,,linkedin.com/in/jeff-neilson-258441,,C-Team,blitz,https://www.linkedin.com/company/national-marketing-services,Advertising Services,US,US,pass,unknown,industry unknown
Jeffrey,Emenecker,Jeffrey Emenecker,Vice President,"SRI Analytics, Inc.",,linkedin.com/in/jeffrey-emenecker-575747,,VP,blitz,https://www.linkedin.com/company/sri-analytics-inc.,Advertising Services,US,US,pass,unknown,industry unknown
Jeffrey,Graham,Jeffrey Graham,President,JPG,,linkedin.com/in/jeffrey-graham-a08217,,C-Team,blitz,https://www.linkedin.com/company/jpg,Advertising Services,US,FR,pass,unknown,industry unknown
Jeffrey,Lee,Jeffrey Lee,CFO,World Marketing Group,,linkedin.com/in/jeffrey-lee-0b097319,,C-Team,blitz,https://www.linkedin.com/company/world-marketing-group,Advertising Services,US,US,pass,unknown,industry unknown
Jeffrey,Marshall,Jeffrey Marshall,New Business Director,The True Agency,,linkedin.com/in/jeffrey-marshall-1994151,,Director,blitz,https://www.linkedin.com/company/the-true-agency,Advertising Services,US,US,pass,unknown,industry unknown
Jeffrey,Nussbaum,Jeffrey Nussbaum,Partner,BPI Group,bpigroup.com,linkedin.com/in/jeffrey-nussbaum-86254a46,,C-Team,blitz,https://www.linkedin.com/company/bully-pulpit-international,Advertising Services,US,US,pass,unknown,industry unknown
Jeffrey Parker,Wells,Jeffrey Parker Wells,VP of Operations,Coastal Design Group LLC,,linkedin.com/in/jeffrey-parker-wells-26268761,,VP,blitz,https://www.linkedin.com/company/coastal-design-group-llc,Design Services,US,US,pass,unknown,industry unknown
Jeffrey,Werner,Jeffrey Werner,President & CEO,Cyrk,,linkedin.com/in/jeffrey-werner-8b52166,,C-Team,blitz,https://www.linkedin.com/company/cyrk,Advertising Services,US,US,pass,unknown,industry unknown
Jeff,Skibiski,Jeff Skibiski,"SVP, Client Services",Digital Media Management,digitalmediamanagement.com,linkedin.com/in/jeffskibiski,,VP,blitz,https://www.linkedin.com/company/digital-media-management,Advertising Services,US,US,pass,unknown,industry unknown
Jen,Fusco,Jen Fusco,"Senior Director, Client Services",Vaniam Group,vaniamgroup.com,linkedin.com/in/jen-fusco-9517448,,Director,blitz,https://www.linkedin.com/company/vaniam-group,Advertising Services,US,US,pass,unknown,industry unknown
Jen,Hannon,Jen Hannon,VP - IT,Trilegiant,,linkedin.com/in/jen-hannon-7a50a41,,VP,blitz,https://www.linkedin.com/company/trilegiant,Advertising Services,US,US,pass,unknown,industry unknown
Jen,Steel,Jen Steel,Director of Concierge Services,FMG Suite,fmgsuite.com,linkedin.com/in/jen-steel-91203396,,Director,blitz,https://www.linkedin.com/company/fmg-suite,Advertising Services,US,US,pass,unknown,industry unknown
Jen,Swendsen,Jen Swendsen,"Director, Program Services",Vaniam Group,vaniamgroup.com,linkedin.com/in/jen-swendsen-aa18b088,,Director,blitz,https://www.linkedin.com/company/vaniam-group,Advertising Services,US,US,pass,unknown,industry unknown
Jena,Stewart,Jena Stewart,Entrepreneur,Independent Contractor/Consultant,,linkedin.com/in/jena-stewart-8a999b138,,C-Team,blitz,https://www.linkedin.com/company/independent-contractor-consultant_2,Public Relations and Communications Services,US,GB,pass,unknown,industry unknown
Jennifer DiCosmo,Bush,Jennifer DiCosmo Bush,"VP, GTM Commercial Enablement",Suzy,suzy.com,linkedin.com/in/jendicosmobush,,VP,blitz,https://www.linkedin.com/company/asksuzy,Market Research,US,US,pass,unknown,industry unknown
Jenn,Fritsch,Jenn Fritsch,Owner,SF Design,,linkedin.com/in/jenn-fritsch-9641373,,C-Team,blitz,https://www.linkedin.com/company/sf-design,Graphic Design,US,US,pass,unknown,industry unknown
Jenn,Healy,Jenn Healy,Director,JH Design,,linkedin.com/in/jenn-healy-0a0b755,,Director,blitz,https://www.linkedin.com/company/jh-design,Graphic Design,IE,US,pass,unknown,industry unknown
Jenna,"Scillitani, MPH","Jenna Scillitani, MPH",Senior Director Client Services,Vaniam Group,vaniamgroup.com,linkedin.com/in/jennascillitani,,Director,blitz,https://www.linkedin.com/company/vaniam-group,Advertising Services,US,US,pass,unknown,industry unknown
Jenney,Whalley,Jenney Whalley,Creative Director,Hair By Jenny,,linkedin.com/in/jenney-whalley-361395112,,Director,blitz,https://www.linkedin.com/company/hair-by-jenny,Design Services,GB,US,pass,unknown,industry unknown
Jennifer,anthony,Jennifer anthony,Food Service Director,ASM Group,,linkedin.com/in/jennifer-anthony-8abba292,,Director,blitz,https://www.linkedin.com/company/asm-group,Advertising Services,US,US,pass,unknown,industry unknown
Jennifer,Freund,Jennifer Freund,Owner,Corporate Impressions,,linkedin.com/in/jennifer-freund-b506706,,C-Team,blitz,https://www.linkedin.com/company/corporate-impressions,Advertising Services,US,US,pass,unknown,industry unknown
Jennifer,"Gooch, PhD, CMPP","Jennifer Gooch, PhD, CMPP",Senior Director,Vaniam Group,vaniamgroup.com,linkedin.com/in/jennifer-gooch-phd-cmpp-7b9b951,,Director,blitz,https://www.linkedin.com/company/vaniam-group,Advertising Services,US,US,pass,unknown,industry unknown
Jennifer,"Goodnight, MBA, PMP","Jennifer Goodnight, MBA, PMP",Director,Vaniam Group,vaniamgroup.com,linkedin.com/in/jennifer-goodnight-mba-pmp-039b7611,,Director,blitz,https://www.linkedin.com/company/vaniam-group,Advertising Services,US,US,pass,unknown,industry unknown
Jennifer,Gutierrez,Jennifer Gutierrez,Director of Human Resources,United Yellow Pages,,linkedin.com/in/jennifer-gutierrez-02204017,,Director,blitz,https://www.linkedin.com/company/united-yellow-pages,Advertising Services,US,US,pass,unknown,industry unknown
Jennifer,Leslie,Jennifer Leslie,"Executive Director, Scientific Communications",Vaniam Group,vaniamgroup.com,linkedin.com/in/jennifer-leslie-phd,,Director,blitz,https://www.linkedin.com/company/vaniam-group,Advertising Services,US,US,pass,unknown,industry unknown
Jennifer,Madsen,Jennifer Madsen,"Senior Vice President, Finance",Vaniam Group,vaniamgroup.com,linkedin.com/in/jennifer-madsen-b100458,,VP,blitz,https://www.linkedin.com/company/vaniam-group,Advertising Services,US,US,pass,unknown,industry unknown
Jennifer,Quinn,Jennifer Quinn,Medical Director,Interlink Healthcare Communications,,linkedin.com/in/jennifer-quinn-1201179,,Director,blitz,https://www.linkedin.com/company/interlink-healthcare-communications,Advertising Services,US,US,pass,unknown,industry unknown
Jennifer,Snyder,Jennifer Snyder,Director of Project Services,Friedman-Swift Associates,,linkedin.com/in/jennifer-snyder-21aba147,,Director,blitz,https://www.linkedin.com/company/friedman-swift-associates,Market Research,US,US,pass,unknown,industry unknown
Jennifer,Tychewicz,Jennifer Tychewicz,Geschäftsführer,DTO B2B Research & Strategies,dto-research.com,linkedin.com/in/jennifer-tychewicz-24082a90,,C-Team,blitz,https://www.linkedin.com/company/dto-consulting-gmbh,,DE,DE,pass,unknown,industry unknown
Jennifer,"Vandeven, Ed.D.","Jennifer Vandeven, Ed.D.",Principal/Special Education Director,Chaffee Elementary School,,linkedin.com/in/jennifer-vandeven-ed-d-363aa2147,,Director,blitz,https://www.linkedin.com/company/chaffee-elementary-school,Graphic Design,US,US,pass,unknown,industry unknown
Jennifer,"Bryant, RPh","Jennifer Bryant, RPh",Director of Digital Media,Independent Contractor/Consultant,,linkedin.com/in/jenniferbryantrph,,Director,blitz,https://www.linkedin.com/company/independent-contractor-consultant_2,Public Relations and Communications Services,US,GB,pass,unknown,industry unknown
Jenny,Boyle,Jenny Boyle,Owner,Seven Worldwide,,linkedin.com/in/jenny-boyle-24b420,,C-Team,blitz,https://www.linkedin.com/company/seven-worldwide,Advertising Services,US,US,pass,unknown,industry unknown
Jenny,McCabe,Jenny McCabe,Senior Vice President,Manning Selvage and Lee,,linkedin.com/in/jenny-mccabe-00b44b1,,VP,blitz,https://www.linkedin.com/company/manning-selvage-and-lee,Public Relations and Communications Services,US,US,pass,unknown,industry unknown
Jenny,Petkova,Jenny Petkova,Client Service Director,Ashley & Holmes,,linkedin.com/in/jenny-petkova-b4a6153,,Director,blitz,https://www.linkedin.com/company/ashley-&-holmes,Advertising Services,BG,US,pass,unknown,industry unknown
Jenny,Green,Jenny Green,Fractional CMO,The Marketing Centre,themarketingcentre.com,linkedin.com/in/jennycgreen,,C-Team,blitz,https://www.linkedin.com/company/the-marketing-centre,,GB,GB,pass,unknown,industry unknown
Jens,Mueller,Jens Mueller,Owner,Zenergy,,linkedin.com/in/jens-mueller-8116152,,C-Team,blitz,https://www.linkedin.com/company/zenergy,Design Services,DE,US,pass,unknown,industry unknown
jens,ness,jens ness,senior art director,Un,,linkedin.com/in/jens-ness-2319585,,Director,blitz,https://www.linkedin.com/company/unplugged,Advertising Services,DK,US,pass,unknown,industry unknown
Jeremy,Dolley,Jeremy Dolley,Entrepreneur,Home-based business,,linkedin.com/in/jeremy-dolley-95b027144,,C-Team,blitz,https://www.linkedin.com/company/home-based-business_2,Advertising Services,US,PL,pass,unknown,industry unknown
Jeremy,Kowalski,Jeremy Kowalski,Strategic Enterprise Account Director,FMG Suite,fmgsuite.com,linkedin.com/in/jeremy-kowalski-1a708360,,Director,blitz,https://www.linkedin.com/company/fmg-suite,Advertising Services,US,US,pass,unknown,industry unknown
Jeremy,Rein,Jeremy Rein,Director of ISP relations and deliverability,Exmplar,,linkedin.com/in/jeremy-rein-4a069a2,,Director,blitz,https://www.linkedin.com/company/exmplar,Advertising Services,US,US,pass,unknown,industry unknown
Jeremy,Sanders,Jeremy Sanders,owner,"JMS, llc",,linkedin.com/in/jeremy-sanders-286a1870,,C-Team,blitz,https://www.linkedin.com/company/jms-llc,Advertising Services,US,US,pass,unknown,industry unknown
Jeremy,Steinmann,Jeremy Steinmann,Senior Art Director,Interlink Healthcare Communications,,linkedin.com/in/jeremy-steinmann-3ab0136,,Director,blitz,https://www.linkedin.com/company/interlink-healthcare-communications,Advertising Services,US,US,pass,unknown,industry unknown
Jeremy,Twaite,Jeremy Twaite,Owner,Face Value,,linkedin.com/in/jeremy-twaite-15a4772,,C-Team,blitz,https://www.linkedin.com/company/face-value,Advertising Services,GB,US,pass,unknown,industry unknown
Jerry,Davis,Jerry Davis,VP,Applied Graphics,,linkedin.com/in/jerry-davis-850a461,,VP,blitz,https://www.linkedin.com/company/applied-graphics,Advertising Services,US,US,pass,unknown,industry unknown
Jerry,Harrison,Jerry Harrison,director,Button Group,,linkedin.com/in/jerry-harrison-a68a404,,Director,blitz,https://www.linkedin.com/company/button-group,Design Services,GB,GB,pass,unknown,industry unknown
Jerry,Lombardi,Jerry Lombardi,"Sr. Director, Ethnographic Research",NOP World,,linkedin.com/in/jerry-lombardi-174399,,Director,blitz,https://www.linkedin.com/company/nop-world,Market Research,US,US,pass,unknown,industry unknown
Jerry,Moore,Jerry Moore,CEO,QRA,,linkedin.com/in/jerry-moore-abb29,,C-Team,blitz,https://www.linkedin.com/company/qra,Market Research,US,US,pass,unknown,industry unknown
Jerry,Tolk,Jerry Tolk,Vice President,Euro RSCG Magnet,,linkedin.com/in/jerry-tolk-a083121,,VP,blitz,https://www.linkedin.com/company/euro-rscg-magnet,Public Relations and Communications Services,US,US,pass,unknown,industry unknown
Jess,Lo,Jess Lo,Directeur ventes,KIKO,,linkedin.com/in/jess-lo-31bb5911b,,Director,blitz,https://www.linkedin.com/company/kiko,Design Services,FR,US,pass,unknown,industry unknown
Jessica,Reis,Jessica Reis,Managing Director,BPI Group,bpigroup.com,linkedin.com/in/jess4twins,,C-Team,blitz,https://www.linkedin.com/company/bully-pulpit-international,Advertising Services,US,US,pass,unknown,industry unknown
Jessalyn,Daniels,Jessalyn Daniels,Director,ART of HAIR,,linkedin.com/in/jessalyn-daniels-bb829414b,,Director,blitz,https://www.linkedin.com/company/art-of-hair,Design Services,US,DE,pass,unknown,industry unknown
Jesse,Blanco,Jesse Blanco,Producer/Director,On The Scene Productions,,linkedin.com/in/jesse-blanco-1684a52,,Director,blitz,https://www.linkedin.com/company/on-the-scene-productions,Public Relations and Communications Services,US,US,pass,unknown,industry unknown
Jesse,Resnick,Jesse Resnick,Creative Director,Special Ops Media,,linkedin.com/in/jesse-resnick-a73b211,,Director,blitz,https://www.linkedin.com/company/special-ops-media,Advertising Services,US,US,pass,unknown,industry unknown
Jesse,Spencer,Jesse Spencer,Owner,Daddy,,linkedin.com/in/jesse-spencer-77376989,,C-Team,blitz,https://www.linkedin.com/company/daddy,Advertising Services,US,SE,pass,unknown,industry unknown
Jesse,Forman,Jesse Forman,"SVP, Enterprise Partnerships (Team Lead)",Suzy,suzy.com,linkedin.com/in/jesseforman007,,VP,blitz,https://www.linkedin.com/company/asksuzy,Market Research,US,US,pass,unknown,industry unknown
Jessica,Abbadia,Jessica Abbadia,VP of Organic,Moburst - Growth Done Right,moburst.com,linkedin.com/in/jessica-abbadia,,VP,blitz,https://www.linkedin.com/company/moburst,Advertising Services,PT,US,pass,unknown,industry unknown
Jessica,Andrade,Jessica Andrade,Director of Customer Success,Local Connect,,linkedin.com/in/jessica-andrade-0a0a751a8,,Director,blitz,https://www.linkedin.com/company/localconsumerconnect,Advertising Services,US,US,pass,unknown,industry unknown
Jessica,Corbett,Jessica Corbett,Director of Product Marketing,Suzy,suzy.com,linkedin.com/in/jessica-corbett-087318205,,Director,blitz,https://www.linkedin.com/company/asksuzy,Market Research,US,US,pass,unknown,industry unknown
Jessica,D Worthington,Jessica D Worthington,Director of Sales And Business Development,Independent Contractor/Consultant,,linkedin.com/in/jessica-d-worthington-10185911,,Director,blitz,https://www.linkedin.com/company/independent-contractor-consultant_2,Public Relations and Communications Services,US,GB,pass,unknown,industry unknown
Jessica,Ferdinand,Jessica Ferdinand,Director of Strategy and Business Development,Active Imagination,,linkedin.com/in/jessica-ferdinand-3633107,,Director,blitz,https://www.linkedin.com/company/active-imagination,Advertising Services,US,US,pass,unknown,industry unknown
Jessica,Gonzalez,Jessica Gonzalez,Brand Director,Intelligent Beauty,,linkedin.com/in/jessica-gonzalez-3471831,,Director,blitz,https://www.linkedin.com/company/intelligent-beauty,Advertising Services,US,US,pass,unknown,industry unknown
Jessica,Gonzalez,Jessica Gonzalez,Brand Director,Intelligent Beauty,,linkedin.com/in/jessica-gonzalez-54a61bb,,Director,blitz,https://www.linkedin.com/company/intelligent-beauty,Advertising Services,US,US,pass,unknown,industry unknown
Jessica,Rodgers,Jessica Rodgers,Head of Client Engagement (UK),PHMG,phmg.com,linkedin.com/in/jessica-rodgers-049b7b100,,Director,blitz,https://www.linkedin.com/company/phmg,Advertising Services,GB,GB,pass,unknown,industry unknown
Jessica,Rotner,Jessica Rotner,"Director of Services, Data Center","CPA Market, LLC",,linkedin.com/in/jessica-rotner-ab39a5,,Director,blitz,https://www.linkedin.com/company/cpa-market-llc,Advertising Services,US,US,pass,unknown,industry unknown
Jessica,Boskoff,Jessica Boskoff,Founder + CEO,Twenty Three Layers,23layers.com,linkedin.com/in/jessicaboskoff,,C-Team,blitz,https://www.linkedin.com/company/23-layers,Events Services,US,US,pass,unknown,industry unknown
Jess,"McCourt (Toothaker), PhD","Jess McCourt (Toothaker), PhD",Director of Scientific Communications,Vaniam Group,vaniamgroup.com,linkedin.com/in/jessicatoothaker,,Director,blitz,https://www.linkedin.com/company/vaniam-group,Advertising Services,US,US,pass,unknown,industry unknown
Jesús,Galán,Jesús Galán,Propietario,mi empresa,,linkedin.com/in/jesús-galán-53189631,,C-Team,blitz,https://www.linkedin.com/company/mi-empresa,Graphic Design,ES,US,pass,unknown,industry unknown
Jesús,Henares,Jesús Henares,Director Creativo,Netthink,,linkedin.com/in/jesús-henares-9a647114,,Director,blitz,https://www.linkedin.com/company/netthink,Advertising Services,ES,ES,pass,unknown,industry unknown
Jesús,Mancho,Jesús Mancho,Propietario,Sin actividad,,linkedin.com/in/jesús-mancho-5887671a3,,C-Team,blitz,https://www.linkedin.com/company/rc-protocolo-y-comunicaci%c3%b3n,Public Relations and Communications Services,ES,ES,pass,unknown,industry unknown
Josh,Fathers,Josh Fathers,Head of Design & UX,Narwhal Labs,nmg.group,linkedin.com/in/jfathers,,Director,blitz,https://www.linkedin.com/company/narwhallabs,Advertising Services,GB,GB,pass,unknown,industry unknown
Jean-François,Bonson,Jean-François Bonson,Fondateur - Consultant Marketing et Communication,JFB Consulting,,linkedin.com/in/jfbonson,,C-Team,blitz,https://www.linkedin.com/company/jfbconsulting,Advertising Services,FR,FR,pass,unknown,industry unknown
Jil,Goebel,Jil Goebel,Owner,Origin Communications,,linkedin.com/in/jil-goebel-370551,,C-Team,blitz,https://www.linkedin.com/company/origin-communications,Public Relations and Communications Services,US,US,pass,unknown,industry unknown
Jilann,Sneider,Jilann Sneider,Vice President,Al Paul Lefton Co.,,linkedin.com/in/jilann-sneider-6138a21a8,,VP,blitz,https://www.linkedin.com/company/al-paul-lefton-co.,Advertising Services,US,US,pass,unknown,industry unknown
Jill,Ditton,Jill Ditton,"VP, Media Director",Al Paul Lefton Co.,,linkedin.com/in/jill-ditton-14444513,,VP,blitz,https://www.linkedin.com/company/al-paul-lefton-co.,Advertising Services,US,US,pass,unknown,industry unknown
Jill,Lamb,Jill Lamb,Product Designer/CEO,JL Designs. Inc,,linkedin.com/in/jill-lamb-1465189,,C-Team,blitz,https://www.linkedin.com/company/jl-designs-inc,Design Services,US,US,pass,unknown,industry unknown
Jill,O'Mahony Stewart,Jill O'Mahony Stewart,President,Stewart Communications,,linkedin.com/in/jill-o-mahony-stewart-b5061b1,,C-Team,blitz,https://www.linkedin.com/company/stewart-communications,Public Relations and Communications Services,US,US,pass,unknown,industry unknown
Jill,Sasloff-Gruza,Jill Sasloff-Gruza,Owner,Simply Stunning,,linkedin.com/in/jill-sasloff-gruza-5921a283,,C-Team,blitz,https://www.linkedin.com/company/simply-stunning,Events Services,US,US,pass,unknown,industry unknown
Jill,Shemwell,Jill Shemwell,President,Collaborations,,linkedin.com/in/jill-shemwell-3681543,,C-Team,blitz,https://www.linkedin.com/company/collaborations,Advertising Services,US,US,pass,unknown,industry unknown
Jill,Wells,Jill Wells,Business Owner,Rumours Hair Salon,,linkedin.com/in/jill-wells-8b48bab8,,C-Team,blitz,https://www.linkedin.com/company/rumours-hair-salon,Design,GB,US,pass,unknown,industry unknown
Jilleah,Lash,Jilleah Lash,owner/ designer,Unforgettable Event Planning,,linkedin.com/in/jilleah-lash-aab50177,,C-Team,blitz,https://www.linkedin.com/company/unforgettable-event-planning,Events Services,US,US,pass,unknown,industry unknown
Jill,Frey,Jill Frey,"Senior Director, Digital Marketing",BPI Group,bpigroup.com,linkedin.com/in/jillfrey,,Director,blitz,https://www.linkedin.com/company/bully-pulpit-international,Advertising Services,US,US,pass,unknown,industry unknown
Jillian,Seigel,Jillian Seigel,"Director, Digital Strategy & Communications",BPI Group,bpigroup.com,linkedin.com/in/jillianseigel,,Director,blitz,https://www.linkedin.com/company/bully-pulpit-international,Advertising Services,US,US,pass,unknown,industry unknown
Jilly,Scott,Jilly Scott,Joint Head of CRM,Identex,,linkedin.com/in/jilly-scott-5067202,,Director,blitz,https://www.linkedin.com/company/identex,Advertising Services,GB,GB,pass,unknown,industry unknown
Jim,Bannahan,Jim Bannahan,"Director, Franchise Development",United Marketing Solutions,,linkedin.com/in/jim-bannahan-531a268,,Director,blitz,https://www.linkedin.com/company/united-marketing-solutions,Advertising Services,US,US,pass,unknown,industry unknown
Jim,Bertino,Jim Bertino,Executive Vice President,Action Marketing,,linkedin.com/in/jim-bertino-a6617919,,VP,blitz,https://www.linkedin.com/company/action-marketing,Advertising Services,US,US,pass,unknown,industry unknown
Jim,Beyer,Jim Beyer,Director of Growth,Intent Amplify®,intentamplify.com,linkedin.com/in/jim-beyer-demand-gen,,Director,blitz,https://www.linkedin.com/company/intent-amplify,Advertising Services,US,US,pass,unknown,industry unknown
Jim,Brisbee,Jim Brisbee,president,Crab Catchers On The Water,,linkedin.com/in/jim-brisbee-31564aa9,,C-Team,blitz,https://www.linkedin.com/company/crab-catchers-on-the-water,Advertising Services,US,US,pass,unknown,industry unknown
Jim,Buchanan,Jim Buchanan,Owner,"Communications Strategies, Inc",,linkedin.com/in/jim-buchanan-97558b1,,C-Team,blitz,https://www.linkedin.com/company/communications-strategies-inc,Public Relations and Communications Services,US,US,pass,unknown,industry unknown
Jim,Burton,Jim Burton,Partnership Director,Konnected+,,linkedin.com/in/jim-burton-09662912,,Director,blitz,https://www.linkedin.com/company/konnectedplustv,Advertising Services,GB,GB,pass,unknown,industry unknown
Jim,Egan,Jim Egan,Owner,Admobile,,linkedin.com/in/jim-egan-15b6a4,,C-Team,blitz,https://www.linkedin.com/company/admobile,Advertising Services,US,US,pass,unknown,industry unknown
Jim,Franklin,Jim Franklin,VP of Operations,Keller Crescent,,linkedin.com/in/jim-franklin-261600b,,VP,blitz,https://www.linkedin.com/company/keller-crescent,Advertising Services,US,US,pass,unknown,industry unknown
Jim,Hickey,Jim Hickey,President,Arras Group,,linkedin.com/in/jim-hickey-42586,,C-Team,blitz,https://www.linkedin.com/company/arras-group,Advertising Services,US,US,pass,unknown,industry unknown
Jim,Hurley,Jim Hurley,Owner,Beacon Advisors,,linkedin.com/in/jim-hurley-7410707,,C-Team,blitz,https://www.linkedin.com/company/beacon-advisors,Public Relations and Communications Services,US,US,pass,unknown,industry unknown
Jim,Lindsay,Jim Lindsay,CFO/Owner,MAC Meetings & Events,,linkedin.com/in/jim-lindsay-a092786,,C-Team,blitz,https://www.linkedin.com/company/mac-meetings-and-events,Events Services,US,US,pass,unknown,industry unknown
Jim,Markham,Jim Markham,Vice President/ Regional Transportation Principal,Pennoni,pennoni.com,linkedin.com/in/jim-markham-5517225,,VP,blitz,https://www.linkedin.com/company/pennoni,Design Services,US,US,pass,unknown,industry unknown
Jim,Martel,Jim Martel,Vice President - Account Management,Marketing Horizons,,linkedin.com/in/jim-martel-62aba71,,VP,blitz,https://www.linkedin.com/company/marketing-horizons,Market Research,US,US,pass,unknown,industry unknown
Jim,Mc Donough,Jim Mc Donough,President,Public Affairs Group,,linkedin.com/in/jim-mc-donough-02429711,,C-Team,blitz,https://www.linkedin.com/company/public-affairs-group,Public Relations and Communications Services,US,US,pass,unknown,industry unknown
Jim,Melanson,Jim Melanson,Owner/Operator,JM Communications Inc.,,linkedin.com/in/jim-melanson-5240612,,C-Team,blitz,https://www.linkedin.com/company/jm-communications-inc.,Public Relations and Communications Services,US,US,pass,unknown,industry unknown
Jim,Miller,Jim Miller,President/Senior Consultant,Miller Consulting Group,,linkedin.com/in/jim-miller-949766,,C-Team,blitz,https://www.linkedin.com/company/miller-consulting-group,Public Relations and Communications Services,US,US,pass,unknown,industry unknown
Jim,Notte,Jim Notte,president,Marketing Group West,,linkedin.com/in/jim-notte-9472b911,,C-Team,blitz,https://www.linkedin.com/company/marketing-group-west,Advertising Services,US,US,pass,unknown,industry unknown
Jim,Sluzewski,Jim Sluzewski,President,Public Relations Partners,,linkedin.com/in/jim-sluzewski-a7b494,,C-Team,blitz,https://www.linkedin.com/company/public-relations-partners,Public Relations and Communications Services,US,US,pass,unknown,industry unknown
jim,sobieski,jim sobieski,Sole Owner,General Home Improvements,,linkedin.com/in/jim-sobieski-723742129,,C-Team,blitz,https://www.linkedin.com/company/general-home-improvements,Design Services,US,US,pass,unknown,industry unknown
Jim,Stefano,Jim Stefano,"Director, Team PArtnerships",Arena Media Networks,,linkedin.com/in/jim-stefano-b7a94bb,,Director,blitz,https://www.linkedin.com/company/arena-media-networks,Advertising Services,US,US,pass,unknown,industry unknown
Jim,Strasenburgh,Jim Strasenburgh,President / Consultant,MetroSource,,linkedin.com/in/jim-strasenburgh-21b2232,,C-Team,blitz,https://www.linkedin.com/company/metrosource,Advertising Services,US,US,pass,unknown,industry unknown
Jim,Strasenburgh,Jim Strasenburgh,President,MetroSource,,linkedin.com/in/jim-strasenburgh-8207053,,C-Team,blitz,https://www.linkedin.com/company/metrosource,Advertising Services,US,US,pass,unknown,industry unknown
Jim,Thompson,Jim Thompson,Vice President Operations,Marketing Alliance Group,mktalliance.com,linkedin.com/in/jim-thompson-8585a530,,VP,blitz,https://www.linkedin.com/company/marketing-alliance-group,Advertising Services,US,US,pass,unknown,industry unknown
Jim,Tuck,Jim Tuck,Operations Director,Universal CIT,,linkedin.com/in/jim-tuck-6a257a4,,Director,blitz,https://www.linkedin.com/company/universal-cit,Events Services,GB,US,pass,unknown,industry unknown
Jim,Young,Jim Young,President & COO,XG-ad,,linkedin.com/in/jim-young-19a6137,,C-Team,blitz,https://www.linkedin.com/company/xg-ad,Graphic Design,US,US,pass,unknown,industry unknown
Jimmie,Bryson,Jimmie Bryson,VP of Sports Sales and Marketing,Relay Gear,,linkedin.com/in/jimmie-bryson-5033b98,,VP,blitz,https://www.linkedin.com/company/relay-gear,Advertising Services,US,US,pass,unknown,industry unknown
Jimmy,Nechmad,Jimmy Nechmad,President,Eve,,linkedin.com/in/jimmy-nechmad-25013532,,C-Team,blitz,https://www.linkedin.com/company/eve_3,Events Services,US,GB,pass,unknown,industry unknown
Jack,Lurvey,Jack Lurvey,Founder x CEO,Dynamic Event Co.,,linkedin.com/in/jlurvey,,C-Team,blitz,https://www.linkedin.com/company/dynamic-event-services-llc,Events Services,US,US,pass,unknown,industry unknown
Joan,French,Joan French,Media Director,Keller Crescent,,linkedin.com/in/joan-french-23308213,,Director,blitz,https://www.linkedin.com/company/keller-crescent,Advertising Services,US,US,pass,unknown,industry unknown
Joan,French,Joan French,Media Director,Keller Crescent,,linkedin.com/in/joan-french-8aa05912,,Director,blitz,https://www.linkedin.com/company/keller-crescent,Advertising Services,US,US,pass,unknown,industry unknown
Joanie,Asendorf,Joanie Asendorf,Regional Vice President,"Award Concepts, Inc.",,linkedin.com/in/joanie-asendorf-83369b11,,VP,blitz,https://www.linkedin.com/company/award-concepts-inc.,Advertising Services,US,US,pass,unknown,industry unknown
JoAnn,JoAnn Procak,JoAnn JoAnn Procak,Owner,An Affair to Remember,,linkedin.com/in/joann-joann-procak-b417973b,,C-Team,blitz,https://www.linkedin.com/company/an-affair-to-remember,Events Services,US,US,pass,unknown,industry unknown
joanna,brighton,joanna brighton,Managing director of easons,Eason Associates Inc,,linkedin.com/in/joanna-brighton-62960534,,C-Team,blitz,https://www.linkedin.com/company/eason-associates-inc,Design,IE,US,pass,unknown,industry unknown
Joanna,Gawroniak,Joanna Gawroniak,Sales Director,IQS and QUANT Group,,linkedin.com/in/joanna-gawroniak-3542447,,Director,blitz,https://www.linkedin.com/company/iqs-and-quant-group,Market Research,PL,PL,pass,unknown,industry unknown
Joanna,Krzenciessa,Joanna Krzenciessa,DDS Director,Tequila Polska,,linkedin.com/in/joanna-krzenciessa-b68734a,,Director,blitz,https://www.linkedin.com/company/tequila-polska,Advertising Services,PL,PL,pass,unknown,industry unknown
Joanna,Szefler,Joanna Szefler,Head of sales support,Atmedia Poland,,linkedin.com/in/joanna-szefler-78670482,,Director,blitz,https://www.linkedin.com/company/at-media,Advertising Services,PL,PL,pass,unknown,industry unknown
Joanne,Snair,Joanne Snair,Owner,Pat Curtis Communications Consulting,,linkedin.com/in/joanne-snair-4b0048b,,C-Team,blitz,https://www.linkedin.com/company/pat-curtis-communications-consulting,Public Relations and Communications Services,US,US,pass,unknown,industry unknown
Joao Paulo,Sequeira,Joao Paulo Sequeira,Owner,Brandia,,linkedin.com/in/joao-paulo-sequeira-9b2456,,C-Team,blitz,https://www.linkedin.com/company/brandia,Advertising Services,PT,PT,pass,unknown,industry unknown
Jocelyne,Sinclair,Jocelyne Sinclair,Directeur du marketing et de la publicité,Groupe Media Presse,,linkedin.com/in/jocelyne-sinclair-438531252,,Director,blitz,https://www.linkedin.com/company/groupe-media-presse,Advertising Services,FR,FR,pass,unknown,industry unknown
Jo,Cerrone,Jo Cerrone,Managing Director,Interactive Marketing Group,,linkedin.com/in/jocerrone,,C-Team,blitz,https://www.linkedin.com/company/interactive-marketing-group,Advertising Services,GB,US,pass,unknown,industry unknown
Jodi,Kirkland,Jodi Kirkland,Founder,Cadeaux,,linkedin.com/in/jodi-kirkland-31979512,,C-Team,blitz,https://www.linkedin.com/company/cadeauxsb,Design Services,US,US,pass,unknown,industry unknown
Joe,Becker,Joe Becker,CEO,inc-21,,linkedin.com/in/joe-becker-7b139b12,,C-Team,blitz,https://www.linkedin.com/company/inc-21,Advertising Services,DE,NL,pass,unknown,industry unknown
Joe,Campbell,Joe Campbell,Owner,MREC (Mike Ryan Exhibitor Consultants),,linkedin.com/in/joe-campbell-765a8975,,C-Team,blitz,https://www.linkedin.com/company/mrec-mike-ryan-exhibitor-consultants-,Advertising Services,US,US,pass,unknown,industry unknown
Joe,Chanley,Joe Chanley,"Executive Director, Business Strategy",Vaniam Group,vaniamgroup.com,linkedin.com/in/joe-chanley-1775857,,Director,blitz,https://www.linkedin.com/company/vaniam-group,Advertising Services,US,US,pass,unknown,industry unknown
Joe,Crowley,Joe Crowley,Owner,Studio 114,,linkedin.com/in/joe-crowley-61177620,,C-Team,blitz,https://www.linkedin.com/company/studio-114,Graphic Design,US,US,pass,unknown,industry unknown
Joe,Hayes,Joe Hayes,Account Director,Konnected+,,linkedin.com/in/joe-hayes-33952059,,Director,blitz,https://www.linkedin.com/company/konnectedplustv,Advertising Services,GB,GB,pass,unknown,industry unknown
Joe,Hinman,Joe Hinman,Owner,Zenergy,,linkedin.com/in/joe-hinman-93a8863,,C-Team,blitz,https://www.linkedin.com/company/zenergy,Design Services,US,US,pass,unknown,industry unknown
Joe,Lincoln,Joe Lincoln,Vice President,Lincoln Consulting,,linkedin.com/in/joe-lincoln-6230343,,VP,blitz,https://www.linkedin.com/company/lincoln-consulting,Advertising Services,AT,US,pass,unknown,industry unknown
JOE,Lott,JOE Lott,CEO,Lotta Luv,,linkedin.com/in/joe-lott-593b457,,C-Team,blitz,https://www.linkedin.com/company/lotta-luv,Design Services,US,US,pass,unknown,industry unknown
Joe,Mastronardo,Joe Mastronardo,Vice President,Pennoni,pennoni.com,linkedin.com/in/joe-mastronardo-b5a13222,,VP,blitz,https://www.linkedin.com/company/pennoni,Design Services,US,US,pass,unknown,industry unknown
Joe,Salembier,Joe Salembier,"President Summit Communications, Inc.",Summit Communications,,linkedin.com/in/joe-salembier-963b13269,,C-Team,blitz,https://www.linkedin.com/company/summit-communications,Advertising Services,US,US,pass,unknown,industry unknown
Joseph,Viscuso,Joseph Viscuso,Senior Vice President,Pennoni,pennoni.com,linkedin.com/in/joe-viscuso,,VP,blitz,https://www.linkedin.com/company/pennoni,Design Services,US,US,pass,unknown,industry unknown
Joel,Austin,Joel Austin,President / CEO,Daddy,,linkedin.com/in/joel-austin1,,C-Team,blitz,https://www.linkedin.com/company/daddy,Advertising Services,US,SE,pass,unknown,industry unknown
Joel,Zeymer,Joel Zeymer,Senior Art Director,röffen GmbH,,linkedin.com/in/joel-zeymer-615322235,,Director,blitz,https://www.linkedin.com/company/r%c3%b6ffen-gmbh,Marketing Services,DE,DE,pass,unknown,industry unknown
Joel,Flom,Joel Flom,Founder & Principal,Dialogue Design,,linkedin.com/in/joelflom,,C-Team,blitz,https://www.linkedin.com/company/dialogue-design,Design Services,US,US,pass,unknown,industry unknown
Joe,Lafontaine,Joe Lafontaine,Creative Director,Navajo,,linkedin.com/in/joellafontaine,,Director,blitz,https://www.linkedin.com/company/navajo,Advertising Services,BE,US,pass,unknown,industry unknown
Joel,R.,Joel R.,Owner,Mango Media,,linkedin.com/in/joelrasmussen,,C-Team,blitz,https://www.linkedin.com/company/mango-media,Design Services,US,US,pass,unknown,industry unknown
Joel,Townley,Joel Townley,Art Director,Details Communications,,linkedin.com/in/joeltownley,,Director,blitz,https://www.linkedin.com/company/details-communications,Advertising Services,US,US,pass,unknown,industry unknown
Joe,Ste.Marie,Joe Ste.Marie,Managing Director,BPI Group,bpigroup.com,linkedin.com/in/joestemarie,,C-Team,blitz,https://www.linkedin.com/company/bully-pulpit-international,Advertising Services,US,US,pass,unknown,industry unknown
Joey,Rickman,Joey Rickman,Chief Financial Officer,Narwhal Labs,nmg.group,linkedin.com/in/joey-rickman-23514558,,C-Team,blitz,https://www.linkedin.com/company/narwhallabs,,GB,GB,pass,unknown,industry unknown
Johan,Eidmann,Johan Eidmann,Owner,Bizkit,,linkedin.com/in/johan-eidmann-751512,,C-Team,blitz,https://www.linkedin.com/company/bizkit,Advertising Services,SE,SE,pass,unknown,industry unknown
johan,sebastian,johan sebastian,director,RoadMaster USA Corp.,,linkedin.com/in/johan-sebastian-b7018834,,Director,blitz,https://www.linkedin.com/company/roadmaster-usa-corp.,Design Services,US,US,pass,unknown,industry unknown
John,Auer,John Auer,Director,A Beautiful Bridal Event of Chicago Inc.,,linkedin.com/in/john-auer-167ab6b,,Director,blitz,https://www.linkedin.com/company/a-beautiful-bridal-event-of-chicago-inc.,Events Services,US,US,pass,unknown,industry unknown
John,Berger,John Berger,Sr. Vice President,Resorts360,,linkedin.com/in/john-berger-06258619,,VP,blitz,https://www.linkedin.com/company/resorts360,Events Services,US,US,pass,unknown,industry unknown
John C,LeVine,John C LeVine,Owner,Levine and Associates,,linkedin.com/in/john-c-levine-0775a0112,,C-Team,blitz,https://www.linkedin.com/company/levine-and-associates,Graphic Design,US,US,pass,unknown,industry unknown
John,Collins,John Collins,Director of Business Development,Greer & Associates,,linkedin.com/in/john-collins-7967165,,Director,blitz,https://www.linkedin.com/company/greer-&-associates,Advertising Services,US,US,pass,unknown,industry unknown
John,Demmert,John Demmert,owner,JD SERVICES,,linkedin.com/in/john-demmert-a7614a37,,C-Team,blitz,https://www.linkedin.com/company/jd-services,Advertising Services,US,GB,pass,unknown,industry unknown
John,Dyer,John Dyer,Owner,Business Partner,,linkedin.com/in/john-dyer-7393182,,C-Team,blitz,https://www.linkedin.com/company/business-partner,Advertising Services,US,US,pass,unknown,industry unknown
John,Eberle,John Eberle,Operations Director,NOP World,,linkedin.com/in/john-eberle-0b1140,,Director,blitz,https://www.linkedin.com/company/nop-world,Market Research,US,US,pass,unknown,industry unknown
John,Ellery,John Ellery,Deputy Group Chairman,Poster Publicity,,linkedin.com/in/john-ellery-b27244,,C-Team,blitz,https://www.linkedin.com/company/poster-publicity,Advertising Services,GB,US,pass,unknown,industry unknown
John,Freund,John Freund,Director of Business Systems,Pennoni,pennoni.com,linkedin.com/in/john-freund-b45b9a,,Director,blitz,https://www.linkedin.com/company/pennoni,Design Services,US,US,pass,unknown,industry unknown
John,Grealish,John Grealish,Managing Director,Jona,,linkedin.com/in/john-grealish-7744001,,C-Team,blitz,https://www.linkedin.com/company/jona,Advertising Services,IE,BE,pass,unknown,industry unknown
John,Gunning,John Gunning,VP Sales- Eastern Division,Design Craftsmen,,linkedin.com/in/john-gunning-4b0b47b,,VP,blitz,https://www.linkedin.com/company/design-craftsmen,Design Services,US,US,pass,unknown,industry unknown
John,Hanley,John Hanley,Director,Automotive Detail,,linkedin.com/in/john-hanley-a46573286,,Director,blitz,https://www.linkedin.com/company/automotive-detail,Events Services,GB,US,pass,unknown,industry unknown
John Hendricks,Big Foot Interactive,John Hendricks Big Foot Interactive,"Group Director, Strategy",Bigfoot Interactive,,linkedin.com/in/john-hendricks-big-foot-interactive-864213,,Director,blitz,https://www.linkedin.com/company/bigfoot-interactive,Advertising Services,US,US,pass,unknown,industry unknown
John,Hoffman,John Hoffman,"Director, Partnership Development",Frontiers Group,,linkedin.com/in/john-hoffman-49017711,,Director,blitz,https://www.linkedin.com/company/frontiers-group,Advertising Services,US,US,pass,unknown,industry unknown
john,hooker,john hooker,President,JD SERVICES,,linkedin.com/in/john-hooker-a3a8523a,,C-Team,blitz,https://www.linkedin.com/company/jd-services,Advertising Services,US,GB,pass,unknown,industry unknown
John,Hornet,John Hornet,VP of Communications,Media On,,linkedin.com/in/john-hornet-067ab137,,VP,blitz,https://www.linkedin.com/company/media-on,Advertising Services,US,US,pass,unknown,industry unknown
John,Hyler,John Hyler,Owner,Eden Jewelry,,linkedin.com/in/john-hyler-43877a38,,C-Team,blitz,https://www.linkedin.com/company/eden-jewelry,Design Services,US,US,pass,unknown,industry unknown
John,Ingram,John Ingram,Business Owner Pin Point Marketing,Pin Point Marketing,,linkedin.com/in/john-ingram-9341782b9,,C-Team,blitz,https://www.linkedin.com/company/pin-point-marketing,Graphic Design,US,US,pass,unknown,industry unknown
John,Keogh,John Keogh,director,JK Investments,,linkedin.com/in/john-keogh-6539358b,,Director,blitz,https://www.linkedin.com/company/jk-investments,Advertising Services,FR,US,pass,unknown,industry unknown
John,Lavis,John Lavis,Owner,Event Service,,linkedin.com/in/john-lavis-393917147,,C-Team,blitz,https://www.linkedin.com/company/event-service,Events Services,GB,US,pass,unknown,industry unknown
John,Lumb,John Lumb,Graphics Director,Creative Live Limited,,linkedin.com/in/john-lumb-068aa975,,Director,blitz,https://www.linkedin.com/company/creative-live-limited,Events Services,GB,GB,pass,unknown,industry unknown
John,Marshall,John Marshall,Executive Vice President & CFO,Mohawk Marketing,,linkedin.com/in/john-marshall-5985797,,C-Team,blitz,https://www.linkedin.com/company/mohawk-marketing,Advertising Services,US,US,pass,unknown,industry unknown
John,McNabola,John McNabola,FP&A Director,PHMG,phmg.com,linkedin.com/in/john-mcnabola-bbb18522,,Director,blitz,https://www.linkedin.com/company/phmg,Advertising Services,GB,GB,pass,unknown,industry unknown
John,Menhinick,John Menhinick,Client Services Director,Identex,,linkedin.com/in/john-menhinick-6544621,,Director,blitz,https://www.linkedin.com/company/identex,Advertising Services,GB,GB,pass,unknown,industry unknown
John,Moffett,John Moffett,Partner,Southern Marketing Associates,,linkedin.com/in/john-moffett-64701544,,C-Team,blitz,https://www.linkedin.com/company/creative-marketing-associates,Advertising Services,US,US,pass,unknown,industry unknown
John,Mueller,John Mueller,President,FutureTech Consulting,,linkedin.com/in/john-mueller-643a181,,C-Team,blitz,https://www.linkedin.com/company/futuretech-consulting,Public Relations and Communications Services,US,US,pass,unknown,industry unknown
John,O'Shaughnessy,John O'Shaughnessy,President & Owner,Fountainhead,,linkedin.com/in/john-o-shaughnessy-9416573,,C-Team,blitz,https://www.linkedin.com/company/fountainhead,Advertising Services,US,US,pass,unknown,industry unknown
John,Otto,John Otto,Creative Director,Ground Zero,,linkedin.com/in/john-otto-0223a5,,Director,blitz,https://www.linkedin.com/company/ground-zero,Advertising Services,US,US,pass,unknown,industry unknown
John,Page,John Page,Business Owner,Quality Connections,,linkedin.com/in/john-page-87502840,,C-Team,blitz,https://www.linkedin.com/company/quality-connections,Advertising Services,US,US,pass,unknown,industry unknown
JOHN,PRINZI,JOHN PRINZI,VP of OPERATIONS,Marketing Group West,,linkedin.com/in/john-prinzi-68208613,,VP,blitz,https://www.linkedin.com/company/marketing-group-west,Advertising Services,US,US,pass,unknown,industry unknown
John,Ritchie,John Ritchie,Senior VP,JM Communications Inc.,,linkedin.com/in/john-ritchie-7bb90520b,,VP,blitz,https://www.linkedin.com/company/jm-communications-inc.,Public Relations and Communications Services,US,US,pass,unknown,industry unknown
John,Roy,John Roy,CEO / Owner,Bargain News,,linkedin.com/in/john-roy-55540b24,,C-Team,blitz,https://www.linkedin.com/company/bargain-news,Graphic Design,US,US,pass,unknown,industry unknown
John,Skorupan,John Skorupan,Office Director,Pennoni,pennoni.com,linkedin.com/in/john-skorupan-91134249,,Director,blitz,https://www.linkedin.com/company/pennoni,Design Services,US,US,pass,unknown,industry unknown
john,smith,john smith,director,AGG International,,linkedin.com/in/john-smith-ab540510,,Director,blitz,https://www.linkedin.com/company/agg-international,Public Relations and Communications Services,GB,US,pass,unknown,industry unknown
john,spoto,john spoto,vp,HMW,,linkedin.com/in/john-spoto-0708343a,,VP,blitz,https://www.linkedin.com/company/hmw,Advertising Services,US,US,pass,unknown,industry unknown
John,Totino,John Totino,"VP, Marketing & Operations",Fanizzi Associates,,linkedin.com/in/john-totino-2580778,,VP,blitz,https://www.linkedin.com/company/fanizzi-associates,Events Services,US,US,pass,unknown,industry unknown
John,Vatterott,John Vatterott,Owner,Cedar Creek Conference Center,,linkedin.com/in/john-vatterott-630677101,,C-Team,blitz,https://www.linkedin.com/company/cedar-creek-conference-center,Advertising Services,US,US,pass,unknown,industry unknown
John,Voli,John Voli,Board Member,Erie Parking Authority,,linkedin.com/in/john-voli-10145051,,Director,blitz,https://www.linkedin.com/company/erie-parking-authority,Advertising Services,US,US,pass,unknown,industry unknown
John,Von Mohr,John Von Mohr,Vice President/Creative Director,RYA,,linkedin.com/in/john-von-mohr-00aa66a,,VP,blitz,https://www.linkedin.com/company/rya,Design,US,US,pass,unknown,industry unknown
John,Conway,John Conway,Group Account Director - U.S.,Moburst - Growth Done Right,moburst.com,linkedin.com/in/john-w-conway,,Director,blitz,https://www.linkedin.com/company/moburst,Advertising Services,US,US,pass,unknown,industry unknown
John,Waller,John Waller,Company Owner,Car Deal,,linkedin.com/in/john-waller-b58b41176,,C-Team,blitz,https://www.linkedin.com/company/car-deal,Advertising Services,US,US,pass,unknown,industry unknown
John,Ward,John Ward,Owner,Captive Media,,linkedin.com/in/john-ward-5822263,,C-Team,blitz,https://www.linkedin.com/company/captive-media,Advertising Services,US,US,pass,unknown,industry unknown
John,Warren,John Warren,Owner,Warren Industries,,linkedin.com/in/john-warren-2096944,,C-Team,blitz,https://www.linkedin.com/company/warren-industries,Graphic Design,US,US,pass,unknown,industry unknown
John,Wilson,John Wilson,CEO and Chairman,Paul J. Ford,pauljford.com,linkedin.com/in/john-wilson-058bb6148,,C-Team,blitz,https://www.linkedin.com/company/pjfstructures,Design Services,US,US,pass,unknown,industry unknown
John,Wurst,John Wurst,marketing sciences director,SDR Consulting,,linkedin.com/in/john-wurst-6a39295,,Director,blitz,https://www.linkedin.com/company/sdr-consulting,Market Research,US,US,pass,unknown,industry unknown
John,Zarsky,John Zarsky,Regional Vice President,Pennoni,pennoni.com,linkedin.com/in/john-zarsky-69348212,,VP,blitz,https://www.linkedin.com/company/pennoni,Design Services,US,US,pass,unknown,industry unknown
Johna,Van Stelten,Johna Van Stelten,Senior Director,Vaniam Group,vaniamgroup.com,linkedin.com/in/johna-van-stelten-a0b8135a,,Director,blitz,https://www.linkedin.com/company/vaniam-group,Advertising Services,US,US,pass,unknown,industry unknown
Brad,Davis,Brad Davis,Director of Web Design Operations,FMG Suite,fmgsuite.com,linkedin.com/in/johnbradleydavis,,Director,blitz,https://www.linkedin.com/company/fmg-suite,Advertising Services,US,US,pass,unknown,industry unknown
John,Gray,John Gray,Founder & CEO,Apex Focus Group,,linkedin.com/in/johngrayceo,,C-Team,blitz,https://www.linkedin.com/company/apex-focus-group,Market Research,US,US,pass,unknown,industry unknown
Johnny,Araya,Johnny Araya,Chief Executive Officer,Automatik Digital,automatikdigital.com,linkedin.com/in/johnny-araya-578604a8,,C-Team,blitz,https://www.linkedin.com/company/automatik-digital,Advertising Services,US,US,pass,unknown,industry unknown
Johnny,Arispe,Johnny Arispe,President/CEO,Admobile,,linkedin.com/in/johnny-arispe-669a74,,C-Team,blitz,https://www.linkedin.com/company/admobile,Advertising Services,US,US,pass,unknown,industry unknown
johnny,teixeira,johnny teixeira,CEO,Daddy,,linkedin.com/in/johnny-teixeira-582ba8132,,C-Team,blitz,https://www.linkedin.com/company/daddy,Advertising Services,US,SE,pass,unknown,industry unknown
Johnston,Osagie,Johnston Osagie,ceo,FF Advertising,,linkedin.com/in/johnston-osagie-50415212,,C-Team,blitz,https://www.linkedin.com/company/ff-advertising,Advertising Services,US,US,pass,unknown,industry unknown
John,Thrower,John Thrower,Federal Programs Director,Pennoni,pennoni.com,linkedin.com/in/johnthrowerccm,,Director,blitz,https://www.linkedin.com/company/pennoni,Design Services,US,US,pass,unknown,industry unknown
Joker,monsters ink,Joker monsters ink,CEO,Monsters Ink,,linkedin.com/in/joker-monsters-ink-3a5493b5,,C-Team,blitz,https://www.linkedin.com/company/monsters-ink,Design,US,US,pass,unknown,industry unknown
Jolanta,Powierza,Jolanta Powierza,Owner,JH Design,,linkedin.com/in/jolanta-powierza-a18ab7,,C-Team,blitz,https://www.linkedin.com/company/jh-design,Graphic Design,US,US,pass,unknown,industry unknown
Jolin,Splees,Jolin Splees,Regional Sales Director,Apartments.com,apartments.com,linkedin.com/in/jolin-splees-9194220160,,Director,blitz,https://www.linkedin.com/company/apartments-com,Advertising Services,US,US,pass,unknown,industry unknown
Jon,Brener,Jon Brener,VP of Operations,CCM Marketing,,linkedin.com/in/jon-brener-6664318,,VP,blitz,https://www.linkedin.com/company/ccm-marketing,Advertising Services,US,US,pass,unknown,industry unknown
Jon,Gerhardt,Jon Gerhardt,Owner,Quality Connections,,linkedin.com/in/jon-gerhardt-1980ba4,,C-Team,blitz,https://www.linkedin.com/company/quality-connections,Advertising Services,US,US,pass,unknown,industry unknown
jon,jeremy,jon jeremy,president,Bob's Carefree Marketing,,linkedin.com/in/jon-jeremy-75098a1b,,C-Team,blitz,https://www.linkedin.com/company/bob's-carefree-marketing,Advertising Services,US,US,pass,unknown,industry unknown
Jonas,Holm,Jonas Holm,Board Member,EventBuizz,eventbuizz.com,linkedin.com/in/jonasholm,,Director,blitz,https://www.linkedin.com/company/eventbuizz,,DK,DK,pass,unknown,industry unknown
Jonathan,Apolinaris,Jonathan Apolinaris,President,PROJECT FREEDOM,,linkedin.com/in/jonathan-apolinaris-36013314a,,C-Team,blitz,https://www.linkedin.com/company/project-freedom,Advertising Services,US,US,pass,unknown,industry unknown
Jonathan,Bouteloup,Jonathan Bouteloup,Chief executive officer,zaher nourredine Lucifer,,linkedin.com/in/jonathan-bouteloup-a6020315a,,C-Team,blitz,https://www.linkedin.com/company/lucifer,Advertising Services,FR,NL,pass,unknown,industry unknown
Jonathan,Dillard,Jonathan Dillard,Director of Post Production,BPI Group,bpigroup.com,linkedin.com/in/jonathan-dillard-50022526,,Director,blitz,https://www.linkedin.com/company/bully-pulpit-international,Advertising Services,US,US,pass,unknown,industry unknown
jonathan,Hernandez,jonathan Hernandez,owner,"Royalty Events, Inc.",,linkedin.com/in/jonathan-hernandez-57485a99,,C-Team,blitz,https://www.linkedin.com/company/royalty-events-inc.,Events Services,US,US,pass,unknown,industry unknown
Jonathan,Mitchell,Jonathan Mitchell,Director of Compliance,Eden,,linkedin.com/in/jonathan-mitchell-38b168a2,,Director,blitz,https://www.linkedin.com/company/eden,Design Services,US,NL,pass,unknown,industry unknown
Jonathan,Savage,Jonathan Savage,Vice President,Pennoni,pennoni.com,linkedin.com/in/jonathan-savage-a411a818,,VP,blitz,https://www.linkedin.com/company/pennoni,Design Services,US,US,pass,unknown,industry unknown
Jonathan,Varetto,Jonathan Varetto,Head of Accounts Payable,PHMG,phmg.com,linkedin.com/in/jonathan-varetto-36854a98,,Director,blitz,https://www.linkedin.com/company/phmg,Advertising Services,GB,GB,pass,unknown,industry unknown
Jonathan B.,Mosenson,Jonathan B. Mosenson,Metropolitan District Sports Chair for Inline Hockey,Amateur Athletic Union,,linkedin.com/in/jonathanbmosenson,,C-Team,blitz,https://www.linkedin.com/company/amateur-athletic-union,Events Services,US,US,pass,unknown,industry unknown
Jonathan,Kiel,Jonathan Kiel,Managing Director of Archival Operations,Heritage Werks,heritagewerks.com,linkedin.com/in/jonathankiel,,C-Team,blitz,https://www.linkedin.com/company/heritage-werks,Advertising Services,US,US,pass,unknown,industry unknown
Jon,Liong,Jon Liong,"Managing Director, Life Sciences",Strategic Research Institute,,linkedin.com/in/jonliong,,C-Team,blitz,https://www.linkedin.com/company/strategic-research-institute,Events Services,US,US,pass,unknown,industry unknown
Jon,Mendelsohn,Jon Mendelsohn,Medical Director & Owner,SHAPE ADVERTISING,,linkedin.com/in/jonmendelsohn,,C-Team,blitz,https://www.linkedin.com/company/shape-advertising,Advertising Services,US,GR,pass,unknown,industry unknown
Jonny,Dowling,Jonny Dowling,Campaign Management (Senior Account Director),ITV Creative,,linkedin.com/in/jonnydowling,,Director,blitz,https://www.linkedin.com/company/itv-creative,Marketing Services,GB,US,pass,unknown,industry unknown
Jon,Turner,Jon Turner,Head of Sales,PHMG,phmg.com,linkedin.com/in/jonturner23,,Director,blitz,https://www.linkedin.com/company/phmg,Advertising Services,GB,GB,pass,unknown,industry unknown
Joonas,Salonen,Joonas Salonen,Sales Manager / Partner,Storywise Oy,,linkedin.com/in/joonas-salonen-2a64b5152,,C-Team,blitz,https://www.linkedin.com/company/storywiseoy,Marketing Services,FI,FI,pass,unknown,industry unknown
Joper,"Tupas, P.E., CPD","Joper Tupas, P.E., CPD",Managing Director,"BEI Services (Phil.) Inc.,",,linkedin.com/in/joper-tupas-p-e-cpd-73913043,,C-Team,blitz,https://www.linkedin.com/company/bei-services-phil-inc,Design Services,US,US,pass,unknown,industry unknown
Jordan,Fiore,Jordan Fiore,Director of Product Operations,FMG Suite,fmgsuite.com,linkedin.com/in/jordan-fiore,,Director,blitz,https://www.linkedin.com/company/fmg-suite,Advertising Services,US,US,pass,unknown,industry unknown
Jorge,Fonseca,Jorge Fonseca,Client Serviçe Director,Caixa Alta,,linkedin.com/in/jorge-fonseca-82a9a3,,Director,blitz,https://www.linkedin.com/company/caixa-alta,Design Services,PT,US,pass,unknown,industry unknown
Jorge,Lopez,Jorge Lopez,Owner,LG Ad,,linkedin.com/in/jorge-lopez-1398293,,C-Team,blitz,https://www.linkedin.com/company/lg-ad,Advertising Services,US,US,pass,unknown,industry unknown
Jorn,Wossner,Jorn Wossner,COO,WebLife,goweblife.com,linkedin.com/in/jornwossner,,C-Team,blitz,https://www.linkedin.com/company/goweblife,Market Research,US,US,pass,unknown,industry unknown
Jos,Smit,Jos Smit,ceo,Presse & Technologies,,linkedin.com/in/jos-smit-0a898429,,C-Team,blitz,https://www.linkedin.com/company/presse-&-technologies,Public Relations and Communications Services,DE,FR,pass,unknown,industry unknown
Jose,De Leon,Jose De Leon,Owner,AJD,,linkedin.com/in/jose-de-leon-7b912b96,,C-Team,blitz,https://www.linkedin.com/company/ajd,Advertising Services,US,US,pass,unknown,industry unknown
Jose Manuel,Gonzalez Paul,Jose Manuel Gonzalez Paul,Director,Anonima Creativa,,linkedin.com/in/jose-manuel-gonzalez-paul-19428b123,,Director,blitz,https://www.linkedin.com/company/anonima-creativa,Advertising Services,ES,IT,pass,unknown,industry unknown
Jose,Prieto,Jose Prieto,President,Jose Landscaping,,linkedin.com/in/jose-prieto-178676b4,,C-Team,blitz,https://www.linkedin.com/company/jose-landscaping,Design,US,US,pass,unknown,industry unknown
Jose,Riera Roselló,Jose Riera Roselló,Head of CTV Sales at Pulsa Media Consulting,Pulsa Media,,linkedin.com/in/jose-riera-roselló-97979b24,,Director,blitz,https://www.linkedin.com/company/pulsa-media-consulting,Advertising Services,ES,ES,pass,unknown,industry unknown
Jose,Varela Perez,Jose Varela Perez,Director General,mi empresa,,linkedin.com/in/jose-varela-perez-89ba9977,,Director,blitz,https://www.linkedin.com/company/mi-empresa,Graphic Design,ES,US,pass,unknown,industry unknown
Joseph,Carmen,Joseph Carmen,Independent Business Owner,Jc Graphics,,linkedin.com/in/joseph-carmen-585874164,,C-Team,blitz,https://www.linkedin.com/company/jc-graphics,Graphic Design,US,US,pass,unknown,industry unknown
Joseph,Degbadjo,Joseph Degbadjo,Global  Strategic Communication  & Co-founder,CDY,,linkedin.com/in/joseph-degbadjo-b08709ab,,C-Team,blitz,https://www.linkedin.com/company/cdy-groupe,Public Relations and Communications Services,FR,FR,pass,unknown,industry unknown
Joseph,Hennebois,Joseph Hennebois,President,Moi-meme,,linkedin.com/in/joseph-hennebois-04a287103,,C-Team,blitz,https://www.linkedin.com/company/moi-meme,Graphic Design,FR,FR,pass,unknown,industry unknown
Joseph,LaRocca,Joseph LaRocca,Chief Executive Officer,Larocca Construction,,linkedin.com/in/joseph-larocca-10995b25a,,C-Team,blitz,https://www.linkedin.com/company/larocca-construction,Advertising Services,US,US,pass,unknown,industry unknown
Joseph,Nam,Joseph Nam,Independent Owner,Kairos Academy,,linkedin.com/in/joseph-nam-741054232,,C-Team,blitz,https://www.linkedin.com/company/kairos-academy,Public Relations and Communications Services,US,US,pass,unknown,industry unknown
Joseph,Roberts PhD,Joseph Roberts PhD,President BusinessQnA.com,USA Direct,,linkedin.com/in/joseph-roberts-phd-312827,,C-Team,blitz,https://www.linkedin.com/company/usa-direct,Advertising Services,US,US,pass,unknown,industry unknown
Joseph,Simonowich,Joseph Simonowich,Manager / Owner,Northeast Recycling,,linkedin.com/in/joseph-simonowich-6a22a7123,,C-Team,blitz,https://www.linkedin.com/company/northeast-recycling,Market Research,US,US,pass,unknown,industry unknown
Joseph,Sullivan,Joseph Sullivan,President,Joshua,,linkedin.com/in/joseph-sullivan-4862767,,C-Team,blitz,https://www.linkedin.com/company/joshua,Advertising Services,US,GB,pass,unknown,industry unknown
Josh,Bregman,Josh Bregman,Accounting Director,BPI Group,bpigroup.com,linkedin.com/in/josh-bregman-1375b3113,,Director,blitz,https://www.linkedin.com/company/bully-pulpit-international,Advertising Services,US,US,pass,unknown,industry unknown
Josh,Smith,Josh Smith,Senior Managing Director,Love Honey,,linkedin.com/in/josh-smith-453014267,,C-Team,blitz,https://www.linkedin.com/company/love-honey,Events Services,GB,US,pass,unknown,industry unknown
Jo,Shailes,Jo Shailes,Marketing Director - Camtronics,The Marketing Centre,themarketingcentre.com,linkedin.com/in/joshailes,,Director,blitz,https://www.linkedin.com/company/the-marketing-centre,Advertising Services,GB,GB,pass,unknown,industry unknown
Joshua,Bretnall,Joshua Bretnall,Head of Sales,PHMG,phmg.com,linkedin.com/in/joshua-bretnall-20617a100,,Director,blitz,https://www.linkedin.com/company/phmg,Advertising Services,GB,GB,pass,unknown,industry unknown
Joshua,Carter,Joshua Carter,Founder,Carter Co.,,linkedin.com/in/joshua-carter-3b171516a,,C-Team,blitz,https://www.linkedin.com/company/cartercocreative,Design Services,US,US,pass,unknown,industry unknown
Joshua,Carter,Joshua Carter,Business Owner,Carter Co.,,linkedin.com/in/joshua-carter-59843716b,,C-Team,blitz,https://www.linkedin.com/company/cartercocreative,Design Services,US,US,pass,unknown,industry unknown
Joshua,Cassel,Joshua Cassel,Global Head of Post-Production,PHMG,phmg.com,linkedin.com/in/joshua-cassel-736462b7,,Director,blitz,https://www.linkedin.com/company/phmg,Advertising Services,GB,GB,pass,unknown,industry unknown
Joshua,Doughty,Joshua Doughty,Owner,JD SERVICES,,linkedin.com/in/joshua-doughty-a68a37170,,C-Team,blitz,https://www.linkedin.com/company/jd-services,Advertising Services,US,GB,pass,unknown,industry unknown
Joshua,Lammers,Joshua Lammers,Chief Executive Officer,JD SERVICES,,linkedin.com/in/joshua-lammers-248968262,,C-Team,blitz,https://www.linkedin.com/company/jd-services,Advertising Services,US,GB,pass,unknown,industry unknown
Joshua,White,Joshua White,Director of Web Production,Details Communications,,linkedin.com/in/joshua-white-63a07b4b,,Director,blitz,https://www.linkedin.com/company/details-communications,Advertising Services,US,US,pass,unknown,industry unknown
Joshua,White,Joshua White,Director of Web Production,Details Communications,,linkedin.com/in/joshua-white-72385611,,Director,blitz,https://www.linkedin.com/company/details-communications,Advertising Services,US,US,pass,unknown,industry unknown
José Antonio,Ferrari Reina,José Antonio Ferrari Reina,Socio gerente,Los Cantaros,,linkedin.com/in/josé-antonio-ferrari-reina-0a41ab148,,C-Team,blitz,https://www.linkedin.com/company/los-cantaros,Events Services,ES,US,pass,unknown,industry unknown
José Manuel,dos Santos,José Manuel dos Santos,Design Director,CDN International,,linkedin.com/in/josé-manuel-dos-santos-4781a1,,Director,blitz,https://www.linkedin.com/company/cdn-international,Design Services,PT,US,pass,unknown,industry unknown
Joyce,Covatto,Joyce Covatto,Executive Vice President  - Client Service,Expivia Interaction Marketing Group Inc.,expiviausa.com,linkedin.com/in/joyce-covatto-29538237,,VP,blitz,https://www.linkedin.com/company/expiviausa,Advertising Services,US,US,pass,unknown,industry unknown
Joyce,Evans,Joyce Evans,Owner,idea design,,linkedin.com/in/joyce-evans-b4948a2,,C-Team,blitz,https://www.linkedin.com/company/idea-design,Design Services,US,US,pass,unknown,industry unknown
Joyce,Foster,Joyce Foster,Owner,Design Resource,,linkedin.com/in/joyce-foster-b394b04b,,C-Team,blitz,https://www.linkedin.com/company/design-resource,Design,US,US,pass,unknown,industry unknown
Joyce,Gamburg,Joyce Gamburg,Managing partner,Tara Communications LLC,,linkedin.com/in/joyce-gamburg-65475387,,C-Team,blitz,https://www.linkedin.com/company/tara-communications-llc,Public Relations and Communications Services,US,US,pass,unknown,industry unknown
Joyce,Gott,Joyce Gott,Owner,JPG,,linkedin.com/in/joyce-gott-5b80204,,C-Team,blitz,https://www.linkedin.com/company/jpg,Advertising Services,US,FR,pass,unknown,industry unknown
JP,Scheurman,JP Scheurman,"Vice President, Consumer and Technology Group",CarryOn Communication,,linkedin.com/in/jp-scheurman-4a46,,VP,blitz,https://www.linkedin.com/company/carryon-communication,Public Relations and Communications Services,US,US,pass,unknown,industry unknown
JPG,Infotech,JPG Infotech,CEO,JPG,,linkedin.com/in/jpg-infotech-0885482,,C-Team,blitz,https://www.linkedin.com/company/jpg,Advertising Services,US,FR,pass,unknown,industry unknown
Justin,Bray,Justin Bray,Founder & Chief Executive Officer,REVEN MEDIA,,linkedin.com/in/jrbray,,C-Team,blitz,https://www.linkedin.com/company/reven-media,Advertising Services,US,US,pass,unknown,industry unknown
Jasper,Steendam,Jasper Steendam,"Director, Sales",Suzy,suzy.com,linkedin.com/in/jsteendam,,Director,blitz,https://www.linkedin.com/company/asksuzy,Market Research,US,US,pass,unknown,industry unknown
Juan,Berumen,Juan Berumen,Owner,Jason Benson,,linkedin.com/in/juan-berumen-08777b121,,C-Team,blitz,https://www.linkedin.com/company/jb,Design,US,US,pass,unknown,industry unknown
Juan Eusebio,Pujol,Juan Eusebio Pujol,Owner,CDN International,,linkedin.com/in/juan-eusebio-pujol-34b344,,C-Team,blitz,https://www.linkedin.com/company/cdn-international,Design Services,ES,US,pass,unknown,industry unknown
Juan Francisco,Rodriguez Garcia,Juan Francisco Rodriguez Garcia,CFO,Mediasat Group,,linkedin.com/in/juan-francisco-rodriguez-garcia-a494355,,C-Team,blitz,https://www.linkedin.com/company/mediasat-group,Advertising Services,ES,ES,pass,unknown,industry unknown
Juan jose,Jimenez Sanchez,Juan jose Jimenez Sanchez,Director de transporte,mi empresa,,linkedin.com/in/juan-jose-jimenez-sanchez-6608b1225,,Director,blitz,https://www.linkedin.com/company/mi-empresa,Graphic Design,ES,US,pass,unknown,industry unknown
Juan,Matas,Juan Matas,Co-Founder & Managing Partner,El Barquito-Events & Management,,linkedin.com/in/juan-matas-b3500014b,,C-Team,blitz,https://www.linkedin.com/company/el-barquito,Events Services,ES,ES,pass,unknown,industry unknown
Juan,Tanco García,Juan Tanco García,Propietario,Tapicería,,linkedin.com/in/juan-tanco-garcía-a17486280,,C-Team,blitz,https://www.linkedin.com/company/tapicer%c3%ada-tucum%c3%a1n,Design Services,ES,US,pass,unknown,industry unknown
Jude,Browne,Jude Browne,Portfolio Chief Marketing Officer,The Marketing Centre,themarketingcentre.com,linkedin.com/in/judebrowne,,C-Team,blitz,https://www.linkedin.com/company/the-marketing-centre,,GB,GB,pass,unknown,industry unknown
Judi,Waller,Judi Waller,Director of Corporate Development,"Communications Strategies, Inc",,linkedin.com/in/judi-waller-296947a,,Director,blitz,https://www.linkedin.com/company/communications-strategies-inc,Public Relations and Communications Services,US,US,pass,unknown,industry unknown
Judy,Priebe,Judy Priebe,Owner,Judys Place,,linkedin.com/in/judy-priebe-547384143,,C-Team,blitz,https://www.linkedin.com/company/judys-place,Design,US,US,pass,unknown,industry unknown
Judy,Scherer,Judy Scherer,Owner,The Marketing Edge,,linkedin.com/in/judy-scherer-aba4632,,C-Team,blitz,https://www.linkedin.com/company/the-marketing-edge,Advertising Services,US,US,pass,unknown,industry unknown
Judy,Thompson,Judy Thompson,Owner Operator,Progressive Services,,linkedin.com/in/judy-thompson-807a8734,,C-Team,blitz,https://www.linkedin.com/company/progressive-services,Graphic Design,US,US,pass,unknown,industry unknown
Judy,Nitsch,Judy Nitsch,Outside Director,Pennoni,pennoni.com,linkedin.com/in/judynitsch,,Director,blitz,https://www.linkedin.com/company/pennoni,Design Services,US,US,pass,unknown,industry unknown
Juergen,Schwoerer,Juergen Schwoerer,Director International,Sinus Sociovision,,linkedin.com/in/juergen-schwoerer-8520611,,Director,blitz,https://www.linkedin.com/company/sinus-sociovision,Market Research,FR,DE,pass,unknown,industry unknown
Jürg,Hüppi,Jürg Hüppi,"CSO, Mitglied der Geschäftsleitung",DialogWorld AG,dialogworld.ch,linkedin.com/in/juerghueppi,,C-Team,blitz,https://www.linkedin.com/company/dialogworld,,CH,CH,pass,unknown,industry unknown
Juerg,Weber,Juerg Weber,Owner,NeWork,,linkedin.com/in/juergweber,,C-Team,blitz,https://www.linkedin.com/company/nework,Events Services,CH,IT,pass,unknown,industry unknown
Julia,Hanners,Julia Hanners,Owner,JH Design,,linkedin.com/in/julia-hanners-287b02,,C-Team,blitz,https://www.linkedin.com/company/jh-design,Graphic Design,US,US,pass,unknown,industry unknown
Julia,Latorre Ortega,Julia Latorre Ortega,Creative Director,Ernest,,linkedin.com/in/julia-latorre-ortega-13088a40,,Director,blitz,https://www.linkedin.com/company/holaernest,Advertising Services,ES,ES,pass,unknown,industry unknown
Julia,Morein,Julia Morein,Chief Product Officer (Produktleiter),RP Digital,,linkedin.com/in/julia-morein-731395171,,C-Team,blitz,https://www.linkedin.com/company/rpdigitall,Advertising Services,DE,US,pass,unknown,industry unknown
Julia,Salume,Julia Salume,Head of Influencer & UGC,Moburst - Growth Done Right,moburst.com,linkedin.com/in/julia-salume,,Director,blitz,https://www.linkedin.com/company/moburst,Advertising Services,GB,US,pass,unknown,industry unknown
Julia,Schopick,Julia Schopick,owner,PR Consultants,,linkedin.com/in/julia-schopick-25074a4,,C-Team,blitz,https://www.linkedin.com/company/pr-consultants,Public Relations and Communications Services,US,US,pass,unknown,industry unknown
Julia,Shakespeare,Julia Shakespeare,Head of Business development,Performance Lab | PL,,linkedin.com/in/julia-shakespeare-1b869a214,,Director,blitz,https://www.linkedin.com/company/performance-lab-pl,Advertising Services,US,US,pass,unknown,industry unknown
Julia,Thomas,Julia Thomas,Program Director,Conference Series,,linkedin.com/in/julia-thomas-143472148,,Director,blitz,https://www.linkedin.com/company/conference-series-llc,Events Services,GB,US,pass,unknown,industry unknown
Julian,Edwards,Julian Edwards,Sr. Director of Marketing,MediaLive International,,linkedin.com/in/julian-edwards-95b191,,Director,blitz,https://www.linkedin.com/company/medialive-international,Advertising Services,US,US,pass,unknown,industry unknown
Julie,burrows,Julie burrows,Business Owner,Mikes Barbershop,,linkedin.com/in/julie-burrows-09965a116,,C-Team,blitz,https://www.linkedin.com/company/mikes-barbershop,Design Services,GB,US,pass,unknown,industry unknown
Julie,C.,Julie C.,Director of Marketing Operations and Analytics,Vaniam Group,vaniamgroup.com,linkedin.com/in/julie-cooke,,Director,blitz,https://www.linkedin.com/company/vaniam-group,Advertising Services,US,US,pass,unknown,industry unknown
Julie,DeLong,Julie DeLong,Director Inside Sales,Intelligent Marketing,,linkedin.com/in/julie-delong-9207b222,,Director,blitz,https://www.linkedin.com/company/intelligent-marketing,Advertising Services,US,GB,pass,unknown,industry unknown
Julie,Featherstone,Julie Featherstone,Director of Finance,PMK/HBH,,linkedin.com/in/julie-featherstone-205918,,Director,blitz,https://www.linkedin.com/company/pmkhbh,Public Relations and Communications Services,US,US,pass,unknown,industry unknown
Julie,Grass,Julie Grass,Owner,The Momentum Group,,linkedin.com/in/julie-grass-7200411,,C-Team,blitz,https://www.linkedin.com/company/the-momentum-group,Advertising Services,US,US,pass,unknown,industry unknown
Julie,Jennings,Julie Jennings,Owner,Daddy,,linkedin.com/in/julie-jennings-0326735,,C-Team,blitz,https://www.linkedin.com/company/daddy,Advertising Services,US,SE,pass,unknown,industry unknown
Julie,Knox-Gonzalez,Julie Knox-Gonzalez,"VP, Operations",CorpLogoWare,,linkedin.com/in/julie-knox-gonzalez-134a385,,VP,blitz,https://www.linkedin.com/company/corplogoware,Advertising Services,US,US,pass,unknown,industry unknown
Julie,Renner,Julie Renner,Research Director,Heritage Werks,heritagewerks.com,linkedin.com/in/julie-renner-373288146,,Director,blitz,https://www.linkedin.com/company/heritage-werks,Advertising Services,US,US,pass,unknown,industry unknown
Julie,Sanders,Julie Sanders,senior art director,Design Farm,,linkedin.com/in/julie-sanders-bb1884b,,Director,blitz,https://www.linkedin.com/company/design-farm,Design,US,US,pass,unknown,industry unknown
Julie,Smith,Julie Smith,Account Director,Identex,,linkedin.com/in/julie-smith-440b004,,Director,blitz,https://www.linkedin.com/company/identex,Advertising Services,GB,GB,pass,unknown,industry unknown
Julie,You g,Julie You g,Owner,Apartments.com,apartments.com,linkedin.com/in/julie-you-g-6495b9136,,C-Team,blitz,https://www.linkedin.com/company/apartments-com,Advertising Services,US,US,pass,unknown,industry unknown
Julieann,Voight,Julieann Voight,Co-President,Minutemen Marketing Group,,linkedin.com/in/julieannvoight,,C-Team,blitz,https://www.linkedin.com/company/minutemen-marketing-group-mmg,Marketing Services,US,US,pass,unknown,industry unknown
Julie,Canclini,Julie Canclini,Company Owner,Nessu,,linkedin.com/in/juliecanclini,,C-Team,blitz,https://www.linkedin.com/company/nessu,Advertising Services,DK,DK,pass,unknown,industry unknown
Julien,Jarsallé,Julien Jarsallé,Founder / CEO Unlisted,Unlisted Agency,,linkedin.com/in/julien-jarsallé-9316a943,,C-Team,blitz,https://www.linkedin.com/company/unlisted-agency,Public Relations and Communications Services,FR,FR,pass,unknown,industry unknown
Julien,Dutilleul,Julien Dutilleul,Chief Revenue Officer,WeShareTrust,wesharetrust.com,linkedin.com/in/juliendutilleul,,C-Team,blitz,https://www.linkedin.com/company/wesharetrust,,FR,FR,pass,unknown,industry unknown
Junaid,Qureshi,Junaid Qureshi,Chief Executive Officer,Aegis Technologies,,linkedin.com/in/junaid-qureshi-453b0622b,,C-Team,blitz,https://www.linkedin.com/company/aegis-techno,Marketing Services,US,US,pass,unknown,industry unknown
Juowei,Lee,Juowei Lee,Art Director,REZN8,,linkedin.com/in/juowei-lee-21b1931,,Director,blitz,https://www.linkedin.com/company/rezn8,Graphic Design,US,US,pass,unknown,industry unknown
Justin,Dobson,Justin Dobson,Business Owner,F & D Group,,linkedin.com/in/justin-dobson-b46206167,,C-Team,blitz,https://www.linkedin.com/company/f-&-d-group,Advertising Services,US,US,pass,unknown,industry unknown
Justin,"Duncan, P.E.","Justin Duncan, P.E.",Regional Vice President,Pennoni,pennoni.com,linkedin.com/in/justin-duncan-pe-frse-3a02628a,,VP,blitz,https://www.linkedin.com/company/pennoni,Design Services,US,US,pass,unknown,industry unknown
Justin,Kline,Justin Kline,Director of Engineering,Paul J. Ford,pauljford.com,linkedin.com/in/justin-kline-16a1a39,,Director,blitz,https://www.linkedin.com/company/pjfstructures,Design Services,US,US,pass,unknown,industry unknown
Justin,Petty,Justin Petty,Engagement Director,"SRI Analytics, Inc.",,linkedin.com/in/justin-petty-a52686,,Director,blitz,https://www.linkedin.com/company/sri-analytics-inc.,Advertising Services,US,US,pass,unknown,industry unknown
Justin,Ruhnke,Justin Ruhnke,Owner,SSS,,linkedin.com/in/justin-ruhnke-330b65263,,C-Team,blitz,https://www.linkedin.com/company/sidesideside,Design Services,US,US,pass,unknown,industry unknown
Justin,Scott,Justin Scott,Founder,JK Investments,,linkedin.com/in/justin-scott-b208332ba,,C-Team,blitz,https://www.linkedin.com/company/jk-investments,Advertising Services,US,US,pass,unknown,industry unknown
Justin,"Serrano, PharmD","Justin Serrano, PharmD","Director, Scientific Communications",Vaniam Group,vaniamgroup.com,linkedin.com/in/justin-serrano-pharmd-6a4394188,,Director,blitz,https://www.linkedin.com/company/vaniam-group,Advertising Services,US,US,pass,unknown,industry unknown
Justine,Gonshaw,Justine Gonshaw,Marketing Director,The Marketing Centre,themarketingcentre.com,linkedin.com/in/justine-gonshaw,,Director,blitz,https://www.linkedin.com/company/the-marketing-centre,Advertising Services,GB,GB,pass,unknown,industry unknown
Justin,Hesse,Justin Hesse,Regional Director,Apartments.com,apartments.com,linkedin.com/in/justinhesse,,Director,blitz,https://www.linkedin.com/company/apartments-com,Advertising Services,US,US,pass,unknown,industry unknown
Justin,Nacionales,Justin Nacionales,Founder & Content Creator – @songswegrewupon (Instagram),instagramreels,,linkedin.com/in/justinnacionales,,C-Team,blitz,https://www.linkedin.com/company/instagramreels,Marketing Services,US,US,pass,unknown,industry unknown
Justus,Hultgren,Justus Hultgren,Art Director,Speak Marketing,,linkedin.com/in/justus-hultgren-3161829,,Director,blitz,https://www.linkedin.com/company/speak-marketing,Advertising Services,SE,SE,pass,unknown,industry unknown
Ján,Komora,Ján Komora,Company Owner,Mayestic,,linkedin.com/in/ján-komora-7a0603212,,C-Team,blitz,https://www.linkedin.com/company/mayestic1,Advertising Services,SK,SK,pass,unknown,industry unknown
Jérôme,Bertin,Jérôme Bertin,Directeur artistique - Grands comptes,Airflex Publicité,,linkedin.com/in/jérôme-bertin-391bb544,,Director,blitz,https://www.linkedin.com/company/airflex,Advertising Services,FR,FR,pass,unknown,industry unknown
Jérôme,CALVET,Jérôme CALVET,Directeur Marketing Online,Caropticom,,linkedin.com/in/jérôme-calvet-aero,,Director,blitz,https://www.linkedin.com/company/caropticom,Advertising Services,AD,AD,pass,unknown,industry unknown
Kadie,McRae,Kadie McRae,Director Of Special Events,Freelance Event/Project Manager,,linkedin.com/in/kadie-mcrae,,Director,blitz,https://www.linkedin.com/company/freelance-event-projects-manager,Events Services,US,GB,pass,unknown,industry unknown
Kaela,Edwards,Kaela Edwards,Head Of Demand Generation & Media,Independent Contractor/Consultant,,linkedin.com/in/kaela-edwards,,Director,blitz,https://www.linkedin.com/company/independent-contractor-consultant_2,Public Relations and Communications Services,US,GB,pass,unknown,industry unknown
Kai,Petrich,Kai Petrich,Founder and CEO,Buckeye Promotions Group,,linkedin.com/in/kaipetrich,,C-Team,blitz,https://www.linkedin.com/company/buckeye-promotions-group,Advertising Services,US,US,pass,unknown,industry unknown
Kaitlyn,Miller,Kaitlyn Miller,Senior Director,BPI Group,bpigroup.com,linkedin.com/in/kaitlynbivin,,Director,blitz,https://www.linkedin.com/company/bully-pulpit-international,Advertising Services,US,US,pass,unknown,industry unknown
Kajsa,Rosell,Kajsa Rosell,CEO- Domingo PR,Dist,,linkedin.com/in/kajsa-rosell-10a1bbb,,C-Team,blitz,https://www.linkedin.com/company/dist,Advertising Services,SE,SE,pass,unknown,industry unknown
Kamal,M'Rabet,Kamal M'Rabet,CEO & Co-founder at Mobvious,Mobvious,mobvious.me,linkedin.com/in/kamalmrabet,,C-Team,blitz,https://www.linkedin.com/company/prisamediausa,Advertising Services,BE,US,pass,unknown,industry unknown
Kamila,Kończak,Kamila Kończak,CEO / Co-Founder,Lepont Agency,,linkedin.com/in/kamila-kończak-81aa58b0,,C-Team,blitz,https://www.linkedin.com/company/lepont-agency,Public Relations and Communications Services,PL,US,pass,unknown,industry unknown
Kara,Olds,Kara Olds,Senior Director of Analytics and Strategic Development,Ziment,,linkedin.com/in/kara-olds-65410bb,,Director,blitz,https://www.linkedin.com/company/ziment,Market Research,US,US,pass,unknown,industry unknown
Karamjit,Bhambra,Karamjit Bhambra,Managing Director,SK Communications,,linkedin.com/in/karamjit-bhambra-223a1a108,,C-Team,blitz,https://www.linkedin.com/company/sk-communications_2,Public Relations and Communications Services,GB,US,pass,unknown,industry unknown
Karel,Boss,Karel Boss,director,Flowers & Partners,,linkedin.com/in/karel-boss-20800222,,Director,blitz,https://www.linkedin.com/company/flowers-&-partners,Advertising Services,NL,US,pass,unknown,industry unknown
Karem,Mego,Karem Mego,Director of Administration,Dana-co LLC,dana-co.com,linkedin.com/in/karemvmego,,Director,blitz,https://www.linkedin.com/company/dana-co-llc,Design Services,US,US,pass,unknown,industry unknown
Karen,Bates,Karen Bates,Account Vice President,Fanizzi Associates,,linkedin.com/in/karen-bates-620ba87,,VP,blitz,https://www.linkedin.com/company/fanizzi-associates,Events Services,US,US,pass,unknown,industry unknown
Karen,Boyd,Karen Boyd,Exec. Vice President,USA Direct,,linkedin.com/in/karen-boyd-ba30992,,VP,blitz,https://www.linkedin.com/company/usa-direct,Advertising Services,US,US,pass,unknown,industry unknown
Karen,Davis,Karen Davis,Owner,DVS Design,,linkedin.com/in/karen-davis-84953931,,C-Team,blitz,https://www.linkedin.com/company/dvs-design,Design,US,IE,pass,unknown,industry unknown
karen,desrosier,karen desrosier,Owner,KMD,,linkedin.com/in/karen-desrosier-7a808617,,C-Team,blitz,https://www.linkedin.com/company/kmd_2,Design,US,GB,pass,unknown,industry unknown
Karen,Forbes-Jackson,Karen Forbes-Jackson,HR Director,NeWork,,linkedin.com/in/karen-forbes-jackson-7310b629,,Director,blitz,https://www.linkedin.com/company/nework,Events Services,GB,IT,pass,unknown,industry unknown
Karen,Penlington Luard,Karen Penlington Luard,Owner,KP Communications,,linkedin.com/in/karen-penlington-luard-8a22b913,,C-Team,blitz,https://www.linkedin.com/company/kp-communications,Public Relations and Communications Services,GB,GB,pass,unknown,industry unknown
Karen,Wilson,Karen Wilson,Founder,The Momentum Group,,linkedin.com/in/karen-wilson-92a05013,,C-Team,blitz,https://www.linkedin.com/company/the-momentum-group,Advertising Services,US,US,pass,unknown,industry unknown
Karen K.,Ong,Karen K. Ong,"Senior Vice President, Accounting",FMG Suite,fmgsuite.com,linkedin.com/in/karenkateong,,VP,blitz,https://www.linkedin.com/company/fmg-suite,Advertising Services,US,US,pass,unknown,industry unknown
Karim,Keita,Karim Keita,client director,Desgrippes Gobe,,linkedin.com/in/karim-keita-50b747,,Director,blitz,https://www.linkedin.com/company/desgrippes-gobe,Advertising Services,FR,US,pass,unknown,industry unknown
karin,jones,karin jones,Owner,Initials,,linkedin.com/in/karin-jones-97ab8a3,,C-Team,blitz,https://www.linkedin.com/company/initials,Advertising Services,US,US,pass,unknown,industry unknown
Karina Viola,Stolz,Karina Viola Stolz,Creator und Shop-Inhaberin,I wish I was Redbubble!,,linkedin.com/in/karinaviolastolz,,C-Team,blitz,https://www.linkedin.com/company/notrb,Design Services,DE,US,pass,unknown,industry unknown
Karissa,Hinton,Karissa Hinton,Vice President Revenue Marketing,FMG Suite,fmgsuite.com,linkedin.com/in/karissahinton,,VP,blitz,https://www.linkedin.com/company/fmg-suite,Advertising Services,US,US,pass,unknown,industry unknown
Karl,Koch,Karl Koch,CEO,GDD,,linkedin.com/in/karl-koch-3326493,,C-Team,blitz,https://www.linkedin.com/company/gdd,Advertising Services,DE,US,pass,unknown,industry unknown
Karl,Krutsch,Karl Krutsch,Director of Ecommerce,Apartments.com,apartments.com,linkedin.com/in/karl-krutsch-6b7742,,Director,blitz,https://www.linkedin.com/company/apartments-com,Advertising Services,US,US,pass,unknown,industry unknown
Karl,Storath,Karl Storath,owner,Alibi,,linkedin.com/in/karl-storath-7984633b,,C-Team,blitz,https://www.linkedin.com/company/alibi,Advertising Services,US,US,pass,unknown,industry unknown
Karla,Harrigan,Karla Harrigan,President,Flowers & Partners,,linkedin.com/in/karla-harrigan-2b57109,,C-Team,blitz,https://www.linkedin.com/company/flowers-&-partners,Advertising Services,US,US,pass,unknown,industry unknown
Karon,Ohm-Ehlert,Karon Ohm-Ehlert,Chairman,Brady Marketing Group,,linkedin.com/in/karon-ohm-ehlert-0a84291,,C-Team,blitz,https://www.linkedin.com/company/brady-marketing-group,Advertising Services,US,US,pass,unknown,industry unknown
Kasey,Kelley,Kasey Kelley,Production Director,The Enthusiast Network,,linkedin.com/in/kasey-kelley-696826b,,Director,blitz,https://www.linkedin.com/company/the-enthusiast-network,Advertising Services,US,US,pass,unknown,industry unknown
Kashaf,Idris,Kashaf Idris,CEO,EventBuizz,eventbuizz.com,linkedin.com/in/kashaf-idris-9a76792,,C-Team,blitz,https://www.linkedin.com/company/eventbuizz,,DK,DK,pass,unknown,industry unknown
Kat,Shaver,Kat Shaver,Production Services Director,Reynolds & Associates,,linkedin.com/in/kat-shaver-b3aab23,,Director,blitz,https://www.linkedin.com/company/reynolds-&-associates,Advertising Services,US,US,pass,unknown,industry unknown
Katarzyna,Synowiec,Katarzyna Synowiec,Dyrektor administracyjna,Lepont Agency,,linkedin.com/in/katarzyna-synowiec-003a701b5,,Director,blitz,https://www.linkedin.com/company/lepont-agency,Public Relations and Communications Services,PL,US,pass,unknown,industry unknown
Kate,Bohdan,Kate Bohdan,Head of Revenue,Scrambly,scrambly.io,linkedin.com/in/kate-bohdan-a04146212,,Director,blitz,https://www.linkedin.com/company/scrambly,,UA,IT,pass,unknown,industry unknown
Kate,Fairclough,Kate Fairclough,Account Director,Manning Selvage and Lee,,linkedin.com/in/kate-fairclough-54a6588,,Director,blitz,https://www.linkedin.com/company/manning-selvage-and-lee,Public Relations and Communications Services,GB,US,pass,unknown,industry unknown
Kate,Frederick-Kane,Kate Frederick-Kane,Small Business Owner,That Can Be Arranged,,linkedin.com/in/kate-frederick-kane-2750a1326,,C-Team,blitz,https://www.linkedin.com/company/that-can-be-arranged,Design Services,US,US,pass,unknown,industry unknown
Kate,McCallum,Kate McCallum,Owner/Founder,Universal CIT,,linkedin.com/in/kate-mccallum-057822,,C-Team,blitz,https://www.linkedin.com/company/universal-cit,Events Services,US,US,pass,unknown,industry unknown
Kate,"McGee, CSP","Kate McGee, CSP",Director of Health and Safety,Pennoni,pennoni.com,linkedin.com/in/kate-mcgee-csp-2119276,,Director,blitz,https://www.linkedin.com/company/pennoni,Design Services,US,US,pass,unknown,industry unknown
Kate,Mills Lujan,Kate Mills Lujan,"Director, Scientific Communications",Vaniam Group,vaniamgroup.com,linkedin.com/in/kate-mills-lujan-03040676,,Director,blitz,https://www.linkedin.com/company/vaniam-group,Advertising Services,US,US,pass,unknown,industry unknown
Kate,Winn-Rogers,Kate Winn-Rogers,Principal and Owner,Sunset Direct,,linkedin.com/in/kate-winn-rogers-1001904,,C-Team,blitz,https://www.linkedin.com/company/sunset-direct,Advertising Services,US,US,pass,unknown,industry unknown
Kate,Gullett,Kate Gullett,Director,Digital Media Management,digitalmediamanagement.com,linkedin.com/in/kategullett,,Director,blitz,https://www.linkedin.com/company/digital-media-management,Advertising Services,US,US,pass,unknown,industry unknown
Kate,Wright,Kate Wright,Consulting CFO,The Marketing Centre,themarketingcentre.com,linkedin.com/in/katewrighthudson,,C-Team,blitz,https://www.linkedin.com/company/the-marketing-centre,,GB,GB,pass,unknown,industry unknown
Kat,Hale,Kat Hale,"Creative Director, Social",BPI Group,bpigroup.com,linkedin.com/in/kathale86,,Director,blitz,https://www.linkedin.com/company/bully-pulpit-international,Advertising Services,US,US,pass,unknown,industry unknown
Katherine,Ball,Katherine Ball,Co President,Minutemen Marketing Group,,linkedin.com/in/katherine-ball-,,C-Team,blitz,https://www.linkedin.com/company/minutemen-marketing-group-mmg,Marketing Services,US,US,pass,unknown,industry unknown
Katherine,Johnson,Katherine Johnson,Co-Founder,Sahara Events,,linkedin.com/in/katherine-johnson-11858419b,,C-Team,blitz,https://www.linkedin.com/company/sahara-events,Events Services,US,US,pass,unknown,industry unknown
Katherine (Kathy),Johnson,Katherine (Kathy) Johnson,Director Of Finance,Lake Wildwood Association Inc,,linkedin.com/in/katherine-kathy-johnson-15a9aba0,,Director,blitz,https://www.linkedin.com/company/lake-wildwood-association-inc,Advertising Services,US,US,pass,unknown,industry unknown
Kathleen,Custis,Kathleen Custis,"Director, Program Services",Vaniam Group,vaniamgroup.com,linkedin.com/in/kathleen-custis-9158794,,Director,blitz,https://www.linkedin.com/company/vaniam-group,Advertising Services,US,US,pass,unknown,industry unknown
Kathleen,Dalton Lind,Kathleen Dalton Lind,Board Member,Sanders Fire & Safety,,linkedin.com/in/kathleen-dalton-lind-36bb2555,,Director,blitz,https://www.linkedin.com/company/sanders-fire-&-safety,Design Services,US,US,pass,unknown,industry unknown
Kathleen,Dooley,Kathleen Dooley,PARTNER,HMW,,linkedin.com/in/kathleen-dooley-0b1a963,,C-Team,blitz,https://www.linkedin.com/company/hmw,Advertising Services,US,US,pass,unknown,industry unknown
Kathleen,"Hanley, MPP","Kathleen Hanley, MPP",Director,BPI Group,bpigroup.com,linkedin.com/in/kathleen-hanley-mpp-55a4b3163,,Director,blitz,https://www.linkedin.com/company/bully-pulpit-international,Advertising Services,US,US,pass,unknown,industry unknown
Kathrin,Heimbecher,Kathrin Heimbecher,Director of Business Operations,CSB - Creative Studio Berlin GmbH,,linkedin.com/in/kathrin-heimbecher-8387942,,Director,blitz,https://www.linkedin.com/company/creative-studio-berlin,Design Services,DE,DE,pass,unknown,industry unknown
Kathy,Carpenter,Kathy Carpenter,Owner,Media Options,,linkedin.com/in/kathy-carpenter-8812a8,,C-Team,blitz,https://www.linkedin.com/company/media-options,Advertising Services,US,US,pass,unknown,industry unknown
Kathy,Hodge,Kathy Hodge,President,Sage Design,,linkedin.com/in/kathy-hodge-84440654,,C-Team,blitz,https://www.linkedin.com/company/sage-design,Advertising Services,US,US,pass,unknown,industry unknown
Kathy,Kirk,Kathy Kirk,Owner,KK Enterprises,,linkedin.com/in/kathy-kirk-5071b9247,,C-Team,blitz,https://www.linkedin.com/company/kk-enterprises,Advertising Services,US,US,pass,unknown,industry unknown
Kathy,Reed,Kathy Reed,Account Director,CKR Group,,linkedin.com/in/kathy-reed-2a1711,,Director,blitz,https://www.linkedin.com/company/ckr-group,Advertising Services,US,US,pass,unknown,industry unknown
Kathy,Sluzewski,Kathy Sluzewski,Owner,Public Relations Partners,,linkedin.com/in/kathy-sluzewski-90b0741,,C-Team,blitz,https://www.linkedin.com/company/public-relations-partners,Public Relations and Communications Services,US,US,pass,unknown,industry unknown
Katia,Berretta,Katia Berretta,Direttore di filiale,KIKO,,linkedin.com/in/katia-berretta-67413a14a,,Director,blitz,https://www.linkedin.com/company/kiko,Design Services,IT,US,pass,unknown,industry unknown
Katie,Boyer,Katie Boyer,Operations Director,Konnected+,,linkedin.com/in/katie-boyer-348a8a72,,Director,blitz,https://www.linkedin.com/company/konnectedplustv,Advertising Services,GB,GB,pass,unknown,industry unknown
Katie,O'Hara,Katie O'Hara,Head of Audio Branding (North American Division),PHMG,phmg.com,linkedin.com/in/katie-o-hara-1976b279,,Director,blitz,https://www.linkedin.com/company/phmg,Advertising Services,GB,GB,pass,unknown,industry unknown
Katie,White,Katie White,President,Grannys Daycare,,linkedin.com/in/katie-white-17375114b,,C-Team,blitz,https://www.linkedin.com/company/grannys-daycare,Public Relations and Communications Services,US,US,pass,unknown,industry unknown
Katie,White,Katie White,"Director, AI Transformation (US)",Moburst - Growth Done Right,moburst.com,linkedin.com/in/katie-white1,,Director,blitz,https://www.linkedin.com/company/moburst,Advertising Services,US,US,pass,unknown,industry unknown
Katrina,Alba,Katrina Alba,PR & Events Director,Americas Media Group,,linkedin.com/in/katrina-alba-2920196,,Director,blitz,https://www.linkedin.com/company/americas-media-group,Advertising Services,US,US,pass,unknown,industry unknown
Katri,Niemi,Katri Niemi,"Senior Director, Scientific Communications",Vaniam Group,vaniamgroup.com,linkedin.com/in/katriniemi,,Director,blitz,https://www.linkedin.com/company/vaniam-group,Advertising Services,US,US,pass,unknown,industry unknown
Katy,Connor,Katy Connor,Account director,Public Relations Partners,,linkedin.com/in/katy-connor-3999889,,Director,blitz,https://www.linkedin.com/company/public-relations-partners,Public Relations and Communications Services,GB,US,pass,unknown,industry unknown
Katy,Hampton,Katy Hampton,"Senior Director, Culture & Operations",BPI Group,bpigroup.com,linkedin.com/in/katymhampton,,Director,blitz,https://www.linkedin.com/company/bully-pulpit-international,Advertising Services,US,US,pass,unknown,industry unknown
Kay,Burgess,Kay Burgess,VP Finance and Operations,aQuantive,,linkedin.com/in/kay-burgess-4261b94,,VP,blitz,https://www.linkedin.com/company/aquantive,Advertising Services,US,US,pass,unknown,industry unknown
Kayla,Hernandez,Kayla Hernandez,Business Owner,Independent Contractor/Consultant,,linkedin.com/in/kayla-hernandez-656238139,,C-Team,blitz,https://www.linkedin.com/company/independent-contractor-consultant_2,Public Relations and Communications Services,US,GB,pass,unknown,industry unknown
KC,H.,KC H.,Digital Marketing Director,"TD Industries, LLC",,linkedin.com/in/kc-huffman,,Director,blitz,https://www.linkedin.com/company/tdindustriesllc,Advertising Services,US,US,pass,unknown,industry unknown
Kees,Blom,Kees Blom,directeur,HMW,,linkedin.com/in/kees-blom-46980b29,,Director,blitz,https://www.linkedin.com/company/hmw,Advertising Services,NL,US,pass,unknown,industry unknown
Kyle,Eichenbaum,Kyle Eichenbaum,Chief Strategy Officer / Advisor,The Diverse Agency,,linkedin.com/in/keichenbaum,,C-Team,blitz,https://www.linkedin.com/company/thediverseagency,Advertising Services,US,US,pass,unknown,industry unknown
Keir,Walton,Keir Walton,President & CEO,Heritage Werks,heritagewerks.com,linkedin.com/in/keirwalton,,C-Team,blitz,https://www.linkedin.com/company/heritage-werks,Advertising Services,US,US,pass,unknown,industry unknown
Keith,Cronin,Keith Cronin,Chief Medical Officer / Owner,Paradigm Development Group,,linkedin.com/in/keith-cronin-085568248,,C-Team,blitz,https://www.linkedin.com/company/paradigmdevgrp,Advertising Services,US,US,pass,unknown,industry unknown
Keith,Loehlein,Keith Loehlein,Sr. VP,NOP World,,linkedin.com/in/keith-loehlein-5b442b,,VP,blitz,https://www.linkedin.com/company/nop-world,Market Research,US,US,pass,unknown,industry unknown
Keith,Stephenson,Keith Stephenson,Owner,Epiphany Media,,linkedin.com/in/keith-stephenson-a52b144,,C-Team,blitz,https://www.linkedin.com/company/epiphany-media,Advertising Services,US,US,pass,unknown,industry unknown
Keith,Ward,Keith Ward,CEO,Forward Marketing,,linkedin.com/in/keith-ward-aa37987,,C-Team,blitz,https://www.linkedin.com/company/forward-marketing,Advertising Services,US,US,pass,unknown,industry unknown
Keith,Wardell,Keith Wardell,President,Exmplar,,linkedin.com/in/keith-wardell-b42b011,,C-Team,blitz,https://www.linkedin.com/company/exmplar,Advertising Services,US,US,pass,unknown,industry unknown
Keith,Reed,Keith Reed,Fractional CMO / CAIO / Marketing Director,The Marketing Centre,themarketingcentre.com,linkedin.com/in/keithsreed,,C-Team,blitz,https://www.linkedin.com/company/the-marketing-centre,,GB,GB,pass,unknown,industry unknown
Kejvin,Agalliu,Kejvin Agalliu,CEO & Founder,ORAMA,,linkedin.com/in/kejvin-agalliu-77b978124,,C-Team,blitz,https://www.linkedin.com/company/oramaagency,Advertising Services,IT,IT,pass,unknown,industry unknown
Kelly Jo,Burgess,Kelly Jo Burgess,Chief Communications Officer,ICO Marketing Solutions,,linkedin.com/in/kelly-jo-burgess-003a90164,,C-Team,blitz,https://www.linkedin.com/company/icomarketingsolutions,Advertising Services,US,US,pass,unknown,industry unknown
KELLY,LIU,KELLY LIU,Partner,Nc Nspire Agency,,linkedin.com/in/kelly-liu-687aa056,,C-Team,blitz,https://www.linkedin.com/company/nc-nspire-agency,Advertising Services,ES,ES,pass,unknown,industry unknown
Kelly,McPherson,Kelly McPherson,Vice President,Vaniam Group,vaniamgroup.com,linkedin.com/in/kelly-mcpherson-6269bb37,,VP,blitz,https://www.linkedin.com/company/vaniam-group,Advertising Services,US,US,pass,unknown,industry unknown
Kelly,Nusbaum,Kelly Nusbaum,Funeral Director,Fairhaven Funeral Home,,linkedin.com/in/kelly-nusbaum-1b2918181,,Director,blitz,https://www.linkedin.com/company/fairhaven-funeral-home,Public Relations and Communications Services,US,US,pass,unknown,industry unknown
Kelly,Ryan,Kelly Ryan,Director of Sales and Marketing,Extreme Media,,linkedin.com/in/kelly-ryan-0aab3a,,Director,blitz,https://www.linkedin.com/company/extreme-media,Advertising Services,US,US,pass,unknown,industry unknown
Kelly,Westbrook,Kelly Westbrook,"Vice President, Enterprise Sales & Partnerships",Heritage Werks,heritagewerks.com,linkedin.com/in/kelly-westbrook-99682923,,VP,blitz,https://www.linkedin.com/company/heritage-werks,Advertising Services,US,US,pass,unknown,industry unknown
Kelly,Gifford,Kelly Gifford,Founder,KMG Marketing,,linkedin.com/in/kellymgifford,,C-Team,blitz,https://www.linkedin.com/company/kmg-marketing,Advertising Services,US,US,pass,unknown,industry unknown
Kelsey,"Jansen van Galen, MLIS","Kelsey Jansen van Galen, MLIS",Archival Servicing Director,Heritage Werks,heritagewerks.com,linkedin.com/in/kelsey-jansen-van-galen,,Director,blitz,https://www.linkedin.com/company/heritage-werks,Advertising Services,US,US,pass,unknown,industry unknown
ken,Covert,ken Covert,ceo,Sugar Creek Signs,,linkedin.com/in/ken-covert-52082043,,C-Team,blitz,https://www.linkedin.com/company/sugar-creek-signs,Graphic Design,US,US,pass,unknown,industry unknown
Ken,House,Ken House,Client Services Director,MatchPoint Marketing,,linkedin.com/in/ken-house-49b5103,,Director,blitz,https://www.linkedin.com/company/matchpoint-marketing,Advertising Services,US,US,pass,unknown,industry unknown
Ken,Housman,Ken Housman,Owner,ElderCarelink,,linkedin.com/in/ken-housman-501700,,C-Team,blitz,https://www.linkedin.com/company/eldercarelink,Advertising Services,US,US,pass,unknown,industry unknown
Ken,Lang,Ken Lang,Owner,Apartments.com,apartments.com,linkedin.com/in/ken-lang-8b09122,,C-Team,blitz,https://www.linkedin.com/company/apartments-com,Advertising Services,US,US,pass,unknown,industry unknown
Ken,Minniti,Ken Minniti,Vice President,Sunshine Media Group,,linkedin.com/in/ken-minniti-80061413,,VP,blitz,https://www.linkedin.com/company/sunshine-media-group,Advertising Services,US,US,pass,unknown,industry unknown
Ken,Tra,Ken Tra,"Sr. VP, Product Management",Suzy,suzy.com,linkedin.com/in/ken-tra-product-leader,,VP,blitz,https://www.linkedin.com/company/asksuzy,Market Research,US,US,pass,unknown,industry unknown
Ken,Young,Ken Young,VP or Procurement & Strategy,C4N,,linkedin.com/in/ken-young-0b7730,,VP,blitz,https://www.linkedin.com/company/c4n,Advertising Services,US,US,pass,unknown,industry unknown
Kendall,Rosenberger,Kendall Rosenberger,Senior Account Director,Vaniam Group,vaniamgroup.com,linkedin.com/in/kendall-kreisl,,Director,blitz,https://www.linkedin.com/company/vaniam-group,Advertising Services,US,US,pass,unknown,industry unknown
Kendrah,White,Kendrah White,Owner,Fabrika,,linkedin.com/in/kendrah-white-b165317,,C-Team,blitz,https://www.linkedin.com/company/fabrika,Advertising Services,US,US,pass,unknown,industry unknown
Kenneth,Richardson,Kenneth Richardson,Owner,SignF,,linkedin.com/in/kenneth-richardson-64a9325,,C-Team,blitz,https://www.linkedin.com/company/signf,Graphic Design,US,DK,pass,unknown,industry unknown
KENT ALLAN,WETTERLING,KENT ALLAN WETTERLING,Company Owner,KW EXP,,linkedin.com/in/kent-allan-wetterling-01a578171,,C-Team,blitz,https://www.linkedin.com/company/areaexp,Events Services,SE,US,pass,unknown,industry unknown
Kenzie,Ovenell,Kenzie Ovenell,Director of Artist Relations,"Lightning In A Bottle, LLC",,linkedin.com/in/kenzie-ovenell-3651b2172,,Director,blitz,https://www.linkedin.com/company/lightning-in-a-bottle-llc,Design Services,US,US,pass,unknown,industry unknown
Kerri,Orders,Kerri Orders,Managing Director,Logistix,,linkedin.com/in/kerri-orders-7461961,,C-Team,blitz,https://www.linkedin.com/company/logistix,Advertising Services,FR,US,pass,unknown,industry unknown
Kerry,Denison,Kerry Denison,Vice President,Distinctive Impressions,,linkedin.com/in/kerry-denison-9a50a2ab,,VP,blitz,https://www.linkedin.com/company/distinctive-impressions,Advertising Services,US,US,pass,unknown,industry unknown
Kerry,Tate,Kerry Tate,Owner,TateAustin,,linkedin.com/in/kerry-tate-233953,,C-Team,blitz,https://www.linkedin.com/company/tateaustin,Public Relations and Communications Services,US,US,pass,unknown,industry unknown
Ketih,Amen,Ketih Amen,Sr. VP - Sales and Marketing,Cyrk,,linkedin.com/in/ketih-amen-82ba86,,VP,blitz,https://www.linkedin.com/company/cyrk,Advertising Services,US,US,pass,unknown,industry unknown
Kevin,Babu,Kevin Babu,Project Director,Tagenau | Meet Accuracy,,linkedin.com/in/kevin-babu-34445a74,,Director,blitz,https://www.linkedin.com/company/tagenau-meet-accuracy,Events Services,US,GB,pass,unknown,industry unknown
Kevin,Berry,Kevin Berry,Owner,Adworks,,linkedin.com/in/kevin-berry-8258115,,C-Team,blitz,https://www.linkedin.com/company/adworks,Advertising Services,US,US,pass,unknown,industry unknown
Kevin,Peart,Kevin Peart,CEO,CMS Global Network,,linkedin.com/in/kevin-cmsglobalnetwork,,C-Team,blitz,https://www.linkedin.com/company/cms-global-network,Advertising Services,US,US,pass,unknown,industry unknown
Kevin,Crew,Kevin Crew,CFO Star Spot Properties LLC,Super C Convenience Store,,linkedin.com/in/kevin-crew-028600162,,C-Team,blitz,https://www.linkedin.com/company/super-c-convenience-store,Public Relations and Communications Services,US,US,pass,unknown,industry unknown
Kevin,Davis,Kevin Davis,Vice President,Pennoni,pennoni.com,linkedin.com/in/kevin-davis-25a86013,,VP,blitz,https://www.linkedin.com/company/pennoni,Design Services,US,US,pass,unknown,industry unknown
Kevin,Donnelly,Kevin Donnelly,Owner,Forward Marketing,,linkedin.com/in/kevin-donnelly-649bba1,,C-Team,blitz,https://www.linkedin.com/company/forward-marketing,Advertising Services,GB,US,pass,unknown,industry unknown
Kevin,Donnelly,Kevin Donnelly,Owner,Forward Marketing,,linkedin.com/in/kevin-donnelly-b45793,,C-Team,blitz,https://www.linkedin.com/company/forward-marketing,Advertising Services,GB,US,pass,unknown,industry unknown
Kevin,Garcia,Kevin Garcia,"Director, Field Operations",Suzy,suzy.com,linkedin.com/in/kevin-garcia-abb7b2277,,Director,blitz,https://www.linkedin.com/company/asksuzy,Market Research,US,US,pass,unknown,industry unknown
Kevin,Hertzfeld,Kevin Hertzfeld,Owner,Sage Design,,linkedin.com/in/kevin-hertzfeld-ba64636,,C-Team,blitz,https://www.linkedin.com/company/sage-design,Advertising Services,US,US,pass,unknown,industry unknown
Kevin,Kirkpatrick,Kevin Kirkpatrick,Director National Accts,CorpLogoWare,,linkedin.com/in/kevin-kirkpatrick-4353307,,Director,blitz,https://www.linkedin.com/company/corplogoware,Advertising Services,US,US,pass,unknown,industry unknown
Kevin,Lucero,Kevin Lucero,Mobile Marketing Partner,iShoutOut,,linkedin.com/in/kevin-lucero-98767979,,C-Team,blitz,https://www.linkedin.com/company/ishoutout,Advertising Services,US,US,pass,unknown,industry unknown
Kevin,Mccarthy,Kevin Mccarthy,SVP and Dir of Development,First Marketing,,linkedin.com/in/kevin-mccarthy-8318ab5,,VP,blitz,https://www.linkedin.com/company/first-marketing,Advertising Services,US,US,pass,unknown,industry unknown
Kevin,Mote,Kevin Mote,Owner,Vivid Communications,,linkedin.com/in/kevin-mote-0496541,,C-Team,blitz,https://www.linkedin.com/company/vivid-communications,Advertising Services,US,GB,pass,unknown,industry unknown
Kevin,Murphey,Kevin Murphey,Director of Client Development,180solutions,,linkedin.com/in/kevin-murphey-47029a,,Director,blitz,https://www.linkedin.com/company/180solutions,Advertising Services,US,US,pass,unknown,industry unknown
Kevin,Musselman,Kevin Musselman,Corporate Director,Studio A Advertising,,linkedin.com/in/kevin-musselman-a5111b2,,Director,blitz,https://www.linkedin.com/company/studio-a-advertising,Advertising Services,US,US,pass,unknown,industry unknown
kevin,payne,kevin payne,owner,TerraCom,,linkedin.com/in/kevin-payne-78298a56,,C-Team,blitz,https://www.linkedin.com/company/terracom,Events Services,US,US,pass,unknown,industry unknown
Kevin,Platt,Kevin Platt,VP Business Integration,"RQA, Inc.",rqa-inc.com,linkedin.com/in/kevin-platt-b305373,,VP,blitz,https://www.linkedin.com/company/rqa-inc.,Market Research,US,US,pass,unknown,industry unknown
Kevin,Pyles,Kevin Pyles,Owner,XG-ad,,linkedin.com/in/kevin-pyles-8392447,,C-Team,blitz,https://www.linkedin.com/company/xg-ad,Graphic Design,US,US,pass,unknown,industry unknown
Kevin,Sabol,Kevin Sabol,Chief Financial Officer,Pennoni,pennoni.com,linkedin.com/in/kevin-sabol-76aa38112,,C-Team,blitz,https://www.linkedin.com/company/pennoni,Design Services,US,US,pass,unknown,industry unknown
Kevin,Santoro,Kevin Santoro,Vice President North American Operations,Trilegiant,,linkedin.com/in/kevin-santoro-b282451,,VP,blitz,https://www.linkedin.com/company/trilegiant,Advertising Services,US,US,pass,unknown,industry unknown
Kevin,Weller,Kevin Weller,Independent Business Owner,KW EXP,,linkedin.com/in/kevin-weller-75b786153,,C-Team,blitz,https://www.linkedin.com/company/areaexp,Events Services,GB,US,pass,unknown,industry unknown
kevin,williams,kevin williams,Partner,KW EXP,,linkedin.com/in/kevin-williams-1b0354176,,C-Team,blitz,https://www.linkedin.com/company/areaexp,Events Services,GB,US,pass,unknown,industry unknown
Kevin,Wing,Kevin Wing,Vice President Operations,The Marlin Group,,linkedin.com/in/kevin-wing-7a2b6,,VP,blitz,https://www.linkedin.com/company/the-marlin-group,Advertising Services,US,US,pass,unknown,industry unknown
Kevin,Wright,Kevin Wright,Owner,Beyond The Wall,,linkedin.com/in/kevin-wright-92b86b,,C-Team,blitz,https://www.linkedin.com/company/beyond-the-wall,Advertising Services,US,US,pass,unknown,industry unknown
Kevin,"Yarashefski - SHRM-CP, PMP, CSPO, CSM","Kevin Yarashefski - SHRM-CP, PMP, CSPO, CSM",Managing Director,Heritage Werks,heritagewerks.com,linkedin.com/in/kevin-yarashefski,,C-Team,blitz,https://www.linkedin.com/company/heritage-werks,Advertising Services,US,US,pass,unknown,industry unknown
Kevin,Pyles,Kevin Pyles,CEO/Partner,XG-ad,,linkedin.com/in/kevinpyles,,C-Team,blitz,https://www.linkedin.com/company/xg-ad,Graphic Design,US,US,pass,unknown,industry unknown
Khalid,K.,Khalid K.,Chief Executive Officer,KK Enterprises,,linkedin.com/in/khalid-k-6ab8791a8,,C-Team,blitz,https://www.linkedin.com/company/kk-enterprises,Advertising Services,NL,US,pass,unknown,industry unknown
Kieran,Cooke,Kieran Cooke,Head of Marketing,PHMG,phmg.com,linkedin.com/in/kieran-cooke-2311358a,,Director,blitz,https://www.linkedin.com/company/phmg,Advertising Services,GB,GB,pass,unknown,industry unknown
Kieran,Learoyd,Kieran Learoyd,Client Success Director,PHMG,phmg.com,linkedin.com/in/kieran-learoyd-358665225,,Director,blitz,https://www.linkedin.com/company/phmg,Advertising Services,GB,GB,pass,unknown,industry unknown
Kieren,Patten,Kieren Patten,Account Director,PHMG,phmg.com,linkedin.com/in/kieren-patten-79821a14a,,Director,blitz,https://www.linkedin.com/company/phmg,Advertising Services,GB,GB,pass,unknown,industry unknown
Kim,Adrian,Kim Adrian,Director Of Client Services,Marketing Alliance Group,mktalliance.com,linkedin.com/in/kim-adrian-690541184,,Director,blitz,https://www.linkedin.com/company/marketing-alliance-group,Advertising Services,US,US,pass,unknown,industry unknown
Kim,Antico,Kim Antico,"Director, Business Development",Strategic Research Institute,,linkedin.com/in/kim-antico-a69b931,,Director,blitz,https://www.linkedin.com/company/strategic-research-institute,Events Services,US,US,pass,unknown,industry unknown
Kim,Kiner,Kim Kiner,"Sr. Vice President, Field Services",National Retail Services,,linkedin.com/in/kim-kiner-135b8b1,,VP,blitz,https://www.linkedin.com/company/national-retail-services,Advertising Services,US,US,pass,unknown,industry unknown
Kim,Krause Schwalm,Kim Krause Schwalm,Copywriter/President,"Creative Synergy, Inc.",,linkedin.com/in/kim-krause-schwalm-74197,,C-Team,blitz,https://www.linkedin.com/company/creative-synergy-inc.,Advertising Services,US,US,pass,unknown,industry unknown
Kim,Lewis,Kim Lewis,Director Business Development,KGB Advertising,,linkedin.com/in/kim-lewis-237262a,,Director,blitz,https://www.linkedin.com/company/kgb-advertising,Advertising Services,US,US,pass,unknown,industry unknown
Kim,Padgett,Kim Padgett,President,The Padgett Group,,linkedin.com/in/kim-padgett-179720,,C-Team,blitz,https://www.linkedin.com/company/the-padgett-group,Public Relations and Communications Services,US,US,pass,unknown,industry unknown
Kimberly,"Kauffman, MBA","Kimberly Kauffman, MBA",Owner,Hudson Social,,linkedin.com/in/kimakauffman,,C-Team,blitz,https://www.linkedin.com/company/hudsonhospitalitygroup,Advertising Services,US,US,pass,unknown,industry unknown
Kimberley,Blue,Kimberley Blue,Owner,Resorts360,,linkedin.com/in/kimberleyblue,,C-Team,blitz,https://www.linkedin.com/company/resorts360,Events Services,US,US,pass,unknown,industry unknown
KIMBERLY,DORO,KIMBERLY DORO,Senior Director Strategy,Vaniam Group,vaniamgroup.com,linkedin.com/in/kimberly-ann,,Director,blitz,https://www.linkedin.com/company/vaniam-group,Advertising Services,US,US,pass,unknown,industry unknown
Kimberly,Barnes,Kimberly Barnes,Managing Director,Trident Communications,,linkedin.com/in/kimberly-barnes-a76258,,C-Team,blitz,https://www.linkedin.com/company/trident-communications,Public Relations and Communications Services,US,US,pass,unknown,industry unknown
Kimberly,Boim,Kimberly Boim,Founder,KB Media,,linkedin.com/in/kimberlyboim,,C-Team,blitz,https://www.linkedin.com/company/k-b-media,Advertising Services,US,US,pass,unknown,industry unknown
Kimi,Ng,Kimi Ng,Owner/ buyer,I DO,,linkedin.com/in/kimi-ng-0a058356,,C-Team,blitz,https://www.linkedin.com/company/i-do,Advertising Services,US,US,pass,unknown,industry unknown
Kio,Wathik,Kio Wathik,Company Owner,ANDY,,linkedin.com/in/kio-wathik-45a260174,,C-Team,blitz,https://www.linkedin.com/company/andy,Advertising Services,US,US,pass,unknown,industry unknown
Kirby,Horwitz,Kirby Horwitz,Senior Director of Product,Suzy,suzy.com,linkedin.com/in/kirby-horwitz-9b301219,,Director,blitz,https://www.linkedin.com/company/asksuzy,Market Research,US,US,pass,unknown,industry unknown
Kirk,Adkinson,Kirk Adkinson,Owner,Extreme Media,,linkedin.com/in/kirk-adkinson-2100351,,C-Team,blitz,https://www.linkedin.com/company/extreme-media,Advertising Services,US,US,pass,unknown,industry unknown
Kirsten,Schrader,Kirsten Schrader,HR Recruiting Director,Buckeye Promotions Group,,linkedin.com/in/kirsten-schrader-93ab866a,,Director,blitz,https://www.linkedin.com/company/buckeye-promotions-group,Advertising Services,US,US,pass,unknown,industry unknown
Kirsten,Stevens,Kirsten Stevens,Client Services Director - GfK NOP Media,NOP World,,linkedin.com/in/kirsten-stevens-1612539,,Director,blitz,https://www.linkedin.com/company/nop-world,Market Research,GB,US,pass,unknown,industry unknown
Kirsty,Frankland,Kirsty Frankland,Head of Global Quality Assurance,PHMG,phmg.com,linkedin.com/in/kirsty-frankland-65784811a,,Director,blitz,https://www.linkedin.com/company/phmg,Advertising Services,GB,GB,pass,unknown,industry unknown
Kirsty,Jagielko,Kirsty Jagielko,Portfolio Marketing Director | Fractional CMO,The Marketing Centre,themarketingcentre.com,linkedin.com/in/kirstyjagielko,,C-Team,blitz,https://www.linkedin.com/company/the-marketing-centre,,GB,GB,pass,unknown,industry unknown
Kirsty,Sachrajda,Kirsty Sachrajda,"Director, Head of Talent, Europe",BPI Group,bpigroup.com,linkedin.com/in/kirstymallows,,Director,blitz,https://www.linkedin.com/company/bully-pulpit-international,Advertising Services,GB,US,pass,unknown,industry unknown
Kirsty,Redfearn,Kirsty Redfearn,Account Director,Liquid Communications,,linkedin.com/in/kirstyredfearn,,Director,blitz,https://www.linkedin.com/company/liquid-communications,Advertising Services,GB,GB,pass,unknown,industry unknown
Knud,Kristensen,Knud Kristensen,Owner,Euroteam,,linkedin.com/in/knud-kristensen-8172815,,C-Team,blitz,https://www.linkedin.com/company/euroteam,Public Relations and Communications Services,DK,NO,pass,unknown,industry unknown
Koen,Hazewinkel,Koen Hazewinkel,Strategy Director,FHV BBDO B.V. .,,linkedin.com/in/koenhazewinkel,,Director,blitz,https://www.linkedin.com/company/fhv-bbdo-b.v.-.,Advertising Services,NL,NL,pass,unknown,industry unknown
Kolleen,Figiel,Kolleen Figiel,Director Of Operations,Digital Media Management,digitalmediamanagement.com,linkedin.com/in/kolleen-figiel-aa352615b,,Director,blitz,https://www.linkedin.com/company/digital-media-management,Advertising Services,US,US,pass,unknown,industry unknown
Korey,Wegner,Korey Wegner,Owner,Slipknot Ltd,,linkedin.com/in/korey-wegner-0639a7280,,C-Team,blitz,https://www.linkedin.com/company/slipknot,Advertising Services,US,US,pass,unknown,industry unknown
Kraig,Steubing,Kraig Steubing,"Executive Vice President, Curio Science & Strategic Engagement",Vaniam Group,vaniamgroup.com,linkedin.com/in/kraig-steubing-b576202,,VP,blitz,https://www.linkedin.com/company/vaniam-group,Advertising Services,US,US,pass,unknown,industry unknown
Kreativo,Agency,Kreativo Agency,Company Owner,Kreativo,,linkedin.com/in/kreativo-agency-586b81204,,C-Team,blitz,https://www.linkedin.com/company/kreativolb,Design Services,ES,US,pass,unknown,industry unknown
Kris,Rideout,Kris Rideout,Acct Director,Grey Entertainment,,linkedin.com/in/kris-rideout-b16728,,Director,blitz,https://www.linkedin.com/company/grey-entertainment,Advertising Services,US,US,pass,unknown,industry unknown
Krista,Zehder,Krista Zehder,Director of Product Marketing and Head of SMB Product Marketing,FMG Suite,fmgsuite.com,linkedin.com/in/kristazehder,,Director,blitz,https://www.linkedin.com/company/fmg-suite,Advertising Services,US,US,pass,unknown,industry unknown
Kristen,England,Kristen England,Recreational director,Sunburst Gymnastics,,linkedin.com/in/kristen-england-5b6b37147,,Director,blitz,https://www.linkedin.com/company/sunburst-gymnastics,Public Relations and Communications Services,US,US,pass,unknown,industry unknown
Kristen,Mattheessen,Kristen Mattheessen,"Director, Enterprise Account Management",Suzy,suzy.com,linkedin.com/in/kristen-mattheessen,,Director,blitz,https://www.linkedin.com/company/asksuzy,Market Research,US,US,pass,unknown,industry unknown
Kristen,Kovach,Kristen Kovach,"SVP, Client Services",Digital Media Management,digitalmediamanagement.com,linkedin.com/in/kristenkovach,,VP,blitz,https://www.linkedin.com/company/digital-media-management,Advertising Services,US,US,pass,unknown,industry unknown
Kristie,Ellington,Kristie Ellington,President,Winnelson Plumbing Co,,linkedin.com/in/kristie-ellington-3917711bb,,C-Team,blitz,https://www.linkedin.com/company/winnelson-plumbing-co,Advertising Services,US,US,pass,unknown,industry unknown
Kristie,O'Brien,Kristie O'Brien,Head Of Copy,PHMG,phmg.com,linkedin.com/in/kristie-o-brien-1285369b,,Director,blitz,https://www.linkedin.com/company/phmg,Advertising Services,GB,GB,pass,unknown,industry unknown
Kristie,T.,Kristie T.,"Senior Director, Strategy & Operations",Suzy,suzy.com,linkedin.com/in/kristienicolethompson,,Director,blitz,https://www.linkedin.com/company/asksuzy,Market Research,US,US,pass,unknown,industry unknown
Kristin,Alexander,Kristin Alexander,Regional Sales Director,Apartments.com,apartments.com,linkedin.com/in/kristin-alexander-3147b06b,,Director,blitz,https://www.linkedin.com/company/apartments-com,Advertising Services,US,US,pass,unknown,industry unknown
Kristin,Grochowski,Kristin Grochowski,Owner,8minuteDating.com,,linkedin.com/in/kristin-grochowski-88717b3,,C-Team,blitz,https://www.linkedin.com/company/8minutedating.com,Events Services,US,US,pass,unknown,industry unknown
Kristin,Harper,Kristin Harper,SVP,First Marketing,,linkedin.com/in/kristin-harper-4608291,,VP,blitz,https://www.linkedin.com/company/first-marketing,Advertising Services,US,US,pass,unknown,industry unknown
Kristina,Pan,Kristina Pan,Incoming President,Rice Undergraduate Marketing Association (RUMA),,linkedin.com/in/kristina-pan-53864922a,,C-Team,blitz,https://www.linkedin.com/company/riceundergraduatemarketingassociation,Marketing Services,US,US,pass,unknown,industry unknown
Kristin,Terk Belt,Kristin Terk Belt,President,KB Media,,linkedin.com/in/kristinterkbelt,,C-Team,blitz,https://www.linkedin.com/company/k-b-media,Advertising Services,US,US,pass,unknown,industry unknown
Krups,Wc,Krups Wc,President,Brady Marketing Group,,linkedin.com/in/krups-wc-4984b77,,C-Team,blitz,https://www.linkedin.com/company/brady-marketing-group,Advertising Services,US,US,pass,unknown,industry unknown
Krystin,Wolstromer,Krystin Wolstromer,Director of Community Outreach,TSN Group,,linkedin.com/in/krystin-wolstromer-714091b,,Director,blitz,https://www.linkedin.com/company/tsn-group,Advertising Services,US,US,pass,unknown,industry unknown
Krzysztof,Platek,Krzysztof Platek,Business Development Director,Media Com,,linkedin.com/in/krzysztof-platek-a62715,,Director,blitz,https://www.linkedin.com/company/media-com,Advertising Services,PL,US,pass,unknown,industry unknown
Krzysztof,Łabuszewski,Krzysztof Łabuszewski,Media Director,Inventive Media,,linkedin.com/in/krzysztof-łabuszewski-131b26a2,,Director,blitz,https://www.linkedin.com/company/inventive-media,Advertising Services,PL,US,pass,unknown,industry unknown
Ksenia,Mikhailova,Ksenia Mikhailova,Chief Operating Officer,OneSpot,,linkedin.com/in/kseniami,,C-Team,blitz,https://www.linkedin.com/company/onespot-for-ads,Marketing Services,CY,US,pass,unknown,industry unknown
Kurt,Webb,Kurt Webb,President,Hemming Properties,,linkedin.com/in/kurt-webb-baaaa841,,C-Team,blitz,https://www.linkedin.com/company/hemming-properties,Advertising Services,US,US,pass,unknown,industry unknown
kwadjo,okai,kwadjo okai,owner,Soho Lounge,,linkedin.com/in/kwadjo-okai-74ab51b3,,C-Team,blitz,https://www.linkedin.com/company/soho-lounge,Graphic Design,US,US,pass,unknown,industry unknown
Kyle,Suttles,Kyle Suttles,Director of Product Marketing,FMG Suite,fmgsuite.com,linkedin.com/in/kyle-suttles,,Director,blitz,https://www.linkedin.com/company/fmg-suite,Advertising Services,US,US,pass,unknown,industry unknown
La Casa dei,Sapori,La Casa dei Sapori,Amministratore delegato,LA CASA DEI SAPORI S.R.L.,,linkedin.com/in/la-casa-dei-sapori-3a8289291,,C-Team,blitz,https://www.linkedin.com/company/la-casa-dei-sapori-s.r.l.,Events Services,IT,IT,pass,unknown,industry unknown
Labrini,Zouni,Labrini Zouni,Senior Account Director,Bold Ogilvy,,linkedin.com/in/labrini-zouni-910450165,,Director,blitz,https://www.linkedin.com/company/bold-ogilvy,Advertising Services,GR,US,pass,unknown,industry unknown
Lachlan,Roach,Lachlan Roach,Director,BPI Group,bpigroup.com,linkedin.com/in/lachlan-roach-a9749b97,,Director,blitz,https://www.linkedin.com/company/bully-pulpit-international,Advertising Services,US,US,pass,unknown,industry unknown
Lacy,Edwards,Lacy Edwards,VP Human Resources,Performance Lists,,linkedin.com/in/lacy-edwards-8bb84722,,VP,blitz,https://www.linkedin.com/company/performance-lists,Advertising Services,US,US,pass,unknown,industry unknown
Lana,Ford,Lana Ford,Owner,Lunch,,linkedin.com/in/lana-ford-aa429b4,,C-Team,blitz,https://www.linkedin.com/company/lunch,Advertising Services,US,US,pass,unknown,industry unknown
Lanail,Allen Jr,Lanail Allen Jr,Managing Director Business Development,Apartments.com,apartments.com,linkedin.com/in/lanail-allen-jr-a67ba2236,,C-Team,blitz,https://www.linkedin.com/company/apartments-com,Advertising Services,US,US,pass,unknown,industry unknown
Lana,Lawrence,Lana Lawrence,"Vice President, Sales",Community Builders Advisory Services,,linkedin.com/in/lanalawrencetx,,VP,blitz,https://www.linkedin.com/company/community-builders-advisory-services,Market Research,US,US,pass,unknown,industry unknown
Lance,Gibbs,Lance Gibbs,Regional Sales Director,Laparkan Shipping,,linkedin.com/in/lance-gibbs-96a929139,,Director,blitz,https://www.linkedin.com/company/laparkan-shipping,Advertising Services,US,US,pass,unknown,industry unknown
Landon,Hair,Landon Hair,Chief Operating Officer,Marketing Alliance Group,mktalliance.com,linkedin.com/in/landon-hair-234908161,,C-Team,blitz,https://www.linkedin.com/company/marketing-alliance-group,Advertising Services,US,US,pass,unknown,industry unknown
"Langston ""DJ Scandalous""",Hunter,"Langston ""DJ Scandalous"" Hunter",Video Cameraman / Director / Editor / Color Grader,Breath Of Heaven,,linkedin.com/in/langston-dj-scandalous-hunter-12a213a3,,Director,blitz,https://www.linkedin.com/company/breath-of-heaven,Graphic Design,US,US,pass,unknown,industry unknown
Lara,Balcells,Lara Balcells,Growth & Account Director,HAMLET Strategic Makers,,linkedin.com/in/lara-balcells-413a65a,,Director,blitz,https://www.linkedin.com/company/hamlet-strategic-makers,Advertising Services,ES,ES,pass,unknown,industry unknown
Lara,Topping,Lara Topping,Senior Art Director,AGA Marketing & Design,,linkedin.com/in/lara-topping-958b51,,Director,blitz,https://www.linkedin.com/company/aga-marketing-&-design,Advertising Services,US,US,pass,unknown,industry unknown
Larry,Collie,Larry Collie,ceo,LPC Public Relations,,linkedin.com/in/larry-collie-44452234,,C-Team,blitz,https://www.linkedin.com/company/lpc-public-relations,Public Relations and Communications Services,US,US,pass,unknown,industry unknown
Larry,Dowd,Larry Dowd,DIRECTOR OF ASLES,CBC Media,,linkedin.com/in/larry-dowd-75a7797,,Director,blitz,https://www.linkedin.com/company/cbc-media,Design,US,US,pass,unknown,industry unknown
Larry,Kamer,Larry Kamer,"President, North America",Manning Selvage and Lee,,linkedin.com/in/larry-kamer-a9a241,,C-Team,blitz,https://www.linkedin.com/company/manning-selvage-and-lee,Public Relations and Communications Services,US,US,pass,unknown,industry unknown
Larry,Rupp,Larry Rupp,Founder,Navajo,,linkedin.com/in/larry-rupp-779aa02,,C-Team,blitz,https://www.linkedin.com/company/navajo,Advertising Services,US,US,pass,unknown,industry unknown
Larry,Shushan,Larry Shushan,Senior Vice President,Manning Selvage and Lee,,linkedin.com/in/larry-shushan-06a6a0,,VP,blitz,https://www.linkedin.com/company/manning-selvage-and-lee,Public Relations and Communications Services,US,US,pass,unknown,industry unknown
Lars,Forsberg,Lars Forsberg,Founder & CEO,Fabrika,,linkedin.com/in/lars-forsberg-77441a1,,C-Team,blitz,https://www.linkedin.com/company/fabrika,Advertising Services,DK,US,pass,unknown,industry unknown
Lars,Hodeige,Lars Hodeige,Art Director,Atletico International Advertising,,linkedin.com/in/lars-hodeige-97a4973,,Director,blitz,https://www.linkedin.com/company/atletico-international-advertising,Advertising Services,ES,ES,pass,unknown,industry unknown
Larysa,Dmytrenko,Larysa Dmytrenko,Project Group Director,Prospects Ukraine,,linkedin.com/in/larysa-dmytrenko-04455379,,Director,blitz,https://www.linkedin.com/company/prospects-ukraine,Advertising Services,PT,US,pass,unknown,industry unknown
Laura,Beddows,Laura Beddows,Chief Executive Officer,DMG,,linkedin.com/in/laura-beddows-859847293,,C-Team,blitz,https://www.linkedin.com/company/dmgmanchesterltd,Marketing Services,GB,GB,pass,unknown,industry unknown
Laura,Esteve Font,Laura Esteve Font,Directora Financiera,Pulsa Media,,linkedin.com/in/laura-esteve-font-69904b178,,Director,blitz,https://www.linkedin.com/company/pulsa-media-consulting,Advertising Services,ES,ES,pass,unknown,industry unknown
Laura,Gil Pinzon,Laura Gil Pinzon,Creative Director,Wanda Barcelona,,linkedin.com/in/laura-gil-pinzon-abb36a21,,Director,blitz,https://www.linkedin.com/company/wanda-barcelona,Design Services,ES,US,pass,unknown,industry unknown
Laura,Minnick,Laura Minnick,Director of Media Sales,AVA Advertising,,linkedin.com/in/laura-minnick-447614,,Director,blitz,https://www.linkedin.com/company/ava-advertising,Advertising Services,US,US,pass,unknown,industry unknown
Laura,Müller,Laura Müller,Director Media,Online Solutions Group GmbH,onlinesolutionsgroup.de,linkedin.com/in/laura-müller-58173b23,,Director,blitz,https://www.linkedin.com/company/online-solutions-group-gmbh,,DE,DE,pass,unknown,industry unknown
Laura,Ricaurte,Laura Ricaurte,Creative Director,Franca Studio,,linkedin.com/in/laura-ricaurte-60418115a,,Director,blitz,https://www.linkedin.com/company/franca-studio-s-l,Public Relations and Communications Services,ES,ES,pass,unknown,industry unknown
Laura,"Ruhge, PhD","Laura Ruhge, PhD","Director, Scientific Communications",Vaniam Group,vaniamgroup.com,linkedin.com/in/laura-ruhge-phd-a6196785,,Director,blitz,https://www.linkedin.com/company/vaniam-group,Advertising Services,US,US,pass,unknown,industry unknown
Laura,Seils,Laura Seils,Owner/operator,A Cut Above Beauty Salon,,linkedin.com/in/laura-seils-217282140,,C-Team,blitz,https://www.linkedin.com/company/a-cut-above-beauty-salon,Events Services,US,US,pass,unknown,industry unknown
Laura,"Hansen, SPHR","Laura Hansen, SPHR","VP, Talent Acquisition",Suzy,suzy.com,linkedin.com/in/lauraihansen,,VP,blitz,https://www.linkedin.com/company/asksuzy,Market Research,US,US,pass,unknown,industry unknown
Laura,Krain,Laura Krain,"Sr. Director, Media Planning",BPI Group,bpigroup.com,linkedin.com/in/laurakrain,,Director,blitz,https://www.linkedin.com/company/bully-pulpit-international,Advertising Services,US,US,pass,unknown,industry unknown
Laura,Ettinger,Laura Ettinger,"Director, Public Relations",Bellandi Group,bellandigroup.com,linkedin.com/in/lauralettinger,,Director,blitz,https://www.linkedin.com/company/bellandi-group,Advertising Services,US,US,pass,unknown,industry unknown
Laura,Vecchio,Laura Vecchio,Head of Operations,Arkage,welcometothearkage.com,linkedin.com/in/lauravecchio8,,Director,blitz,https://www.linkedin.com/company/arkage,,IT,IT,pass,unknown,industry unknown
Laureen,Trotto,Laureen Trotto,"Partner/Owner, Thin Air, LLC",Thin Air Inc,,linkedin.com/in/laureen-trotto-a9b126249,,C-Team,blitz,https://www.linkedin.com/company/thin-air-inc,Design Services,US,US,pass,unknown,industry unknown
Lauren,Gertz,Lauren Gertz,Owner,Sage Design,,linkedin.com/in/lauren-gertz-3512578,,C-Team,blitz,https://www.linkedin.com/company/sage-design,Advertising Services,US,US,pass,unknown,industry unknown
Lauren,Lanzi,Lauren Lanzi,"SVP, Commercial Lead",Suzy,suzy.com,linkedin.com/in/lauren-lanzi,,VP,blitz,https://www.linkedin.com/company/asksuzy,Market Research,US,US,pass,unknown,industry unknown
Lauren,Russell,Lauren Russell,"Head of Engagement, North America",PHMG,phmg.com,linkedin.com/in/lauren-russell-phmg,,Director,blitz,https://www.linkedin.com/company/phmg,Advertising Services,GB,GB,pass,unknown,industry unknown
Lauren,Suero,Lauren Suero,"Director - Social Media, Theatrical",Digital Media Management,digitalmediamanagement.com,linkedin.com/in/lauren-suero-59208a92,,Director,blitz,https://www.linkedin.com/company/digital-media-management,Advertising Services,US,US,pass,unknown,industry unknown
Lauren,Wagner,Lauren Wagner,Chief Executive Officer & Owner,Ascenture,,linkedin.com/in/laurenluella,,C-Team,blitz,https://www.linkedin.com/company/ascenture-io,Marketing Services,US,US,pass,unknown,industry unknown
Lauren,Hill,Lauren Hill,Owner & Creative Director,Love And Love,,linkedin.com/in/laurennicolehill,,C-Team,blitz,https://www.linkedin.com/company/love-and-love,Events Services,US,US,pass,unknown,industry unknown
Laurent,Coulloumme-Labarthe,Laurent Coulloumme-Labarthe,vice president of sales / partner,Brandstorm,,linkedin.com/in/laurent-coulloumme-labarthe-b5b9a6,,C-Team,blitz,https://www.linkedin.com/company/brandstorm,Advertising Services,US,US,pass,unknown,industry unknown
Laurent,Paquet,Laurent Paquet,CO-FONDATEUR DIRECTEUR,Central Park,,linkedin.com/in/laurent-paquet-89a0b510a,,C-Team,blitz,https://www.linkedin.com/company/central-park,Advertising Services,FR,US,pass,unknown,industry unknown
Laurent,Payet 🈴,Laurent Payet 🈴,Ceo,Saneki Studio,,linkedin.com/in/laurent-payet-saneki,,C-Team,blitz,https://www.linkedin.com/company/saneki-fr,Marketing Services,FR,US,pass,unknown,industry unknown
Laurie,Nichol,Laurie Nichol,Freelance Business Director,various,,linkedin.com/in/laurie-nichol-a1905224,,Director,blitz,https://www.linkedin.com/company/freelance-strategy,Advertising Services,GB,US,pass,unknown,industry unknown
Laurie,Sharp,Laurie Sharp,Owner,Sharp Events,,linkedin.com/in/laurie-sharp-29a6974,,C-Team,blitz,https://www.linkedin.com/company/sharp-events,Events Services,US,US,pass,unknown,industry unknown
Lavida,Samuel-McGhee,Lavida Samuel-McGhee,Owner,Abstract Concepts Inc.,,linkedin.com/in/lavida-samuel-mcghee-1674b1,,C-Team,blitz,https://www.linkedin.com/company/abstract-concepts-inc.,Advertising Services,US,US,pass,unknown,industry unknown
Lawrence,Bernicky,Lawrence Bernicky,Chief Financial Officer,Ocean Design,,linkedin.com/in/lawrence-bernicky-7a2a7911,,C-Team,blitz,https://www.linkedin.com/company/ocean-design,Design Services,US,US,pass,unknown,industry unknown
Lawrence,Hedmark,Lawrence Hedmark,Partner,QS Performance,,linkedin.com/in/lawrence-hedmark-0b123a205,,C-Team,blitz,https://www.linkedin.com/company/quality-sales-performance,Marketing Services,SE,SE,pass,unknown,industry unknown
Lawrence,Shapiro,Lawrence Shapiro,Account Director,chemistri,,linkedin.com/in/lawrence-shapiro-94512b1,,Director,blitz,https://www.linkedin.com/company/chemistri,Advertising Services,US,US,pass,unknown,industry unknown
Layne,Brown,Layne Brown,Owner,Design Farm,,linkedin.com/in/layne-brown-144a243,,C-Team,blitz,https://www.linkedin.com/company/design-farm,Design,US,US,pass,unknown,industry unknown
Lazare,Kerboua,Lazare Kerboua,Founder,Akïz,,linkedin.com/in/lazare-kerboua-635b69131,,C-Team,blitz,https://www.linkedin.com/company/ak%c3%afz,Advertising Services,FR,US,pass,unknown,industry unknown
Lynda,Dupont-Blackshaw,Lynda Dupont-Blackshaw,Fractional Chief Marketing Officer (CMO),The Marketing Centre,themarketingcentre.com,linkedin.com/in/ldblackshaw,,C-Team,blitz,https://www.linkedin.com/company/the-marketing-centre,,GB,GB,pass,unknown,industry unknown
Leah,Esper,Leah Esper,Co-Founder,Lemon Pop Agency,,linkedin.com/in/leahesper,,C-Team,blitz,https://www.linkedin.com/company/lemon-pop-agency,Marketing Services,US,US,pass,unknown,industry unknown
LeAnn,Reyes,LeAnn Reyes,CRO & Marketing Specialist,Soundview Communications,,linkedin.com/in/leannreyes,,C-Team,blitz,https://www.linkedin.com/company/soundview-communication-inc,Advertising Services,US,US,pass,unknown,industry unknown
Lea,Ramthun,Lea Ramthun,Fractional Marketing & Communications Director,Independent Contractor/Consultant,,linkedin.com/in/learamthun,,Director,blitz,https://www.linkedin.com/company/independent-contractor-consultant_2,Public Relations and Communications Services,US,GB,pass,unknown,industry unknown
"Lee,",Erika,"Lee, Erika",Owner,Daddy,,linkedin.com/in/lee-erika-7993905,,C-Team,blitz,https://www.linkedin.com/company/daddy,Advertising Services,US,SE,pass,unknown,industry unknown
Lee,Ginsberg,Lee Ginsberg,VP,PMK/HBH,,linkedin.com/in/lee-ginsberg-9a3ba77,,VP,blitz,https://www.linkedin.com/company/pmkhbh,Public Relations and Communications Services,US,US,pass,unknown,industry unknown
Lee,Mohan,Lee Mohan,Vice President of Sales,Marketing Alliance Group,mktalliance.com,linkedin.com/in/lee-mohan-8629831b3,,VP,blitz,https://www.linkedin.com/company/marketing-alliance-group,Advertising Services,US,US,pass,unknown,industry unknown
Lee,Sherman,Lee Sherman,"VP CIG, BI",aQuantive,,linkedin.com/in/lee-sherman-7722681,,VP,blitz,https://www.linkedin.com/company/aquantive,Advertising Services,US,US,pass,unknown,industry unknown
Lee,Witcher,Lee Witcher,"Vice President, Marketing Consultant",Database Marketing Solutions,,linkedin.com/in/leewitcher,,VP,blitz,https://www.linkedin.com/company/database-marketing-solutions,Advertising Services,US,US,pass,unknown,industry unknown
Leif,Andersson,Leif Andersson,Owner,Sund Kommunikation,,linkedin.com/in/leif-andersson-94044,,C-Team,blitz,https://www.linkedin.com/company/sund-kommunikation,Public Relations and Communications Services,DK,SE,pass,unknown,industry unknown
Leo,Castagnari,Leo Castagnari,Partner,King & Company Communications,,linkedin.com/in/leo-castagnari-a5a44b1a,,C-Team,blitz,https://www.linkedin.com/company/king-&-company-communications,Public Relations and Communications Services,US,US,pass,unknown,industry unknown
LEON,BLUM,LEON BLUM,DIRECTEUR,FS Communications,,linkedin.com/in/leon-blum-5aba2732,,Director,blitz,https://www.linkedin.com/company/fs-communications,Public Relations and Communications Services,FR,US,pass,unknown,industry unknown
Leona,Moore,Leona Moore,Owner,Tigre,,linkedin.com/in/leona-moore-8677906,,C-Team,blitz,https://www.linkedin.com/company/tigre,Advertising Services,US,US,pass,unknown,industry unknown
Leonard,Burton,Leonard Burton,VP Operations,"Feedback Plus, Inc.",,linkedin.com/in/leonard-burton-30591537,,VP,blitz,https://www.linkedin.com/company/feedback-plus-inc.,Market Research,US,US,pass,unknown,industry unknown
Leonard,Burton,Leonard Burton,VP Operations,"Feedback Plus, Inc.",,linkedin.com/in/leonard-burton-b5733140,,VP,blitz,https://www.linkedin.com/company/feedback-plus-inc.,Market Research,US,US,pass,unknown,industry unknown
Leonard,Leiste,Leonard Leiste,CEO,INVORA Group | macevent GmbH,,linkedin.com/in/leonard-leiste-2158b8223,,C-Team,blitz,https://www.linkedin.com/company/invora-group,Events Services,DE,DE,pass,unknown,industry unknown
Leonard,Tom,Leonard Tom,ceo,P.P.C.M. - Progressive People' s Cooperative Marketing,,linkedin.com/in/leonard-tom-013a741a,,C-Team,blitz,https://www.linkedin.com/company/p.p.c.m.---progressive-people'-s-cooperative-marketing,Advertising Services,US,LV,pass,unknown,industry unknown
Leonidas,Zacharatos,Leonidas Zacharatos,Owner of ZoúLou (Integrated Advertising Solutions),ZouLou,,linkedin.com/in/leonidas-zacharatos-17574a2a,,C-Team,blitz,https://www.linkedin.com/company/zoulouadvertising,Advertising Services,GR,GR,pass,unknown,industry unknown
Les,Bean,Les Bean,Owner,BS Central Inc.,,linkedin.com/in/les-bean-2922719a,,C-Team,blitz,https://www.linkedin.com/company/roosevelt-valley-special-education-co-op,Graphic Design,US,US,pass,unknown,industry unknown
Leslie,Dillon,Leslie Dillon,exec. vp,U,,linkedin.com/in/leslie-dillon-486a301,,VP,blitz,https://www.linkedin.com/company/universal-survey-center,Market Research,US,US,pass,unknown,industry unknown
Leslie,Drake,Leslie Drake,"VP, Human Resources",Interlink Healthcare Communications,,linkedin.com/in/leslie-drake-9488444,,VP,blitz,https://www.linkedin.com/company/interlink-healthcare-communications,Advertising Services,US,US,pass,unknown,industry unknown
Leslie,Toussaint-Weyh,Leslie Toussaint-Weyh,Clinical Director,FLA Orthopedics,,linkedin.com/in/leslie-toussaint-weyh-04772232,,Director,blitz,https://www.linkedin.com/company/fla-orthopedics,Advertising Services,US,US,pass,unknown,industry unknown
lesly bienveenue,mbang mengue,lesly bienveenue mbang mengue,Auto entrepreneur en parfumerie,Moi-meme,,linkedin.com/in/lesly-bienveenue-mbang-mengue-2b15a224b,,C-Team,blitz,https://www.linkedin.com/company/moi-meme,Graphic Design,FR,FR,pass,unknown,industry unknown
leticia,García-Valcarcel García,leticia García-Valcarcel García,Directora de Operaciones tv/ctv y audiencias,Pulsa Media,,linkedin.com/in/leticia-garcía-valcarcel-garcía-34b3882a,,Director,blitz,https://www.linkedin.com/company/pulsa-media-consulting,Advertising Services,ES,ES,pass,unknown,industry unknown
Lew,Lew de Seife,Lew Lew de Seife,VP Trade Marketing,The Guild Group,,linkedin.com/in/lew-lew-de-seife-350537,,VP,blitz,https://www.linkedin.com/company/the-guild-group,Advertising Services,US,US,pass,unknown,industry unknown
Lewis,Cliffe,Lewis Cliffe,Head of Sales - North America,PHMG,phmg.com,linkedin.com/in/lewis-cliffe-59a971b4,,Director,blitz,https://www.linkedin.com/company/phmg,Advertising Services,GB,GB,pass,unknown,industry unknown
,,,Director Of Public Affairs,Natick Soldier Center,,linkedin.com/in/lexichiron,,Director,blitz,https://www.linkedin.com/company/natick-soldier-center,Design,US,US,pass,unknown,industry unknown
Lexie,O'Dowd Heil,Lexie O'Dowd Heil,Co-Founder,Follow the Bride,,linkedin.com/in/lexie-o-dowd-heil-878068b9,,C-Team,blitz,https://www.linkedin.com/company/follow-the-bride,Marketing Services,US,US,pass,unknown,industry unknown
Liam,Corbett,Liam Corbett,Restaurant Owner,Market Place,,linkedin.com/in/liam-corbett-236b7374,,C-Team,blitz,https://www.linkedin.com/company/market-place,Events Services,IE,FR,pass,unknown,industry unknown
Liam,Parker,Liam Parker,Client Success Director,PHMG,phmg.com,linkedin.com/in/liam-parker94,,Director,blitz,https://www.linkedin.com/company/phmg,Advertising Services,GB,GB,pass,unknown,industry unknown
Lianne,Bollinger,Lianne Bollinger,Partner,BPI Group,bpigroup.com,linkedin.com/in/lianne-bollinger-a23bbb4,,C-Team,blitz,https://www.linkedin.com/company/bully-pulpit-international,Advertising Services,US,US,pass,unknown,industry unknown
Libby,Nolan,Libby Nolan,Audio Brand Director,PHMG,phmg.com,linkedin.com/in/libby-nolan-9865b69b,,Director,blitz,https://www.linkedin.com/company/phmg,Advertising Services,GB,GB,pass,unknown,industry unknown
Lila,Petett,Lila Petett,Owner,The Red Group,,linkedin.com/in/lila-petett-897b913,,C-Team,blitz,https://www.linkedin.com/company/the-red-group,Advertising Services,US,US,pass,unknown,industry unknown
Lillie,Caporlingua,Lillie Caporlingua,Art Director,Bill Smith Studio,,linkedin.com/in/lillie-caporlingua-254b973,,Director,blitz,https://www.linkedin.com/company/bill-smith-studio,Design Services,US,US,pass,unknown,industry unknown
Lina,lina,Lina lina,Entrepreneur,Moi-meme,,linkedin.com/in/lina-lina-9924a5294,,C-Team,blitz,https://www.linkedin.com/company/moi-meme,Graphic Design,FR,FR,pass,unknown,industry unknown
Linda,Caldwell,Linda Caldwell,Owner,In the Spotlight,,linkedin.com/in/linda-caldwell-8530997,,C-Team,blitz,https://www.linkedin.com/company/in-the-spotlight,Public Relations and Communications Services,US,US,pass,unknown,industry unknown
Linda,Embrey,Linda Embrey,VP Account Supervisor,VSM Advertising,,linkedin.com/in/linda-embrey-00ab914,,VP,blitz,https://www.linkedin.com/company/vsm-advertising,Advertising Services,US,US,pass,unknown,industry unknown
linda,hooper,linda hooper,Salon Owner/Sylist,STUDIO L,,linkedin.com/in/linda-hooper-20928b2a,,C-Team,blitz,https://www.linkedin.com/company/studio-l,Advertising Services,US,US,pass,unknown,industry unknown
Linda,Moore,Linda Moore,Owner,Moore Communications,,linkedin.com/in/linda-moore-62bb2b11,,C-Team,blitz,https://www.linkedin.com/company/moore-communications,Advertising Services,GB,US,pass,unknown,industry unknown
Linda,Overgoor,Linda Overgoor,Owner Interieurarchitect/ industrieelontwerper,LINDESIGN,,linkedin.com/in/linda-overgoor-21312014,,C-Team,blitz,https://www.linkedin.com/company/lindesign,Design Services,NL,US,pass,unknown,industry unknown
Linda,Spaulding,Linda Spaulding,Owner Advantage Public Relations,Public Relations Partners,,linkedin.com/in/linda-spaulding-a1028240,,C-Team,blitz,https://www.linkedin.com/company/public-relations-partners,Public Relations and Communications Services,US,US,pass,unknown,industry unknown
Lindsay,Ball,Lindsay Ball,Part-time  Marketing Director -  Eaton Homecare,The Marketing Centre,themarketingcentre.com,linkedin.com/in/lindsay-ball-9145b614,,Director,blitz,https://www.linkedin.com/company/the-marketing-centre,Advertising Services,GB,GB,pass,unknown,industry unknown
Lindsay,"Mazzocco, FCX-I","Lindsay Mazzocco, FCX-I","VP, Revenue Operations",FMG Suite,fmgsuite.com,linkedin.com/in/lindsaymazzocco,,VP,blitz,https://www.linkedin.com/company/fmg-suite,Advertising Services,US,US,pass,unknown,industry unknown
Lindy,Stalder,Lindy Stalder,Owner,Green Advertising,,linkedin.com/in/lindy-stalder-b11243a,,C-Team,blitz,https://www.linkedin.com/company/green-advertising,Advertising Services,US,US,pass,unknown,industry unknown
Linh (Linus),Nguyen,Linh (Linus) Nguyen,Strategy Director cum Founder,Brandia,,linkedin.com/in/linh-linus-nguyen-28bb0519,,C-Team,blitz,https://www.linkedin.com/company/brandia,Advertising Services,SE,PT,pass,unknown,industry unknown
Lionel,Maestri,Lionel Maestri,Owner,MBC Direct,,linkedin.com/in/lionel-maestri-9b2a451,,C-Team,blitz,https://www.linkedin.com/company/mbc-direct,Advertising Services,ES,US,pass,unknown,industry unknown
Lisa,Amatiello,Lisa Amatiello,VD,1.1.3,,linkedin.com/in/lisa-amatiello-3554a6,,C-Team,blitz,https://www.linkedin.com/company/1.1.3,Advertising Services,SE,SE,pass,unknown,industry unknown
Lisa,Attalla,Lisa Attalla,Director of Operations,Age of Travel,,linkedin.com/in/lisa-attalla-969a3a20,,Director,blitz,https://www.linkedin.com/company/age-of-travel,Events Services,US,US,pass,unknown,industry unknown
Lisa,Aussems,Lisa Aussems,"Owner, stylist",Awesome Hair Salon,,linkedin.com/in/lisa-aussems-512a05b6,,C-Team,blitz,https://www.linkedin.com/company/awesome-hair-salon,Design,US,US,pass,unknown,industry unknown
Lisa,Carnie,Lisa Carnie,Owner/mgr,DTH,,linkedin.com/in/lisa-carnie-59548365,,C-Team,blitz,https://www.linkedin.com/company/dth,Advertising Services,US,US,pass,unknown,industry unknown
Lisa,Chu,Lisa Chu,Owner,Epiphany Media,,linkedin.com/in/lisa-chu-a677b63,,C-Team,blitz,https://www.linkedin.com/company/epiphany-media,Advertising Services,US,US,pass,unknown,industry unknown
Lisa,Day,Lisa Day,Executive Vice President of Sales,Marketing Alliance Group,mktalliance.com,linkedin.com/in/lisa-day-a329b79,,VP,blitz,https://www.linkedin.com/company/marketing-alliance-group,Advertising Services,US,US,pass,unknown,industry unknown
Lisa,Forrest,Lisa Forrest,owner/florist,Eden,,linkedin.com/in/lisa-forrest-22b517a7,,C-Team,blitz,https://www.linkedin.com/company/eden,Design Services,US,NL,pass,unknown,industry unknown
Lisa,Joos,Lisa Joos,CFO and Co-owner,Vulpine Marketing,vulpinemarketing.com,linkedin.com/in/lisa-joos-3a759a4b,,C-Team,blitz,https://www.linkedin.com/company/vulpinemarketing,Advertising Services,US,US,pass,unknown,industry unknown
Lisa,Lederer,Lisa Lederer,President,PR Solutions,,linkedin.com/in/lisa-lederer-1a74875,,C-Team,blitz,https://www.linkedin.com/company/pr-solutions,Public Relations and Communications Services,US,US,pass,unknown,industry unknown
Lisa,Levin,Lisa Levin,Production Director,Marketing Magic Advertising,,linkedin.com/in/lisa-levin-52b5593,,Director,blitz,https://www.linkedin.com/company/marketing-magic-advertising,Advertising Services,US,US,pass,unknown,industry unknown
Lisa,Mcqueeney Dillon,Lisa Mcqueeney Dillon,Director of Sales,Apartments.com,apartments.com,linkedin.com/in/lisa-mcqueeney-dillon-2431447,,Director,blitz,https://www.linkedin.com/company/apartments-com,Advertising Services,US,US,pass,unknown,industry unknown
Lisa,Robbins,Lisa Robbins,VP Public Relations,Brady Marketing Group,,linkedin.com/in/lisa-robbins-1380121,,VP,blitz,https://www.linkedin.com/company/brady-marketing-group,Advertising Services,US,US,pass,unknown,industry unknown
Lisa,Salazar - Lopez,Lisa Salazar - Lopez,Owner,Family Daycare Provider,,linkedin.com/in/lisa-salazar-lopez-2aa02b2bb,,C-Team,blitz,https://www.linkedin.com/company/family-daycare-provider,Public Relations and Communications Services,US,US,pass,unknown,industry unknown
Lisa,Velenovsky,Lisa Velenovsky,Sr. VP,Media Options,,linkedin.com/in/lisa-velenovsky-398261,,VP,blitz,https://www.linkedin.com/company/media-options,Advertising Services,US,US,pass,unknown,industry unknown
Lisa,Abrego,Lisa Abrego,Senior Director,BPI Group,bpigroup.com,linkedin.com/in/lisaabrego,,Director,blitz,https://www.linkedin.com/company/bully-pulpit-international,Advertising Services,US,US,pass,unknown,industry unknown
Lise,Karstensen,Lise Karstensen,Board Member,DI Digital,,linkedin.com/in/lise-karstensen-26510b6,,Director,blitz,https://www.linkedin.com/company/di-digital,Advertising Services,DK,US,pass,unknown,industry unknown
lissa,chapdelaine,lissa chapdelaine,CEO,e.d.s.dezign,,linkedin.com/in/lissa-chapdelaine-87959b1a,,C-Team,blitz,https://www.linkedin.com/company/e.d.s.dezign,Design,US,US,pass,unknown,industry unknown
Liz,Dobbins,Liz Dobbins,Self employed daycare owner,Family Daycare Provider,,linkedin.com/in/liz-dobbins-704b97263,,C-Team,blitz,https://www.linkedin.com/company/family-daycare-provider,Public Relations and Communications Services,US,US,pass,unknown,industry unknown
Liz,"Norman, SPHR","Liz Norman, SPHR",Vice President of People,FMG Suite,fmgsuite.com,linkedin.com/in/liz-norman-sphr,,VP,blitz,https://www.linkedin.com/company/fmg-suite,Advertising Services,US,US,pass,unknown,industry unknown
Liza,Lovallo,Liza Lovallo,Director,Trilegiant,,linkedin.com/in/liza-lovallo-966ab0,,Director,blitz,https://www.linkedin.com/company/trilegiant,Advertising Services,US,US,pass,unknown,industry unknown
Liza,Robbins,Liza Robbins,Managing Director,Romeike,,linkedin.com/in/liza-robbins-4327481,,C-Team,blitz,https://www.linkedin.com/company/romeike,Public Relations and Communications Services,GB,GB,pass,unknown,industry unknown
Lizbeth,Hoyos,Lizbeth Hoyos,Director of Account Management,Suzy,suzy.com,linkedin.com/in/lizbethhoyos,,Director,blitz,https://www.linkedin.com/company/asksuzy,Market Research,US,US,pass,unknown,industry unknown
Liz,VanderWyden,Liz VanderWyden,"Executive Director, Client Services",Vaniam Group,vaniamgroup.com,linkedin.com/in/lizvanderwyden,,Director,blitz,https://www.linkedin.com/company/vaniam-group,Advertising Services,US,US,pass,unknown,industry unknown
Lizzie,Walls,Lizzie Walls,Competitive Director,Rohnert Park Gymnastics,,linkedin.com/in/lizzie-walls-8920a526a,,Director,blitz,https://www.linkedin.com/company/rohnert-park-gymnastics,Advertising Services,US,US,pass,unknown,industry unknown
Lloyd,Hunt,Lloyd Hunt,VP Sales,MetroSource,,linkedin.com/in/lloyd-hunt-0040166,,VP,blitz,https://www.linkedin.com/company/metrosource,Advertising Services,US,US,pass,unknown,industry unknown
Lloyd,Sanders,Lloyd Sanders,President,BS Central Inc.,,linkedin.com/in/lloyd-sanders-576169166,,C-Team,blitz,https://www.linkedin.com/company/roosevelt-valley-special-education-co-op,Graphic Design,US,US,pass,unknown,industry unknown
Lloyd,Young,Lloyd Young,Media Development Director,PHMG,phmg.com,linkedin.com/in/lloyd-young-b7834b101,,Director,blitz,https://www.linkedin.com/company/phmg,Advertising Services,GB,GB,pass,unknown,industry unknown
Logan,Sossman,Logan Sossman,Director,FutureTech Consulting,,linkedin.com/in/logan-sossman-197a4a1,,Director,blitz,https://www.linkedin.com/company/futuretech-consulting,Public Relations and Communications Services,US,US,pass,unknown,industry unknown
Lohan,Presencer,Lohan Presencer,Executive Chairman,Ministry of Sound,ministryofsound.com,linkedin.com/in/lohan-presencer-37a8793,,C-Team,blitz,https://www.linkedin.com/company/ministry-of-sound,,GB,GB,pass,unknown,industry unknown
Lola,Baquero Serra,Lola Baquero Serra,Head of Magazine - Board Member,ESADE Fashion,,linkedin.com/in/lola-baquero-serra-768129250,,Director,blitz,https://www.linkedin.com/company/esade-fashion,Events Services,ES,ES,pass,unknown,industry unknown
Lona,Lewis,Lona Lewis,CEO,AIP Solutions,,linkedin.com/in/lona-lewis-39549283,,C-Team,blitz,https://www.linkedin.com/company/aip-solutions,Design Services,US,US,pass,unknown,industry unknown
Jennifer,Long,Jennifer Long,"Principal, Chief Branding Officer",Long Design,,linkedin.com/in/longdesignbranding,,C-Team,blitz,https://www.linkedin.com/company/long-design,Graphic Design,US,US,pass,unknown,industry unknown
Lorenz,Goldnagl,Lorenz Goldnagl,Gründer,Bizkit,,linkedin.com/in/lorenz-goldnagl-3b96111a2,,C-Team,blitz,https://www.linkedin.com/company/bizkit,Advertising Services,AT,SE,pass,unknown,industry unknown
Lorenzo,Corrubolo,Lorenzo Corrubolo,Head of Service Operations,LA CASA DEI SAPORI S.R.L.,,linkedin.com/in/lorenzo-corrubolo-8b1a09331,,Director,blitz,https://www.linkedin.com/company/la-casa-dei-sapori-s.r.l.,Events Services,IT,IT,pass,unknown,industry unknown
Loretta,Mirro,Loretta Mirro,President,IntroMarketing,,linkedin.com/in/loretta-mirro-047478123,,C-Team,blitz,https://www.linkedin.com/company/intromarketing,Advertising Services,US,US,pass,unknown,industry unknown
Loretta,Stotter,Loretta Stotter,Vice President Client Services,The Marketing Edge,,linkedin.com/in/loretta-stotter-588889,,VP,blitz,https://www.linkedin.com/company/the-marketing-edge,Advertising Services,US,US,pass,unknown,industry unknown
Lori,Atkins,Lori Atkins,IT Director,Marketing Alliance Group,mktalliance.com,linkedin.com/in/lori-atkins-2bb5b65,,Director,blitz,https://www.linkedin.com/company/marketing-alliance-group,Advertising Services,US,US,pass,unknown,industry unknown
Lori,Bitter,Lori Bitter,Senior Partner,JWT BOOM,,linkedin.com/in/lori-bitter-a973703,,C-Team,blitz,https://www.linkedin.com/company/jwt-boom,Advertising Services,US,US,pass,unknown,industry unknown
Lori,Burris,Lori Burris,Director of Inside Sales,Footprint Marketing,,linkedin.com/in/lori-burris-3383021,,Director,blitz,https://www.linkedin.com/company/footprint-marketing,Advertising Services,US,US,pass,unknown,industry unknown
Lori,Glenn,Lori Glenn,Vice President of Sales,PHMG,phmg.com,linkedin.com/in/lori-glenn-71a91913,,VP,blitz,https://www.linkedin.com/company/phmg,,US,GB,pass,unknown,industry unknown
Lori,Puckett,Lori Puckett,Production/Creative Director,Independent Contractor/Consultant,,linkedin.com/in/lori-puckett-a3b1a762,,Director,blitz,https://www.linkedin.com/company/independent-contractor-consultant_2,Public Relations and Communications Services,US,GB,pass,unknown,industry unknown
Lori,Steadman,Lori Steadman,Owner,Steadman,,linkedin.com/in/lori-steadman-067b766,,C-Team,blitz,https://www.linkedin.com/company/steadman,Advertising Services,US,US,pass,unknown,industry unknown
Lottie,Williams,Lottie Williams,Agency Director,LUYA,luya.co.uk,linkedin.com/in/lottie-williams-5414805a,,Director,blitz,https://www.linkedin.com/company/luya-agency,Public Relations and Communications Services,GB,GB,pass,unknown,industry unknown
Lou,Thompson,Lou Thompson,Partner,Beacon Advisors,,linkedin.com/in/lou-thompson-5a2b7ab,,C-Team,blitz,https://www.linkedin.com/company/beacon-advisors,Public Relations and Communications Services,US,US,pass,unknown,industry unknown
Louis,Capozzi,Louis Capozzi,CEO,Manning Selvage and Lee,,linkedin.com/in/louis-capozzi-91a38b,,C-Team,blitz,https://www.linkedin.com/company/manning-selvage-and-lee,Public Relations and Communications Services,US,US,pass,unknown,industry unknown
Love,Saving Vintage,Love Saving Vintage,Owner,A Little Of Everything,,linkedin.com/in/love-saving-vintage-11aa879a,,C-Team,blitz,https://www.linkedin.com/company/a-little-of-everything,Events Services,US,US,pass,unknown,industry unknown
Luigi,Picarazzi,Luigi Picarazzi,President,Digital Media Management,digitalmediamanagement.com,linkedin.com/in/lpicarazzi,,C-Team,blitz,https://www.linkedin.com/company/digital-media-management,Advertising Services,US,US,pass,unknown,industry unknown
Larry,Meadows,Larry Meadows,"Senior Director, Data Science",BPI Group,bpigroup.com,linkedin.com/in/lrrymdws,,Director,blitz,https://www.linkedin.com/company/bully-pulpit-international,Advertising Services,US,US,pass,unknown,industry unknown
Luc,De Ridder,Luc De Ridder,Owner,Lunch,,linkedin.com/in/luc-de-ridder-23109b6,,C-Team,blitz,https://www.linkedin.com/company/lunch,Advertising Services,BE,US,pass,unknown,industry unknown
Luc,Peters,Luc Peters,Owner,Precision Media,,linkedin.com/in/luc-peters-23ba3b4,,C-Team,blitz,https://www.linkedin.com/company/precision-media,Advertising Services,RO,US,pass,unknown,industry unknown
luca,ornella,luca ornella,titolare,Moi-meme,,linkedin.com/in/luca-ornella-5511903b,,C-Team,blitz,https://www.linkedin.com/company/moi-meme,Graphic Design,FR,FR,pass,unknown,industry unknown
Luca,Pesenti,Luca Pesenti,Proprietario di azienda,Facebook Marketing,,linkedin.com/in/lucapesentiquantumgrowth,,C-Team,blitz,https://www.linkedin.com/company/facebook-marketingbd,Marketing Services,IT,US,pass,unknown,industry unknown
Lucas,Dowling-Kennedy,Lucas Dowling-Kennedy,Head of Sales,PHMG,phmg.com,linkedin.com/in/lucas-dowling-kennedy-254037144,,Director,blitz,https://www.linkedin.com/company/phmg,Advertising Services,US,GB,pass,unknown,industry unknown
Lucas,Jacob,Lucas Jacob,Head of Content,NTH,,linkedin.com/in/lucas-jacob-63418a138,,Director,blitz,https://www.linkedin.com/company/nthx,Advertising Services,FR,FR,pass,unknown,industry unknown
Lucas,Jans,Lucas Jans,Senior Vice President of Product Management,FMG Suite,fmgsuite.com,linkedin.com/in/lucasjans,,VP,blitz,https://www.linkedin.com/company/fmg-suite,Advertising Services,US,US,pass,unknown,industry unknown
Lucas,Robinson,Lucas Robinson,Founder & CEO,WebLife,goweblife.com,linkedin.com/in/lucasrobinson,,C-Team,blitz,https://www.linkedin.com/company/goweblife,Market Research,US,US,pass,unknown,industry unknown
Lucciano,Stone,Lucciano Stone,"Executive Producer, Production Director - Experiential Events",Freelance/Self-Employed,,linkedin.com/in/luccianostone,,Director,blitz,https://www.linkedin.com/company/freelance-theatre,Events Services,US,GB,pass,unknown,industry unknown
Lucretia,Kuijpers,Lucretia Kuijpers,Founder/Owner,Lucretia,,linkedin.com/in/lucretia-kuijpers-851a3217,,C-Team,blitz,https://www.linkedin.com/company/lucretia,Design Services,NL,NL,pass,unknown,industry unknown
Lucy,Borne,Lucy Borne,Vice President Of Professional Services,FMG Suite,fmgsuite.com,linkedin.com/in/lucy-borne,,VP,blitz,https://www.linkedin.com/company/fmg-suite,Advertising Services,US,US,pass,unknown,industry unknown
Lucy,Carpenter,Lucy Carpenter,West Country & Wales Regional Director | Senior Marketing Leader,The Marketing Centre,themarketingcentre.com,linkedin.com/in/lucy-carpenter-0701a83b,,Director,blitz,https://www.linkedin.com/company/the-marketing-centre,Advertising Services,GB,GB,pass,unknown,industry unknown
Lucy,Drennan,Lucy Drennan,Head of A&R,PHMG,phmg.com,linkedin.com/in/lucy-drennan-964615a2,,Director,blitz,https://www.linkedin.com/company/phmg,Advertising Services,GB,GB,pass,unknown,industry unknown
Lucy,Hogarth,Lucy Hogarth,Founder,The Marketing Centre,themarketingcentre.com,linkedin.com/in/lucyhogarth,,C-Team,blitz,https://www.linkedin.com/company/the-marketing-centre,,GB,GB,pass,unknown,industry unknown
luigi,banducci,luigi banducci,retire salf employ vice president,Creative Industries,,linkedin.com/in/luigi-banducci-42571a74,,VP,blitz,https://www.linkedin.com/company/creative-industries,Design Services,US,BE,pass,unknown,industry unknown
Luis,García-Purriños Martínez-Lozano,Luis García-Purriños Martínez-Lozano,Junior Art Director,Ernest,,linkedin.com/in/luis-garcía-purriños-martínez-lozano-bb438b26a,,Director,blitz,https://www.linkedin.com/company/holaernest,Advertising Services,ES,ES,pass,unknown,industry unknown
Luis,Hernandez,Luis Hernandez,Senior Partner,Defense Strategies Institute,dsigroup.org,linkedin.com/in/luis-hernandez-7483149,,C-Team,blitz,https://www.linkedin.com/company/defense-strategies-institute,Events Services,US,US,pass,unknown,industry unknown
Luis,Jota,Luis Jota,Diretor de vendas,Face Time,,linkedin.com/in/luis-jota-68572a140,,Director,blitz,https://www.linkedin.com/company/face-time,Advertising Services,PT,US,pass,unknown,industry unknown
Luisa,Di Lecce,Luisa Di Lecce,Senior Art Director,Brera21,,linkedin.com/in/luisa-di-lecce,,Director,blitz,https://www.linkedin.com/company/brera21,Events Services,CH,IT,pass,unknown,industry unknown
Luisa,Gaviria,Luisa Gaviria,Marketing Director,HYP Network,,linkedin.com/in/luisa-gaviria-1ab8a65,,Director,blitz,https://www.linkedin.com/company/hyp-network,Advertising Services,US,US,pass,unknown,industry unknown
Lukas,Labanc,Lukas Labanc,Founder & Director,ALEA,,linkedin.com/in/lukas-labanc,,C-Team,blitz,https://www.linkedin.com/company/aleadesign,Design Services,ES,US,pass,unknown,industry unknown
Luke,Howell,Luke Howell,VP of Engineering,Suzy,suzy.com,linkedin.com/in/lukehowelldev,,VP,blitz,https://www.linkedin.com/company/asksuzy,Market Research,US,US,pass,unknown,industry unknown
Luz,Arriola,Luz Arriola,Human Resources Director,Marketing Alliance Group,mktalliance.com,linkedin.com/in/luz-arriola-5a1913263,,Director,blitz,https://www.linkedin.com/company/marketing-alliance-group,Advertising Services,US,US,pass,unknown,industry unknown
Lynda,Goldman,Lynda Goldman,Owner,Media Group,,linkedin.com/in/lynda-goldman-a2a3012,,C-Team,blitz,https://www.linkedin.com/company/media-group,Advertising Services,US,US,pass,unknown,industry unknown
Lynda,Wieland,Lynda Wieland,Director of Client Technical Services,PHMG,phmg.com,linkedin.com/in/lynda-wieland-5b40422,,Director,blitz,https://www.linkedin.com/company/phmg,Advertising Services,GB,GB,pass,unknown,industry unknown
Lynn,Costomiris,Lynn Costomiris,VP/Director of Desogm,Al Paul Lefton Co.,,linkedin.com/in/lynn-costomiris-37a66641,,VP,blitz,https://www.linkedin.com/company/al-paul-lefton-co.,Advertising Services,US,US,pass,unknown,industry unknown
Lynn,Hughes,Lynn Hughes,Owner,Taking Care of Business,,linkedin.com/in/lynn-hughes-12095a9,,C-Team,blitz,https://www.linkedin.com/company/taking-care-of-business,Advertising Services,US,NL,pass,unknown,industry unknown
Lynn,Russell,Lynn Russell,President,BS Central Inc.,,linkedin.com/in/lynn-russell-543a9277,,C-Team,blitz,https://www.linkedin.com/company/roosevelt-valley-special-education-co-op,Graphic Design,US,US,pass,unknown,industry unknown
Lysa,Nicely,Lysa Nicely,Head of Property Compliance,Origin Housing,,linkedin.com/in/lysa-nicely-9b25a02a1,,Director,blitz,https://www.linkedin.com/company/curious-test,Design Services,GB,US,pass,unknown,industry unknown
M Nieves,Diaz,M Nieves Diaz,Co-Chief Executive Officer,La Vina Restaurant,,linkedin.com/in/m-nieves-diaz-715708183,,C-Team,blitz,https://www.linkedin.com/company/la-vina-restaurant,Advertising Services,ES,US,pass,unknown,industry unknown
Maciej,Ufnalewski,Maciej Ufnalewski,"Art director, graphic designer, drawer",Creative Freelaner,,linkedin.com/in/maciej-ufnalewski-a8622a5a,,Director,blitz,https://www.linkedin.com/company/creative-freelaner,Design Services,PL,GB,pass,unknown,industry unknown
Mackenzie,Attridge,Mackenzie Attridge,Account Director,Domino Media Group,dominomediagroup.com,linkedin.com/in/mackenzie-attridge-116175129,,Director,blitz,https://www.linkedin.com/company/domino-media-group,Public Relations and Communications Services,US,US,pass,unknown,industry unknown
Madeline,Gross,Madeline Gross,Marketing Director,Old Daley Inn Catering Co,,linkedin.com/in/madeline-gross-07a47b42,,Director,blitz,https://www.linkedin.com/company/old-daley-inn-catering-co,Events Services,US,US,pass,unknown,industry unknown
Madison,Young,Madison Young,Small Business Owner,I wish I was Redbubble!,,linkedin.com/in/madison-young-49ab87200,,C-Team,blitz,https://www.linkedin.com/company/notrb,Design Services,US,US,pass,unknown,industry unknown
Mae,Gilman,Mae Gilman,Business Owner,Biker Zone,,linkedin.com/in/mae-gilman-b95988191,,C-Team,blitz,https://www.linkedin.com/company/biker-zone,Advertising Services,US,US,pass,unknown,industry unknown
Miguel Ángel,Jiménez Framilio,Miguel Ángel Jiménez Framilio,Chief Operations Officer,Mediacore Solutions,mediacore.es,linkedin.com/in/maframilio,,C-Team,blitz,https://www.linkedin.com/company/mediacore-solutions,,ES,ES,pass,unknown,industry unknown
Magda,Piotrowska,Magda Piotrowska,Group Account Director,Testardo Red Cell,,linkedin.com/in/magda-piotrowska-2261b32,,Director,blitz,https://www.linkedin.com/company/testardo-red-cell,Advertising Services,PL,PL,pass,unknown,industry unknown
Magdalena,Frydrych-Ziober,Magdalena Frydrych-Ziober,Dyrektor Operacyjny i Logistyki,Bimax Print Ltd.,,linkedin.com/in/magdalena-frydrych-ziober-73399b13b,,Director,blitz,https://www.linkedin.com/company/bimax-print-ltd,Advertising Services,PL,PL,pass,unknown,industry unknown
Magdalena,Karas,Magdalena Karas,Group Account Director,Tequila Polska,,linkedin.com/in/magdalena-karas-3400302,,Director,blitz,https://www.linkedin.com/company/tequila-polska,Advertising Services,PL,PL,pass,unknown,industry unknown
Maggie,Todd,Maggie Todd,Sales Director,803 Productions,,linkedin.com/in/maggie-todd-1421212,,Director,blitz,https://www.linkedin.com/company/803-productions,Advertising Services,US,US,pass,unknown,industry unknown
Muhammad,Ahmer Shahid,Muhammad Ahmer Shahid,Art Director,Fiverr and Upwork Freelancers (Buyers and Sellers),,linkedin.com/in/mahmershahid,,Director,blitz,https://www.linkedin.com/company/fiverr-and-upwork-freelancers-buyers-and-sellers,Advertising Services,US,US,pass,unknown,industry unknown
Maia,Tilly,Maia Tilly,Art Director,BPI Group,bpigroup.com,linkedin.com/in/maia-tilly-4ab840175,,Director,blitz,https://www.linkedin.com/company/bully-pulpit-international,Advertising Services,US,US,pass,unknown,industry unknown
Maiarosa,Schiavone,Maiarosa Schiavone,Titolare Studio Grafico Pubblicitario,PUBLIGRAF,,linkedin.com/in/maiarosa-schiavone-302344190,,C-Team,blitz,https://www.linkedin.com/company/publigraf,Advertising Services,IT,IT,pass,unknown,industry unknown
Maisie,Collier,Maisie Collier,Founder,WE ARE MILKY,,linkedin.com/in/maisie-collier-022876152,,C-Team,blitz,,,GB,GB,pass,unknown,industry unknown
Maite,Terrones,Maite Terrones,Owner,Ideaplus,,linkedin.com/in/maite-terrones-28662b2,,C-Team,blitz,https://www.linkedin.com/company/ideaplus,Market Research,ES,US,pass,unknown,industry unknown
Maksim,Krdzic,Maksim Krdzic,Chief Financial Officer,Maxim Media Plus,,linkedin.com/in/maksim-krdzic-100510324,,C-Team,blitz,https://www.linkedin.com/company/maxim-media-plus,Marketing Services,RS,US,pass,unknown,industry unknown
Mala,Subramaniam,Mala Subramaniam,President/Founder,MKTI,,linkedin.com/in/mala-subramaniam-4766673,,C-Team,blitz,https://www.linkedin.com/company/mkti,Market Research,US,US,pass,unknown,industry unknown
Malo,Herve,Malo Herve,Co-fondateur,Emrald,,linkedin.com/in/malo-herve-910399204,,C-Team,blitz,https://www.linkedin.com/company/emrald,Public Relations and Communications Services,FR,FR,pass,unknown,industry unknown
Malte,Oschlies,Malte Oschlies,Head of Data Product & AI,joviva.de,joviva.de,linkedin.com/in/malte-oschlies-0981779a,,Director,blitz,https://www.linkedin.com/company/joviva-de,,DE,DE,pass,unknown,industry unknown
Manaham,Parvez,Manaham Parvez,Chief Operating Officer,Cross Communication Inc,,linkedin.com/in/manahamparvez,,C-Team,blitz,https://www.linkedin.com/company/cross-communication-inc,Advertising Services,US,US,pass,unknown,industry unknown
manno,marabou,manno marabou,CEO,Marabou,,linkedin.com/in/manno-marabou-09303a115,,C-Team,blitz,https://www.linkedin.com/company/marabou,Design Services,US,US,pass,unknown,industry unknown
Manny,Olmo,Manny Olmo,Owner,Fuel Freedom International,,linkedin.com/in/manny-olmo-a814192,,C-Team,blitz,https://www.linkedin.com/company/fuel-freedom-international,Advertising Services,US,US,pass,unknown,industry unknown
Manuela,Gomes da Silva,Manuela Gomes da Silva,Founder & Dir,QuA Associates,,linkedin.com/in/manuela-gomes-da-silva-a991866,,C-Team,blitz,https://www.linkedin.com/company/qua-associates,Design Services,NL,NL,pass,unknown,industry unknown
manuela,martin,manuela martin,owner,Ideaplus,,linkedin.com/in/manuela-martin-401b1129,,C-Team,blitz,https://www.linkedin.com/company/ideaplus,Market Research,RO,US,pass,unknown,industry unknown
Manuela,Rodriguez Viseras,Manuela Rodriguez Viseras,Co-Owner,Rancho Alegre,,linkedin.com/in/manuela-rodriguez-viseras-672b6344,,C-Team,blitz,https://www.linkedin.com/company/rancho-alegre,Advertising Services,ES,US,pass,unknown,industry unknown
Mar,Dulik,Mar Dulik,VP - Dir of Emp Experience,Arras Group,,linkedin.com/in/mar-dulik-41493a4,,VP,blitz,https://www.linkedin.com/company/arras-group,Advertising Services,US,US,pass,unknown,industry unknown
Mara,Trager,Mara Trager,Account Director,Heritage Werks,heritagewerks.com,linkedin.com/in/mara-trager-9499325,,Director,blitz,https://www.linkedin.com/company/heritage-werks,Advertising Services,US,US,pass,unknown,industry unknown
Marc,Butts,Marc Butts,Senior Vice President,Jump France,,linkedin.com/in/marc-butts-48706b2,,VP,blitz,https://www.linkedin.com/company/jump-france,Advertising Services,US,US,pass,unknown,industry unknown
Marc,Ebert,Marc Ebert,Owner,SignF,,linkedin.com/in/marc-ebert-67b9122,,C-Team,blitz,https://www.linkedin.com/company/signf,Graphic Design,US,DK,pass,unknown,industry unknown
Marc,Kittner,Marc Kittner,"SVP, Corporate Services",Passage Events,,linkedin.com/in/marc-kittner-2862473,,VP,blitz,https://www.linkedin.com/company/passage-events,Advertising Services,US,US,pass,unknown,industry unknown
Marc,Le YAOUANQ,Marc Le YAOUANQ,Directeur associé,"Mon Oncle, l'agence",,linkedin.com/in/marc-le-yaouanq-79733726,,Director,blitz,https://www.linkedin.com/company/mon-oncle-web-agency,Marketing Services,FR,FR,pass,unknown,industry unknown
Marc,Muller,Marc Muller,Marketing Director?Field trainer,Eden,,linkedin.com/in/marc-muller-58a64880,,Director,blitz,https://www.linkedin.com/company/eden,Design Services,US,NL,pass,unknown,industry unknown
Marc,Preininger,Marc Preininger,Executive Vice President,Innovative Concept Group,,linkedin.com/in/marc-preininger-430763a,,VP,blitz,https://www.linkedin.com/company/innovative-concept-group,Advertising Services,US,US,pass,unknown,industry unknown
Marc,Sy,Marc Sy,VP Information Technology,Sign Resource,,linkedin.com/in/marc-sy-17346025,,VP,blitz,https://www.linkedin.com/company/sign-resource,Public Relations and Communications Services,US,US,pass,unknown,industry unknown
Marc,Weston,Marc Weston,Vice President Business Development,BOSS Mobile Solutions,,linkedin.com/in/marc-weston-0164b872,,VP,blitz,https://www.linkedin.com/company/boss-mobile-solutions,Advertising Services,US,US,pass,unknown,industry unknown
Marcel,Gawron,Marcel Gawron,Director of Operations,ExergonPL,,linkedin.com/in/marcel-gawron-95643695,,Director,blitz,https://www.linkedin.com/company/exergonpl,Design Services,PL,US,pass,unknown,industry unknown
Marcel,Menegolla,Marcel Menegolla,COO,ARMAZEM.design®,armazem.design,linkedin.com/in/marcel-menegolla-95671b1b4,,C-Team,blitz,https://www.linkedin.com/company/armazem-design,Design Services,US,US,pass,unknown,industry unknown
Marcel,Visch,Marcel Visch,Account Director,PPGH JWT,,linkedin.com/in/marcel-visch-9563401,,Director,blitz,https://www.linkedin.com/company/ppgh-jwt,Advertising Services,NL,NL,pass,unknown,industry unknown
Marcela,Pinon,Marcela Pinon,Business Owner,Organiza Eventos,,linkedin.com/in/marcela-pinon-b56162146,,C-Team,blitz,https://www.linkedin.com/company/organiza-eventos,Events Services,US,ES,pass,unknown,industry unknown
Marcellus,Boyce,Marcellus Boyce,Head Of Inserts,Zed Media,,linkedin.com/in/marcellus-boyce-a38898a,,Director,blitz,https://www.linkedin.com/company/zed-media,Advertising Services,GB,GB,pass,unknown,industry unknown
Marcelo,Rodriguez,Marcelo Rodriguez,Dueño principal,Rodriguez Flooring,,linkedin.com/in/marcelo-rodriguez-a5b8631a4,,C-Team,blitz,https://www.linkedin.com/company/rodriguez-flooring,Advertising Services,US,US,pass,unknown,industry unknown
Marcel,Wortel,Marcel Wortel,Co-Owner,Only Entrepreneurs,only.nl,linkedin.com/in/marcelwortel,,C-Team,blitz,https://www.linkedin.com/company/only-creative-entrepreneurs,,NL,NL,pass,unknown,industry unknown
Marcia,Bollinger,Marcia Bollinger,SVP,Apartments.com,apartments.com,linkedin.com/in/marciabollinger,,VP,blitz,https://www.linkedin.com/company/apartments-com,Advertising Services,US,US,pass,unknown,industry unknown
Marcin,Ratajczak,Marcin Ratajczak,Managing Director,Tequila Polska,,linkedin.com/in/marcin-ratajczak-a1a85b1,,C-Team,blitz,https://www.linkedin.com/company/tequila-polska,Advertising Services,PL,PL,pass,unknown,industry unknown
Marcin,Zysk,Marcin Zysk,Dyrektor,Manor House,,linkedin.com/in/marcin-zysk-71395a298,,Director,blitz,https://www.linkedin.com/company/manorhousemd,Design Services,PL,US,pass,unknown,industry unknown
Marcin,Kloc,Marcin Kloc,"Senior Director, IT",BPI Group,bpigroup.com,linkedin.com/in/marcinkloc,,Director,blitz,https://www.linkedin.com/company/bully-pulpit-international,Advertising Services,US,US,pass,unknown,industry unknown
Marco,Andolina,Marco Andolina,Direttore- Sorvegliante di cava,FMG Suite,fmgsuite.com,linkedin.com/in/marco-andolina-620838151,,Director,blitz,https://www.linkedin.com/company/fmg-suite,Advertising Services,IT,US,pass,unknown,industry unknown
Marco,Rinck,Marco Rinck,Eigenaar,Digital Newsgroup (DNG),digitalnewsgroup.com,linkedin.com/in/marco-rinck-a0a55583,,C-Team,blitz,https://www.linkedin.com/company/digital-newsgroup-dng,,NL,NL,pass,unknown,industry unknown
Marco,Rontini,Marco Rontini,CMO & Co-Founder,Nextudio,nextudio.agency,linkedin.com/in/marco-rontini-00419b157,,C-Team,blitz,https://www.linkedin.com/company/nextudio,,IT,IT,pass,unknown,industry unknown
Marco ⛷️,Monti,Marco ⛷️ Monti,Vice presidente,MATILDE RISTORAZIONE S.R.L.,,linkedin.com/in/marco-⛷️-monti-57325245,,VP,blitz,https://www.linkedin.com/company/matilde-ristorazione-s.r.l.,Events Services,IT,IT,pass,unknown,industry unknown
Marco,Carag,Marco Carag,Director of Software Engineering,BPI Group,bpigroup.com,linkedin.com/in/marcocarag,,Director,blitz,https://www.linkedin.com/company/bully-pulpit-international,Advertising Services,US,US,pass,unknown,industry unknown
Marcos,COSTA,Marcos COSTA,Proprietário da empresa,MRDC,,linkedin.com/in/marcos-costa-a9a4b6137,,C-Team,blitz,https://www.linkedin.com/company/mrdc,Market Research,FR,US,pass,unknown,industry unknown
Marcus,Starke,Marcus Starke,Chairman/CEO,Publicis Frankfurt,,linkedin.com/in/marcus-starke-a4550b,,C-Team,blitz,https://www.linkedin.com/company/publicis-frankfurt,Advertising Services,DE,DE,pass,unknown,industry unknown
Margaret,Denton,Margaret Denton,President,DM Partners,,linkedin.com/in/margaret-denton-17b2921,,C-Team,blitz,https://www.linkedin.com/company/dm-partners,Advertising Services,US,US,pass,unknown,industry unknown
Margaret,Walters,Margaret Walters,Owner,Progressive Services,,linkedin.com/in/margaret-walters-9b9bb04,,C-Team,blitz,https://www.linkedin.com/company/progressive-services,Graphic Design,US,US,pass,unknown,industry unknown
Margarita,Venardou,Margarita Venardou,ACCOUNT DIRECTOR,UpSet!,,linkedin.com/in/margarita-venardou-a206a31,,Director,blitz,https://www.linkedin.com/company/upset,Advertising Services,GR,US,pass,unknown,industry unknown
Margie,Duncan,Margie Duncan,Owner/President,Duncan & Associates,,linkedin.com/in/margie-duncan-a9029727,,C-Team,blitz,https://www.linkedin.com/company/duncan-&-associates,Advertising Services,US,US,pass,unknown,industry unknown
Margie,Mitchell,Margie Mitchell,Director Sales & Marketing,Tabs Direct,,linkedin.com/in/margie-mitchell-0917814,,Director,blitz,https://www.linkedin.com/company/tabs-direct,Advertising Services,US,US,pass,unknown,industry unknown
Margie,Mitchell,Margie Mitchell,Director Sales and Marketing,Tabs Direct,,linkedin.com/in/margie-mitchell-41b7984,,Director,blitz,https://www.linkedin.com/company/tabs-direct,Advertising Services,US,US,pass,unknown,industry unknown
Margo,Zenk,Margo Zenk,"Senior Partner, Technical Director",Matrix Consultants,,linkedin.com/in/margo-zenk-094bb95,,C-Team,blitz,https://www.linkedin.com/company/matrix-consultants,Advertising Services,US,US,pass,unknown,industry unknown
Margo,Zenk,Margo Zenk,"Sr. Partner, Technical Director",Matrix Consultants,,linkedin.com/in/margo-zenk-b453b16,,C-Team,blitz,https://www.linkedin.com/company/matrix-consultants,Advertising Services,US,US,pass,unknown,industry unknown
Maria,Alvarez,Maria Alvarez,CEO,TK-Marketing und Vertriebsförderung,,linkedin.com/in/maria-alvarez-2b930b59,,C-Team,blitz,https://www.linkedin.com/company/tk-marketing-und-vertriebsf-rderung,Advertising Services,ES,DE,pass,unknown,industry unknown
Maria,Degrande,Maria Degrande,President,Revelations,,linkedin.com/in/maria-degrande-04b56b8a,,C-Team,blitz,https://www.linkedin.com/company/revelations,Events Services,US,US,pass,unknown,industry unknown
Maria,Furtado,Maria Furtado,Business Owner,Grace By Design,,linkedin.com/in/maria-furtado-932ba61ba,,C-Team,blitz,https://www.linkedin.com/company/grace-by-design,Design Services,US,US,pass,unknown,industry unknown
Maria,Gates (Grill),Maria Gates (Grill),Senior Director,Vaniam Group,vaniamgroup.com,linkedin.com/in/maria-gates-grill-9a4408a1,,Director,blitz,https://www.linkedin.com/company/vaniam-group,Advertising Services,US,US,pass,unknown,industry unknown
Maria,Humphrey [Sze],Maria Humphrey [Sze],Board Director,Joshua,,linkedin.com/in/maria-humphrey-sze-1265074,,Director,blitz,https://www.linkedin.com/company/joshua,Advertising Services,GB,GB,pass,unknown,industry unknown
Maria,Nunes,Maria Nunes,Chief Operatin Officer,Desgrippes Gobe,,linkedin.com/in/maria-nunes-304213,,C-Team,blitz,https://www.linkedin.com/company/desgrippes-gobe,Advertising Services,US,US,pass,unknown,industry unknown
Maria,Schomaker,Maria Schomaker,Director of Business Developement,MAC Meetings & Events,,linkedin.com/in/maria-schomaker-42015b4,,Director,blitz,https://www.linkedin.com/company/mac-meetings-and-events,Events Services,US,US,pass,unknown,industry unknown
Maria,Blanco,Maria Blanco,Head of Sponsorships,ESADE Fashion,,linkedin.com/in/mariablancocatala,,Director,blitz,https://www.linkedin.com/company/esade-fashion,Events Services,ES,ES,pass,unknown,industry unknown
Ma. Fernanda,Canuto Romera,Ma. Fernanda Canuto Romera,Directora de Eventos,Ernest,,linkedin.com/in/mariafernandacanuto,,Director,blitz,https://www.linkedin.com/company/holaernest,Advertising Services,ES,ES,pass,unknown,industry unknown
Mariana,Luque Núñez,Mariana Luque Núñez,Director de ventas,mi empresa,,linkedin.com/in/mariana-luque-núñez-87b24422a,,Director,blitz,https://www.linkedin.com/company/mi-empresa,Graphic Design,ES,US,pass,unknown,industry unknown
Marianna,Mermigka,Marianna Mermigka,Company Owner,Admire,,linkedin.com/in/marianna-mermigka-666b12175,,C-Team,blitz,https://www.linkedin.com/company/admire-marketing-agency,Marketing Services,GR,GR,pass,unknown,industry unknown
Marianne,Abeelen-Legdeur,Marianne Abeelen-Legdeur,Owner,Fountainhead,,linkedin.com/in/marianne-abeelen-legdeur-b0471b2,,C-Team,blitz,https://www.linkedin.com/company/fountainhead,Advertising Services,NL,US,pass,unknown,industry unknown
Mariano,Melero,Mariano Melero,Director,mi empresa,,linkedin.com/in/mariano-melero-9288b113a,,Director,blitz,https://www.linkedin.com/company/mi-empresa,Graphic Design,ES,US,pass,unknown,industry unknown
marie-christine,martelaere,marie-christine martelaere,account director,Karamba,,linkedin.com/in/marie-christine-martelaere-2a8a7b7,,Director,blitz,https://www.linkedin.com/company/karamba,Advertising Services,BE,BE,pass,unknown,industry unknown
marie,letellier,marie letellier,Executive Director,Inspired Living,,linkedin.com/in/marie-letellier-3747a388,,Director,blitz,https://www.linkedin.com/company/inspired-living_2,Design Services,US,US,pass,unknown,industry unknown
Marie,McAlroy,Marie McAlroy,Group Account Director,Broadsystem,,linkedin.com/in/marie-mcalroy-741a3b,,Director,blitz,https://www.linkedin.com/company/broadsystem,Advertising Services,GB,GB,pass,unknown,industry unknown
marie,shandor,marie shandor,vice president,OTC INTERNATIONAL,,linkedin.com/in/marie-shandor-758914b,,VP,blitz,https://www.linkedin.com/company/otc-international,Design Services,US,US,pass,unknown,industry unknown
Marije,Faddegon,Marije Faddegon,Account director,Hotel Frankendael,,linkedin.com/in/marije-faddegon-927602,,Director,blitz,https://www.linkedin.com/company/ilpero&p,Advertising Services,NL,NL,pass,unknown,industry unknown
Marina,Chekannikova,Marina Chekannikova,New Business Director,Prospects Ukraine,,linkedin.com/in/marina-chekannikova-1a99901,,Director,blitz,https://www.linkedin.com/company/prospects-ukraine,Advertising Services,UA,US,pass,unknown,industry unknown
Marina,Lekker Ding,Marina Lekker Ding,directeur,Retail & In-store marketing seminar 2009,,linkedin.com/in/marina-lekker-ding-08a3091b,,Director,blitz,https://www.linkedin.com/company/retail-&-in-store-marketing-seminar-2009,Advertising Services,NL,BE,pass,unknown,industry unknown
Mario,Andrei,Mario Andrei,Company Owner,Crescent Group,,linkedin.com/in/mario-andrei-698871279,,C-Team,blitz,https://www.linkedin.com/company/crescentgrouprealestate,Advertising Services,RO,RO,pass,unknown,industry unknown
Mario,umas,Mario umas,CEO,NoCompanyInc.,,linkedin.com/in/mario-umas-770464160,,C-Team,blitz,https://www.linkedin.com/company/arson-agency,Advertising Services,HR,US,pass,unknown,industry unknown
Marisa,Hempel,Marisa Hempel,News Director/Reporter,Wallingford Media Group,,linkedin.com/in/marisa-hempel-158656157,,Director,blitz,https://www.linkedin.com/company/wallingford-broadcasting,Advertising Services,US,US,pass,unknown,industry unknown
Marius,Lunde,Marius Lunde,Owner,Rezer AS,,linkedin.com/in/marius-lunde-0a98362,,C-Team,blitz,https://www.linkedin.com/company/rezer-as,Advertising Services,NO,NO,pass,unknown,industry unknown
Marius,Lunde,Marius Lunde,Owner,Rezer AS,,linkedin.com/in/marius-lunde-32a0424,,C-Team,blitz,https://www.linkedin.com/company/rezer-as,Advertising Services,NO,NO,pass,unknown,industry unknown
Mark,Arrington,Mark Arrington,Owner,Un,,linkedin.com/in/mark-arrington-ab7717,,C-Team,blitz,https://www.linkedin.com/company/unplugged,Advertising Services,US,US,pass,unknown,industry unknown
Mark,Bandy,Mark Bandy,Interim Chief Financial Officer,Flex Enterprises,,linkedin.com/in/mark-bandy-310b09b8,,C-Team,blitz,https://www.linkedin.com/company/flex-enterprises,Advertising Services,US,US,pass,unknown,industry unknown
Mark,Benmore,Mark Benmore,Digtial Account Director,Liquid Communications,,linkedin.com/in/mark-benmore-8477a9,,Director,blitz,https://www.linkedin.com/company/liquid-communications,Advertising Services,GB,GB,pass,unknown,industry unknown
Mark,Bianchi,Mark Bianchi,COO,Captive Media,,linkedin.com/in/mark-bianchi-6028a61,,C-Team,blitz,https://www.linkedin.com/company/captive-media,Advertising Services,US,US,pass,unknown,industry unknown
Mark,Cardoza,Mark Cardoza,Art Director,Surge Healthcare,,linkedin.com/in/mark-cardoza-8838166,,Director,blitz,https://www.linkedin.com/company/surge-healthcare,Advertising Services,US,US,pass,unknown,industry unknown
mark,cartella,mark cartella,Marketing Director,West & Associates,,linkedin.com/in/mark-cartella-3b883b17,,Director,blitz,https://www.linkedin.com/company/west-&-associates,Advertising Services,US,US,pass,unknown,industry unknown
Mark,Casady,Mark Casady,Executive Chair,FMG Suite,fmgsuite.com,linkedin.com/in/mark-casady-5a662b8,,C-Team,blitz,https://www.linkedin.com/company/fmg-suite,Advertising Services,US,US,pass,unknown,industry unknown
Mark,Champion,Mark Champion,Financial Director,Smarter Communications,,linkedin.com/in/mark-champion-8ab5956,,Director,blitz,https://www.linkedin.com/company/smarter-communications,Advertising Services,GB,GB,pass,unknown,industry unknown
Mark,Chapple,Mark Chapple,President,Starstream Communications,,linkedin.com/in/mark-chapple-33b4a057,,C-Team,blitz,https://www.linkedin.com/company/starstream-communications,Advertising Services,US,US,pass,unknown,industry unknown
Mark,Durant,Mark Durant,Director of Sales,ComGroup,,linkedin.com/in/mark-durant-013b75,,Director,blitz,https://www.linkedin.com/company/comgroup,Advertising Services,US,US,pass,unknown,industry unknown
Mark,Epstein,Mark Epstein,Pres.& CEO,Champion Exposition Services,,linkedin.com/in/mark-epstein-279a851,,C-Team,blitz,https://www.linkedin.com/company/champion-exposition-services,Events Services,US,US,pass,unknown,industry unknown
Mark,Epstein,Mark Epstein,Owner,Champion Exposition Services,,linkedin.com/in/mark-epstein-b742828,,C-Team,blitz,https://www.linkedin.com/company/champion-exposition-services,Events Services,US,US,pass,unknown,industry unknown
Mark,Evans,Mark Evans,Managing Director,Exentric Thinking,,linkedin.com/in/mark-evans-8927801,,C-Team,blitz,https://www.linkedin.com/company/exentric-thinking,Advertising Services,GB,GB,pass,unknown,industry unknown
Mark,Fields,Mark Fields,VP Business Development,Don McDonald & Sons,,linkedin.com/in/mark-fields-1778a719,,VP,blitz,https://www.linkedin.com/company/don-mcdonald-&-sons,Advertising Services,US,US,pass,unknown,industry unknown
Mark,Ford,Mark Ford,Owner,MRF Marketing,,linkedin.com/in/mark-ford-3a95ab4a,,C-Team,blitz,https://www.linkedin.com/company/mrf-marketing,Advertising Services,GB,US,pass,unknown,industry unknown
Mark H.,Davidson,Mark H. Davidson,Vice President,Pennoni,pennoni.com,linkedin.com/in/mark-h-davidson-7431b251,,VP,blitz,https://www.linkedin.com/company/pennoni,Design Services,US,US,pass,unknown,industry unknown
Mark,Higginson,Mark Higginson,Senior Art Director,PHMG,phmg.com,linkedin.com/in/mark-higginson-62086445,,Director,blitz,https://www.linkedin.com/company/phmg,Advertising Services,GB,GB,pass,unknown,industry unknown
Mark J.,Pozorski,Mark J. Pozorski,"EVP, Director of Marketing",Johnson Lyle,,linkedin.com/in/mark-j-pozorski-a93a2210,,VP,blitz,https://www.linkedin.com/company/johnson-lyle,Advertising Services,US,US,pass,unknown,industry unknown
Mark,Laikin,Mark Laikin,FRACTIONAL / INTERIM FINANCE DIRECTOR,various,,linkedin.com/in/mark-laikin-b316a714,,Director,blitz,https://www.linkedin.com/company/freelance-strategy,Advertising Services,GB,US,pass,unknown,industry unknown
MARK,MAHLEN,MARK MAHLEN,OWNER,BS Central Inc.,,linkedin.com/in/mark-mahlen-a6588244,,C-Team,blitz,https://www.linkedin.com/company/roosevelt-valley-special-education-co-op,Graphic Design,US,US,pass,unknown,industry unknown
Mark,P.,Mark P.,Fire safety director,Eden,,linkedin.com/in/mark-p-3907b446,,Director,blitz,https://www.linkedin.com/company/eden,Design Services,US,NL,pass,unknown,industry unknown
Mark,Silver,Mark Silver,Owner,Daddy,,linkedin.com/in/mark-silver-3154a91,,C-Team,blitz,https://www.linkedin.com/company/daddy,Advertising Services,US,SE,pass,unknown,industry unknown
Mark,Turton,Mark Turton,Director/producer/camera/sound,Freelance Videographer,,linkedin.com/in/mark-turton-27858026,,Director,blitz,https://www.linkedin.com/company/delete-com,Advertising Services,GB,US,pass,unknown,industry unknown
Mark,Waddell,Mark Waddell,Owner,First Marketing,,linkedin.com/in/mark-waddell-8609582,,C-Team,blitz,https://www.linkedin.com/company/first-marketing,Advertising Services,GB,US,pass,unknown,industry unknown
Mark,Williamson,Mark Williamson,VP Response Marketing,miller.whiterunkle,,linkedin.com/in/mark-williamson-9b7220,,VP,blitz,https://www.linkedin.com/company/miller.whiterunkle,Advertising Services,US,US,pass,unknown,industry unknown
Ged,Leigh MBA FCIM,Ged Leigh MBA FCIM,AI Lead & Fractional Chief AI Officer,The Marketing Centre,themarketingcentre.com,linkedin.com/in/marketing-director-cmo-marketing-specialist-consultant-leadgeneration-digitalmarketing,,C-Team,blitz,https://www.linkedin.com/company/the-marketing-centre,,GB,GB,pass,unknown,industry unknown
Mark,Harris,Mark Harris,Part-Time Marketing Director and Coach,The Marketing Centre,themarketingcentre.com,linkedin.com/in/markharrismarketing,,Director,blitz,https://www.linkedin.com/company/the-marketing-centre,Advertising Services,GB,GB,pass,unknown,industry unknown
Mark,Krajcir,Mark Krajcir,Business Owner,All Event Rental & Design,alleventrental.com,linkedin.com/in/markkrajcir,,C-Team,blitz,https://www.linkedin.com/company/all-event-rental-and-design,Events Services,US,US,pass,unknown,industry unknown
Mark,Manuel,Mark Manuel,Owner,The Momentum Group,,linkedin.com/in/markmanuel,,C-Team,blitz,https://www.linkedin.com/company/the-momentum-group,Advertising Services,US,US,pass,unknown,industry unknown
Mark,Patricof,Mark Patricof,Board Member,BPI Group,bpigroup.com,linkedin.com/in/markpatricof,,Director,blitz,https://www.linkedin.com/company/bully-pulpit-international,Advertising Services,US,US,pass,unknown,industry unknown
Mark,Pearson,Mark Pearson,Part-Time Marketing Director,The Marketing Centre,themarketingcentre.com,linkedin.com/in/markpearsonmarketingexpert,,Director,blitz,https://www.linkedin.com/company/the-marketing-centre,Advertising Services,GB,GB,pass,unknown,industry unknown
Mark,Sobczyk,Mark Sobczyk,director,Brand Engine,,linkedin.com/in/marksobczyk,,Director,blitz,https://www.linkedin.com/company/brand-engine,Design Services,IE,US,pass,unknown,industry unknown
Mark,"Mayhew, PE, CME","Mark Mayhew, PE, CME","Senior Engineer, Office Director",Pennoni,pennoni.com,linkedin.com/in/markstevenmayhew,,Director,blitz,https://www.linkedin.com/company/pennoni,Design Services,US,US,pass,unknown,industry unknown
Markus,Steurer,Markus Steurer,Geschäftsführer,Media Team,,linkedin.com/in/markus-steurer-3bba44259,,C-Team,blitz,https://www.linkedin.com/company/media-team,Graphic Design,AT,US,pass,unknown,industry unknown
Marlies,Duke,Marlies Duke,EVP,Mokrynskidirect,,linkedin.com/in/marlies-duke-1202702,,VP,blitz,https://www.linkedin.com/company/mokrynskidirect,Advertising Services,US,US,pass,unknown,industry unknown
Marlinka,Rinsma,Marlinka Rinsma,client services director,inc-21,,linkedin.com/in/marlinka-rinsma-4174491,,Director,blitz,https://www.linkedin.com/company/inc-21,Advertising Services,NL,NL,pass,unknown,industry unknown
Marlus,Wesley,Marlus Wesley,Learning and Develooment Director,Holowicki Enterprises,,linkedin.com/in/marlus-wesley-66b20740,,Director,blitz,https://www.linkedin.com/company/holowicki-enterprises,Advertising Services,US,US,pass,unknown,industry unknown
Marquis,Perry,Marquis Perry,Owner,Commercial Advertising,,linkedin.com/in/marquis-perry-941107110,,C-Team,blitz,https://www.linkedin.com/company/commercial-advertising,Graphic Design,US,US,pass,unknown,industry unknown
Marta,Card,Marta Card,Owner,Luminosity,,linkedin.com/in/marta-card-17a9374,,C-Team,blitz,https://www.linkedin.com/company/luminosity,Graphic Design,US,US,pass,unknown,industry unknown
Marta,Georgia,Marta Georgia,Directora de Arte,HAMLET Strategic Makers,,linkedin.com/in/marta-georgia,,Director,blitz,https://www.linkedin.com/company/hamlet-strategic-makers,Advertising Services,ES,ES,pass,unknown,industry unknown
Marta,Navarro Carvajal,Marta Navarro Carvajal,Propietaria,YEGA COMMUNITY SL,,linkedin.com/in/marta-navarro-carvajal-a9b547211,,C-Team,blitz,https://www.linkedin.com/company/yega-community-sl,Advertising Services,ES,ES,pass,unknown,industry unknown
Марта,Панчиняк,Марта Панчиняк,Head of Instagram Unit,T Agency,,linkedin.com/in/marta-panchyniak-927426232,,Director,blitz,https://www.linkedin.com/company/tomenchuk,Marketing Services,UA,US,pass,unknown,industry unknown
Marta,Llibre Leiro,Marta Llibre Leiro,Co-Founder & Strategic Director,About PR Studio,aboutprstudio.com,linkedin.com/in/martallibre,,C-Team,blitz,https://www.linkedin.com/company/about-pr-studio,,ES,ES,pass,unknown,industry unknown
Martavious,Spicer,Martavious Spicer,Creative Director,Five Points Digital Studio,,linkedin.com/in/martavious-spicer,,Director,blitz,https://www.linkedin.com/company/five-points-studio,Advertising Services,US,US,pass,unknown,industry unknown
martin,conrad,martin conrad,partner,Creative Industries,,linkedin.com/in/martin-conrad-62756882,,C-Team,blitz,https://www.linkedin.com/company/creative-industries,Design Services,GB,BE,pass,unknown,industry unknown
Martin,Copus,Martin Copus,MD,12snap,,linkedin.com/in/martin-copus-0941b9,,C-Team,blitz,https://www.linkedin.com/company/12snap,Advertising Services,GB,DE,pass,unknown,industry unknown
Martin,Cross,Martin Cross,Creative Director,GRP,,linkedin.com/in/martin-cross-35bb99,,Director,blitz,https://www.linkedin.com/company/grp,Advertising Services,GB,US,pass,unknown,industry unknown
Martin,Gormley,Martin Gormley,Global Marketing Director // Start-up Advisor // Angel investor,PHMG,phmg.com,linkedin.com/in/martin-gormley-8b521911,,Director,blitz,https://www.linkedin.com/company/phmg,Advertising Services,GB,GB,pass,unknown,industry unknown
Martin,Griffiths,Martin Griffiths,Director,Mlm Construction,,linkedin.com/in/martin-griffiths-b47868154,,Director,blitz,https://www.linkedin.com/company/mlm-construction,Advertising Services,GB,US,pass,unknown,industry unknown
Martin,Lacroix,Martin Lacroix,Co-fondateur,Konect Group,,linkedin.com/in/martin-lacroix-ba6bb5193,,C-Team,blitz,https://www.linkedin.com/company/konect-group-,Marketing Services,FR,FR,pass,unknown,industry unknown
Martin,Marko,Martin Marko,Managing Partner,MW Promotion,,linkedin.com/in/martin-marko-mw,,C-Team,blitz,https://www.linkedin.com/company/mw-promotion,Advertising Services,SK,SK,pass,unknown,industry unknown
Martin,Plimmer,Martin Plimmer,Head of Client Technical Services,PHMG,phmg.com,linkedin.com/in/martin-plimmer-1a4a334a,,Director,blitz,https://www.linkedin.com/company/phmg,Advertising Services,GB,GB,pass,unknown,industry unknown
Martin,Rathschau Nielsen,Martin Rathschau Nielsen,Creative Director,Happy Advertising,,linkedin.com/in/martin-rathschau-nielsen-2b642a2,,Director,blitz,https://www.linkedin.com/company/happy-advertising,Advertising Services,DK,DK,pass,unknown,industry unknown
Martina,Bernava,Martina Bernava,Art Director,Arkage,welcometothearkage.com,linkedin.com/in/martina-bernava,,Director,blitz,https://www.linkedin.com/company/arkage,,IT,IT,pass,unknown,industry unknown
Martin,Damen,Martin Damen,Only Entrepreneur,Only Entrepreneurs,only.nl,linkedin.com/in/martindamen,,C-Team,blitz,https://www.linkedin.com/company/only-creative-entrepreneurs,,NL,NL,pass,unknown,industry unknown
Martin,Detry,Martin Detry,Partner / Sales & Marketing,Adjust,adjust.be,linkedin.com/in/martindetry,,C-Team,blitz,https://www.linkedin.com/company/adjust,,BE,BE,pass,unknown,industry unknown
Martinez,Bravo Eugenio,Martinez Bravo Eugenio,CEO Iberia,Gavin Anderson & Company,,linkedin.com/in/martinez-bravo-eugenio-b060611,,C-Team,blitz,https://www.linkedin.com/company/gavin-anderson-&-company,Public Relations and Communications Services,ES,US,pass,unknown,industry unknown
Marty,Marcus,Marty Marcus,Exec VP,Affinity Marketing Group,,linkedin.com/in/marty-marcus-5572129,,VP,blitz,https://www.linkedin.com/company/affinity-marketing-group,Advertising Services,US,US,pass,unknown,industry unknown
Marty,Metzgar,Marty Metzgar,Owner,The Marlin Group,,linkedin.com/in/marty-metzgar-02274711,,C-Team,blitz,https://www.linkedin.com/company/the-marlin-group,Advertising Services,US,US,pass,unknown,industry unknown
Marvin,Baida,Marvin Baida,COO,CorpLogoWare,,linkedin.com/in/marvin-baida-9239692,,C-Team,blitz,https://www.linkedin.com/company/corplogoware,Advertising Services,US,US,pass,unknown,industry unknown
Mary Ann,Platt,Mary Ann Platt,Executive Vice President,"RQA, Inc.",rqa-inc.com,linkedin.com/in/mary-ann-platt-3238b69,,VP,blitz,https://www.linkedin.com/company/rqa-inc.,Market Research,US,US,pass,unknown,industry unknown
Mary Beth,Berkoff,Mary Beth Berkoff,Owner,Creative Consortium,,linkedin.com/in/mary-beth-berkoff-7210051,,C-Team,blitz,https://www.linkedin.com/company/creative-consortium,Design,US,US,pass,unknown,industry unknown
Mary,Edwards,Mary Edwards,Owner,me design,,linkedin.com/in/mary-edwards-78567330,,C-Team,blitz,https://www.linkedin.com/company/me-design,Design Services,US,US,pass,unknown,industry unknown
Mary,Glover,Mary Glover,Director,PERQ/HCI,,linkedin.com/in/mary-glover-7618364,,Director,blitz,https://www.linkedin.com/company/perqhci,Market Research,US,US,pass,unknown,industry unknown
Mary,Kinnaman,Mary Kinnaman,Owner,Kinnaman Group,,linkedin.com/in/mary-kinnaman-58aa49,,C-Team,blitz,https://www.linkedin.com/company/kinnaman-group,Advertising Services,US,US,pass,unknown,industry unknown
Mary,Peterson-Willer,Mary Peterson-Willer,Chief Financial Officer,NWM,,linkedin.com/in/mary-peterson-willer-75296b1,,C-Team,blitz,https://www.linkedin.com/company/nwm,Advertising Services,US,US,pass,unknown,industry unknown
Mary,Rathje,Mary Rathje,"Director, Human Resources",Pennoni,pennoni.com,linkedin.com/in/mary-rathje-7448a0b,,Director,blitz,https://www.linkedin.com/company/pennoni,Design Services,US,US,pass,unknown,industry unknown
Mary,Reilly,Mary Reilly,Sr. Art Director,Keller Crescent,,linkedin.com/in/mary-reilly-8919189,,Director,blitz,https://www.linkedin.com/company/keller-crescent,Advertising Services,US,US,pass,unknown,industry unknown
Mary,Ross,Mary Ross,DIrector of Account Service,Mackenzie Marketing,,linkedin.com/in/mary-ross-7721661,,Director,blitz,https://www.linkedin.com/company/mackenzie-marketing,Advertising Services,US,US,pass,unknown,industry unknown
Mary,Spencer,Mary Spencer,Director,OnSport,,linkedin.com/in/mary-spencer-b77a593,,Director,blitz,https://www.linkedin.com/company/onsport,Advertising Services,US,US,pass,unknown,industry unknown
Maryann,Obiorah,Maryann Obiorah,Scientific Director,Vaniam Group,vaniamgroup.com,linkedin.com/in/maryanno,,Director,blitz,https://www.linkedin.com/company/vaniam-group,Advertising Services,US,US,pass,unknown,industry unknown
Mary Beth,"Koester, CVA, CEPA","Mary Beth Koester, CVA, CEPA",Chief Financial Officer & ESOP Governance Leader,Paul J. Ford,pauljford.com,linkedin.com/in/marybethkoester,,C-Team,blitz,https://www.linkedin.com/company/pjfstructures,Design Services,US,US,pass,unknown,industry unknown
Mary,Hellmann,Mary Hellmann,"Director, Client Services",FreshLook Marketing,,linkedin.com/in/maryhellmann,,Director,blitz,https://www.linkedin.com/company/freshlook-marketing,Market Research,US,US,pass,unknown,industry unknown
Mary,Hudgens,Mary Hudgens,"Director, People Operations",Vaniam Group,vaniamgroup.com,linkedin.com/in/maryhudgens,,Director,blitz,https://www.linkedin.com/company/vaniam-group,Advertising Services,US,US,pass,unknown,industry unknown
Mary Lois,Smith,Mary Lois Smith,"Vice President, Research Design & Strategy",Suzy,suzy.com,linkedin.com/in/maryloisrichter,,VP,blitz,https://www.linkedin.com/company/asksuzy,Market Research,US,US,pass,unknown,industry unknown
Marylyn,Stafford,Marylyn Stafford,CFO,BOSS Mobile Solutions,,linkedin.com/in/marylyn-stafford-0725a770,,C-Team,blitz,https://www.linkedin.com/company/boss-mobile-solutions,Advertising Services,US,US,pass,unknown,industry unknown
Maryon,Hendriks,Maryon Hendriks,eigenaar,Djangos.com,,linkedin.com/in/maryonhendriks,,C-Team,blitz,https://www.linkedin.com/company/djangos-com,Design Services,NL,US,pass,unknown,industry unknown
Marzena,Sadowska,Marzena Sadowska,Owner,G&M,,linkedin.com/in/marzena-sadowska-50ab013,,C-Team,blitz,https://www.linkedin.com/company/g&m,Advertising Services,PL,US,pass,unknown,industry unknown
Masha,Buryak,Masha Buryak,Senior Art Director,Publicis LaMaison,,linkedin.com/in/masha-buryak,,Director,blitz,https://www.linkedin.com/company/publicis-lamaison,Advertising Services,FR,US,pass,unknown,industry unknown
Massimiliano,Parisi,Massimiliano Parisi,Art Director,Arkage,welcometothearkage.com,linkedin.com/in/massimilianoparisi,,Director,blitz,https://www.linkedin.com/company/arkage,,IT,IT,pass,unknown,industry unknown
massimo,Cambiaghi,massimo Cambiaghi,CEO Bigfoot Interactive,Bigfoot Interactive,,linkedin.com/in/massimo-cambiaghi-362bb973,,C-Team,blitz,https://www.linkedin.com/company/bigfoot-interactive,Advertising Services,IT,US,pass,unknown,industry unknown
Massimo,Rampazzo,Massimo Rampazzo,ceo,Micromarketing,,linkedin.com/in/massimo-rampazzo-0642741,,C-Team,blitz,https://www.linkedin.com/company/micromarketing,Advertising Services,IT,US,pass,unknown,industry unknown
Massimo,Scalia,Massimo Scalia,Ceo,KEMEDIA,,linkedin.com/in/massimo-scalia-18114062,,C-Team,blitz,https://www.linkedin.com/company/kemediasrl,Marketing Services,IT,IT,pass,unknown,industry unknown
Matei,Augustin,Matei Augustin,Managing Director,Madri,,linkedin.com/in/matei-augustin-983b0a127,,C-Team,blitz,https://www.linkedin.com/company/madri,Design Services,ES,US,pass,unknown,industry unknown
Matej,Slezák,Matej Slezák,Art Director,MW Promotion,,linkedin.com/in/matej-slezák-3444a4152,,Director,blitz,https://www.linkedin.com/company/mw-promotion,Advertising Services,SK,SK,pass,unknown,industry unknown
Mathew,Sanford,Mathew Sanford,Partner,MDK Consultants,,linkedin.com/in/mathew-sanford-47b72397,,C-Team,blitz,https://www.linkedin.com/company/mdk-consultants,Public Relations and Communications Services,US,US,pass,unknown,industry unknown
Mathias,Moe,Mathias Moe,"Partner, Web Developer",JPG,,linkedin.com/in/mathias-moe-6a2ab93,,C-Team,blitz,https://www.linkedin.com/company/jpg,Advertising Services,NO,FR,pass,unknown,industry unknown
Mathies,Erlandsen,Mathies Erlandsen,Owner,Ground Zero,,linkedin.com/in/mathies-erlandsen-6655b01,,C-Team,blitz,https://www.linkedin.com/company/ground-zero,Advertising Services,DK,US,pass,unknown,industry unknown
Mathilde,Desfontaines,Mathilde Desfontaines,Project Director,FAUCHON L'Évènement,,linkedin.com/in/mathilde-desfontaines-608928b0,,Director,blitz,https://www.linkedin.com/company/fauchonlevenement,Events Services,FR,FR,pass,unknown,industry unknown
Matija,Hermeščec,Matija Hermeščec,Manager/Owner,Alibi,,linkedin.com/in/matija-hermeščec-247363182,,C-Team,blitz,https://www.linkedin.com/company/alibi,Advertising Services,HR,US,pass,unknown,industry unknown
Matt,Brown,Matt Brown,Account Director,Craik Jones,,linkedin.com/in/matt-brown-50b5731,,Director,blitz,https://www.linkedin.com/company/craik-jones,Advertising Services,GB,GB,pass,unknown,industry unknown
Matt,DIGennaro,Matt DIGennaro,Owner,Ground Zero,,linkedin.com/in/matt-digennaro-150a425,,C-Team,blitz,https://www.linkedin.com/company/ground-zero,Advertising Services,US,US,pass,unknown,industry unknown
Matt,Doyle,Matt Doyle,Owner,R Design,,linkedin.com/in/matt-doyle-705737146,,C-Team,blitz,https://www.linkedin.com/company/r-design,Design,US,US,pass,unknown,industry unknown
Matt,Emond,Matt Emond,Partner,Green View Landscape,,linkedin.com/in/matt-emond-715545144,,C-Team,blitz,https://www.linkedin.com/company/green-view-landscape,Design Services,US,US,pass,unknown,industry unknown
Matt,Francis,Matt Francis,Production Director,Champlain Radio Group,,linkedin.com/in/matt-francis-71628221,,Director,blitz,https://www.linkedin.com/company/champlain-radio-group,Advertising Services,US,US,pass,unknown,industry unknown
Matt,Klapman,Matt Klapman,"Director, Product",BPI Group,bpigroup.com,linkedin.com/in/matt-klapman,,Director,blitz,https://www.linkedin.com/company/bully-pulpit-international,Advertising Services,US,US,pass,unknown,industry unknown
Matt,Melik,Matt Melik,Group Account Director,Joshua,,linkedin.com/in/matt-melik-8ba6a2,,Director,blitz,https://www.linkedin.com/company/joshua,Advertising Services,GB,GB,pass,unknown,industry unknown
Matt,Stock,Matt Stock,VP of Finance,FMG Suite,fmgsuite.com,linkedin.com/in/matt-stock-27b69655,,VP,blitz,https://www.linkedin.com/company/fmg-suite,Advertising Services,US,US,pass,unknown,industry unknown
Matt,Thornblad,Matt Thornblad,"Founder, CEO",Quality Connections,,linkedin.com/in/matt-thornblad-b12086218,,C-Team,blitz,https://www.linkedin.com/company/quality-connections,Advertising Services,US,US,pass,unknown,industry unknown
Matt,"Wanamaker, AICP, PP","Matt Wanamaker, AICP, PP",Planning & Urban Design Director,Pennoni,pennoni.com,linkedin.com/in/matt-wanamaker-aicp-pp-962b2317,,Director,blitz,https://www.linkedin.com/company/pennoni,Design Services,US,US,pass,unknown,industry unknown
Matt,Wójcik,Matt Wójcik,"Client Service Director, Member of the Board",IQS and QUANT Group,,linkedin.com/in/matt-wójcik-8176231,,Director,blitz,https://www.linkedin.com/company/iqs-and-quant-group,Market Research,PL,PL,pass,unknown,industry unknown
Matt,Britton,Matt Britton,Founder & CEO,Suzy,suzy.com,linkedin.com/in/mattbbritton,,C-Team,blitz,https://www.linkedin.com/company/asksuzy,Market Research,US,US,pass,unknown,industry unknown
Matt,Carter,Matt Carter,"BPI UK Market Lead, Managing Director of Global Insights",BPI Group,bpigroup.com,linkedin.com/in/mattcarteruk1,,C-Team,blitz,https://www.linkedin.com/company/bully-pulpit-international,Advertising Services,GB,US,pass,unknown,industry unknown
Matteo,Molino,Matteo Molino,Founder,Catch Me,,linkedin.com/in/matteomolino,,C-Team,blitz,https://www.linkedin.com/company/catch-me,Advertising Services,IT,US,pass,unknown,industry unknown
Matthew,Gordon,Matthew Gordon,Director of Bands,Morse High School,,linkedin.com/in/matthew-gordon-34b532185,,Director,blitz,https://www.linkedin.com/school/morse-high-school,Graphic Design,US,US,pass,unknown,industry unknown
matthew,greenwood,matthew greenwood,owner,DTH,,linkedin.com/in/matthew-greenwood-93348716,,C-Team,blitz,https://www.linkedin.com/company/dth,Advertising Services,US,US,pass,unknown,industry unknown
Matthew,Guerra,Matthew Guerra,Independent Entrepreneur,Self Employed Entrepreneur,,linkedin.com/in/matthew-guerra-071928211,,C-Team,blitz,https://www.linkedin.com/company/morozov-oleg-design,Design Services,US,UA,pass,unknown,industry unknown
Matthew,Guerra,Matthew Guerra,Entrepreneur,Self Employed Entrepreneur,,linkedin.com/in/matthew-guerra-725928211,,C-Team,blitz,https://www.linkedin.com/company/morozov-oleg-design,Design Services,US,UA,pass,unknown,industry unknown
Matthew,Holland,Matthew Holland,Head of Marketing Development,Romeike,,linkedin.com/in/matthew-holland-2b7a76,,Director,blitz,https://www.linkedin.com/company/romeike,Public Relations and Communications Services,GB,GB,pass,unknown,industry unknown
Matthew,Howells,Matthew Howells,Director,Joshua,,linkedin.com/in/matthew-howells-6575671,,Director,blitz,https://www.linkedin.com/company/joshua,Advertising Services,GB,GB,pass,unknown,industry unknown
Matthew,Gaunt,Matthew Gaunt,Fractional CMO,The Marketing Centre,themarketingcentre.com,linkedin.com/in/matthewgaunt,,C-Team,blitz,https://www.linkedin.com/company/the-marketing-centre,,GB,GB,pass,unknown,industry unknown
Matthew,Hickney,Matthew Hickney,Producer/Director,BRAND MARKETING,,linkedin.com/in/matthewhickney,,Director,blitz,https://www.linkedin.com/company/independent-filmmaker-creator,Advertising Services,US,US,pass,unknown,industry unknown
Matthew,Simmons,Matthew Simmons,Marketing Director,The Marketing Centre,themarketingcentre.com,linkedin.com/in/matthewsimmons,,Director,blitz,https://www.linkedin.com/company/the-marketing-centre,Advertising Services,GB,GB,pass,unknown,industry unknown
Matt,Newman,Matt Newman,Chief Revenue Officer,FMG Suite,fmgsuite.com,linkedin.com/in/matthewwnewman,,C-Team,blitz,https://www.linkedin.com/company/fmg-suite,Advertising Services,US,US,pass,unknown,industry unknown
Matthieu,Gilain,Matthieu Gilain,Fondateur,Emrald,,linkedin.com/in/matthieu-gilain,,C-Team,blitz,https://www.linkedin.com/company/emrald,Public Relations and Communications Services,FR,FR,pass,unknown,industry unknown
Matthieu,Couturier,Matthieu Couturier,Co-Founder,Unlisted Agency,,linkedin.com/in/matthieucouturier,,C-Team,blitz,https://www.linkedin.com/company/unlisted-agency,Public Relations and Communications Services,FR,FR,pass,unknown,industry unknown
Matthieu,Noudelberg,Matthieu Noudelberg,Head of Events,StudioM France,,linkedin.com/in/matthieunoudelberg,,Director,blitz,https://www.linkedin.com/company/studiomfrance,Advertising Services,FR,FR,pass,unknown,industry unknown
Matt,Housden,Matt Housden,Director,Face Value,,linkedin.com/in/matthousden,,Director,blitz,https://www.linkedin.com/company/face-value,Advertising Services,GB,US,pass,unknown,industry unknown
Matthew,Campbell,Matthew Campbell,Senior Director,BPI Group,bpigroup.com,linkedin.com/in/mattjamescampbell,,Director,blitz,https://www.linkedin.com/company/bully-pulpit-international,Advertising Services,US,US,pass,unknown,industry unknown
Maura,(Duggan) Williams,Maura (Duggan) Williams,Director,BPI Group,bpigroup.com,linkedin.com/in/maura-duggan-williams-565149bb,,Director,blitz,https://www.linkedin.com/company/bully-pulpit-international,Advertising Services,US,US,pass,unknown,industry unknown
Maureen,Chilvers,Maureen Chilvers,Events Director,Public Relations Partners,,linkedin.com/in/maureen-chilvers-b4a202a,,Director,blitz,https://www.linkedin.com/company/public-relations-partners,Public Relations and Communications Services,GB,US,pass,unknown,industry unknown
Maureen,Adams,Maureen Adams,Chief People Officer,Heritage Werks,heritagewerks.com,linkedin.com/in/maureen88,,C-Team,blitz,https://www.linkedin.com/company/heritage-werks,Advertising Services,US,US,pass,unknown,industry unknown
Maureen,Geary,Maureen Geary,Account Director,Vaniam Group,vaniamgroup.com,linkedin.com/in/maureengeary,,Director,blitz,https://www.linkedin.com/company/vaniam-group,Advertising Services,US,US,pass,unknown,industry unknown
Mauricio,Leon,Mauricio Leon,Group Trading Director,Zed Media,,linkedin.com/in/mauricio-leon-15588718,,Director,blitz,https://www.linkedin.com/company/zed-media,Advertising Services,GB,GB,pass,unknown,industry unknown
Maurício,Pereira,Maurício Pereira,Head of Data,Scrambly,scrambly.io,linkedin.com/in/maurício-pereira-157a5b105,,Director,blitz,https://www.linkedin.com/company/scrambly,,DE,IT,pass,unknown,industry unknown
Max,Feldman,Max Feldman,Director IT,Beyond The Wall,,linkedin.com/in/max-feldman-0aa42b13,,Director,blitz,https://www.linkedin.com/company/beyond-the-wall,Advertising Services,US,US,pass,unknown,industry unknown
Max,Hansson,Max Hansson,Art Director,802,,linkedin.com/in/max-hansson-09a1512,,Director,blitz,https://www.linkedin.com/company/802,Advertising Services,SE,SE,pass,unknown,industry unknown
Max,Hettne,Max Hettne,Manager and Partner,QS Performance,,linkedin.com/in/max-hettne-6b7a35167,,C-Team,blitz,https://www.linkedin.com/company/quality-sales-performance,Marketing Services,SE,SE,pass,unknown,industry unknown
Max Joan,de Ruiter,Max Joan de Ruiter,Oprichter/Event Manager,Demontage,,linkedin.com/in/max-joan-de-ruiter-b84a71320,,C-Team,blitz,,,NL,NL,pass,unknown,industry unknown
Max,Maxim,Max Maxim,CEO,TK-Marketing und Vertriebsförderung,,linkedin.com/in/max-maxim-52413885,,C-Team,blitz,https://www.linkedin.com/company/tk-marketing-und-vertriebsf-rderung,Advertising Services,DE,DE,pass,unknown,industry unknown
Max,Noboa,Max Noboa,Director,Affinity Marketing Group,,linkedin.com/in/max-noboa-ab80231,,Director,blitz,https://www.linkedin.com/company/affinity-marketing-group,Advertising Services,US,US,pass,unknown,industry unknown
Max,Tretiakov,Max Tretiakov,Partner,Fabrika,,linkedin.com/in/max-tretiakov-581142,,C-Team,blitz,https://www.linkedin.com/company/fabrika,Advertising Services,US,US,pass,unknown,industry unknown
Maxence,Petit,Maxence Petit,Directeur d'agence,IVALIS FRANCE,,linkedin.com/in/maxence-petit-89666119b,,Director,blitz,https://www.linkedin.com/company/ivalis-france,Advertising Services,FR,FR,pass,unknown,industry unknown
Maya,Richardson,Maya Richardson,Director of Customer Success,Local Connect,,linkedin.com/in/maya-richardson-b51bab1b5,,Director,blitz,https://www.linkedin.com/company/localconsumerconnect,Advertising Services,US,US,pass,unknown,industry unknown
Mayah,McCoy,Mayah McCoy,Chief Executive Officer,The Momentum Group,,linkedin.com/in/mayah-mccoy-ab467954,,C-Team,blitz,https://www.linkedin.com/company/the-momentum-group,Advertising Services,US,US,pass,unknown,industry unknown
Maynard,Small,Maynard Small,President,Southern Marketing Associates,,linkedin.com/in/maynard-small-aaaa5a8,,C-Team,blitz,https://www.linkedin.com/company/creative-marketing-associates,Advertising Services,US,US,pass,unknown,industry unknown
Michelle,Caruthers,Michelle Caruthers,"Director, Product and Lifecycle Marketing at Crowdtap (Membership Retention & Loyalty)",Suzy,suzy.com,linkedin.com/in/mcaruthers,,Director,blitz,https://www.linkedin.com/company/asksuzy,Market Research,US,US,pass,unknown,industry unknown
Meg,Gorham Wanick,Meg Gorham Wanick,Vice President,Manning Selvage and Lee,,linkedin.com/in/meg-gorham-wanick-979433b,,VP,blitz,https://www.linkedin.com/company/manning-selvage-and-lee,Public Relations and Communications Services,US,US,pass,unknown,industry unknown
Megan,Brink,Megan Brink,Owner,Self Employed - Social Media Manager,,linkedin.com/in/megan-brink-22811741,,C-Team,blitz,https://www.linkedin.com/company/self-employed---social-media-manager,Advertising Services,US,GB,pass,unknown,industry unknown
Megan,Clayton,Megan Clayton,Regional Vice President,Pennoni,pennoni.com,linkedin.com/in/megan-clayton-3516061,,VP,blitz,https://www.linkedin.com/company/pennoni,Design Services,US,US,pass,unknown,industry unknown
Megan,Keogh,Megan Keogh,Vice President of Sales & Marketing,Sharp Events,,linkedin.com/in/megan-keogh-516b9b1,,VP,blitz,https://www.linkedin.com/company/sharp-events,Events Services,US,US,pass,unknown,industry unknown
Megan,McGill,Megan McGill,Art Director,WonderGroup,,linkedin.com/in/megan-mcgill-0677165,,Director,blitz,https://www.linkedin.com/company/wondergroup,Advertising Services,US,US,pass,unknown,industry unknown
Megan,Novelli,Megan Novelli,Founder,Graphic Creations,,linkedin.com/in/megan-novelli-203709233,,C-Team,blitz,https://www.linkedin.com/company/graphic-creations,Graphic Design,US,US,pass,unknown,industry unknown
Megan,Maley (Thieleman),Megan Maley (Thieleman),"Director, Enterprise Growth & Customer Success",Suzy,suzy.com,linkedin.com/in/meganmaley,,Director,blitz,https://www.linkedin.com/company/asksuzy,Market Research,US,US,pass,unknown,industry unknown
Mehdi,Hedhili,Mehdi Hedhili,Business Owner,Global Solutions Consulting,,linkedin.com/in/mehdi-hedhili-811038139,,C-Team,blitz,https://www.linkedin.com/company/global-solutions-consulting,Market Research,US,US,pass,unknown,industry unknown
Mel Witmer Sr.,Witmer,Mel Witmer Sr. Witmer,Vice President,Seven Worldwide,,linkedin.com/in/mel-witmer-sr-witmer-2a0090159,,VP,blitz,https://www.linkedin.com/company/seven-worldwide,Advertising Services,US,US,pass,unknown,industry unknown
Melanie,Boldt,Melanie Boldt,Client Service Director,röffen GmbH,,linkedin.com/in/melanie-boldt-32911225b,,Director,blitz,https://www.linkedin.com/company/r%c3%b6ffen-gmbh,Marketing Services,DE,DE,pass,unknown,industry unknown
Melanie,Juntunen-Whitman,Melanie Juntunen-Whitman,Vice President,"RQA, Inc.",rqa-inc.com,linkedin.com/in/melanie-juntunen-whitman-a8683814,,VP,blitz,https://www.linkedin.com/company/rqa-inc.,Market Research,US,US,pass,unknown,industry unknown
Melinda,Clements,Melinda Clements,Director of Food Service Sales,Progressive Brokerage Inc,,linkedin.com/in/melinda-clements-2144a1100,,Director,blitz,https://www.linkedin.com/company/progressive-brokerage-inc,Advertising Services,US,US,pass,unknown,industry unknown
Melinda,Eslinger,Melinda Eslinger,Owner,3rd Dimension,,linkedin.com/in/melinda-eslinger-37800a4,,C-Team,blitz,https://www.linkedin.com/company/3rd-dimension,Advertising Services,US,DK,pass,unknown,industry unknown
Melissa,Gould,Melissa Gould,Director,New Albany Middle School,,linkedin.com/in/melissa-gould-5a36036,,Director,blitz,https://www.linkedin.com/company/new-albany-middle-school,Public Relations and Communications Services,US,US,pass,unknown,industry unknown
Melissa,Grayson,Melissa Grayson,CFO,Mad River Post,,linkedin.com/in/melissa-grayson-6067a8a,,C-Team,blitz,https://www.linkedin.com/company/mad-river-post,Advertising Services,US,US,pass,unknown,industry unknown
Melissa,Gruhin,Melissa Gruhin,VP Creative,Moburst - Growth Done Right,moburst.com,linkedin.com/in/melissa-gruhin-657b124a,,VP,blitz,https://www.linkedin.com/company/moburst,Advertising Services,US,US,pass,unknown,industry unknown
Melissa,Hayden,Melissa Hayden,Client Relationship Director,Continental Promotion Group,,linkedin.com/in/melissa-hayden-marketing,,Director,blitz,https://www.linkedin.com/company/continental-promotion-group,Advertising Services,US,US,pass,unknown,industry unknown
Melissa,Kanemoto,Melissa Kanemoto,"Director, Client Operations (Propper Daley)",BPI Group,bpigroup.com,linkedin.com/in/melissa-kanemoto-3403081a,,Director,blitz,https://www.linkedin.com/company/bully-pulpit-international,Advertising Services,US,US,pass,unknown,industry unknown
Melissa,Kelly,Melissa Kelly,Owner,Primo,,linkedin.com/in/melissa-kelly-5a70b47,,C-Team,blitz,https://www.linkedin.com/company/primo,Design Services,US,US,pass,unknown,industry unknown
Melissa,Kojan,Melissa Kojan,Owner,PR Consultants,,linkedin.com/in/melissa-kojan-015a958,,C-Team,blitz,https://www.linkedin.com/company/pr-consultants,Public Relations and Communications Services,US,US,pass,unknown,industry unknown
Melissa,Mayberry,Melissa Mayberry,Owner,CLASSY CLEANERS,,linkedin.com/in/melissa-mayberry-0743771a2,,C-Team,blitz,https://www.linkedin.com/company/classy-cleaners,Design Services,US,US,pass,unknown,industry unknown
Melissa,Meier,Melissa Meier,CEO & Founder,Born This Way Relations GmbH,,linkedin.com/in/melissa-meier-32505468,,C-Team,blitz,https://www.linkedin.com/company/born-this-way-relations-gmbh,Advertising Services,DE,DE,pass,unknown,industry unknown
Melissa,Reed,Melissa Reed,Owner,WISEgroup,,linkedin.com/in/melissa-reed-6242b0241,,C-Team,blitz,https://www.linkedin.com/company/wisegroup,Advertising Services,GB,US,pass,unknown,industry unknown
Melissa,Schmidt,Melissa Schmidt,Childcare Director,FIRST UNITED METHODIST CHILDCARE CENTER,,linkedin.com/in/melissa-schmidt-b53a431ab,,Director,blitz,https://www.linkedin.com/company/first-united-methodist-childcare-center,Advertising Services,US,US,pass,unknown,industry unknown
Melissa,Dawson,Melissa Dawson,"Fractional CMO, Marketing Director, Growth Strategist",The Marketing Centre,themarketingcentre.com,linkedin.com/in/melissadawson100,,C-Team,blitz,https://www.linkedin.com/company/the-marketing-centre,,GB,GB,pass,unknown,industry unknown
Melody Darlene,Hernandez,Melody Darlene Hernandez,Head of Boyfriend Perfume,Digital Media Management,digitalmediamanagement.com,linkedin.com/in/melodyhernandez,,Director,blitz,https://www.linkedin.com/company/digital-media-management,Advertising Services,US,US,pass,unknown,industry unknown
Meloney,Breazeale,Meloney Breazeale,Co Owner,Rumours Hair Salon,,linkedin.com/in/meloney-breazeale-71aa4a111,,C-Team,blitz,https://www.linkedin.com/company/rumours-hair-salon,Design,US,US,pass,unknown,industry unknown
Melonie,Stewart,Melonie Stewart,Co-Founder,Stewart Communications,,linkedin.com/in/melonie-stewart-94093234,,C-Team,blitz,https://www.linkedin.com/company/stewart-communications,Public Relations and Communications Services,US,US,pass,unknown,industry unknown
Melvin,ADAM,Melvin ADAM,Founder & Managing Director,ADAM｜Agence de communication,,linkedin.com/in/melvin-adam,,C-Team,blitz,https://www.linkedin.com/company/adamcommunication,Advertising Services,FR,FR,pass,unknown,industry unknown
Mercy,Cubas,Mercy Cubas,Managing Director,Siboney USA,,linkedin.com/in/mercy-cubas-3665921b,,C-Team,blitz,https://www.linkedin.com/company/siboney-usa,Advertising Services,US,US,pass,unknown,industry unknown
,,,Chief Financial Officer,Vaniam Group,vaniamgroup.com,linkedin.com/in/meredithkeyes,,C-Team,blitz,https://www.linkedin.com/company/vaniam-group,Advertising Services,US,US,pass,unknown,industry unknown
merve,yilmaz,merve yilmaz,Owner,Focus Design,,linkedin.com/in/merve-yilmaz-234a653,,C-Team,blitz,https://www.linkedin.com/company/focus-design,Graphic Design,DE,US,pass,unknown,industry unknown
Meulemans,Steve,Meulemans Steve,VP Business Development,AVA Advertising,,linkedin.com/in/meulemans-steve-271bb23,,VP,blitz,https://www.linkedin.com/company/ava-advertising,Advertising Services,US,US,pass,unknown,industry unknown
Meüs,Van Der Poel,Meüs Van Der Poel,Owner,Public Affairs Group,,linkedin.com/in/meüs-van-der-poel-0983423,,C-Team,blitz,https://www.linkedin.com/company/public-affairs-group,Public Relations and Communications Services,NL,US,pass,unknown,industry unknown
Mia,Cederberg,Mia Cederberg,Creative Director,Storåkers McCann,,linkedin.com/in/mia-cederberg-7588ab28,,Director,blitz,https://www.linkedin.com/company/storakers-mccann,Advertising Services,SE,SE,pass,unknown,industry unknown
Mia,Hodge,Mia Hodge,Senior Director,BPI Group,bpigroup.com,linkedin.com/in/mia-hodge-6b200135,,Director,blitz,https://www.linkedin.com/company/bully-pulpit-international,Advertising Services,US,US,pass,unknown,industry unknown
Miarka,Mazur,Miarka Mazur,Client Director,Identex,,linkedin.com/in/miarka-mazur-635914,,Director,blitz,https://www.linkedin.com/company/identex,Advertising Services,GB,GB,pass,unknown,industry unknown
Micaela,Hill,Micaela Hill,Human Resource Director,"I M Consultants, Inc.",,linkedin.com/in/micaela-hill-47665655,,Director,blitz,https://www.linkedin.com/company/imconsultants-inc-,Advertising Services,US,US,pass,unknown,industry unknown
Micah,Pendleton,Micah Pendleton,Technical Media Director,Wtvy TV,,linkedin.com/in/micah-pendleton-99aa23113,,Director,blitz,https://www.linkedin.com/company/wtvy-tv,Public Relations and Communications Services,US,US,pass,unknown,industry unknown
Micha,Luksenburg,Micha Luksenburg,Head of Strategy / CoS,Only Entrepreneurs,only.nl,linkedin.com/in/micha-luksenburg,,Director,blitz,https://www.linkedin.com/company/only-creative-entrepreneurs,,NL,NL,pass,unknown,industry unknown
Michael,Andregg,Michael Andregg,Owner,Ground Zero,,linkedin.com/in/michael-andregg-0245a2,,C-Team,blitz,https://www.linkedin.com/company/ground-zero,Advertising Services,US,US,pass,unknown,industry unknown
Michael,Boyette,Michael Boyette,Vice President,Al Paul Lefton Co.,,linkedin.com/in/michael-boyette-b562702,,VP,blitz,https://www.linkedin.com/company/al-paul-lefton-co.,Advertising Services,US,US,pass,unknown,industry unknown
Michael,Brown,Michael Brown,Owner,Prospect Marketing,,linkedin.com/in/michael-brown-b9897a163,,C-Team,blitz,https://www.linkedin.com/company/prospect-marketing,Advertising Services,US,US,pass,unknown,industry unknown
Michael,Buckley,Michael Buckley,President,Stewart Communications,,linkedin.com/in/michael-buckley-68872915,,C-Team,blitz,https://www.linkedin.com/company/stewart-communications,Public Relations and Communications Services,NL,US,pass,unknown,industry unknown
Michael,Conway,Michael Conway,Senior Technical Director Energy Services,Pennoni,pennoni.com,linkedin.com/in/michael-conway-4768196,,Director,blitz,https://www.linkedin.com/company/pennoni,Design Services,US,US,pass,unknown,industry unknown
Michael,Danko,Michael Danko,Director of Business Development,Pennoni,pennoni.com,linkedin.com/in/michael-danko-16468063,,Director,blitz,https://www.linkedin.com/company/pennoni,Design Services,US,US,pass,unknown,industry unknown
Michael,Della Penna,Michael Della Penna,CMO,Bigfoot Interactive,,linkedin.com/in/michael-della-penna-8bab98,,C-Team,blitz,https://www.linkedin.com/company/bigfoot-interactive,Advertising Services,US,US,pass,unknown,industry unknown
Michael,Hayden,Michael Hayden,MD,Primo,,linkedin.com/in/michael-hayden-69193a31,,C-Team,blitz,https://www.linkedin.com/company/primo,Design Services,IE,US,pass,unknown,industry unknown
Michael,Honig,Michael Honig,"Director, Premium Brands Group",Arena Media Networks,,linkedin.com/in/michael-honig-8782303,,Director,blitz,https://www.linkedin.com/company/arena-media-networks,Advertising Services,US,US,pass,unknown,industry unknown
Michael,Jacobsen-Rey,Michael Jacobsen-Rey,Owner,PROBIZ,,linkedin.com/in/michael-jacobsen-rey-8244152,,C-Team,blitz,https://www.linkedin.com/company/probiz,Advertising Services,DE,US,pass,unknown,industry unknown
Michael,Jakobsen,Michael Jakobsen,Owner,TM Design,,linkedin.com/in/michael-jakobsen-6b36843,,C-Team,blitz,https://www.linkedin.com/company/tm-design,Graphic Design,DK,US,pass,unknown,industry unknown
Michael,Joyce,Michael Joyce,Managing Director,Bodega Social Club,,linkedin.com/in/michael-joyce-0b5416180,,C-Team,blitz,https://www.linkedin.com/company/bodegasocialclub,Advertising Services,US,US,pass,unknown,industry unknown
Michael,Kissinger,Michael Kissinger,Vice President,Pennoni,pennoni.com,linkedin.com/in/michael-kissinger-b07ba77,,VP,blitz,https://www.linkedin.com/company/pennoni,Design Services,US,US,pass,unknown,industry unknown
Michael,Lafferty,Michael Lafferty,Owner,CSA Marketing,,linkedin.com/in/michael-lafferty-69977318,,C-Team,blitz,https://www.linkedin.com/company/csa-marketing,Advertising Services,US,US,pass,unknown,industry unknown
Michael,Lowenstein,Michael Lowenstein,"Senior Vice President, U.S. Operations, Customer Management Center of Excellence",NOP World,,linkedin.com/in/michael-lowenstein-143736,,VP,blitz,https://www.linkedin.com/company/nop-world,Market Research,US,US,pass,unknown,industry unknown
Michael,McCaffrey,Michael McCaffrey,Boston MA Office Director,Pennoni,pennoni.com,linkedin.com/in/michael-mccaffrey-907491162,,Director,blitz,https://www.linkedin.com/company/pennoni,Design Services,US,US,pass,unknown,industry unknown
Michael,Michalovich,Michael Michalovich,Owner,Mlm Construction,,linkedin.com/in/michael-michalovich-978348264,,C-Team,blitz,https://www.linkedin.com/company/mlm-construction,Advertising Services,US,US,pass,unknown,industry unknown
Michael,Miley,Michael Miley,Regional Director,Joshua,,linkedin.com/in/michael-miley-5b528b13,,Director,blitz,https://www.linkedin.com/company/joshua,Advertising Services,GB,GB,pass,unknown,industry unknown
Michael,Miley,Michael Miley,director,Joshua,,linkedin.com/in/michael-miley-85a8843,,Director,blitz,https://www.linkedin.com/company/joshua,Advertising Services,GB,GB,pass,unknown,industry unknown
MIchael,Neff,MIchael Neff,Performing Arts Tutor / Director / Performer,Independent Contractor/Consultant,,linkedin.com/in/michael-neff-71aa9912b,,Director,blitz,https://www.linkedin.com/company/independent-contractor-consultant_2,Public Relations and Communications Services,US,GB,pass,unknown,industry unknown
Michael,Pearson,Michael Pearson,Owner,Pearson & Associates,,linkedin.com/in/michael-pearson-b8b952,,C-Team,blitz,https://www.linkedin.com/company/pearson-&-associates,Market Research,US,US,pass,unknown,industry unknown
michael,peretz,michael peretz,Director of Research,Al Paul Lefton Co.,,linkedin.com/in/michael-peretz-32b26117,,Director,blitz,https://www.linkedin.com/company/al-paul-lefton-co.,Advertising Services,US,US,pass,unknown,industry unknown
Michael,Quinn,Michael Quinn,director,QUINN CIVIL ENGINEERING LIMITED,,linkedin.com/in/michael-quinn-4892117b,,Director,blitz,https://www.linkedin.com/company/quinn-civil-engineering-limited,Advertising Services,GB,GB,pass,unknown,industry unknown
Michael,Rocha,Michael Rocha,President,"Direct, A Marketing Services Company",,linkedin.com/in/michael-rocha-04647bb,,C-Team,blitz,https://www.linkedin.com/company/direct-a-marketing-services-company,Advertising Services,US,US,pass,unknown,industry unknown
Michael,Sachs,Michael Sachs,Owner,United Marketing Solutions,,linkedin.com/in/michael-sachs-3484511,,C-Team,blitz,https://www.linkedin.com/company/united-marketing-solutions,Advertising Services,US,US,pass,unknown,industry unknown
Michael,Santos,Michael Santos,National Sales Director,The Enthusiast Network,,linkedin.com/in/michael-santos-5966303,,Director,blitz,https://www.linkedin.com/company/the-enthusiast-network,Advertising Services,US,US,pass,unknown,industry unknown
Michael,Savitsky,Michael Savitsky,Operations Manager/ Managing Partner,3D Marketing Group,,linkedin.com/in/michael-savitsky-85188a38,,C-Team,blitz,https://www.linkedin.com/company/3dmarketinggroup,Advertising Services,US,US,pass,unknown,industry unknown
michael,sheehan,michael sheehan,Executive Director of Sales,Market Communications,,linkedin.com/in/michael-sheehan-a7183153,,Director,blitz,https://www.linkedin.com/company/market-communications,Advertising Services,US,US,pass,unknown,industry unknown
Michael,Sullivan,Michael Sullivan,Vice President of Operations,Wall USA,,linkedin.com/in/michael-sullivan-8268771,,VP,blitz,https://www.linkedin.com/company/wall-usa,Advertising Services,US,US,pass,unknown,industry unknown
Michael,Swimelar,Michael Swimelar,Sr. VP/CFO,Common Knowledge,,linkedin.com/in/michael-swimelar-635abb,,C-Team,blitz,https://www.linkedin.com/company/common-knowledge,Market Research,US,US,pass,unknown,industry unknown
Michael,Toro,Michael Toro,Executive Vice President,Marketing Alliance Group,mktalliance.com,linkedin.com/in/michael-toro-4a863715,,VP,blitz,https://www.linkedin.com/company/marketing-alliance-group,Advertising Services,US,US,pass,unknown,industry unknown
Michael,Uzielli,Michael Uzielli,Finance Director,Thomson Intermedia Plc,,linkedin.com/in/michael-uzielli-2b92516,,Director,blitz,https://www.linkedin.com/company/thomson-intermedia-plc,Advertising Services,GB,GB,pass,unknown,industry unknown
Michael,Verby,Michael Verby,Managing Director,MVM,,linkedin.com/in/michael-verby-a5a7a11a0,,C-Team,blitz,https://www.linkedin.com/company/mvm,Advertising Services,GB,CH,pass,unknown,industry unknown
Michael,Williams,Michael Williams,Media Director,ImagineThat,,linkedin.com/in/michael-williams-b39a547,,Director,blitz,https://www.linkedin.com/company/imaginethat,Advertising Services,US,US,pass,unknown,industry unknown
Mike,Schneider,Mike Schneider,Partner,BPI Group,bpigroup.com,linkedin.com/in/michaeladamschneider,,C-Team,blitz,https://www.linkedin.com/company/bully-pulpit-international,Advertising Services,US,US,pass,unknown,industry unknown
Michael A.,Carey,Michael A. Carey,President,"Three People Concepts, Inc.",,linkedin.com/in/michaelcarey,,C-Team,blitz,https://www.linkedin.com/company/three-people-concepts-inc.,Advertising Services,US,US,pass,unknown,industry unknown
,,,"VP, Group Creative Director",Digital Media Management,digitalmediamanagement.com,linkedin.com/in/michaelscherrer,,VP,blitz,https://www.linkedin.com/company/digital-media-management,Advertising Services,US,US,pass,unknown,industry unknown
M,J,M J,id8 Partner & Co-Founder,ID8,,linkedin.com/in/michaelterrett,,C-Team,blitz,https://www.linkedin.com/company/id8,Advertising Services,US,US,pass,unknown,industry unknown
Mike,Giles,Mike Giles,Chief Technology Officer (Fractional),Various Companies,,linkedin.com/in/michaelvgiles,,C-Team,blitz,https://www.linkedin.com/company/many-various-companies,Design Services,US,US,pass,unknown,industry unknown
Michael,Williamson,Michael Williamson,Fractional CMO | Commercial & AI Transformation,The Marketing Centre,themarketingcentre.com,linkedin.com/in/michaelwilliamson1,,C-Team,blitz,https://www.linkedin.com/company/the-marketing-centre,,GB,GB,pass,unknown,industry unknown
Michal,Klobušický,Michal Klobušický,Art Director,MW Promotion,,linkedin.com/in/michal-klobusicky,,Director,blitz,https://www.linkedin.com/company/mw-promotion,Advertising Services,SK,SK,pass,unknown,industry unknown
Dimitrios,Michalos,Dimitrios Michalos,Owner - General Director,Fantasia Productions,,linkedin.com/in/michalos,,Director,blitz,https://www.linkedin.com/company/fantasia-productions,Events Services,GR,GR,pass,unknown,industry unknown
Michel,Simoes,Michel Simoes,Directeur,Novea,,linkedin.com/in/michel-simoes-589a67a8,,Director,blitz,https://www.linkedin.com/company/novea,Advertising Services,FR,US,pass,unknown,industry unknown
Michele,Blackwell,Michele Blackwell,Vice President,"DZN, The Design Group",,linkedin.com/in/michele-blackwell-27223a,,VP,blitz,https://www.linkedin.com/company/dzn-the-design-group,Graphic Design,US,US,pass,unknown,industry unknown
Michele,Bokun,Michele Bokun,Account Director,BeNOW,,linkedin.com/in/michele-bokun-3a88b8,,Director,blitz,https://www.linkedin.com/company/benow,Advertising Services,US,US,pass,unknown,industry unknown
Michele,Gall,Michele Gall,Director Human Resources Development,Lincoln Consulting,,linkedin.com/in/michele-gall-0213a01,,Director,blitz,https://www.linkedin.com/company/lincoln-consulting,Advertising Services,US,US,pass,unknown,industry unknown
Michele,Merola,Michele Merola,Co-Founder & Marketing Manager,TIMEER Digital Studio,timeer.it,linkedin.com/in/michele-merola-2a65701a5,,C-Team,blitz,https://www.linkedin.com/company/timeer-digital-studio,,IT,IT,pass,unknown,industry unknown
Michele,S.,Michele S.,Owner,Greer & Associates,,linkedin.com/in/michele-s-55b1097,,C-Team,blitz,https://www.linkedin.com/company/greer-&-associates,Advertising Services,US,US,pass,unknown,industry unknown
Michele,Ronan,Michele Ronan,Art Director,Apartments.com,apartments.com,linkedin.com/in/micheleronan,,Director,blitz,https://www.linkedin.com/company/apartments-com,Advertising Services,US,US,pass,unknown,industry unknown
Michell,Urbanski,Michell Urbanski,Owner,Sage Design,,linkedin.com/in/michell-urbanski-460310,,C-Team,blitz,https://www.linkedin.com/company/sage-design,Advertising Services,US,US,pass,unknown,industry unknown
Michelle,Archer,Michelle Archer,VP- Sales,Determined Productions Inc.,,linkedin.com/in/michelle-archer-8a4741,,VP,blitz,https://www.linkedin.com/company/determined-productions-inc.,Graphic Design,US,US,pass,unknown,industry unknown
Michelle,Greenway,Michelle Greenway,coffee shop owner,Coffee Break,,linkedin.com/in/michelle-greenway-b1b091193,,C-Team,blitz,https://www.linkedin.com/company/coffeebreakbyicookit,Events Services,US,PT,pass,unknown,industry unknown
Michelle,Jenner,Michelle Jenner,Program Director,Conference Series,,linkedin.com/in/michelle-jenner-327939216,,Director,blitz,https://www.linkedin.com/company/conference-series-llc,Events Services,GB,US,pass,unknown,industry unknown
Michelle,Martin,Michelle Martin,Project Director,Exoridior Analytical Services,,linkedin.com/in/michelle-martin-818b218b,,Director,blitz,https://www.linkedin.com/company/exoridior,Events Services,GB,US,pass,unknown,industry unknown
Michelle (Stanfield),Durham,Michelle (Stanfield) Durham,Owner,McCormick Creative Group,,linkedin.com/in/michelle-stanfield-durham-08a41565,,C-Team,blitz,https://www.linkedin.com/company/mccormick-creative-group,Advertising Services,US,US,pass,unknown,industry unknown
Michelle,C.,Michelle C.,"Vice President, Finance & Accounting",Digital Media Management,digitalmediamanagement.com,linkedin.com/in/michellecherison,,VP,blitz,https://www.linkedin.com/company/digital-media-management,Advertising Services,US,US,pass,unknown,industry unknown
Michelle,Ford,Michelle Ford,Regional Director,Apartments.com,apartments.com,linkedin.com/in/michellestokesford,,Director,blitz,https://www.linkedin.com/company/apartments-com,Advertising Services,US,US,pass,unknown,industry unknown
michiel,ponneok,michiel ponneok,president,Richter Media,,linkedin.com/in/michiel-ponneok-75232018,,C-Team,blitz,https://www.linkedin.com/company/richter-media,Public Relations and Communications Services,NL,US,pass,unknown,industry unknown
Michiel,Bais,Michiel Bais,Entrepreneur,Only Entrepreneurs,only.nl,linkedin.com/in/michielbais,,C-Team,blitz,https://www.linkedin.com/company/only-creative-entrepreneurs,,NL,NL,pass,unknown,industry unknown
Mick,Jardon,Mick Jardon,Partner,"JMS, llc",,linkedin.com/in/mick-jardon-41063813,,C-Team,blitz,https://www.linkedin.com/company/jms-llc,Advertising Services,US,US,pass,unknown,industry unknown
mickey,lmartin,mickey lmartin,VP/Sales,Results Media Group,,linkedin.com/in/mickey-lmartin-b0956933,,VP,blitz,https://www.linkedin.com/company/results-media-group,Advertising Services,US,US,pass,unknown,industry unknown
Mie,Katring,Mie Katring,Art Director,141 Denmark,,linkedin.com/in/mie-katring-479a804,,Director,blitz,https://www.linkedin.com/company/141-denmark,Advertising Services,DK,DK,pass,unknown,industry unknown
Miguel,Lopez,Miguel Lopez,Owner,Kreativa,,linkedin.com/in/miguel-lopez-b724283,,C-Team,blitz,https://www.linkedin.com/company/kreativa,Advertising Services,ES,US,pass,unknown,industry unknown
Miguel,Tarzia,Miguel Tarzia,Director,Música y eventos,,linkedin.com/in/miguel-tarzia-102a0b29,,Director,blitz,https://www.linkedin.com/company/m-sica-y-eventos,Events Services,ES,US,pass,unknown,industry unknown
Miguel,Viana,Miguel Viana,graphic director,Brandia,,linkedin.com/in/miguel-viana-a63499,,Director,blitz,https://www.linkedin.com/company/brandia,Advertising Services,PT,PT,pass,unknown,industry unknown
Miguel,Briones,Miguel Briones,"Director, Medical Strategy",Vaniam Group,vaniamgroup.com,linkedin.com/in/miguelabriones,,Director,blitz,https://www.linkedin.com/company/vaniam-group,Advertising Services,US,US,pass,unknown,industry unknown
Miichael,Maxx,Miichael Maxx,Founder & C.E.O,Fiverr and Upwork Freelancers (Buyers and Sellers),,linkedin.com/in/miichael-maxx-the-author,,C-Team,blitz,https://www.linkedin.com/company/fiverr-and-upwork-freelancers-buyers-and-sellers,Advertising Services,US,US,pass,unknown,industry unknown
Mika,Doctorsky,Mika Doctorsky,Account Director,Moburst - Growth Done Right,moburst.com,linkedin.com/in/mika-doctorsky-753557127,,Director,blitz,https://www.linkedin.com/company/moburst,Advertising Services,GB,US,pass,unknown,industry unknown
Mike and Kim,Smith,Mike and Kim Smith,Owner,McCormick Creative Group,,linkedin.com/in/mike-and-kim-smith-a336736b,,C-Team,blitz,https://www.linkedin.com/company/mccormick-creative-group,Advertising Services,US,US,pass,unknown,industry unknown
Mike,Baty,Mike Baty,owner,Absolute,,linkedin.com/in/mike-baty-0a5a0828,,C-Team,blitz,https://www.linkedin.com/company/absolute,Design,US,GB,pass,unknown,industry unknown
Mike,Bishop,Mike Bishop,Owner,Designs of the Interior,,linkedin.com/in/mike-bishop-ab9228a,,C-Team,blitz,https://www.linkedin.com/company/designs-of-the-interior,Design Services,US,US,pass,unknown,industry unknown
Mike,Burke,Mike Burke,"Director, Field Services",Atlantic Skyline,,linkedin.com/in/mike-burke-311550b,,Director,blitz,https://www.linkedin.com/company/atlantic-skyline,Advertising Services,US,US,pass,unknown,industry unknown
Mike,Burns,Mike Burns,MD,TAG Design,,linkedin.com/in/mike-burns-41aa50185,,C-Team,blitz,https://www.linkedin.com/company/tag-design,Design Services,GB,US,pass,unknown,industry unknown
Mike,Cross,Mike Cross,Sales Director,Romeike,,linkedin.com/in/mike-cross-bb653,,Director,blitz,https://www.linkedin.com/company/romeike,Public Relations and Communications Services,GB,GB,pass,unknown,industry unknown
Mike,Curtis,Mike Curtis,Owner,Earthscapes Landscaping,,linkedin.com/in/mike-curtis-547122290,,C-Team,blitz,https://www.linkedin.com/company/earthscapes-landscaping,Market Research,US,US,pass,unknown,industry unknown
Mike,Davis,Mike Davis,Owner/Stylist,ART of HAIR,,linkedin.com/in/mike-davis-61b135150,,C-Team,blitz,https://www.linkedin.com/company/art-of-hair,Design Services,US,DE,pass,unknown,industry unknown
Mike,DeFrehn,Mike DeFrehn,President,MAD Academy,,linkedin.com/in/mike-defrehn-4a510815,,C-Team,blitz,https://www.linkedin.com/company/mad-academy,Graphic Design,US,US,pass,unknown,industry unknown
Mike,Dolan,Mike Dolan,Owner,JD SERVICES,,linkedin.com/in/mike-dolan-44ab555b,,C-Team,blitz,https://www.linkedin.com/company/jd-services,Advertising Services,US,GB,pass,unknown,industry unknown
Mike,Dutcher,Mike Dutcher,President,21st Century Marketing,,linkedin.com/in/mike-dutcher-24343110,,C-Team,blitz,https://www.linkedin.com/company/21st-century-marketing,Advertising Services,US,US,pass,unknown,industry unknown
Mike,Findlay,Mike Findlay,evp,MRF Enterprises Ltd,,linkedin.com/in/mike-findlay-b183a941,,VP,blitz,https://www.linkedin.com/company/mrf-enterprises-ltd,Advertising Services,US,US,pass,unknown,industry unknown
Mike,Fisher,Mike Fisher,Managing Director,Accelerator,,linkedin.com/in/mike-fisher-86494a,,C-Team,blitz,https://www.linkedin.com/company/accelerator,Advertising Services,GB,GB,pass,unknown,industry unknown
Mike,Gomez,Mike Gomez,Owner,Johnnys Italian Restaurant,,linkedin.com/in/mike-gomez-52a4b0199,,C-Team,blitz,https://www.linkedin.com/company/johnnys-italian-restaurant,Public Relations and Communications Services,US,US,pass,unknown,industry unknown
Mike,Grass,Mike Grass,Owner,The Intrepid Group,,linkedin.com/in/mike-grass-25a557,,C-Team,blitz,https://www.linkedin.com/company/the-intrepid-group,Public Relations and Communications Services,US,US,pass,unknown,industry unknown
Mike,Green,Mike Green,VP,Speedmark,,linkedin.com/in/mike-green-00a78b4,,VP,blitz,https://www.linkedin.com/company/speedmark,Market Research,US,US,pass,unknown,industry unknown
mike,hanson,mike hanson,owner,Bob's Carefree Marketing,,linkedin.com/in/mike-hanson-2ba47b1b,,C-Team,blitz,https://www.linkedin.com/company/bob's-carefree-marketing,Advertising Services,US,US,pass,unknown,industry unknown
Mike,Henry,Mike Henry,Owner,Equitec,,linkedin.com/in/mike-henry-548aa21,,C-Team,blitz,https://www.linkedin.com/company/equitec,Advertising Services,US,US,pass,unknown,industry unknown
Mike,Hughes,Mike Hughes,owner,McCormick Creative Group,,linkedin.com/in/mike-hughes-71006483,,C-Team,blitz,https://www.linkedin.com/company/mccormick-creative-group,Advertising Services,US,US,pass,unknown,industry unknown
mike,ike,mike ike,ceo,Solar City Productions,,linkedin.com/in/mike-ike-b83717132,,C-Team,blitz,https://www.linkedin.com/company/solar-city-productions,Events Services,US,US,pass,unknown,industry unknown
Mike,Jolley,Mike Jolley,Sr. VP of Operations,Ocean Design,,linkedin.com/in/mike-jolley-36085614,,VP,blitz,https://www.linkedin.com/company/ocean-design,Design Services,US,US,pass,unknown,industry unknown
Mike,Kobneck,Mike Kobneck,Owner,Sunset Direct,,linkedin.com/in/mike-kobneck-0a600b7,,C-Team,blitz,https://www.linkedin.com/company/sunset-direct,Advertising Services,US,US,pass,unknown,industry unknown
Mike,Lawler-Mikes Barbershop,Mike Lawler-Mikes Barbershop,Owner,Mikes Barbershop,,linkedin.com/in/mike-lawler-mikes-barbershop-812126b8,,C-Team,blitz,https://www.linkedin.com/company/mikes-barbershop,Design Services,US,US,pass,unknown,industry unknown
Mike,Magri,Mike Magri,Company Owner,Mikes Barbershop,,linkedin.com/in/mike-magri-3b8750132,,C-Team,blitz,https://www.linkedin.com/company/mikes-barbershop,Design Services,US,US,pass,unknown,industry unknown
Mike,Mason,Mike Mason,Vice President - Client Services,WonderGroup,,linkedin.com/in/mike-mason-1b0668,,VP,blitz,https://www.linkedin.com/company/wondergroup,Advertising Services,US,US,pass,unknown,industry unknown
Mike,Masselli,Mike Masselli,owner,Bob's Carefree Marketing,,linkedin.com/in/mike-masselli-2b2a0119,,C-Team,blitz,https://www.linkedin.com/company/bob's-carefree-marketing,Advertising Services,US,US,pass,unknown,industry unknown
Mike,Miles,Mike Miles,Owner,Navajo,,linkedin.com/in/mike-miles-7341947,,C-Team,blitz,https://www.linkedin.com/company/navajo,Advertising Services,US,US,pass,unknown,industry unknown
Mike,"Padula, PE","Mike Padula, PE",Regional Vice President,Pennoni,pennoni.com,linkedin.com/in/mike-padula-pe-65790586,,VP,blitz,https://www.linkedin.com/company/pennoni,Design Services,US,US,pass,unknown,industry unknown
Mike,Patton,Mike Patton,Director for People and Change,Seven Worldwide,,linkedin.com/in/mike-patton-232560,,Director,blitz,https://www.linkedin.com/company/seven-worldwide,Advertising Services,GB,US,pass,unknown,industry unknown
Mike,Savage,Mike Savage,Finance Director,Poulters,,linkedin.com/in/mike-savage-1794a84,,Director,blitz,https://www.linkedin.com/company/poulters,Advertising Services,GB,GB,pass,unknown,industry unknown
Mike,Snow,Mike Snow,Director,Verizon Information Services,,linkedin.com/in/mike-snow-204416,,Director,blitz,https://www.linkedin.com/company/verizon-information-services,Advertising Services,US,US,pass,unknown,industry unknown
Mike,Woods,Mike Woods,Content Director,FMG Suite,fmgsuite.com,linkedin.com/in/mike-woods1,,Director,blitz,https://www.linkedin.com/company/fmg-suite,Advertising Services,US,US,pass,unknown,industry unknown
Mike,Young,Mike Young,VP of Engagement,PHMG,phmg.com,linkedin.com/in/mike-young-54a9738a,,VP,blitz,https://www.linkedin.com/company/phmg,,GB,GB,pass,unknown,industry unknown
Mike,Bilhartz,Mike Bilhartz,Director of Data Analytics Development,Exmplar,,linkedin.com/in/mikebilhartz,,Director,blitz,https://www.linkedin.com/company/exmplar,Advertising Services,US,US,pass,unknown,industry unknown
Michael,Gordon,Michael Gordon,Account Director,Moburst - Growth Done Right,moburst.com,linkedin.com/in/mikegordon16,,Director,blitz,https://www.linkedin.com/company/moburst,Advertising Services,US,US,pass,unknown,industry unknown
Mike,Kresch,Mike Kresch,Vice President Strategy,Moburst - Growth Done Right,moburst.com,linkedin.com/in/mikekresch,,VP,blitz,https://www.linkedin.com/company/moburst,Advertising Services,US,US,pass,unknown,industry unknown
Mike,Priebe,Mike Priebe,Regional Director - Multifamily Marketing at Apartments.com,Apartments.com,apartments.com,linkedin.com/in/mikepriebe,,Director,blitz,https://www.linkedin.com/company/apartments-com,Advertising Services,US,US,pass,unknown,industry unknown
Mike,Uehlein,Mike Uehlein,Managing Director,BPI Group,bpigroup.com,linkedin.com/in/mikeuehlein,,C-Team,blitz,https://www.linkedin.com/company/bully-pulpit-international,Advertising Services,US,US,pass,unknown,industry unknown
Mikey,Stiley,Mikey Stiley,Business Owner,Young & Rubican,,linkedin.com/in/mikey-stiley-576a382b7,,C-Team,blitz,https://www.linkedin.com/company/young-&-rubican,Advertising Services,US,US,pass,unknown,industry unknown
Milena,Nikolova,Milena Nikolova,Business Owner,Lyconet UK,,linkedin.com/in/milena-nikolova-67595b176,,C-Team,blitz,https://www.linkedin.com/company/lyconet-uk,Advertising Services,GB,GB,pass,unknown,industry unknown
Miles,A.,Miles A.,Head of Agency,Narwhal Labs,nmg.group,linkedin.com/in/milesaiken,,Director,blitz,https://www.linkedin.com/company/narwhallabs,Advertising Services,ES,GB,pass,unknown,industry unknown
Jon,Miles,Jon Miles,Head of Development Research EMEA,Performance Lists,,linkedin.com/in/milesjon,,Director,blitz,https://www.linkedin.com/company/performance-lists,Advertising Services,GB,US,pass,unknown,industry unknown
CALVIN,MILLER,CALVIN MILLER,PRESIDENT,Miller Consulting Group,,linkedin.com/in/millerfinancialconsulting,,C-Team,blitz,https://www.linkedin.com/company/miller-consulting-group,Public Relations and Communications Services,US,US,pass,unknown,industry unknown
Milo,Stoessel,Milo Stoessel,Chairman,DialogWorld AG,dialogworld.ch,linkedin.com/in/milo-stoessel-52b24b65,,C-Team,blitz,https://www.linkedin.com/company/dialogworld,,CH,CH,pass,unknown,industry unknown
Mimi,Dunaway,Mimi Dunaway,CEO,Unique Weddings and Events,,linkedin.com/in/mimi-dunaway-8858a6113,,C-Team,blitz,https://www.linkedin.com/company/unique-weddings-and-events,Events Services,US,US,pass,unknown,industry unknown
Minhaj,Kibriyah,Minhaj Kibriyah,Film Director,Adworks,,linkedin.com/in/minhaj-kibriyah-090332170,,Director,blitz,https://www.linkedin.com/company/adworks,Advertising Services,GB,US,pass,unknown,industry unknown
Minott,Wessinger,Minott Wessinger,CEO,McKenzie River Corp,,linkedin.com/in/minott-wessinger-5928a6,,C-Team,blitz,https://www.linkedin.com/company/mckenzie-river-corp,Advertising Services,US,US,pass,unknown,industry unknown
Mintaro,Oba,Mintaro Oba,Senior Director,BPI Group,bpigroup.com,linkedin.com/in/mintarooba,,Director,blitz,https://www.linkedin.com/company/bully-pulpit-international,Advertising Services,US,US,pass,unknown,industry unknown
Mira,Čechová,Mira Čechová,Account Director,MW Promotion,,linkedin.com/in/mira-čechová-93854540,,Director,blitz,https://www.linkedin.com/company/mw-promotion,Advertising Services,SK,SK,pass,unknown,industry unknown
Mirella,Valdez,Mirella Valdez,Director Of Nursing,Cuidado Casero Home Health,,linkedin.com/in/mirella-valdez-5938691a4,,Director,blitz,https://www.linkedin.com/company/cuidado-casero-home-health,Graphic Design,US,US,pass,unknown,industry unknown
Miriam Nadja,Ernst,Miriam Nadja Ernst,"CEO, Founder",We are SAVVY,miriam-ernst.com,linkedin.com/in/miriam-ernst-marketing-seo-pr-social-media-savvy,,C-Team,blitz,https://www.linkedin.com/company/we-are-savvy-pr-event-agentur,,DE,DE,pass,unknown,industry unknown
Miriam,Cohen,Miriam Cohen,"Senior Director, Scientific Communications",Vaniam Group,vaniamgroup.com,linkedin.com/in/miriamcohen73,,Director,blitz,https://www.linkedin.com/company/vaniam-group,Advertising Services,US,US,pass,unknown,industry unknown
Miriame,Jean,Miriame Jean,Business owner,Eden,,linkedin.com/in/miriame-jean-0b040980,,C-Team,blitz,https://www.linkedin.com/company/eden,Design Services,US,NL,pass,unknown,industry unknown
Miron,Diane,Miron Diane,president,Sunshine Media Group,,linkedin.com/in/miron-diane-15850882,,C-Team,blitz,https://www.linkedin.com/company/sunshine-media-group,Advertising Services,US,US,pass,unknown,industry unknown
Missing,Moose,Missing Moose,Chief Executive Officer,"BELLS INTERNATIONAL, INC.",,linkedin.com/in/missing-moose-083160237,,C-Team,blitz,https://www.linkedin.com/company/bells-international-inc.,Advertising Services,US,US,pass,unknown,industry unknown
Mistreanu,Andrei,Mistreanu Andrei,Creative Director,Concept Media,,linkedin.com/in/mistreanu-andrei-33989a27,,Director,blitz,https://www.linkedin.com/company/concept-media,Advertising Services,RO,US,pass,unknown,industry unknown
Mareks,K.,Mareks K.,Production Manager/Technical Director,MRX,,linkedin.com/in/mk1414,,Director,blitz,https://www.linkedin.com/company/siamrx,Events Services,LV,LV,pass,unknown,industry unknown
Maksym,Naichuk,Maksym Naichuk,Head of Technology,Scrambly,scrambly.io,linkedin.com/in/mnaichuk,,Director,blitz,https://www.linkedin.com/company/scrambly,,PL,IT,pass,unknown,industry unknown
Mobile,Crobar,Mobile Crobar,Owner,Crobar,,linkedin.com/in/mobile-crobar-1180526,,C-Team,blitz,https://www.linkedin.com/company/crobar,Advertising Services,US,US,pass,unknown,industry unknown
Moe,A.,Moe A.,Creative Director,Marketing Alliance Group,mktalliance.com,linkedin.com/in/moeattia,,Director,blitz,https://www.linkedin.com/company/marketing-alliance-group,Advertising Services,US,US,pass,unknown,industry unknown
Mohaa,Ghadi,Mohaa Ghadi,Directeur général,Gemme Agency,,linkedin.com/in/mohaa-ghadi-6804b92a3,,C-Team,blitz,https://www.linkedin.com/company/gemme-agency,Advertising Services,FR,FR,pass,unknown,industry unknown
Mohamed,"Zaazaa, MBA","Mohamed Zaazaa, MBA",Chief Executive Officer,InHouse World,,linkedin.com/in/mohamed-zaazaa-mba-92061b5b,,C-Team,blitz,https://www.linkedin.com/company/inhouse-world,Advertising Services,GB,US,pass,unknown,industry unknown
Mohamed,"Ayadi, MBA","Mohamed Ayadi, MBA",Chief Information Officer,FMG Suite,fmgsuite.com,linkedin.com/in/mohamedayadiprofile,,C-Team,blitz,https://www.linkedin.com/company/fmg-suite,Advertising Services,US,US,pass,unknown,industry unknown
Mohammed,Dieye,Mohammed Dieye,Director,BPI Group,bpigroup.com,linkedin.com/in/mohammeddieye,,Director,blitz,https://www.linkedin.com/company/bully-pulpit-international,Advertising Services,US,US,pass,unknown,industry unknown
Mollicone,Federico,Mollicone Federico,Project manager / art director,Media Com,,linkedin.com/in/mollicone-federico-6564021,,Director,blitz,https://www.linkedin.com/company/media-com,Advertising Services,IT,US,pass,unknown,industry unknown
Molly,Millis,Molly Millis,Account Director,Flair Communications Agency,,linkedin.com/in/molly-millis-690b376,,Director,blitz,https://www.linkedin.com/company/flair-communications-agency,Advertising Services,US,US,pass,unknown,industry unknown
Mom,McGee,Mom McGee,owner/operator,I DO,,linkedin.com/in/mom-mcgee-a2950525,,C-Team,blitz,https://www.linkedin.com/company/i-do,Advertising Services,US,US,pass,unknown,industry unknown
Momo,Zara,Momo Zara,owner,Lala,,linkedin.com/in/momo-zara-78ba2b189,,C-Team,blitz,https://www.linkedin.com/company/lalalandscape,Design Services,US,US,pass,unknown,industry unknown
Moncy,Brambila,Moncy Brambila,Founder and CEO,Exposure Digital Marketing Inc.,,linkedin.com/in/moncy-brambila-3ab193165,,C-Team,blitz,https://www.linkedin.com/company/exposure-digital-marketing-inc,Marketing Services,US,US,pass,unknown,industry unknown
Monica,Rutkowski,Monica Rutkowski,VP of Compliance and Regulatory Affairs,Pat Curtis Communications Consulting,,linkedin.com/in/monica-rutkowski-830b0422,,VP,blitz,https://www.linkedin.com/company/pat-curtis-communications-consulting,Public Relations and Communications Services,US,US,pass,unknown,industry unknown
Monica,Smith,Monica Smith,Account Director,The True Agency,,linkedin.com/in/monica-smith-6b061a3,,Director,blitz,https://www.linkedin.com/company/the-true-agency,Advertising Services,US,US,pass,unknown,industry unknown
Monica,Tezanos,Monica Tezanos,Directora de planta,costumer service,,linkedin.com/in/monica-tezanos-271831218,,Director,blitz,https://www.linkedin.com/company/costumer-service2021,Public Relations and Communications Services,US,US,pass,unknown,industry unknown
Monica,Tillman,Monica Tillman,Owner / Interior Designer,Manor House,,linkedin.com/in/monica-tillman-90311614a,,C-Team,blitz,https://www.linkedin.com/company/manorhousemd,Design Services,US,US,pass,unknown,industry unknown
Mónica,Durán Moure,Mónica Durán Moure,Directora de marcas,Ernest,,linkedin.com/in/monicaduranmoure,,Director,blitz,https://www.linkedin.com/company/holaernest,Advertising Services,ES,ES,pass,unknown,industry unknown
Monica,Mckenzie,Monica Mckenzie,Senior Partner,Defense Strategies Institute,dsigroup.org,linkedin.com/in/monicamckenzienyc,,C-Team,blitz,https://www.linkedin.com/company/defense-strategies-institute,Events Services,US,US,pass,unknown,industry unknown
Monique,Ketting-Olivier,Monique Ketting-Olivier,Owner/Sales and Design Consultancy for the Luxury Home Industry,AESTHETE,,linkedin.com/in/monique-ketting-olivier-76613816,,C-Team,blitz,https://www.linkedin.com/company/aesthete,Design Services,US,FR,pass,unknown,industry unknown
Morgan,C.,Morgan C.,VP of Human Resources,Marketing Alliance Group,mktalliance.com,linkedin.com/in/morgan-c-13343836,,VP,blitz,https://www.linkedin.com/company/marketing-alliance-group,Advertising Services,US,US,pass,unknown,industry unknown
Morgan Jade,Williams,Morgan Jade Williams,"Director, Global Insights",BPI Group,bpigroup.com,linkedin.com/in/morgan-jade-williams-494462a4,,Director,blitz,https://www.linkedin.com/company/bully-pulpit-international,Advertising Services,GB,US,pass,unknown,industry unknown
Morgan,Stewart,Morgan Stewart,President and CEO,Stewart Communications,,linkedin.com/in/morgan-stewart-56a8104,,C-Team,blitz,https://www.linkedin.com/company/stewart-communications,Public Relations and Communications Services,US,US,pass,unknown,industry unknown
MORRIS,HOUSER,MORRIS HOUSER,Entrepreneur,SOC SendOutCards,,linkedin.com/in/morris-houser-49396683,,C-Team,blitz,https://www.linkedin.com/company/soc-sendoutcards,Advertising Services,US,US,pass,unknown,industry unknown
Todd,Morris,Todd Morris,Vice President,Pennoni,pennoni.com,linkedin.com/in/morristodd,,VP,blitz,https://www.linkedin.com/company/pennoni,Design Services,US,US,pass,unknown,industry unknown
Ties,Morskate,Ties Morskate,Partner,Merkelijkheid,merkelijkheid.nl,linkedin.com/in/morskate,,C-Team,blitz,https://www.linkedin.com/company/merkelijkheid,,NL,NL,pass,unknown,industry unknown
Javier,Morales,Javier Morales,Creative Director,TOROS,,linkedin.com/in/mostheboutiqueagency,,Director,blitz,https://www.linkedin.com/company/toros,Advertising Services,US,UA,pass,unknown,industry unknown
Mozaffar,Chowdhury,Mozaffar Chowdhury,Owner,CKR Group,,linkedin.com/in/mozaffar-chowdhury-a811a01,,C-Team,blitz,https://www.linkedin.com/company/ckr-group,Advertising Services,US,US,pass,unknown,industry unknown
Mr. Bernard,Geason👑💪🏾,Mr. Bernard Geason👑💪🏾,Entrepreneur,fake page,,linkedin.com/in/mr-bernard-geason👑💪🏾-b25984116,,C-Team,blitz,https://www.linkedin.com/company/fake12344dfasdf,Advertising Services,US,US,pass,unknown,industry unknown
Ondre Devonte,Carter,Ondre Devonte Carter,PRESIDENT,Daddy,,linkedin.com/in/mrbigdev85,,C-Team,blitz,https://www.linkedin.com/company/daddy,Advertising Services,US,SE,pass,unknown,industry unknown
Frank,Lin,Frank Lin,Freelance Creative Director / Art Director,Various Companies,,linkedin.com/in/mrfranklin,,Director,blitz,https://www.linkedin.com/company/many-various-companies,Design Services,US,US,pass,unknown,industry unknown
Matthew,Toynton,Matthew Toynton,Chief Financial Officer,PHMG,phmg.com,linkedin.com/in/mtoynton,,C-Team,blitz,https://www.linkedin.com/company/phmg,,GB,GB,pass,unknown,industry unknown
Muriel,Nnaze,Muriel Nnaze,Client Services & Digital Director,Cyclone Group,,linkedin.com/in/muriel-nnaze-58b46720,,Director,blitz,https://www.linkedin.com/company/cyclonegroup,Advertising Services,FR,US,pass,unknown,industry unknown
Murielle,Omo'o,Murielle Omo'o,Head of Human Resources,DialogWorld AG,dialogworld.ch,linkedin.com/in/murielle-omo-o-4701a3176,,Director,blitz,https://www.linkedin.com/company/dialogworld,,CH,CH,pass,unknown,industry unknown
Murray,Newlands,Murray Newlands,Director of Network Development,PrimeQ,,linkedin.com/in/murray-newlands-2471a32,,Director,blitz,https://www.linkedin.com/company/primeq,Advertising Services,GB,US,pass,unknown,industry unknown
Mustafa,Arda,Mustafa Arda,"Founder, CEO",Creative Republic,,linkedin.com/in/mustafa-arda-658490192,,C-Team,blitz,https://www.linkedin.com/company/creative-republic-sf,Advertising Services,US,US,pass,unknown,industry unknown
Myles,de Bastion,Myles de Bastion,Co-Director & Administrator,Woodstock Cafe,,linkedin.com/in/mylesdebastion,,Director,blitz,https://www.linkedin.com/company/woodstock-cafe,Public Relations and Communications Services,US,US,pass,unknown,industry unknown
Myrista,Bugaj,Myrista Bugaj,Community Relations Director,Inspired Living,,linkedin.com/in/myrista-bugaj-b427b9143,,Director,blitz,https://www.linkedin.com/company/inspired-living_2,Design Services,US,US,pass,unknown,industry unknown
Myron,Miller,Myron Miller,Vice President of Technology,Fanfare Media Works,,linkedin.com/in/myron-miller-3084519,,VP,blitz,https://www.linkedin.com/company/fanfare-media-works,Advertising Services,US,US,pass,unknown,industry unknown
Mélissandre,Lacaille,Mélissandre Lacaille,Fondatrice,TINTA,,linkedin.com/in/mélissandre-lacaille,,C-Team,blitz,https://www.linkedin.com/company/tintaagency,Advertising Services,FR,FR,pass,unknown,industry unknown
Nabil,Rishani,Nabil Rishani,Financial Director,Ashley & Holmes,,linkedin.com/in/nabil-rishani-a869564,,Director,blitz,https://www.linkedin.com/company/ashley-&-holmes,Advertising Services,GR,US,pass,unknown,industry unknown
Nacho,Guilló,Nacho Guilló,Co fundador y Director Creativo General,Ernest,,linkedin.com/in/nacho-guilló-1b7444176,,C-Team,blitz,https://www.linkedin.com/company/holaernest,Advertising Services,ES,ES,pass,unknown,industry unknown
Nacho,Gomez,Nacho Gomez,Head of Art,Ernest,,linkedin.com/in/nachogomez,,Director,blitz,https://www.linkedin.com/company/holaernest,Advertising Services,ES,ES,pass,unknown,industry unknown
Naci,AKYUZLU,Naci AKYUZLU,Owner,CANNA,,linkedin.com/in/naci-akyuzlu-86a5a54,,C-Team,blitz,https://www.linkedin.com/company/canna,Advertising Services,US,US,pass,unknown,industry unknown
Naia,Layana,Naia Layana,Directora de Arte Junior,Ernest,,linkedin.com/in/naia-layana-646228173,,Director,blitz,https://www.linkedin.com/company/holaernest,Advertising Services,ES,ES,pass,unknown,industry unknown
Nancy,Berends,Nancy Berends,President,Smash,,linkedin.com/in/nancy-berends-61aa962,,C-Team,blitz,https://www.linkedin.com/company/smash,Advertising Services,US,US,pass,unknown,industry unknown
Nancy,Gaines,Nancy Gaines,"Owner, Designer",Designs By Nancy,,linkedin.com/in/nancy-gaines-44287a13,,C-Team,blitz,https://www.linkedin.com/company/designs-by-nancy,Design Services,US,US,pass,unknown,industry unknown
Nancy,Marion,Nancy Marion,President,"DZN, The Design Group",,linkedin.com/in/nancy-marion-a30401b,,C-Team,blitz,https://www.linkedin.com/company/dzn-the-design-group,Graphic Design,US,US,pass,unknown,industry unknown
Nancy,Meyer,Nancy Meyer,Owner,Precision Media,,linkedin.com/in/nancy-meyer-4737093,,C-Team,blitz,https://www.linkedin.com/company/precision-media,Advertising Services,US,US,pass,unknown,industry unknown
Nancy,Regan Kirkpatrick,Nancy Regan Kirkpatrick,"Vice President, Creative Director",Keller Crescent,,linkedin.com/in/nancy-regan-kirkpatrick-53266723,,VP,blitz,https://www.linkedin.com/company/keller-crescent,Advertising Services,US,US,pass,unknown,industry unknown
Nancy,Sojourner,Nancy Sojourner,Vice President/Secretary/Treasurer,VSM Advertising,,linkedin.com/in/nancy-sojourner-26091414,,VP,blitz,https://www.linkedin.com/company/vsm-advertising,Advertising Services,US,US,pass,unknown,industry unknown
Nancy,White,Nancy White,Artistic Director,Creative Juice,,linkedin.com/in/nancy-white-26406214a,,Director,blitz,https://www.linkedin.com/company/creative-juice,Advertising Services,US,GB,pass,unknown,industry unknown
Nancy,Melanson,Nancy Melanson,Senior Regional Director,Apartments.com,apartments.com,linkedin.com/in/nancymelanson,,Director,blitz,https://www.linkedin.com/company/apartments-com,Advertising Services,US,US,pass,unknown,industry unknown
Nannette,Fuste,Nannette Fuste,President,CSA Marketing,,linkedin.com/in/nannette-fuste-64331119,,C-Team,blitz,https://www.linkedin.com/company/csa-marketing,Advertising Services,US,US,pass,unknown,industry unknown
Nannie,Gieles,Nannie Gieles,Co-owner,Only Entrepreneurs,only.nl,linkedin.com/in/nanniegieles,,C-Team,blitz,https://www.linkedin.com/company/only-creative-entrepreneurs,,NL,NL,pass,unknown,industry unknown
Natalia,Estebaranz,Natalia Estebaranz,Co-Founder,Franca Studio,,linkedin.com/in/natalia-estebaranz-70ab14108,,C-Team,blitz,https://www.linkedin.com/company/franca-studio-s-l,Public Relations and Communications Services,ES,ES,pass,unknown,industry unknown
Natalia,Jaramillo Unda,Natalia Jaramillo Unda,Director financiero y administrativo,Nc Nspire Agency,,linkedin.com/in/natalia-jaramillo-unda-69a070117,,Director,blitz,https://www.linkedin.com/company/nc-nspire-agency,Advertising Services,ES,ES,pass,unknown,industry unknown
Natalie,Lee,Natalie Lee,Owner,PRETTY NAILS,,linkedin.com/in/natalie-lee-a8ba42133,,C-Team,blitz,https://www.linkedin.com/company/pretty-nails,Advertising Services,US,US,pass,unknown,industry unknown
Natalie,Robuck,Natalie Robuck,Senior Director of Customer Success,Suzy,suzy.com,linkedin.com/in/natalie-robuck-0b82318,,Director,blitz,https://www.linkedin.com/company/asksuzy,Market Research,US,US,pass,unknown,industry unknown
Natasha,Covington,Natasha Covington,"Chief Operating Officer, COO",BOSS Mobile Solutions,,linkedin.com/in/natasha-covington-07350472,,C-Team,blitz,https://www.linkedin.com/company/boss-mobile-solutions,Advertising Services,US,US,pass,unknown,industry unknown
Natasha,Kyndt,Natasha Kyndt,Account Director,Market Communications,,linkedin.com/in/natasha-kyndt-a74a0b,,Director,blitz,https://www.linkedin.com/company/market-communications,Advertising Services,GB,US,pass,unknown,industry unknown
Natasha,Mack,Natasha Mack,Vice President,Pennoni,pennoni.com,linkedin.com/in/natasha-mack-234653163,,VP,blitz,https://www.linkedin.com/company/pennoni,Design Services,US,US,pass,unknown,industry unknown
Natasha,Louckevitch,Natasha Louckevitch,Head of Production,BPI Group,bpigroup.com,linkedin.com/in/natashalouckevitch,,Director,blitz,https://www.linkedin.com/company/bully-pulpit-international,Advertising Services,US,US,pass,unknown,industry unknown
Nate,Alvar,Nate Alvar,SVP of Product Engineering,FMG Suite,fmgsuite.com,linkedin.com/in/natealvar,,VP,blitz,https://www.linkedin.com/company/fmg-suite,Advertising Services,US,US,pass,unknown,industry unknown
Nathalie,Assen,Nathalie Assen,Account Director,DJPA Partnership,,linkedin.com/in/nathalie-assen-7179541,,Director,blitz,https://www.linkedin.com/company/djpa-partnership,Design Services,NL,US,pass,unknown,industry unknown
Nathalie,baudrelot,Nathalie baudrelot,Chief Financial Officer,devarrieuxvillaret,,linkedin.com/in/nathalie-baudrelot-757b2,,C-Team,blitz,https://www.linkedin.com/company/devarrieuxvillaret,Advertising Services,FR,FR,pass,unknown,industry unknown
Nathalie,Fernandes,Nathalie Fernandes,Art Director,Adjust,adjust.be,linkedin.com/in/nathalie-fernandes-1a7a769b,,Director,blitz,https://www.linkedin.com/company/adjust,,BE,BE,pass,unknown,industry unknown
Nathan,Aponte,Nathan Aponte,Managing Director,"Ciroc Boyz South, LLC",,linkedin.com/in/nathan-aponte-047bb8121,,C-Team,blitz,https://www.linkedin.com/company/ciroc-boyz-south-llc,Advertising Services,US,US,pass,unknown,industry unknown
Nathan,Ferguson,Nathan Ferguson,VP of Operations,Blackrock Consultants,,linkedin.com/in/nathan-ferguson-929b76b6,,VP,blitz,https://www.linkedin.com/company/blackrock-consultants-inc,Advertising Services,US,US,pass,unknown,industry unknown
Nathan,Hoogshagen,Nathan Hoogshagen,Merchandising Director,Fresh Start Convenience Store,,linkedin.com/in/nathan-hoogshagen-73586511a,,Director,blitz,https://www.linkedin.com/company/fresh-start-convenience-store,Public Relations and Communications Services,US,US,pass,unknown,industry unknown
Nathan,Milnes,Nathan Milnes,Portfolio Marketing Director,The Marketing Centre,themarketingcentre.com,linkedin.com/in/nathan-milnes-b7319614,,Director,blitz,https://www.linkedin.com/company/the-marketing-centre,Advertising Services,GB,GB,pass,unknown,industry unknown
Nathan,Taplin,Nathan Taplin,Vice President Of Business Development,PHMG,phmg.com,linkedin.com/in/nathan-taplin-82701978,,VP,blitz,https://www.linkedin.com/company/phmg,,US,GB,pass,unknown,industry unknown
Nathan,Worthington,Nathan Worthington,SVP Client Success,FMG Suite,fmgsuite.com,linkedin.com/in/nathan-worthington-642a742,,VP,blitz,https://www.linkedin.com/company/fmg-suite,Advertising Services,US,US,pass,unknown,industry unknown
Nathaneul,Slavens,Nathaneul Slavens,Entrepreneur,Eden,,linkedin.com/in/nathaneul-slavens-b57b44a3,,C-Team,blitz,https://www.linkedin.com/company/eden,Design Services,US,NL,pass,unknown,industry unknown
Nathaniel,Greenberg,Nathaniel Greenberg,CFO,Dana-co LLC,dana-co.com,linkedin.com/in/nathaniel-greenberg,,C-Team,blitz,https://www.linkedin.com/company/dana-co-llc,Design Services,US,US,pass,unknown,industry unknown
Nathan,Kelion,Nathan Kelion,Partner,Kol Tov Ltd.,,linkedin.com/in/nathankelion,,C-Team,blitz,https://www.linkedin.com/company/kol-tov-ltd-,Events Services,GB,GB,pass,unknown,industry unknown
Neal,T.,Neal T.,Head of Creative,PHMG,phmg.com,linkedin.com/in/nealtitus,,Director,blitz,https://www.linkedin.com/company/phmg,Advertising Services,US,GB,pass,unknown,industry unknown
Ned,McMullen,Ned McMullen,VP Business Development,BeNOW,,linkedin.com/in/ned-mcmullen-4a0b66,,VP,blitz,https://www.linkedin.com/company/benow,Advertising Services,US,US,pass,unknown,industry unknown
Neel,Jha,Neel Jha,Head of FP&A,Suzy,suzy.com,linkedin.com/in/neel-jha1,,Director,blitz,https://www.linkedin.com/company/asksuzy,Market Research,US,US,pass,unknown,industry unknown
Neha,Tuli-Wildemore,Neha Tuli-Wildemore,"Director, Scientific Communications",Vaniam Group,vaniamgroup.com,linkedin.com/in/neha-tuli-wildemore-4138ba42,,Director,blitz,https://www.linkedin.com/company/vaniam-group,Advertising Services,US,US,pass,unknown,industry unknown
Neil,Cunningham,Neil Cunningham,Account Director,Diffiniti,,linkedin.com/in/neil-cunningham-34a4092,,Director,blitz,https://www.linkedin.com/company/diffiniti,Advertising Services,GB,GB,pass,unknown,industry unknown
Neil,Markey,Neil Markey,"Sr. VP, Executive Creative Director",Duncan & Associates,,linkedin.com/in/neil-markey-453961,,VP,blitz,https://www.linkedin.com/company/duncan-&-associates,Advertising Services,US,US,pass,unknown,industry unknown
Nelda,Lee,Nelda Lee,CEO,D&B Marketing,,linkedin.com/in/nelda-lee-3a553036,,C-Team,blitz,https://www.linkedin.com/company/d&b-marketing,Advertising Services,US,US,pass,unknown,industry unknown
Nelson,DOS SANTOS,Nelson DOS SANTOS,Auto entrepreneur - Graphiste - Montage Vidéo - Motion design,Freelance/Self-Employed,,linkedin.com/in/nelson-dos-santos-01a18273,,C-Team,blitz,https://www.linkedin.com/company/freelance-theatre,Events Services,FR,GB,pass,unknown,industry unknown
Nelson,Shaffer,Nelson Shaffer,Executive Vice President and Region 8 VP,Pennoni,pennoni.com,linkedin.com/in/nelson-shaffer-26b85263,,VP,blitz,https://www.linkedin.com/company/pennoni,Design Services,US,US,pass,unknown,industry unknown
Nathan,Hostetter,Nathan Hostetter,Director,Digital Media Management,digitalmediamanagement.com,linkedin.com/in/nhostetter,,Director,blitz,https://www.linkedin.com/company/digital-media-management,Advertising Services,US,US,pass,unknown,industry unknown
Niall,Sankey,Niall Sankey,Founder & Director of GJN Ltd,GJN Ltd,,linkedin.com/in/niall-sankey-138676178,,C-Team,blitz,https://www.linkedin.com/company/gjn-ltd,Advertising Services,GB,GB,pass,unknown,industry unknown
Nibha,Rastogi,Nibha Rastogi,Director -  Talent,BPI Group,bpigroup.com,linkedin.com/in/nibharastogi,,Director,blitz,https://www.linkedin.com/company/bully-pulpit-international,Advertising Services,US,US,pass,unknown,industry unknown
Nic,Banda,Nic Banda,Owner,XeaL,,linkedin.com/in/nic-banda-6283504,,C-Team,blitz,https://www.linkedin.com/company/xeal,Graphic Design,US,US,pass,unknown,industry unknown
Nic,Figueredo,Nic Figueredo,"Director, Media Buying",BPI Group,bpigroup.com,linkedin.com/in/nic-figueredo,,Director,blitz,https://www.linkedin.com/company/bully-pulpit-international,Advertising Services,US,US,pass,unknown,industry unknown
Nicholas,Schuerman,Nicholas Schuerman,Vice President Information Technology Operations,Vaniam Group,vaniamgroup.com,linkedin.com/in/nicholas-schuerman-bb766323,,VP,blitz,https://www.linkedin.com/company/vaniam-group,Advertising Services,US,US,pass,unknown,industry unknown
Nick,Andrews,Nick Andrews,CEO,Gavin Anderson & Company,,linkedin.com/in/nick-andrews-688bb,,C-Team,blitz,https://www.linkedin.com/company/gavin-anderson-&-company,Public Relations and Communications Services,BE,US,pass,unknown,industry unknown
Nick,Bruce,Nick Bruce,Directeur General,Novea,,linkedin.com/in/nick-bruce-93a391b8,,C-Team,blitz,https://www.linkedin.com/company/novea,Advertising Services,FR,US,pass,unknown,industry unknown
Nick,DeFrancesco,Nick DeFrancesco,Regional Director,Apartments.com,apartments.com,linkedin.com/in/nick-defrancesco-4604b195,,Director,blitz,https://www.linkedin.com/company/apartments-com,Advertising Services,US,US,pass,unknown,industry unknown
Nick,Elliott,Nick Elliott,Director of International Business,Romeike,,linkedin.com/in/nick-elliott-3797732,,Director,blitz,https://www.linkedin.com/company/romeike,Public Relations and Communications Services,GB,GB,pass,unknown,industry unknown
Nick,Hansen,Nick Hansen,CEO/Managing Member,Poli Solutions Consulting,,linkedin.com/in/nick-hansen-659b551a,,C-Team,blitz,https://www.linkedin.com/company/poli-solutions-consulting,Public Relations and Communications Services,US,US,pass,unknown,industry unknown
Nick,Hardie,Nick Hardie,Finance Director,802,,linkedin.com/in/nick-hardie-58ab051,,Director,blitz,https://www.linkedin.com/company/802,Advertising Services,GB,SE,pass,unknown,industry unknown
Nick,Hughes,Nick Hughes,Owner,Kugel,,linkedin.com/in/nick-hughes-a138381,,C-Team,blitz,https://www.linkedin.com/company/kugel,Graphic Design,GB,GB,pass,unknown,industry unknown
Nick,Martin,Nick Martin,Senior Director,BPI Group,bpigroup.com,linkedin.com/in/nick-martin-3588369,,Director,blitz,https://www.linkedin.com/company/bully-pulpit-international,Advertising Services,US,US,pass,unknown,industry unknown
Nick,Meissner,Nick Meissner,Owner,MICE International,,linkedin.com/in/nick-meissner-17068a5,,C-Team,blitz,https://www.linkedin.com/company/mice-international,Events Services,BE,US,pass,unknown,industry unknown
Nick,Riccobono,Nick Riccobono,Owner,Link Marketing,,linkedin.com/in/nick-riccobono-b3a2493,,C-Team,blitz,https://www.linkedin.com/company/link-marketing,Advertising Services,US,US,pass,unknown,industry unknown
Nick,Rozzo,Nick Rozzo,Senior Director,BPI Group,bpigroup.com,linkedin.com/in/nick-rozzo,,Director,blitz,https://www.linkedin.com/company/bully-pulpit-international,Advertising Services,US,US,pass,unknown,industry unknown
Nick,Stewart,Nick Stewart,Director,Iceberg Marketing,,linkedin.com/in/nick-stewart-007771,,Director,blitz,https://www.linkedin.com/company/iceberg-marketing,Public Relations and Communications Services,GB,GB,pass,unknown,industry unknown
Nick,Sylvester,Nick Sylvester,Owner,PR Consultants,,linkedin.com/in/nick-sylvester-2236b84,,C-Team,blitz,https://www.linkedin.com/company/pr-consultants,Public Relations and Communications Services,US,US,pass,unknown,industry unknown
Nicky,Homer,Nicky Homer,Director,ITMR,,linkedin.com/in/nicky-homer-49768621,,Director,blitz,https://www.linkedin.com/company/itmr,Advertising Services,GB,GB,pass,unknown,industry unknown
Niclas,Kroll,Niclas Kroll,CEO,somefriends Management,,linkedin.com/in/niclas-kroll,,C-Team,blitz,https://www.linkedin.com/company/somefriends-management,Advertising Services,DE,US,pass,unknown,industry unknown
Nicol,Nicol,Nicol Nicol,New Business Director,Ashley & Holmes,,linkedin.com/in/nicol-nicol-721b873,,Director,blitz,https://www.linkedin.com/company/ashley-&-holmes,Advertising Services,GR,US,pass,unknown,industry unknown
Nicola,Storto,Nicola Storto,Digital Art Director,Arkage,welcometothearkage.com,linkedin.com/in/nicola-storto,,Director,blitz,https://www.linkedin.com/company/arkage,,IT,IT,pass,unknown,industry unknown
Nicolas,Etoughe,Nicolas Etoughe,PDG et Fondateur,NEOCOM,,linkedin.com/in/nicolas-etoughe-068b7146,,C-Team,blitz,https://www.linkedin.com/company/neocom1,Advertising Services,FR,FR,pass,unknown,industry unknown
Nicolas,Ferling,Nicolas Ferling,Directeur associé,ATMEDIA®,,linkedin.com/in/nicolas-ferling-6ba6a054,,Director,blitz,https://www.linkedin.com/company/atmedia,Advertising Services,FR,US,pass,unknown,industry unknown
Nicolas,Pottier,Nicolas Pottier,Head of Finance,AppASO Group,appaso-auditgratuit.fr,linkedin.com/in/nicolas-pottier-62917722b,,Director,blitz,https://www.linkedin.com/company/appaso-groupefr,,FR,FR,pass,unknown,industry unknown
Nicole,Alfrey,Nicole Alfrey,Owner,Just Sew,,linkedin.com/in/nicole-alfrey-305996112,,C-Team,blitz,https://www.linkedin.com/company/just-sew,Design,US,GB,pass,unknown,industry unknown
Nicole,Duval,Nicole Duval,Director Visual Strategist,Desgrippes Gobe,,linkedin.com/in/nicole-duval-ba06906,,Director,blitz,https://www.linkedin.com/company/desgrippes-gobe,Advertising Services,US,US,pass,unknown,industry unknown
Nicole,Jordan,Nicole Jordan,SVP Client Services,Heritage Werks,heritagewerks.com,linkedin.com/in/nicole-jordan-bb5746,,VP,blitz,https://www.linkedin.com/company/heritage-werks,Advertising Services,US,US,pass,unknown,industry unknown
Nicole,Moore,Nicole Moore,VP,MRM Gillespie,,linkedin.com/in/nicole-moore-45455b3,,VP,blitz,https://www.linkedin.com/company/mrm-gillespie,Advertising Services,US,US,pass,unknown,industry unknown
Nicole,Moore,Nicole Moore,Vice-President,MRM Gillespie,,linkedin.com/in/nicole-moore-8066763,,VP,blitz,https://www.linkedin.com/company/mrm-gillespie,Advertising Services,US,US,pass,unknown,industry unknown
Nicole,Travis,Nicole Travis,COO,Mascom Communications Inc,,linkedin.com/in/nicole-travis-3478b23a,,C-Team,blitz,https://www.linkedin.com/company/mascom-communications-inc,Advertising Services,US,US,pass,unknown,industry unknown
Nicole,Haber,Nicole Haber,Managing Director,BPI Group,bpigroup.com,linkedin.com/in/nicolerhaber,,C-Team,blitz,https://www.linkedin.com/company/bully-pulpit-international,Advertising Services,US,US,pass,unknown,industry unknown
Nicole R.,Tidwell,Nicole R. Tidwell,Managing Director,BPI Group,bpigroup.com,linkedin.com/in/nicolertidwell,,C-Team,blitz,https://www.linkedin.com/company/bully-pulpit-international,Advertising Services,US,US,pass,unknown,industry unknown
Nicole,Vincent,Nicole Vincent,Owner,Self Employed Entrepreneur,,linkedin.com/in/nicolesvincent,,C-Team,blitz,https://www.linkedin.com/company/morozov-oleg-design,Design Services,US,UA,pass,unknown,industry unknown
,,,Directeur,Taking Care of Business,,linkedin.com/in/niekegroot,,Director,blitz,https://www.linkedin.com/company/taking-care-of-business,Advertising Services,BE,NL,pass,unknown,industry unknown
Niels,Hasager,Niels Hasager,Sales director,Zapera,,linkedin.com/in/niels-hasager-008ab16,,Director,blitz,https://www.linkedin.com/company/zapera,Market Research,DK,DK,pass,unknown,industry unknown
Niels,Hasager,Niels Hasager,Sales Director,Zapera,,linkedin.com/in/niels-hasager-22a0657,,Director,blitz,https://www.linkedin.com/company/zapera,Market Research,DK,DK,pass,unknown,industry unknown
Nigel,Freight,Nigel Freight,"Director, Promotions & Events",World Marketing Group,,linkedin.com/in/nigel-freight-986a939,,Director,blitz,https://www.linkedin.com/company/world-marketing-group,Advertising Services,US,US,pass,unknown,industry unknown
Nigel,Schepers,Nigel Schepers,Entrepreneur,BTN-International Marketing,,linkedin.com/in/nigel-schepers,,C-Team,blitz,https://www.linkedin.com/company/btn-behind-the-network,Advertising Services,BE,US,pass,unknown,industry unknown
Nik,Andrejevic,Nik Andrejevic,Head of Sales,PHMG,phmg.com,linkedin.com/in/nik-andrejevic-947829162,,Director,blitz,https://www.linkedin.com/company/phmg,Advertising Services,US,GB,pass,unknown,industry unknown
Nikita,Jeżewski 🇺🇦,Nikita Jeżewski 🇺🇦,Director of Talent Acquisition,Scrambly,scrambly.io,linkedin.com/in/nikita-jezewski,,Director,blitz,https://www.linkedin.com/company/scrambly,,PL,IT,pass,unknown,industry unknown
Nikki,de Kretser,Nikki de Kretser,Part-time CMO,The Marketing Centre,themarketingcentre.com,linkedin.com/in/nikkidekretser,,C-Team,blitz,https://www.linkedin.com/company/the-marketing-centre,,GB,GB,pass,unknown,industry unknown
Niklas,Berg,Niklas Berg,Creative Director,Dist,,linkedin.com/in/niklas-berg-4a88613,,Director,blitz,https://www.linkedin.com/company/dist,Advertising Services,SE,SE,pass,unknown,industry unknown
Nikolaj,Bøgh,Nikolaj Bøgh,Partner,Public Affairs Group,,linkedin.com/in/nikolaj-bøgh-a989298,,C-Team,blitz,https://www.linkedin.com/company/public-affairs-group,Public Relations and Communications Services,US,US,pass,unknown,industry unknown
Nikolas,Ramos,Nikolas Ramos,Entrepreneur,Clothes Design,,linkedin.com/in/nikolas-ramos-304900152,,C-Team,blitz,https://www.linkedin.com/company/clothes-design,Graphic Design,US,US,pass,unknown,industry unknown
Nikos,Andriopoulos,Nikos Andriopoulos,Art Director,UpSet!,,linkedin.com/in/nikos-andriopoulos-4375049,,Director,blitz,https://www.linkedin.com/company/upset,Advertising Services,GR,US,pass,unknown,industry unknown
nikos,Katrivanos,nikos Katrivanos,art director,UpSet!,,linkedin.com/in/nikos-katrivanos-7b26b035,,Director,blitz,https://www.linkedin.com/company/upset,Advertising Services,GR,US,pass,unknown,industry unknown
Niloufar,Noorbakhsh,Niloufar Noorbakhsh,Managing Director,JUMPING BEAN GIFTS LIMITED,,linkedin.com/in/niloufar-noorbakhsh-899045157,,C-Team,blitz,https://www.linkedin.com/company/jumping-bean-gifts-limited,Design Services,GB,GB,pass,unknown,industry unknown
Nisa,Smith,Nisa Smith,Program Director,Conference Series,,linkedin.com/in/nisa-smith-a945a8149,,Director,blitz,https://www.linkedin.com/company/conference-series-llc,Events Services,GB,US,pass,unknown,industry unknown
Noam,Bernstein,Noam Bernstein,Co-Founder,Kol Tov Ltd.,,linkedin.com/in/noam-bernstein-a9a630146,,C-Team,blitz,https://www.linkedin.com/company/kol-tov-ltd-,Events Services,GB,GB,pass,unknown,industry unknown
noel,toolan,noel toolan,Owner,BrandAid,,linkedin.com/in/noel-toolan-0300085,,C-Team,blitz,https://www.linkedin.com/company/brandaid,Advertising Services,IE,US,pass,unknown,industry unknown
Noel,Toolan,Noel Toolan,founder,BrandAid,,linkedin.com/in/noel-toolan-8aa151,,C-Team,blitz,https://www.linkedin.com/company/brandaid,Advertising Services,IE,US,pass,unknown,industry unknown
Noelia,Dapena,Noelia Dapena,Directora de Marcas,Ernest,,linkedin.com/in/noeliadapena,,Director,blitz,https://www.linkedin.com/company/holaernest,Advertising Services,ES,ES,pass,unknown,industry unknown
Nola,Oriola,Nola Oriola,president,Taking Care of Business,,linkedin.com/in/nola-oriola-5176a434,,C-Team,blitz,https://www.linkedin.com/company/taking-care-of-business,Advertising Services,US,NL,pass,unknown,industry unknown
Nora,Gilbert,Nora Gilbert,"Senior Director, Culture Change",BPI Group,bpigroup.com,linkedin.com/in/nora-gilbert,,Director,blitz,https://www.linkedin.com/company/bully-pulpit-international,Advertising Services,US,US,pass,unknown,industry unknown
Norman,Cohen,Norman Cohen,Founder,Adventure Graphics,,linkedin.com/in/norman-cohen-40a4b12,,C-Team,blitz,https://www.linkedin.com/company/adventure-graphics,Advertising Services,US,US,pass,unknown,industry unknown
Ohh,Dio,Ohh Dio,Management Director,BOH!,,linkedin.com/in/ohh-dio-65382117b,,Director,blitz,https://www.linkedin.com/company/boh-,Graphic Design,IT,IT,pass,unknown,industry unknown
OJ,Paranone,OJ Paranone,Chief Morale Officer,Soho Digital,,linkedin.com/in/oj-paranone-7945a1,,C-Team,blitz,https://www.linkedin.com/company/soho-digital,Advertising Services,US,US,pass,unknown,industry unknown
Oleksandra,Perets,Oleksandra Perets,"Deputy director, Owner",Piment,,linkedin.com/in/oleksandra-perets-869a3b4,,C-Team,blitz,https://www.linkedin.com/company/piment,Advertising Services,UA,FR,pass,unknown,industry unknown
Olena,Anastasyeva,Olena Anastasyeva,art director,Ark Thompson,,linkedin.com/in/olena-anastasyeva-7a05252,,Director,blitz,https://www.linkedin.com/company/ark-thompson,Advertising Services,UA,US,pass,unknown,industry unknown
Sarah,Jones,Sarah Jones,CEO,Olive 360,,linkedin.com/in/olive360,,C-Team,blitz,https://www.linkedin.com/company/olive-360,Events Services,GB,GB,pass,unknown,industry unknown
Olivier,Gluck,Olivier Gluck,Directeur communications marketing,SARL CITHEA COMMUNICATION,,linkedin.com/in/olivier-gluck-28168b172,,Director,blitz,https://www.linkedin.com/company/sarl-cithea-communication,Advertising Services,FR,FR,pass,unknown,industry unknown
Olivier,JJM Harmignies,Olivier JJM Harmignies,Directeur commercial,JJM s.a.,,linkedin.com/in/olivier-jjm-harmignies-47111512,,Director,blitz,https://www.linkedin.com/company/jjm-s.a.,Graphic Design,BE,BE,pass,unknown,industry unknown
Olivier,JJM Harmignies,Olivier JJM Harmignies,directeur commercial,JJM s.a.,,linkedin.com/in/olivier-jjm-harmignies-b141515,,Director,blitz,https://www.linkedin.com/company/jjm-s.a.,Graphic Design,BE,BE,pass,unknown,industry unknown
Olivier,Loustalot,Olivier Loustalot,Entrepreneur du bâtiment,Moi-meme,,linkedin.com/in/olivier-loustalot-091508274,,C-Team,blitz,https://www.linkedin.com/company/moi-meme,Graphic Design,FR,FR,pass,unknown,industry unknown
Olly,Horner,Olly Horner,Director,Prospect Digital,,linkedin.com/in/olly-horner-8490805,,Director,blitz,https://www.linkedin.com/company/prospect-digital,Advertising Services,GB,US,pass,unknown,industry unknown
Olof,Rogbrant,Olof Rogbrant,Junior Art Director,Storåkers McCann,,linkedin.com/in/olof-rogbrant-300b471a,,Director,blitz,https://www.linkedin.com/company/storakers-mccann,Advertising Services,SE,SE,pass,unknown,industry unknown
Omair,A.,Omair A.,Entrepreneur,Self Employed Entrepreneur,,linkedin.com/in/omair-a-623425243,,C-Team,blitz,https://www.linkedin.com/company/morozov-oleg-design,Design Services,GB,UA,pass,unknown,industry unknown
Omar,Hernandez,Omar Hernandez,Art Director,Anita Santiago Advertising,,linkedin.com/in/omar-hernandez-5b149714,,Director,blitz,https://www.linkedin.com/company/anita-santiago-advertising,Advertising Services,US,US,pass,unknown,industry unknown
Omar,Ortiz,Omar Ortiz,Chief Executive Officer,"Tranquil Water NY, Inc.",,linkedin.com/in/omarortiz1,,C-Team,blitz,https://www.linkedin.com/company/'tranquil-water-ny-inc.',Advertising Services,US,US,pass,unknown,industry unknown
Omid,Mianegaz,Omid Mianegaz,Senior Project Director,Friedman-Swift Associates,,linkedin.com/in/omid-mianegaz-a003894,,Director,blitz,https://www.linkedin.com/company/friedman-swift-associates,Market Research,US,US,pass,unknown,industry unknown
one,again,one again,Director of Sales,Ju & Jo Eventos,,linkedin.com/in/one-again-7a3908127,,Director,blitz,https://www.linkedin.com/company/business-by-ju-&-jo,Events Services,FR,ES,pass,unknown,industry unknown
Orlagh,Marnane,Orlagh Marnane,Head of Creative Production,TheMix_PernodRicard,,linkedin.com/in/orlaghmarnane,,Director,blitz,https://www.linkedin.com/company/themix-pernodricard,Design Services,IE,FR,pass,unknown,industry unknown
Othman,Erriahi,Othman Erriahi,Entrepreneur,Self Employed - Social Media Manager,,linkedin.com/in/othman-erriahi-18a649122,,C-Team,blitz,https://www.linkedin.com/company/self-employed---social-media-manager,Advertising Services,US,GB,pass,unknown,industry unknown
Oussmane,Fofana📈,Oussmane Fofana📈,Co-fondateur,Addict,,linkedin.com/in/oussmane-fofana📈-800440267,,C-Team,blitz,https://www.linkedin.com/company/cacumenn,Advertising Services,FR,FR,pass,unknown,industry unknown
P. K.,MARTIN,P. K. MARTIN,National Men's and Women's Basketball Director,Amateur Athletic Union,,linkedin.com/in/p-k-martin-3168aa71,,Director,blitz,https://www.linkedin.com/company/amateur-athletic-union,Events Services,US,US,pass,unknown,industry unknown
Peter,Mihailov,Peter Mihailov,CTO,AIP Solutions,,linkedin.com/in/p-mihailov,,C-Team,blitz,https://www.linkedin.com/company/aip-solutions,Design Services,BG,US,pass,unknown,industry unknown
Pablo,Alvarez Cortés,Pablo Alvarez Cortés,Ads Marketing Director,Pulsa Media,,linkedin.com/in/pablo-alvarez-cortés-85574733,,Director,blitz,https://www.linkedin.com/company/pulsa-media-consulting,Advertising Services,ES,ES,pass,unknown,industry unknown
Pablo,Garcia,Pablo Garcia,Ceo,mi empresa,,linkedin.com/in/pablo-garcia-1a1670b7,,C-Team,blitz,https://www.linkedin.com/company/mi-empresa,Graphic Design,ES,US,pass,unknown,industry unknown
Pablo,Alzugaray,Pablo Alzugaray,CEO / Cofundador,Ernest,,linkedin.com/in/pabloalzugaray,,C-Team,blitz,https://www.linkedin.com/company/holaernest,Advertising Services,ES,ES,pass,unknown,industry unknown
paco,Fuster ribes,paco Fuster ribes,Director de ventas,"3M Medical Consultants, Inc",,linkedin.com/in/paco-fuster-ribes-12363a164,,Director,blitz,https://www.linkedin.com/company/3m-medical-consultants-inc,Advertising Services,ES,US,pass,unknown,industry unknown
Paki,Campos Narciso,Paki Campos Narciso,CEO,Kreativa,,linkedin.com/in/paki-campos-narciso-a1b4a691,,C-Team,blitz,https://www.linkedin.com/company/kreativa,Advertising Services,ES,US,pass,unknown,industry unknown
Paloma,Feldman,Paloma Feldman,Co-Founder,Lemon Pop Agency,,linkedin.com/in/palomafeldman,,C-Team,blitz,https://www.linkedin.com/company/lemon-pop-agency,Marketing Services,US,US,pass,unknown,industry unknown
Pam,Kirkpatrick,Pam Kirkpatrick,Managing Director,SpotPlus,,linkedin.com/in/pam-kirkpatrick-5532799,,C-Team,blitz,https://www.linkedin.com/company/spotplus,Advertising Services,US,US,pass,unknown,industry unknown
Pam,Liptak,Pam Liptak,Managing Director,Beacon Advisors,,linkedin.com/in/pam-liptak-59559,,C-Team,blitz,https://www.linkedin.com/company/beacon-advisors,Public Relations and Communications Services,US,US,pass,unknown,industry unknown
Pam,Schneider,Pam Schneider,"Senior VP, Client Services Director",Rick Johnson & Company,,linkedin.com/in/pam-schneider-49a9089,,VP,blitz,https://www.linkedin.com/company/rick-johnson-&-company,Advertising Services,US,US,pass,unknown,industry unknown
Pam,Thornton,Pam Thornton,VP Account Management,Champion Exposition Services,,linkedin.com/in/pam-thornton-49844010,,VP,blitz,https://www.linkedin.com/company/champion-exposition-services,Events Services,US,US,pass,unknown,industry unknown
Pamela,Malcolm,Pamela Malcolm,Head Of Fundraising,Fruit Cove Middle School,,linkedin.com/in/pamela-malcolm-201716b,,Director,blitz,https://www.linkedin.com/company/fruit-cove-middle-school,Advertising Services,US,US,pass,unknown,industry unknown
Pamela,Pierce,Pamela Pierce,Owner,Ordained Wedding Officiant,,linkedin.com/in/pamela-pierce-b4b74469,,C-Team,blitz,https://www.linkedin.com/company/ordained-wedding-officiant,Events Services,US,US,pass,unknown,industry unknown
Pankaj,Punky,Pankaj Punky,Owner,Lunch,,linkedin.com/in/pankaj-punky-7a00a76,,C-Team,blitz,https://www.linkedin.com/company/lunch,Advertising Services,GB,US,pass,unknown,industry unknown
Pantelis,Dimitriadis,Pantelis Dimitriadis,CFO,Bold Ogilvy,,linkedin.com/in/pantelis-dimitriadis-161a6441,,C-Team,blitz,https://www.linkedin.com/company/bold-ogilvy,Advertising Services,GR,US,pass,unknown,industry unknown
Pantelis,Dimitriadis,Pantelis Dimitriadis,Chief Financial Officer,Bold Ogilvy,,linkedin.com/in/pantelis-dimitriadis-b15a4618,,C-Team,blitz,https://www.linkedin.com/company/bold-ogilvy,Advertising Services,GR,US,pass,unknown,industry unknown
Paola,Commerciale,Paola Commerciale,direttore,Promocenter,,linkedin.com/in/paola-commerciale-2aaa1176,,Director,blitz,https://www.linkedin.com/company/promocenter,Advertising Services,IT,BE,pass,unknown,industry unknown
Paolo,Setti,Paolo Setti,Owner,Firenze Progetti España sl,,linkedin.com/in/paolosetti,,C-Team,blitz,https://www.linkedin.com/company/firenze-progetti-espa-a-sl,Design Services,ES,ES,pass,unknown,industry unknown
Papi René,René,Papi René René,Directeur,Presse & Technologies,,linkedin.com/in/papi-rené-rené-95b24915a,,Director,blitz,https://www.linkedin.com/company/presse-&-technologies,Public Relations and Communications Services,FR,FR,pass,unknown,industry unknown
Par,Rahm,Par Rahm,Head of New Business Development,Synovate Temo,,linkedin.com/in/par-rahm-ab6bbb1,,Director,blitz,https://www.linkedin.com/company/synovate-temo,Market Research,SE,SE,pass,unknown,industry unknown
ParadisePromo,Sanders,ParadisePromo Sanders,CEO,Paradise Promotions,,linkedin.com/in/paradisepromo-sanders-2525b787,,C-Team,blitz,https://www.linkedin.com/company/paradise-promotions,Events Services,US,US,pass,unknown,industry unknown
Paramjeet,Singh,Paramjeet Singh,Director of Business Development,Axis Advertising,,linkedin.com/in/paramjeet-singh-3688b693,,Director,blitz,https://www.linkedin.com/company/axis-advertising,Advertising Services,US,US,pass,unknown,industry unknown
Parijat,Priyadarshini,Parijat Priyadarshini,Director of Program Consulting,Loylogic,loylogic.com,linkedin.com/in/parijat-priyadarshini-8bba825,,Director,blitz,https://www.linkedin.com/company/loylogic,,CH,CH,pass,unknown,industry unknown
Pat,Becker,Pat Becker,owner,BS Central Inc.,,linkedin.com/in/pat-becker-61445684,,C-Team,blitz,https://www.linkedin.com/company/roosevelt-valley-special-education-co-op,Graphic Design,US,US,pass,unknown,industry unknown
Pat,Gallagher,Pat Gallagher,owner,JPG,,linkedin.com/in/pat-gallagher-b6a7a57,,C-Team,blitz,https://www.linkedin.com/company/jpg,Advertising Services,US,FR,pass,unknown,industry unknown
Pat,Kingsley,Pat Kingsley,CEO,PMK/HBH,,linkedin.com/in/pat-kingsley-420a192,,C-Team,blitz,https://www.linkedin.com/company/pmkhbh,Public Relations and Communications Services,US,US,pass,unknown,industry unknown
Pat,Sundheim,Pat Sundheim,joint owner farmer,BS Central Inc.,,linkedin.com/in/pat-sundheim-a0129441,,C-Team,blitz,https://www.linkedin.com/company/roosevelt-valley-special-education-co-op,Graphic Design,US,US,pass,unknown,industry unknown
Patricia,Berti-Sullivan,Patricia Berti-Sullivan,Vice President,Euro RSCG Magnet,,linkedin.com/in/patricia-berti-sullivan-799ba25,,VP,blitz,https://www.linkedin.com/company/euro-rscg-magnet,Public Relations and Communications Services,US,US,pass,unknown,industry unknown
Patricia,Cochren,Patricia Cochren,Gold/Director,Better WebBuilder,,linkedin.com/in/patricia-cochren-73825358,,Director,blitz,https://www.linkedin.com/company/better-webbuilder,Advertising Services,US,US,pass,unknown,industry unknown
Patricia,Garrison,Patricia Garrison,Senior Vice President,"Communications Strategies, Inc",,linkedin.com/in/patricia-garrison-033148,,VP,blitz,https://www.linkedin.com/company/communications-strategies-inc,Public Relations and Communications Services,US,US,pass,unknown,industry unknown
Patricia Ramlev,Wilson,Patricia Ramlev Wilson,External PR and Communications advisor/owner of Sund Kommunikation,Sund Kommunikation,,linkedin.com/in/patricia-ramlev-wilson-b4548024,,C-Team,blitz,https://www.linkedin.com/company/sund-kommunikation,Public Relations and Communications Services,DK,SE,pass,unknown,industry unknown
Patricia,Reynolds,Patricia Reynolds,"President, CEO",Reynolds & Associates,,linkedin.com/in/patricia-reynolds-0151b562,,C-Team,blitz,https://www.linkedin.com/company/reynolds-&-associates,Advertising Services,US,US,pass,unknown,industry unknown
Patricia,Roland,Patricia Roland,VP,PR Communications,,linkedin.com/in/patricia-roland-8a7035a,,VP,blitz,https://www.linkedin.com/company/pr-communications,Public Relations and Communications Services,US,US,pass,unknown,industry unknown
Patricia,Vitale,Patricia Vitale,Funeral Director/Pre- Planning Consultant,Dunbar Funeral Home,,linkedin.com/in/patricia-vitale-89300b116,,Director,blitz,https://www.linkedin.com/company/dunbar-funeral-home,Events Services,US,US,pass,unknown,industry unknown
Patrick,Carney,Patrick Carney,Owner,The Golden Group,,linkedin.com/in/patrick-carney-5379602,,C-Team,blitz,https://www.linkedin.com/company/the-golden-group,Advertising Services,US,US,pass,unknown,industry unknown
Patrick,Collins,Patrick Collins,Owner,Universal CIT,,linkedin.com/in/patrick-collins-1686ab3,,C-Team,blitz,https://www.linkedin.com/company/universal-cit,Events Services,GB,US,pass,unknown,industry unknown
Patrick,DOFFIN,Patrick DOFFIN,Directeur financier,DMCS,,linkedin.com/in/patrick-doffin-637192223,,Director,blitz,https://www.linkedin.com/company/target-incorporated,Advertising Services,FR,US,pass,unknown,industry unknown
Patrick,Hall,Patrick Hall,Head of Sales,PHMG,phmg.com,linkedin.com/in/patrick-hall-08934921b,,Director,blitz,https://www.linkedin.com/company/phmg,Advertising Services,US,GB,pass,unknown,industry unknown
Patrick,Hutchenson,Patrick Hutchenson,Marketing Director,RESORTSTAY INTERNATIONAL LLC,,linkedin.com/in/patrick-hutchenson-b260b61a8,,Director,blitz,https://www.linkedin.com/company/resortstay-international-llc,Advertising Services,US,US,pass,unknown,industry unknown
Patrick,Johnson,Patrick Johnson,Art Director,Ju & Jo Eventos,,linkedin.com/in/patrick-johnson-35475810a,,Director,blitz,https://www.linkedin.com/company/business-by-ju-&-jo,Events Services,GB,ES,pass,unknown,industry unknown
Patrick,Montgomery,Patrick Montgomery,Owner,Quality Connections,,linkedin.com/in/patrick-montgomery-5583517,,C-Team,blitz,https://www.linkedin.com/company/quality-connections,Advertising Services,US,US,pass,unknown,industry unknown
Patrick,Olisa,Patrick Olisa,Owner CIO & SONS Nigeria Limited,Freelance Designers Spain,,linkedin.com/in/patrick-olisa-84539825,,C-Team,blitz,https://www.linkedin.com/company/freelance-designers-spain,Graphic Design,ES,ES,pass,unknown,industry unknown
Patrick,Bauernfeind,Patrick Bauernfeind,CEO & Managing Partner,Nakoa Digital | Commerce Media,nakoa.digital,linkedin.com/in/patrickbauernfeind,,C-Team,blitz,https://www.linkedin.com/company/nakoadigital,,DE,DE,pass,unknown,industry unknown
Patrik,Miškolci,Patrik Miškolci,Company Owner,Mango Media,,linkedin.com/in/patrik-miškolci-0ba122167,,C-Team,blitz,https://www.linkedin.com/company/mango-media,Design Services,SK,US,pass,unknown,industry unknown
Patrizio,Valente,Patrizio Valente,Art Director & Visual Designer,Arkage,welcometothearkage.com,linkedin.com/in/patriziovalente,,Director,blitz,https://www.linkedin.com/company/arkage,,IT,IT,pass,unknown,industry unknown
Patti,Habig,Patti Habig,"SVP, Group Account Director",MRM Gillespie,,linkedin.com/in/patti-habig-051a517,,VP,blitz,https://www.linkedin.com/company/mrm-gillespie,Advertising Services,US,US,pass,unknown,industry unknown
Patti,Habig,Patti Habig,"SVP, Group Account Director",MRM Gillespie,,linkedin.com/in/patti-habig-7521b68,,VP,blitz,https://www.linkedin.com/company/mrm-gillespie,Advertising Services,US,US,pass,unknown,industry unknown
Patti,McDowell,Patti McDowell,VP,Champion Exposition Services,,linkedin.com/in/patti-mcdowell-7222b9a,,VP,blitz,https://www.linkedin.com/company/champion-exposition-services,Events Services,US,US,pass,unknown,industry unknown
Patti,Villarreal,Patti Villarreal,Founder,Dzines,,linkedin.com/in/patti-villarreal-44565396,,C-Team,blitz,https://www.linkedin.com/company/dzines,Graphic Design,US,US,pass,unknown,industry unknown
Patty,Robinson,Patty Robinson,Account Vice President,Fanizzi Associates,,linkedin.com/in/patty-robinson-8b08526,,VP,blitz,https://www.linkedin.com/company/fanizzi-associates,Events Services,US,US,pass,unknown,industry unknown
Pau,Piqué Ayala,Pau Piqué Ayala,Head of Projects,Llotja Catalunya,,linkedin.com/in/pau-piqué-ayala-003251250,,Director,blitz,https://www.linkedin.com/company/llotjacatalunya,Public Relations and Communications Services,ES,ES,pass,unknown,industry unknown
Pau,Bellar Pagès,Pau Bellar Pagès,President and Founder,Llotja Catalunya,,linkedin.com/in/paubellarpagès,,C-Team,blitz,https://www.linkedin.com/company/llotjacatalunya,Public Relations and Communications Services,ES,ES,pass,unknown,industry unknown
Paul,Abdullah,Paul Abdullah,Business Owner,Four Seasons Tanning Salon,,linkedin.com/in/paul-abdullah-666917165,,C-Team,blitz,https://www.linkedin.com/company/four-seasons-tanning-salon,Advertising Services,US,US,pass,unknown,industry unknown
Paul,Anthony,Paul Anthony,Partner Assistance,Business Partner,,linkedin.com/in/paul-anthony-ba9895160,,C-Team,blitz,https://www.linkedin.com/company/business-partner,Advertising Services,US,US,pass,unknown,industry unknown
Paul,Bray,Paul Bray,CEO,Image Media,,linkedin.com/in/paul-bray-7366ba11,,C-Team,blitz,https://www.linkedin.com/company/image-media,Advertising Services,US,US,pass,unknown,industry unknown
Paul,B.,Paul B.,Director of Project Operations,"""RMS"" Retail Marketing Solutions LLC",rmsfirm.com,linkedin.com/in/paul-brzeszkiewicz-ms,,Director,blitz,https://www.linkedin.com/company/rms-retail-marketing-solutions-llc,Advertising Services,US,US,pass,unknown,industry unknown
paul,Dicka Mbella,paul Dicka Mbella,Directeur commercial,Agence de publicité Montréal: CARTE BLANCHE,,linkedin.com/in/paul-dicka-mbella-531a3099,,Director,blitz,https://www.linkedin.com/company/agence-de-publicit-montr-al-carte-blanche,Advertising Services,FR,US,pass,unknown,industry unknown
Paul,Donnelly,Paul Donnelly,Owner,Collaborations,,linkedin.com/in/paul-donnelly-0877853,,C-Team,blitz,https://www.linkedin.com/company/collaborations,Advertising Services,US,US,pass,unknown,industry unknown
Paul,Dube,Paul Dube,VP National Accounts,Visions Marketing,,linkedin.com/in/paul-dube-72821a,,VP,blitz,https://www.linkedin.com/company/visions-marketing,Advertising Services,US,US,pass,unknown,industry unknown
Paul,Evans,Paul Evans,Head of Operations,Thomson Intermedia Plc,,linkedin.com/in/paul-evans-7a75313,,Director,blitz,https://www.linkedin.com/company/thomson-intermedia-plc,Advertising Services,GB,GB,pass,unknown,industry unknown
Paul,Günther,Paul Günther,Vice-président principal,Günther,,linkedin.com/in/paul-günther-aa572114a,,VP,blitz,https://www.linkedin.com/company/g-nther,Advertising Services,SE,SE,pass,unknown,industry unknown
Paul,Jensen,Paul Jensen,President and Chief Strategy Officer,Euro RSCG Magnet,,linkedin.com/in/paul-jensen-a3b48b,,C-Team,blitz,https://www.linkedin.com/company/euro-rscg-magnet,Public Relations and Communications Services,US,US,pass,unknown,industry unknown
Paul,Kim,Paul Kim,President,SK Communications,,linkedin.com/in/paul-kim-a9737582,,C-Team,blitz,https://www.linkedin.com/company/sk-communications_2,Public Relations and Communications Services,US,US,pass,unknown,industry unknown
Paul,Maynard,Paul Maynard,Funeral Director,County Morgue,,linkedin.com/in/paul-maynard-ab24b42a3,,Director,blitz,https://www.linkedin.com/company/county-morgue,Advertising Services,US,US,pass,unknown,industry unknown
Paul,McCormack,Paul McCormack,Chief Executive Officer,Database Marketing Solutions,,linkedin.com/in/paul-mccormack-59818227a,,C-Team,blitz,https://www.linkedin.com/company/database-marketing-solutions,Advertising Services,IE,US,pass,unknown,industry unknown
Paul,McCormack,Paul McCormack,Managing Director,Database Marketing Solutions,,linkedin.com/in/paul-mccormack-983a0420,,C-Team,blitz,https://www.linkedin.com/company/database-marketing-solutions,Advertising Services,IE,US,pass,unknown,industry unknown
Paul,McCormack,Paul McCormack,Managing Director,Database Marketing Solutions,,linkedin.com/in/paul-mccormack-b2ba0020,,C-Team,blitz,https://www.linkedin.com/company/database-marketing-solutions,Advertising Services,IE,US,pass,unknown,industry unknown
Paul,Mcdermott,Paul Mcdermott,Owner & Managing Director,MBC Direct,,linkedin.com/in/paul-mcdermott-59648b2,,C-Team,blitz,https://www.linkedin.com/company/mbc-direct,Advertising Services,GB,US,pass,unknown,industry unknown
Paul,MEGE,Paul MEGE,directeur,Moi-meme,,linkedin.com/in/paul-mege-4562552b,,Director,blitz,https://www.linkedin.com/company/moi-meme,Graphic Design,FR,FR,pass,unknown,industry unknown
Paul,Partenet,Paul Partenet,directeur de création,win win agency,,linkedin.com/in/paul-partenet-3658b535,,Director,blitz,https://www.linkedin.com/company/win-win-agency,Advertising Services,FR,DK,pass,unknown,industry unknown
Paul,Pullinger,Paul Pullinger,Owner,GGT,,linkedin.com/in/paul-pullinger-5917201,,C-Team,blitz,https://www.linkedin.com/company/ggt,Advertising Services,GB,US,pass,unknown,industry unknown
Paul,Saddler,Paul Saddler,president,Screentech,,linkedin.com/in/paul-saddler-5952a77,,C-Team,blitz,https://www.linkedin.com/company/screentech,Advertising Services,US,IE,pass,unknown,industry unknown
paul,scarrott-jones,paul scarrott-jones,owner,In Own Name,,linkedin.com/in/paul-scarrott-jones-89b959a9,,C-Team,blitz,https://www.linkedin.com/company/in-own-name,Graphic Design,GB,US,pass,unknown,industry unknown
Paul,Siffri,Paul Siffri,MD,Steadman,,linkedin.com/in/paul-siffri-b231b67,,C-Team,blitz,https://www.linkedin.com/company/steadman,Advertising Services,US,US,pass,unknown,industry unknown
Paul,Stadnyk,Paul Stadnyk,Creative Director,i33 communications LLC,,linkedin.com/in/paul-stadnyk-6465803,,Director,blitz,https://www.linkedin.com/company/i33-communications-llc,Advertising Services,US,US,pass,unknown,industry unknown
paul,stull,paul stull,owner,Sunrise Graphics,,linkedin.com/in/paul-stull-456124a5,,C-Team,blitz,https://www.linkedin.com/company/sunrise-graphics,Advertising Services,US,US,pass,unknown,industry unknown
Paul,Tauchar,Paul Tauchar,Owner,Admobile,,linkedin.com/in/paul-tauchar-163aa95,,C-Team,blitz,https://www.linkedin.com/company/admobile,Advertising Services,US,US,pass,unknown,industry unknown
Paul,Vaughn,Paul Vaughn,Owner rocking J cattle ranch Kissimmee Florida,AGG International,,linkedin.com/in/paul-vaughn-437127164,,C-Team,blitz,https://www.linkedin.com/company/agg-international,Public Relations and Communications Services,US,US,pass,unknown,industry unknown
Paula,Kolar,Paula Kolar,President,Corporate Impressions,,linkedin.com/in/paula-kolar-0b08384b,,C-Team,blitz,https://www.linkedin.com/company/corporate-impressions,Advertising Services,US,US,pass,unknown,industry unknown
Paula,Lingard,Paula Lingard,Director of Operations,Style Icon,,linkedin.com/in/paula-lingard-b1b3b588,,Director,blitz,https://www.linkedin.com/company/style-icon,Events Services,GB,US,pass,unknown,industry unknown
Paula,Matthews,Paula Matthews,MD,PR Solutions,,linkedin.com/in/paula-matthews-539b1534,,C-Team,blitz,https://www.linkedin.com/company/pr-solutions,Public Relations and Communications Services,GB,US,pass,unknown,industry unknown
Paula,Parrilla Cesteros,Paula Parrilla Cesteros,Directora de marcas,Ernest,,linkedin.com/in/paula-parrilla-cesteros,,Director,blitz,https://www.linkedin.com/company/holaernest,Advertising Services,ES,ES,pass,unknown,industry unknown
Paulette,Aniskoff,Paulette Aniskoff,Partner,BPI Group,bpigroup.com,linkedin.com/in/paulette-aniskoff-977ab1a0,,C-Team,blitz,https://www.linkedin.com/company/bully-pulpit-international,Advertising Services,US,US,pass,unknown,industry unknown
Pawel,Dywan,Pawel Dywan,Partner,OSI Go3.pl,,linkedin.com/in/pawel-dywan-b95741,,C-Team,blitz,https://www.linkedin.com/company/osi-go3.pl,Design Services,PL,US,pass,unknown,industry unknown
Pawel.,Lewandowski,Pawel. Lewandowski,Owner,REDBUS,,linkedin.com/in/pawel-lewandowski-a9738b18,,C-Team,blitz,https://www.linkedin.com/company/redbus,Events Services,PL,PL,pass,unknown,industry unknown
Pawel,Wojcik,Pawel Wojcik,Managing Partner,IQS and QUANT Group,,linkedin.com/in/pawel-wojcik-2ba15a2,,C-Team,blitz,https://www.linkedin.com/company/iqs-and-quant-group,Market Research,PL,PL,pass,unknown,industry unknown
Pawel,Wojcik,Pawel Wojcik,Owner,IQS and QUANT Group,,linkedin.com/in/pawel-wojcik-b137573,,C-Team,blitz,https://www.linkedin.com/company/iqs-and-quant-group,Market Research,PL,PL,pass,unknown,industry unknown
Paweł,Kossek,Paweł Kossek,Sales Director,Mediatak,,linkedin.com/in/paweł-kossek-3241043,,Director,blitz,https://www.linkedin.com/company/mediatak,Advertising Services,PL,US,pass,unknown,industry unknown
Paweł,Pilarczyk,Paweł Pilarczyk,Technical Director,Media Com,,linkedin.com/in/paweł-pilarczyk-97a5954,,Director,blitz,https://www.linkedin.com/company/media-com,Advertising Services,PL,US,pass,unknown,industry unknown
Peggy,Rogers,Peggy Rogers,Owner,PR Communications,,linkedin.com/in/peggy-rogers-b402684,,C-Team,blitz,https://www.linkedin.com/company/pr-communications,Public Relations and Communications Services,US,US,pass,unknown,industry unknown
Peggy,Sacca,Peggy Sacca,Preschool Director,Seton Foundation For Learning,,linkedin.com/in/peggy-sacca-193802107,,Director,blitz,https://www.linkedin.com/company/seton-foundation-for-learning,Graphic Design,US,US,pass,unknown,industry unknown
Pei Yin,Hsieh,Pei Yin Hsieh,CEO and Founder,O.M.G Entertainment,omgbayarea.com,linkedin.com/in/pei-yin-hsieh-b92554b1,,C-Team,blitz,https://www.linkedin.com/company/o-m-g-entertainment,Marketing Services,US,US,pass,unknown,industry unknown
Pelle,Mårtenson,Pelle Mårtenson,Owner,Kreativa,,linkedin.com/in/pelle-mårtenson-2a24622,,C-Team,blitz,https://www.linkedin.com/company/kreativa,Advertising Services,SE,US,pass,unknown,industry unknown
Penelope,Harrison,Penelope Harrison,Director,Cruse,,linkedin.com/in/penelope-harrison-4206a2178,,Director,blitz,https://www.linkedin.com/company/cruse,Design Services,GB,US,pass,unknown,industry unknown
Penny,Perrey,Penny Perrey,"Vice President, Marketing",Heritage Werks,heritagewerks.com,linkedin.com/in/penny-perrey-05059a5,,VP,blitz,https://www.linkedin.com/company/heritage-werks,Advertising Services,US,US,pass,unknown,industry unknown
Penny,Elrich,Penny Elrich,Founder/Principal Designer,Coastal Design Group LLC,,linkedin.com/in/pennyelrich,,C-Team,blitz,https://www.linkedin.com/company/coastal-design-group-llc,Design Services,US,US,pass,unknown,industry unknown
Pepa,Perez,Pepa Perez,Directora,mi empresa,,linkedin.com/in/pepa-perez-8bb44490,,Director,blitz,https://www.linkedin.com/company/mi-empresa,Graphic Design,ES,US,pass,unknown,industry unknown
Per,Malmqvist,Per Malmqvist,Owner,-MALMQVIST-,,linkedin.com/in/per-malmqvist-1a4b4a21,,C-Team,blitz,,,SE,SE,pass,unknown,industry unknown
pere,fortuny lopez,pere fortuny lopez,Director de fotografía,BUSCO TRABAJO,,linkedin.com/in/pere-fortuny-lopez-7193b2112,,Director,blitz,https://www.linkedin.com/company/busco-trabajo,Advertising Services,ES,ES,pass,unknown,industry unknown
Pete,Knapik,Pete Knapik,Vice President,New Life Landscapes,,linkedin.com/in/pete-knapik-81168b2a,,VP,blitz,https://www.linkedin.com/company/new-life-landscapes,Design Services,US,US,pass,unknown,industry unknown
Pete,Swanson,Pete Swanson,"Director, Client Services",FreshLook Marketing,,linkedin.com/in/pete-swanson-689aa62,,Director,blitz,https://www.linkedin.com/company/freshlook-marketing,Market Research,US,US,pass,unknown,industry unknown
pete,szujewski,pete szujewski,owner,Absolute,,linkedin.com/in/pete-szujewski-92b95216,,C-Team,blitz,https://www.linkedin.com/company/absolute,Design,US,GB,pass,unknown,industry unknown
pete,walsh`,pete walsh`,director,Doubletake Studios,,linkedin.com/in/pete-walsh-8aa93b6,,Director,blitz,https://www.linkedin.com/company/doubletake-studios,Graphic Design,US,US,pass,unknown,industry unknown
Peter,Aagaard,Peter Aagaard,Client Service Director,141 Denmark,,linkedin.com/in/peter-aagaard-ba73661,,Director,blitz,https://www.linkedin.com/company/141-denmark,Advertising Services,DK,DK,pass,unknown,industry unknown
Peter,Abraham,Peter Abraham,Director,Conferon,,linkedin.com/in/peter-abraham-0b92411,,Director,blitz,https://www.linkedin.com/company/conferon,Events Services,US,US,pass,unknown,industry unknown
Peter,Arnesson,Peter Arnesson,Owner,Bizkit,,linkedin.com/in/peter-arnesson-30ab662,,C-Team,blitz,https://www.linkedin.com/company/bizkit,Advertising Services,SE,SE,pass,unknown,industry unknown
Peter,Arnesson,Peter Arnesson,Vice VD och grundare,Bizkit,,linkedin.com/in/peter-arnesson-9aa9a4102,,C-Team,blitz,https://www.linkedin.com/company/bizkit,Advertising Services,SE,SE,pass,unknown,industry unknown
Peter,Evans,Peter Evans,Vice President of Business Development,PHMG,phmg.com,linkedin.com/in/peter-evans-7428674a,,VP,blitz,https://www.linkedin.com/company/phmg,,GB,GB,pass,unknown,industry unknown
Peter,Grabner,Peter Grabner,Owner,RCC HR,,linkedin.com/in/peter-grabner-3501172,,C-Team,blitz,https://www.linkedin.com/company/rcc-hr,Advertising Services,AT,GB,pass,unknown,industry unknown
Peter,Herd,Peter Herd,Chairman,GGT,,linkedin.com/in/peter-herd-648b98234,,C-Team,blitz,https://www.linkedin.com/company/ggt,Advertising Services,GB,US,pass,unknown,industry unknown
Peter,Lee,Peter Lee,"Billy Wilder Endowed Professor and Chair, Immuno-Oncology",City Of Hope Cancer Center,,linkedin.com/in/peter-lee-14b60380,,C-Team,blitz,https://www.linkedin.com/company/city-of-hope-cancer-center,Public Relations and Communications Services,US,US,pass,unknown,industry unknown
peter,ludwell,peter ludwell,director,QuA Associates,,linkedin.com/in/peter-ludwell-96056616,,Director,blitz,https://www.linkedin.com/company/qua-associates,Design Services,US,NL,pass,unknown,industry unknown
Peter,Ly,Peter Ly,Senior Vice President of Sales,InstantSource,,linkedin.com/in/peter-ly-66a192156,,VP,blitz,https://www.linkedin.com/company/instantsource,Advertising Services,US,US,pass,unknown,industry unknown
Peter,Marshall,Peter Marshall,Owner,TerraCom,,linkedin.com/in/peter-marshall-6001831,,C-Team,blitz,https://www.linkedin.com/company/terracom,Events Services,IE,US,pass,unknown,industry unknown
Peter,Meyer,Peter Meyer,VP Product Development,Sunshine Media Group,,linkedin.com/in/peter-meyer-a5092,,VP,blitz,https://www.linkedin.com/company/sunshine-media-group,Advertising Services,US,US,pass,unknown,industry unknown
Peter,Polderman,Peter Polderman,Directeur,Geen Tekst?,,linkedin.com/in/peter-polderman-195136105,,Director,blitz,https://www.linkedin.com/company/geen-tekst-,Public Relations and Communications Services,NL,NL,pass,unknown,industry unknown
Peter,Richter,Peter Richter,Owner,Effective Media Ltd.,,linkedin.com/in/peter-richter-284931,,C-Team,blitz,https://www.linkedin.com/company/effective-media-ltd.,Advertising Services,DE,US,pass,unknown,industry unknown
Peter,Robson,Peter Robson,President & CEO,Mackenzie Marketing,,linkedin.com/in/peter-robson-b1051,,C-Team,blitz,https://www.linkedin.com/company/mackenzie-marketing,Advertising Services,US,US,pass,unknown,industry unknown
Peter,Silander,Peter Silander,Owner,Motivator,,linkedin.com/in/peter-silander-1882754,,C-Team,blitz,https://www.linkedin.com/company/motivator,Advertising Services,US,US,pass,unknown,industry unknown
Pete,Baston,Pete Baston,Founder & ECD,Vocabulary,,linkedin.com/in/peterbaston,,C-Team,blitz,https://www.linkedin.com/company/vocabularyco,Marketing Services,US,US,pass,unknown,industry unknown
Pete,Howroyd,Pete Howroyd,VP Strategy & Partner Engagement,Loylogic,loylogic.com,linkedin.com/in/peterhowroyd,,C-Team,blitz,https://www.linkedin.com/company/loylogic,,GB,CH,pass,unknown,industry unknown
Petite,Arvine,Petite Arvine,Directeur,Moi-meme,,linkedin.com/in/petite-arvine-610b0b12b,,Director,blitz,https://www.linkedin.com/company/moi-meme,Graphic Design,CH,FR,pass,unknown,industry unknown
Petra,Fukuda,Petra Fukuda,Brand Director,Intelligent Beauty,,linkedin.com/in/petra-fukuda-073759a,,Director,blitz,https://www.linkedin.com/company/intelligent-beauty,Advertising Services,US,US,pass,unknown,industry unknown
Petri,Korpela,Petri Korpela,Customer Succes Officer ( CSO ),Storywise Oy,,linkedin.com/in/petri-korpela,,C-Team,blitz,https://www.linkedin.com/company/storywiseoy,Marketing Services,FI,FI,pass,unknown,industry unknown
Petter,Kleppe,Petter Kleppe,Owner,Jump France,,linkedin.com/in/petter-kleppe-a52b7b,,C-Team,blitz,https://www.linkedin.com/company/jump-france,Advertising Services,NO,US,pass,unknown,industry unknown
Phil,Boeder,Phil Boeder,Sales Director,Cyrk,,linkedin.com/in/phil-boeder-6642243,,Director,blitz,https://www.linkedin.com/company/cyrk,Advertising Services,US,US,pass,unknown,industry unknown
Phil,Boon,Phil Boon,Owner,UK Specialist,,linkedin.com/in/phil-boon-08790134,,C-Team,blitz,https://www.linkedin.com/company/uk-specialist,Design,GB,GB,pass,unknown,industry unknown
Phil,Gagliardi,Phil Gagliardi,IT Director,Crobar,,linkedin.com/in/phil-gagliardi-2741457,,Director,blitz,https://www.linkedin.com/company/crobar,Advertising Services,US,US,pass,unknown,industry unknown
Phil,Harder,Phil Harder,VP Sports Marketing,CorpLogoWare,,linkedin.com/in/phil-harder-67a8741,,VP,blitz,https://www.linkedin.com/company/corplogoware,Advertising Services,US,US,pass,unknown,industry unknown
Phil,Herzog,Phil Herzog,"Director, Direct Marketing Services",Passage Events,,linkedin.com/in/phil-herzog-b2a9461,,Director,blitz,https://www.linkedin.com/company/passage-events,Advertising Services,US,US,pass,unknown,industry unknown
Phil,Kramer,Phil Kramer,SVP,BeNOW,,linkedin.com/in/phil-kramer-801210,,VP,blitz,https://www.linkedin.com/company/benow,Advertising Services,US,US,pass,unknown,industry unknown
Phil,Gayter,Phil Gayter,Creative Brand/Chief Creative Officer,Brandstorm,,linkedin.com/in/philgayter,,C-Team,blitz,https://www.linkedin.com/company/brandstorm,Advertising Services,US,US,pass,unknown,industry unknown
Philip,Clark,Philip Clark,Owner,Screentech,,linkedin.com/in/philip-clark-1a25875b,,C-Team,blitz,https://www.linkedin.com/company/screentech,Advertising Services,GB,IE,pass,unknown,industry unknown
Philip,Gloudemans,Philip Gloudemans,SVP,Manning Selvage and Lee,,linkedin.com/in/philip-gloudemans-869337,,VP,blitz,https://www.linkedin.com/company/manning-selvage-and-lee,Public Relations and Communications Services,US,US,pass,unknown,industry unknown
Philip,Grewin,Philip Grewin,VD & Grundare,Grewin Sales,grewinsales.se,linkedin.com/in/philip-grewin-599728167,,C-Team,blitz,https://www.linkedin.com/company/grewin-sales,,SE,SE,pass,unknown,industry unknown
Philip,Lehman,Philip Lehman,Owner,Admobile,,linkedin.com/in/philip-lehman-ba31ab2,,C-Team,blitz,https://www.linkedin.com/company/admobile,Advertising Services,US,US,pass,unknown,industry unknown
philip,marsh,philip marsh,Construction Director,Mlm Construction,,linkedin.com/in/philip-marsh-3a134a115,,Director,blitz,https://www.linkedin.com/company/mlm-construction,Advertising Services,GB,US,pass,unknown,industry unknown
philip,perez,philip perez,president,A2Z Services,,linkedin.com/in/philip-perez-b7043871,,C-Team,blitz,https://www.linkedin.com/company/a2z-services,Advertising Services,US,US,pass,unknown,industry unknown
Philip,Press,Philip Press,Owner,Media Options,,linkedin.com/in/philip-press-8a88b17,,C-Team,blitz,https://www.linkedin.com/company/media-options,Advertising Services,US,US,pass,unknown,industry unknown
Philip,Walkenshaw,Philip Walkenshaw,Owner,Townsend Agency,,linkedin.com/in/philip-walkenshaw-643218,,C-Team,blitz,https://www.linkedin.com/company/townsend-agency,Advertising Services,US,US,pass,unknown,industry unknown
Philip,York,Philip York,Owner,Business Partner,,linkedin.com/in/philip-york-74b275,,C-Team,blitz,https://www.linkedin.com/company/business-partner,Advertising Services,US,US,pass,unknown,industry unknown
Philippa,Ochonski,Philippa Ochonski,Fractional CMO,The Marketing Centre,themarketingcentre.com,linkedin.com/in/philippa-ochonski,,C-Team,blitz,https://www.linkedin.com/company/the-marketing-centre,,GB,GB,pass,unknown,industry unknown
Philippe,Osswald,Philippe Osswald,directeur marketing,KDP Groupe,,linkedin.com/in/philippe-osswald-a93b411,,Director,blitz,https://www.linkedin.com/company/kdp-groupe,Advertising Services,FR,FR,pass,unknown,industry unknown
Phillip,Martello,Phillip Martello,Director of sales,Market Communications,,linkedin.com/in/phillip-martello-8b756a11,,Director,blitz,https://www.linkedin.com/company/market-communications,Advertising Services,US,US,pass,unknown,industry unknown
Phillip,Wade,Phillip Wade,Vice President,D and D Enterprises,,linkedin.com/in/phillip-wade-000b39147,,VP,blitz,https://www.linkedin.com/company/d-and-d-enterprises,Advertising Services,US,US,pass,unknown,industry unknown
Dan,Park,Dan Park,Director of Field Service & Delivery Operations,PHMG,phmg.com,linkedin.com/in/phmgdanpark,,Director,blitz,https://www.linkedin.com/company/phmg,Advertising Services,US,GB,pass,unknown,industry unknown
Grant,Reed,Grant Reed,Founder and Executive Chairman,PHMG,phmg.com,linkedin.com/in/phmggrantreed,,C-Team,blitz,https://www.linkedin.com/company/phmg,,GB,GB,pass,unknown,industry unknown
Kieron,Driscoll,Kieron Driscoll,Chief Business Development Officer,PHMG,phmg.com,linkedin.com/in/phmgkierondriscoll,,C-Team,blitz,https://www.linkedin.com/company/phmg,,GB,GB,pass,unknown,industry unknown
Mark,Williamson,Mark Williamson,Sales and Marketing Director,PHMG,phmg.com,linkedin.com/in/phmgmarkwilliamson,,Director,blitz,https://www.linkedin.com/company/phmg,Advertising Services,GB,GB,pass,unknown,industry unknown
Sophie,Milner,Sophie Milner,Head of Implementation - EAFE,PHMG,phmg.com,linkedin.com/in/phmgsophiemilner,,Director,blitz,https://www.linkedin.com/company/phmg,Advertising Services,GB,GB,pass,unknown,industry unknown
Tom,Ritchie,Tom Ritchie,Chief Sales Officer,PHMG,phmg.com,linkedin.com/in/phmgtomritchie,,C-Team,blitz,https://www.linkedin.com/company/phmg,,GB,GB,pass,unknown,industry unknown
Phoebe,Kirkby,Phoebe Kirkby,Head of Social,Big Table Marketing Co.,,linkedin.com/in/phoebe-kirkby,,Director,blitz,https://www.linkedin.com/company/bigtablemarketing,Marketing Services,GB,US,pass,unknown,industry unknown
Piero,Civita,Piero Civita,CEO,B2Win,,linkedin.com/in/piero-civita-300930,,C-Team,blitz,https://www.linkedin.com/company/b2win,Public Relations and Communications Services,IT,IT,pass,unknown,industry unknown
pierfrancesco,petrosillo,pierfrancesco petrosillo,Chief Agency Officer,Corax,corax.business,linkedin.com/in/pierpetrosillo,,C-Team,blitz,https://www.linkedin.com/company/corax-digital-media,,IT,IT,pass,unknown,industry unknown
Pierre Adrien,H.,Pierre Adrien H.,Co-fondateur,La Terrasse,,linkedin.com/in/pierre-adrien-h-24a02488,,C-Team,blitz,https://www.linkedin.com/company/la-terrasse1,Events Services,FR,FR,pass,unknown,industry unknown
Pierre Emmanuel,Muller,Pierre Emmanuel Muller,President,"Mon Oncle, l'agence",,linkedin.com/in/pierre-emmanuel-muller-,,C-Team,blitz,https://www.linkedin.com/company/mon-oncle-web-agency,Marketing Services,FR,FR,pass,unknown,industry unknown
Pierre,VAN ELSLANDE,Pierre VAN ELSLANDE,Directeur artistique junior,Publicis Lille,,linkedin.com/in/pierre-van-elslande-8a2b8022a,,Director,blitz,https://www.linkedin.com/company/publicis-lille,Advertising Services,FR,FR,pass,unknown,industry unknown
Piers,Noller,Piers Noller,ACCOUNT DIRECTOR,Zed Media,,linkedin.com/in/piers-noller-4744a36,,Director,blitz,https://www.linkedin.com/company/zed-media,Advertising Services,GB,GB,pass,unknown,industry unknown
Pietro,Belvedere,Pietro Belvedere,Junior Art Director,Arkage,welcometothearkage.com,linkedin.com/in/pietro-belvedere-3036b01a3,,Director,blitz,https://www.linkedin.com/company/arkage,,IT,IT,pass,unknown,industry unknown
Pietro,Bottero,Pietro Bottero,Partner,Patio Restaurant,,linkedin.com/in/pietro-bottero-81135688,,C-Team,blitz,https://www.linkedin.com/company/patio-restaurant,Advertising Services,US,US,pass,unknown,industry unknown
Pietro,Diliberto,Pietro Diliberto,Amministratore delegato,STP srl,,linkedin.com/in/pietro-diliberto-756946127,,C-Team,blitz,https://www.linkedin.com/company/s-t-p-srl,Design Services,IT,IT,pass,unknown,industry unknown
Pii,Ilmarinen,Pii Ilmarinen,Art Director/Creative director,Advertising Agency Kaktus,,linkedin.com/in/pii-ilmarinen-988bb,,Director,blitz,https://www.linkedin.com/company/advertising-agency-kaktus,Advertising Services,FI,US,pass,unknown,industry unknown
pouilly,christophe,pouilly christophe,Owner,Singapour,,linkedin.com/in/pouilly-christophe-5729143,,C-Team,blitz,https://www.linkedin.com/company/singapour,Advertising Services,FR,FR,pass,unknown,industry unknown
Precious,Mendoza,Precious Mendoza,Director of Events,A Beautiful Bridal Event of Chicago Inc.,,linkedin.com/in/precious-mendoza-2ab6192,,Director,blitz,https://www.linkedin.com/company/a-beautiful-bridal-event-of-chicago-inc.,Events Services,US,US,pass,unknown,industry unknown
PREMO,SINDON,PREMO SINDON,CEO,Greg Christian Catering,,linkedin.com/in/premo-sindon-a8361a37,,C-Team,blitz,https://www.linkedin.com/company/greg-christian-catering,Events Services,IT,US,pass,unknown,industry unknown
Przemysław,Skocki,Przemysław Skocki,Partner,Ladies Lead Middle East,,linkedin.com/in/przemysław-skocki-81350355,,C-Team,blitz,https://www.linkedin.com/company/ladiesleadme,Advertising Services,PL,CH,pass,unknown,industry unknown
Punsala,Hettiarachchige,Punsala Hettiarachchige,Managing Director,Happy Hearts Montessori,,linkedin.com/in/punsala-hettiarachchige-725886251,,C-Team,blitz,https://www.linkedin.com/company/happy-hearts-montessori,Advertising Services,US,US,pass,unknown,industry unknown
Quentin,Fonteno,Quentin Fonteno,Owner,Go Direct!,,linkedin.com/in/quentin-fonteno-b1046317,,C-Team,blitz,https://www.linkedin.com/company/go-direct,Advertising Services,US,US,pass,unknown,industry unknown
r,kumar,r kumar,Director,fake page,,linkedin.com/in/r-kumar-b8848310a,,Director,blitz,https://www.linkedin.com/company/fake12344dfasdf,Advertising Services,UA,US,pass,unknown,industry unknown
Rachael,Ward,Rachael Ward,Fractional Chief Marketing Officer,The Marketing Centre,themarketingcentre.com,linkedin.com/in/rachaelward,,C-Team,blitz,https://www.linkedin.com/company/the-marketing-centre,,GB,GB,pass,unknown,industry unknown
Rachel,Ambrose,Rachel Ambrose,"Owner, Elite Travel",Resorts360,,linkedin.com/in/rachel-ambrose-66133654,,C-Team,blitz,https://www.linkedin.com/company/resorts360,Events Services,US,US,pass,unknown,industry unknown
Rachel,Fulmer,Rachel Fulmer,Small Business Owner,WORK AT HOME ONLINE SALES,,linkedin.com/in/rachel-fulmer-biz777,,C-Team,blitz,https://www.linkedin.com/company/work-at-home-online-sales,Advertising Services,US,US,pass,unknown,industry unknown
Rachel,Garza,Rachel Garza,Director of Meeting Planning,Vaniam Group,vaniamgroup.com,linkedin.com/in/rachel-garza-11b11845,,Director,blitz,https://www.linkedin.com/company/vaniam-group,Advertising Services,US,US,pass,unknown,industry unknown
Rachelle,Campbell,Rachelle Campbell,Co-Founder,CrucialPoint,crucialpointagency.com,linkedin.com/in/rachelle-campbell-5321a0b2,,C-Team,blitz,https://www.linkedin.com/company/crucialpoint,Advertising Services,US,US,pass,unknown,industry unknown
Rachel,Ross,Rachel Ross,Director of Photography,Freelance/Self-Employed,,linkedin.com/in/rachelross00,,Director,blitz,https://www.linkedin.com/company/freelance-theatre,Events Services,GB,GB,pass,unknown,industry unknown
Rada,Petrovic,Rada Petrovic,Senior copywriter / Copy director,various,,linkedin.com/in/radapetrovic,,Director,blitz,https://www.linkedin.com/company/freelance-strategy,Advertising Services,GB,US,pass,unknown,industry unknown
Bill,Green,Bill Green,Director of Product Design,Apartments.com,apartments.com,linkedin.com/in/radium,,Director,blitz,https://www.linkedin.com/company/apartments-com,Advertising Services,US,US,pass,unknown,industry unknown
Radu,Daniel,Radu Daniel,Sales Director,Precision Media,,linkedin.com/in/radu-daniel-31761a4,,Director,blitz,https://www.linkedin.com/company/precision-media,Advertising Services,RO,US,pass,unknown,industry unknown
Radu,Parlog,Radu Parlog,Owner,KLASS PRODEXPORT,,linkedin.com/in/radu-parlog-55b183,,C-Team,blitz,https://www.linkedin.com/company/klass-prodexport,Advertising Services,RO,RO,pass,unknown,industry unknown
Rafal,Baran,Rafal Baran,Owner,Testardo Red Cell,,linkedin.com/in/rafal-baran-ab2524,,C-Team,blitz,https://www.linkedin.com/company/testardo-red-cell,Advertising Services,PL,PL,pass,unknown,industry unknown
Raffaele,Schiavone,Raffaele Schiavone,Musicista Professionista - Direttore Artistico.,Stage Agency,,linkedin.com/in/raffaele-schiavone-2a962460,,Director,blitz,https://www.linkedin.com/company/stage-agency,Advertising Services,IT,US,pass,unknown,industry unknown
Raj,Kapur,Raj Kapur,Owner,Marketing Alliance Group,mktalliance.com,linkedin.com/in/raj-kapur-35b889,,C-Team,blitz,https://www.linkedin.com/company/marketing-alliance-group,Advertising Services,US,US,pass,unknown,industry unknown
Raj,Puri,Raj Puri,Marketing Campaign Sales Director,MyLikes,,linkedin.com/in/rajpurionline,,Director,blitz,https://www.linkedin.com/company/mylikes,Advertising Services,US,US,pass,unknown,industry unknown
Alan,"Lloyd, CIH, CSP, ENV SP, WELL AP","Alan Lloyd, CIH, CSP, ENV SP, WELL AP",Regional Vice President,Pennoni,pennoni.com,linkedin.com/in/ralanlloyd,,VP,blitz,https://www.linkedin.com/company/pennoni,Design Services,US,US,pass,unknown,industry unknown
Ralitza,Pantcheva,Ralitza Pantcheva,Propietario,V Events,,linkedin.com/in/ralitza-pantcheva-37125244,,C-Team,blitz,https://www.linkedin.com/company/v-events,Events Services,ES,US,pass,unknown,industry unknown
Ralph,Johnston,Ralph Johnston,Rep/Partner,Johnston & Associates,,linkedin.com/in/ralph-johnston-68727613,,C-Team,blitz,https://www.linkedin.com/company/johnston-&-associates,Market Research,US,US,pass,unknown,industry unknown
Ralph,Novak,Ralph Novak,Owner,Novak Consulting,,linkedin.com/in/ralph-novak-a286a111,,C-Team,blitz,https://www.linkedin.com/company/novak-consulting,Market Research,US,US,pass,unknown,industry unknown
Ralph,Watson,Ralph Watson,Managing Director,Ignite - Turning Energy into Income,,linkedin.com/in/ralph-watson-74b57835,,C-Team,blitz,https://www.linkedin.com/company/ignite---turning-energy-into-income_2,Advertising Services,US,US,pass,unknown,industry unknown
Ramiro,Urrutia Giaccarini,Ramiro Urrutia Giaccarini,Director creativo,TheMix_PernodRicard,,linkedin.com/in/ramirou,,Director,blitz,https://www.linkedin.com/company/themix-pernodricard,Design Services,ES,FR,pass,unknown,industry unknown
Ramon,Ollé,Ramon Ollé,Brand Strategy / Founder,HAMLET Strategic Makers,,linkedin.com/in/ramon-ollé-346a946,,C-Team,blitz,https://www.linkedin.com/company/hamlet-strategic-makers,Advertising Services,ES,ES,pass,unknown,industry unknown
Randall,Humphries,Randall Humphries,Chief Operations Officer,ICO Marketing Solutions,,linkedin.com/in/randall-humphries-0245b01b,,C-Team,blitz,https://www.linkedin.com/company/icomarketingsolutions,Advertising Services,US,US,pass,unknown,industry unknown
Randall,Roberts,Randall Roberts,Small Business Owner,Rvr Construction,,linkedin.com/in/randall-roberts-284610257,,C-Team,blitz,https://www.linkedin.com/company/rvr-construction,Market Research,US,US,pass,unknown,industry unknown
Randi,Hebert Hernandez,Randi Hebert Hernandez,Business Owner,Horizons Christian Academy,,linkedin.com/in/randi-hebert-hernandez-809b5162,,C-Team,blitz,https://www.linkedin.com/company/horizons-christian-academy,Public Relations and Communications Services,US,US,pass,unknown,industry unknown
Randi,Luckman,Randi Luckman,Vice President,HTA,,linkedin.com/in/randi-luckman-649b034,,VP,blitz,https://www.linkedin.com/company/hta,Advertising Services,US,US,pass,unknown,industry unknown
Randy,Boude,Randy Boude,Owner,Singer Direct,,linkedin.com/in/randy-boude-3bb6342,,C-Team,blitz,https://www.linkedin.com/company/singer-direct,Advertising Services,US,US,pass,unknown,industry unknown
Randy,Stuewer,Randy Stuewer,Director of Market Research,Community Builders Advisory Services,,linkedin.com/in/randy-stuewer-b6811550,,Director,blitz,https://www.linkedin.com/company/community-builders-advisory-services,Market Research,US,US,pass,unknown,industry unknown
Randy,W.,Randy W.,President,Staging Techniques,,linkedin.com/in/randy-w-5a22975,,C-Team,blitz,https://www.linkedin.com/company/staging-techniques,Events Services,US,US,pass,unknown,industry unknown
Rasul,Rasulov,Rasul Rasulov,CEO at GRESNET,SimStar,,linkedin.com/in/rasul-rasulov-40925471,,C-Team,blitz,https://www.linkedin.com/company/simstar,Advertising Services,UA,US,pass,unknown,industry unknown
Raul,Rios,Raul Rios,MD,MICE International,,linkedin.com/in/raul-rios-3846a72,,C-Team,blitz,https://www.linkedin.com/company/mice-international,Events Services,GB,US,pass,unknown,industry unknown
Ravi,Meka,Ravi Meka,Owner,PR Consultants,,linkedin.com/in/ravi-meka-0830512,,C-Team,blitz,https://www.linkedin.com/company/pr-consultants,Public Relations and Communications Services,US,US,pass,unknown,industry unknown
Ray,Moulding,Ray Moulding,Director,RJG,,linkedin.com/in/ray-moulding-87933ba6,,Director,blitz,https://www.linkedin.com/company/rjg_2,Advertising Services,GB,GB,pass,unknown,industry unknown
Ray,Peterson,Ray Peterson,Chief Executive Officer,Roadshow Antiques,,linkedin.com/in/ray-peterson-5aa9b519a,,C-Team,blitz,https://www.linkedin.com/company/roadshow-antiques,Design Services,US,US,pass,unknown,industry unknown
Raymond,Zrike Sr.,Raymond Zrike Sr.,Chairman,The Zrike Company,,linkedin.com/in/raymond-zrike-sr-85a127a,,C-Team,blitz,https://www.linkedin.com/company/the-zrike-company,Graphic Design,US,US,pass,unknown,industry unknown
Ray,M.,Ray M.,"Senior Director, IT and Automation",Suzy,suzy.com,linkedin.com/in/raymowatt,,Director,blitz,https://www.linkedin.com/company/asksuzy,Market Research,US,US,pass,unknown,industry unknown
razvan,seto,razvan seto,Managing Director,KIKO,,linkedin.com/in/razvan-seto-98135b147,,C-Team,blitz,https://www.linkedin.com/company/kiko,Design Services,RO,US,pass,unknown,industry unknown
Really ibuprofen,I'm going back in the morning,Really ibuprofen I'm going back in the morning,VD,Strippers and Hipsters Design,,linkedin.com/in/really-ibuprofen-i-m-going-back-in-the-morning-71b89a308,,C-Team,blitz,https://www.linkedin.com/company/strippers-and-hipsters-design,Design Services,SE,US,pass,unknown,industry unknown
Reb,Henry,Reb Henry,President,"Feedback Plus, Inc.",,linkedin.com/in/reb-henry-51673027,,C-Team,blitz,https://www.linkedin.com/company/feedback-plus-inc.,Market Research,US,US,pass,unknown,industry unknown
Rebeca,Paredes,Rebeca Paredes,President,Amazing Parties,,linkedin.com/in/rebeca-paredes-241171113,,C-Team,blitz,https://www.linkedin.com/company/amazing-parties,Events Services,US,US,pass,unknown,industry unknown
Rebecca,Galletley,Rebecca Galletley,Engagement Director EAFE,PHMG,phmg.com,linkedin.com/in/rebecca-galletley-54276510a,,Director,blitz,https://www.linkedin.com/company/phmg,Advertising Services,GB,GB,pass,unknown,industry unknown
Rebecca,Johnson,Rebecca Johnson,Director of Media Planning,BPI Group,bpigroup.com,linkedin.com/in/rebecca-johnson-b381432b,,Director,blitz,https://www.linkedin.com/company/bully-pulpit-international,Advertising Services,US,US,pass,unknown,industry unknown
Rebecca,Lemuz,Rebecca Lemuz,on call director,Meal On Wheels,,linkedin.com/in/rebecca-lemuz-5a8232202,,Director,blitz,https://www.linkedin.com/company/meal-on-wheels,Advertising Services,US,US,pass,unknown,industry unknown
Rebecca,Matwijkow,Rebecca Matwijkow,"Director, Media Planning",BPI Group,bpigroup.com,linkedin.com/in/rebecca-matwijkow-02773845,,Director,blitz,https://www.linkedin.com/company/bully-pulpit-international,Advertising Services,US,US,pass,unknown,industry unknown
Rebecca,Reilly,Rebecca Reilly,Sales Account Director,Konnected+,,linkedin.com/in/rebecca-reilly-b76848111,,Director,blitz,https://www.linkedin.com/company/konnectedplustv,Advertising Services,GB,GB,pass,unknown,industry unknown
Rebecca,Werley,Rebecca Werley,Independent Business Owner,Family Daycare Provider,,linkedin.com/in/rebecca-werley-b750b3113,,C-Team,blitz,https://www.linkedin.com/company/family-daycare-provider,Public Relations and Communications Services,US,US,pass,unknown,industry unknown
Rebecca,"Saunders, PhD","Rebecca Saunders, PhD","Director, Scientific Communications",Vaniam Group,vaniamgroup.com,linkedin.com/in/rebeccasaundersphd,,Director,blitz,https://www.linkedin.com/company/vaniam-group,Advertising Services,US,US,pass,unknown,industry unknown
Rebecca,Shears,Rebecca Shears,Fractional Chief Marketing Officer,The Marketing Centre,themarketingcentre.com,linkedin.com/in/rebeccashears,,C-Team,blitz,https://www.linkedin.com/company/the-marketing-centre,,GB,GB,pass,unknown,industry unknown
Jo-ann,Robertson,Jo-ann Robertson,President Europe and Transatlantic Growth Leader,BPI Group,bpigroup.com,linkedin.com/in/redrobertino,,C-Team,blitz,https://www.linkedin.com/company/bully-pulpit-international,Advertising Services,GB,US,pass,unknown,industry unknown
Reginald,Ford,Reginald Ford,Owner,Daddy,,linkedin.com/in/reginald-ford-0b52911,,C-Team,blitz,https://www.linkedin.com/company/daddy,Advertising Services,US,SE,pass,unknown,industry unknown
Regina,Pyne,Regina Pyne,"Director, People Operations",Digital Media Management,digitalmediamanagement.com,linkedin.com/in/reginapyne,,Director,blitz,https://www.linkedin.com/company/digital-media-management,Advertising Services,US,US,pass,unknown,industry unknown
Regis,Ntavuka,Regis Ntavuka,Founder/ Marketing And Advertising Consultant,FreeLance-Marketing,,linkedin.com/in/regis-ntavuka-062872a8,,C-Team,blitz,https://www.linkedin.com/company/freelancemarketing01,Advertising Services,GB,GB,pass,unknown,industry unknown
Reis-Heese,Vickie,Reis-Heese Vickie,Business Owner,Vickies Cleaning Services,,linkedin.com/in/reis-heese-vickie-a23462120,,C-Team,blitz,https://www.linkedin.com/company/vickies-cleaning-services,Events Services,US,US,pass,unknown,industry unknown
Renato,M.,Renato M.,"Grafico, Art Director",PALUMBO & PARTNERS ADVERTISING  - S.R.L. -,,linkedin.com/in/renato-m-37b65116a,,Director,blitz,https://www.linkedin.com/company/palumbo-&-partners-advertising---s.r.l.--,Advertising Services,IT,IT,pass,unknown,industry unknown
Rene,Arestrup,Rene Arestrup,Accpount Director,Communiqué,,linkedin.com/in/rene-arestrup-26716b1,,Director,blitz,https://www.linkedin.com/company/communique_35880,Public Relations and Communications Services,DK,DK,pass,unknown,industry unknown
Rene,Ashmore-Cannavo,Rene Ashmore-Cannavo,Owner,CANNA,,linkedin.com/in/rene-ashmore-cannavo-a57a504,,C-Team,blitz,https://www.linkedin.com/company/canna,Advertising Services,US,US,pass,unknown,industry unknown
Rene,Joseph,Rene Joseph,Director of Operations,U,,linkedin.com/in/rene-joseph-5851439,,Director,blitz,https://www.linkedin.com/company/universal-survey-center,Market Research,US,US,pass,unknown,industry unknown
Renske,Schippers - de Koning,Renske Schippers - de Koning,Head of People NL,Deployteq,deployteq.com,linkedin.com/in/renske-schippers-de-koning-08355818,,Director,blitz,https://www.linkedin.com/company/deployteq,,NL,NL,pass,unknown,industry unknown
,,,Graphic Designer / Studio Manager / Senior Art Director / Creative Director / Content Creator,various,,linkedin.com/in/reverendpixel,,Director,blitz,https://www.linkedin.com/company/freelance-strategy,Advertising Services,GB,US,pass,unknown,industry unknown
Shelley,Hinton (Nelson),Shelley Hinton (Nelson),Owner,"Residential Property Management, Inc.",,linkedin.com/in/reversemortgagesinbend,,C-Team,blitz,https://www.linkedin.com/company/residential-property-management-inc.,Advertising Services,US,US,pass,unknown,industry unknown
Rex,Anderson,Rex Anderson,Director of sales,Admobile,,linkedin.com/in/rex-anderson-b583611,,Director,blitz,https://www.linkedin.com/company/admobile,Advertising Services,US,US,pass,unknown,industry unknown
Rey,Marin,Rey Marin,Owner,"BottomLineGrowth, LLC",,linkedin.com/in/rey-marin-11192643,,C-Team,blitz,https://www.linkedin.com/company/bottomlinegrowth-llc,Advertising Services,US,US,pass,unknown,industry unknown
Rey,Marin,Rey Marin,CEO/President,"BottomLineGrowth, LLC",,linkedin.com/in/rey-marin-8265765b,,C-Team,blitz,https://www.linkedin.com/company/bottomlinegrowth-llc,Advertising Services,US,US,pass,unknown,industry unknown
Rey,Nieto,Rey Nieto,President,Pavillion,,linkedin.com/in/rey-nieto-8b0655103,,C-Team,blitz,https://www.linkedin.com/company/pavillion,Advertising Services,US,US,pass,unknown,industry unknown
Reyna,Ramirez,Reyna Ramirez,CEO,RG Management Group,,linkedin.com/in/reyna-ramirez-3a8907154,,C-Team,blitz,https://www.linkedin.com/company/rg-management-group,Marketing Services,US,US,pass,unknown,industry unknown
Robert,Gibralter,Robert Gibralter,founder,Gibralter,,linkedin.com/in/rgibralter,,C-Team,blitz,https://www.linkedin.com/company/gibralter,Advertising Services,US,US,pass,unknown,industry unknown
Rhoda,Brain 🧠,Rhoda Brain 🧠,Head of Agency,Narwhal Labs,nmg.group,linkedin.com/in/rhodabrain,,Director,blitz,https://www.linkedin.com/company/narwhallabs,Advertising Services,GB,GB,pass,unknown,industry unknown
rich,l,rich l,ceo,Moka,,linkedin.com/in/rich-l-4152a51b,,C-Team,blitz,https://www.linkedin.com/company/moka,Graphic Design,US,IT,pass,unknown,industry unknown
Rich,Roberts,Rich Roberts,"Vice President, Chief Engineer - Structures",Pennoni,pennoni.com,linkedin.com/in/rich-roberts-b7677112,,VP,blitz,https://www.linkedin.com/company/pennoni,Design Services,US,US,pass,unknown,industry unknown
Richard,B,Richard B,Managing Partner,Spirit Advertising,,linkedin.com/in/richard-b-1b66063,,C-Team,blitz,https://www.linkedin.com/company/spirit-advertising,Advertising Services,GB,GB,pass,unknown,industry unknown
RICHARD,BOOTH,RICHARD BOOTH,President Gordon & Sons,Independent Contractor/Consultant,,linkedin.com/in/richard-booth-37085562,,C-Team,blitz,https://www.linkedin.com/company/independent-contractor-consultant_2,Public Relations and Communications Services,US,GB,pass,unknown,industry unknown
Richard,Chernela,Richard Chernela,Vice President,Euro RSCG Magnet,,linkedin.com/in/richard-chernela-4802a9,,VP,blitz,https://www.linkedin.com/company/euro-rscg-magnet,Public Relations and Communications Services,US,US,pass,unknown,industry unknown
Richard,Dash,Richard Dash,President,Catalyst Consultants,,linkedin.com/in/richard-dash-43b39a16,,C-Team,blitz,https://www.linkedin.com/company/catalyst-consultants,Advertising Services,US,US,pass,unknown,industry unknown
Richard,Eber,Richard Eber,Chief Creativity Officer,MRM Gillespie,,linkedin.com/in/richard-eber-73607a2,,C-Team,blitz,https://www.linkedin.com/company/mrm-gillespie,Advertising Services,US,US,pass,unknown,industry unknown
Richard,Gertler,Richard Gertler,Owner,Daddy,,linkedin.com/in/richard-gertler-4888891,,C-Team,blitz,https://www.linkedin.com/company/daddy,Advertising Services,US,SE,pass,unknown,industry unknown
Richard,Giordano,Richard Giordano,Director of Programs,Defense Strategies Institute,dsigroup.org,linkedin.com/in/richard-giordano-5203b4a0,,Director,blitz,https://www.linkedin.com/company/defense-strategies-institute,Events Services,US,US,pass,unknown,industry unknown
Richard,Goldstone,Richard Goldstone,President-Financial Representative/Insurance Specialist,Today,,linkedin.com/in/richard-goldstone-2b42453,,C-Team,blitz,https://www.linkedin.com/company/today,Design Services,US,GB,pass,unknown,industry unknown
Richard,Hirsch,Richard Hirsch,CMO/EVP of Business Development,Captive Media,,linkedin.com/in/richard-hirsch-5874488,,C-Team,blitz,https://www.linkedin.com/company/captive-media,Advertising Services,US,US,pass,unknown,industry unknown
Richard,Hirsch,Richard Hirsch,CMO,Captive Media,,linkedin.com/in/richard-hirsch-7172875,,C-Team,blitz,https://www.linkedin.com/company/captive-media,Advertising Services,US,US,pass,unknown,industry unknown
Richard,Hobbs,Richard Hobbs,Account Director,Creative Live Limited,,linkedin.com/in/richard-hobbs-b0386660,,Director,blitz,https://www.linkedin.com/company/creative-live-limited,Events Services,GB,GB,pass,unknown,industry unknown
Richard,Johnson,Richard Johnson,President,Rick Johnson & Company,,linkedin.com/in/richard-johnson-9a34ab23,,C-Team,blitz,https://www.linkedin.com/company/rick-johnson-&-company,Advertising Services,US,US,pass,unknown,industry unknown
Richard,Kinsler,Richard Kinsler,President,SLG Advertising,,linkedin.com/in/richard-kinsler-321198,,C-Team,blitz,https://www.linkedin.com/company/slg-advertising,Advertising Services,US,US,pass,unknown,industry unknown
Richard,Klein,Richard Klein,Executive Vice President,SLG Advertising,,linkedin.com/in/richard-klein-1442121,,VP,blitz,https://www.linkedin.com/company/slg-advertising,Advertising Services,US,US,pass,unknown,industry unknown
Richard,M.,Richard M.,CEO,Fridays,,linkedin.com/in/richard-m-7902065,,C-Team,blitz,https://www.linkedin.com/company/fridays-media-group,Public Relations and Communications Services,GB,GB,pass,unknown,industry unknown
Richard,Margeson,Richard Margeson,Head of Client Support - Australia,PHMG,phmg.com,linkedin.com/in/richard-margeson-395b19a8,,Director,blitz,https://www.linkedin.com/company/phmg,Advertising Services,GB,GB,pass,unknown,industry unknown
Richard,Muscott,Richard Muscott,Head of Security,Performance Lists,,linkedin.com/in/richard-muscott-46b81122,,Director,blitz,https://www.linkedin.com/company/performance-lists,Advertising Services,GB,US,pass,unknown,industry unknown
Richard,Nashner,Richard Nashner,Owner,Beacon Advisors,,linkedin.com/in/richard-nashner-0761a93,,C-Team,blitz,https://www.linkedin.com/company/beacon-advisors,Public Relations and Communications Services,US,US,pass,unknown,industry unknown
Richard,Pehl,Richard Pehl,CFO    -    Senior Scientist,PHDS,,linkedin.com/in/richard-pehl-37163772,,C-Team,blitz,https://www.linkedin.com/company/phds,Graphic Design,US,US,pass,unknown,industry unknown
Richard,Scobee,Richard Scobee,Owner,The Marketing Edge,,linkedin.com/in/richard-scobee-548285,,C-Team,blitz,https://www.linkedin.com/company/the-marketing-edge,Advertising Services,US,US,pass,unknown,industry unknown
Richard,Selley,Richard Selley,Head of Mobile Research EMEA,Performance Lists,,linkedin.com/in/richard-selley-49684522,,Director,blitz,https://www.linkedin.com/company/performance-lists,Advertising Services,GB,US,pass,unknown,industry unknown
Richard,Siler,Richard Siler,VP-Marketing,Zenergy,,linkedin.com/in/richard-siler-193093a,,VP,blitz,https://www.linkedin.com/company/zenergy,Design Services,US,US,pass,unknown,industry unknown
Richard,Hancock,Richard Hancock,Regional Director,The Marketing Centre,themarketingcentre.com,linkedin.com/in/richardhancock,,Director,blitz,https://www.linkedin.com/company/the-marketing-centre,Advertising Services,GB,GB,pass,unknown,industry unknown
Rick,Blanchard,Rick Blanchard,owner,bdesign,,linkedin.com/in/rick-blanchard-86283633,,C-Team,blitz,https://www.linkedin.com/company/bdesign,Design Services,US,GB,pass,unknown,industry unknown
Rick,Broemel,Rick Broemel,Sr. Art Director,Al Paul Lefton Co.,,linkedin.com/in/rick-broemel-824a733,,Director,blitz,https://www.linkedin.com/company/al-paul-lefton-co.,Advertising Services,US,US,pass,unknown,industry unknown
Rick,Hunter,Rick Hunter,President,SDR Consulting,,linkedin.com/in/rick-hunter-4892b84,,C-Team,blitz,https://www.linkedin.com/company/sdr-consulting,Market Research,US,US,pass,unknown,industry unknown
Rick,Hunter,Rick Hunter,Vice-President,SDR Consulting,,linkedin.com/in/rick-hunter-82858a1,,VP,blitz,https://www.linkedin.com/company/sdr-consulting,Market Research,US,US,pass,unknown,industry unknown
Rick,Hunter,Rick Hunter,President,SDR Consulting,,linkedin.com/in/rick-hunter-a428602a5,,C-Team,blitz,https://www.linkedin.com/company/sdr-consulting,Market Research,US,US,pass,unknown,industry unknown
Rick,Johnson,Rick Johnson,President,Rick Johnson & Company,,linkedin.com/in/rick-johnson-b7879a54,,C-Team,blitz,https://www.linkedin.com/company/rick-johnson-&-company,Advertising Services,US,US,pass,unknown,industry unknown
Rick,Marks,Rick Marks,VP - Sales,Captive Media,,linkedin.com/in/rick-marks-94b8582,,VP,blitz,https://www.linkedin.com/company/captive-media,Advertising Services,US,US,pass,unknown,industry unknown
Rick,Singer,Rick Singer,Owner,Singer Direct,,linkedin.com/in/rick-singer-a981992,,C-Team,blitz,https://www.linkedin.com/company/singer-direct,Advertising Services,US,US,pass,unknown,industry unknown
rick,singleton,rick singleton,president,Studio A Advertising,,linkedin.com/in/rick-singleton-97b47919,,C-Team,blitz,https://www.linkedin.com/company/studio-a-advertising,Advertising Services,US,US,pass,unknown,industry unknown
Rick,Williams,Rick Williams,COO,Data Warehouse,,linkedin.com/in/rick-williams-0a8b471,,C-Team,blitz,https://www.linkedin.com/company/data-warehouse,Advertising Services,US,US,pass,unknown,industry unknown
Rick,Haden,Rick Haden,Owner,Trident Communications,,linkedin.com/in/rickhaden,,C-Team,blitz,https://www.linkedin.com/company/trident-communications,Public Relations and Communications Services,GB,US,pass,unknown,industry unknown
Rick,Halvorson,Rick Halvorson,Vice President Champion Exhibit,Champion Exposition Services,,linkedin.com/in/rickshalvorson,,VP,blitz,https://www.linkedin.com/company/champion-exposition-services,Events Services,US,US,pass,unknown,industry unknown
Ricky,Odrich-Damallie,Ricky Odrich-Damallie,Client Director,Joshua,,linkedin.com/in/ricky-odrich-damallie-036515,,Director,blitz,https://www.linkedin.com/company/joshua,Advertising Services,GB,GB,pass,unknown,industry unknown
Rieks,Hemmen,Rieks Hemmen,Owner,HSCG,,linkedin.com/in/rieks-hemmen-ab21771,,C-Team,blitz,https://www.linkedin.com/company/hscg,Advertising Services,NL,NL,pass,unknown,industry unknown
Rik,van der Hilst,Rik van der Hilst,Oprichter,Blixxem,,linkedin.com/in/rik-van-der-hilst-864316160,,C-Team,blitz,https://www.linkedin.com/company/blixxem,Events Services,NL,NL,pass,unknown,industry unknown
rimma,mirchi,rimma mirchi,director,Happy Advertising,,linkedin.com/in/rimma-mirchi-53385723,,Director,blitz,https://www.linkedin.com/company/happy-advertising,Advertising Services,US,DK,pass,unknown,industry unknown
Daniela,Rios,Daniela Rios,Small Business Owner,Independent Contractor/Consultant,,linkedin.com/in/rios-daniela,,C-Team,blitz,https://www.linkedin.com/company/independent-contractor-consultant_2,Public Relations and Communications Services,US,GB,pass,unknown,industry unknown
"Rivadeneira,",Gus,"Rivadeneira, Gus",President,SNG PR,,linkedin.com/in/rivadeneira-gus-54a2035,,C-Team,blitz,https://www.linkedin.com/company/sng-pr,Public Relations and Communications Services,US,US,pass,unknown,industry unknown
Rob,Baskin,Rob Baskin,Managing Director,Manning Selvage and Lee,,linkedin.com/in/rob-baskin-b4a28b,,C-Team,blitz,https://www.linkedin.com/company/manning-selvage-and-lee,Public Relations and Communications Services,US,US,pass,unknown,industry unknown
Rob,Berteau,Rob Berteau,Funeral Director,Independent Contractor/Consultant,,linkedin.com/in/rob-berteau-bbb349135,,Director,blitz,https://www.linkedin.com/company/independent-contractor-consultant_2,Public Relations and Communications Services,US,GB,pass,unknown,industry unknown
Rob,Biro,Rob Biro,Creative Director,B.D. Fox & Friends,,linkedin.com/in/rob-biro-286a888,,Director,blitz,https://www.linkedin.com/company/b.d.-fox-&-friends,Graphic Design,US,US,pass,unknown,industry unknown
Rob,Boonzajer,Rob Boonzajer,creative director,QRA,,linkedin.com/in/rob-boonzajer-6980b91b,,Director,blitz,https://www.linkedin.com/company/qra,Market Research,NL,US,pass,unknown,industry unknown
Rob,Coleman,Rob Coleman,Chief Medical Officer,Vaniam Group,vaniamgroup.com,linkedin.com/in/rob-coleman-b257b6,,C-Team,blitz,https://www.linkedin.com/company/vaniam-group,Advertising Services,US,US,pass,unknown,industry unknown
Rob,Cook,Rob Cook,Head of sales PH Media Group,PHMG,phmg.com,linkedin.com/in/rob-cook-847bb917,,Director,blitz,https://www.linkedin.com/company/phmg,Advertising Services,GB,GB,pass,unknown,industry unknown
rob,fox,rob fox,Director of Client Service,Ziment,,linkedin.com/in/rob-fox-4047b0,,Director,blitz,https://www.linkedin.com/company/ziment,Market Research,US,US,pass,unknown,industry unknown
Rob,Howlett,Rob Howlett,account development director,Broadsystem,,linkedin.com/in/rob-howlett-2634392,,Director,blitz,https://www.linkedin.com/company/broadsystem,Advertising Services,GB,GB,pass,unknown,industry unknown
Rob,Lane,Rob Lane,Owner,Kerker,,linkedin.com/in/rob-lane-631141,,C-Team,blitz,https://www.linkedin.com/company/kerker,Advertising Services,US,US,pass,unknown,industry unknown
Rob,O'Toole,Rob O'Toole,Cloud Strategy Director,PHMG,phmg.com,linkedin.com/in/rob-o-toole-b60767183,,Director,blitz,https://www.linkedin.com/company/phmg,Advertising Services,GB,GB,pass,unknown,industry unknown
Rob,Riddell,Rob Riddell,Business Development Director,Identex,,linkedin.com/in/rob-riddell-3aab791,,Director,blitz,https://www.linkedin.com/company/identex,Advertising Services,GB,GB,pass,unknown,industry unknown
Rob,Schwan,Rob Schwan,Regional Sales Director,Apartments.com,apartments.com,linkedin.com/in/rob-schwan-a459b0253,,Director,blitz,https://www.linkedin.com/company/apartments-com,Advertising Services,US,US,pass,unknown,industry unknown
Rob,Taylor,Rob Taylor,Founder,The Marlin Group,,linkedin.com/in/rob-taylor-12997a9,,C-Team,blitz,https://www.linkedin.com/company/the-marlin-group,Advertising Services,US,US,pass,unknown,industry unknown
Rob,Wheeler,Rob Wheeler,Technical Director-Digital Resources,Campbell Mithun Inc,,linkedin.com/in/rob-wheeler-9a1061331,,Director,blitz,https://www.linkedin.com/company/campbell-mithun-inc,Market Research,US,US,pass,unknown,industry unknown
Robbie,Orozco,Robbie Orozco,Owner,Independent Contractor/Consultant,,linkedin.com/in/robbie-orozco-5a2b8195,,C-Team,blitz,https://www.linkedin.com/company/independent-contractor-consultant_2,Public Relations and Communications Services,US,GB,pass,unknown,industry unknown
Robert,Borogovac,Robert Borogovac,Consulting Chief Financial Officer,Loft 19,,linkedin.com/in/robert-borogovac-ba19b2133,,C-Team,blitz,https://www.linkedin.com/company/loft19,Marketing Services,HR,RS,pass,unknown,industry unknown
Robert,"Brown,","Robert Brown,","Senior Industrial Hygienist, Stamford Office Director",Pennoni,pennoni.com,linkedin.com/in/robert-brown-0541b733,,Director,blitz,https://www.linkedin.com/company/pennoni,Design Services,US,US,pass,unknown,industry unknown
Robert,Cappelloni,Robert Cappelloni,"President, CEO, CFO and COO",Determined Productions Inc.,,linkedin.com/in/robert-cappelloni-3789b91b,,C-Team,blitz,https://www.linkedin.com/company/determined-productions-inc.,Graphic Design,US,US,pass,unknown,industry unknown
Robert,Cuerden,Robert Cuerden,Owner,RCC HR,,linkedin.com/in/robert-cuerden-19312b,,C-Team,blitz,https://www.linkedin.com/company/rcc-hr,Advertising Services,US,GB,pass,unknown,industry unknown
Robert,Dillon,Robert Dillon,Director,Design Decor,,linkedin.com/in/robert-dillon-179297157,,Director,blitz,https://www.linkedin.com/company/design-decor,Design Services,IE,US,pass,unknown,industry unknown
robert,dopler,robert dopler,Dyrektor sprzedaży,ASM Group,,linkedin.com/in/robert-dopler-44a43513b,,Director,blitz,https://www.linkedin.com/company/asm-group,Advertising Services,PL,US,pass,unknown,industry unknown
Robert,DuBois,Robert DuBois,Office Director / Principal Surveyor,Pennoni,pennoni.com,linkedin.com/in/robert-dubois-65435617,,Director,blitz,https://www.linkedin.com/company/pennoni,Design Services,US,US,pass,unknown,industry unknown
Robert,Furey,Robert Furey,Sr. Vice President,HTA,,linkedin.com/in/robert-furey-04454211,,VP,blitz,https://www.linkedin.com/company/hta,Advertising Services,US,US,pass,unknown,industry unknown
Robert,G.,Robert G.,President,Roi Rennaisance,,linkedin.com/in/robert-g-217030135,,C-Team,blitz,https://www.linkedin.com/company/roi-rennaisance,Advertising Services,US,US,pass,unknown,industry unknown
Robert,Gianone,Robert Gianone,Director of Business Development,Equitec,,linkedin.com/in/robert-gianone-323b07b,,Director,blitz,https://www.linkedin.com/company/equitec,Advertising Services,US,US,pass,unknown,industry unknown
Robert J.,"Ashley, III","Robert J. Ashley, III",HDLS Technology Director,Pennoni,pennoni.com,linkedin.com/in/robert-j-ashley-iii-8b76727,,Director,blitz,https://www.linkedin.com/company/pennoni,Design Services,US,US,pass,unknown,industry unknown
Robert J.,Geoghan,Robert J. Geoghan,Owner,"Sports America, Inc.",,linkedin.com/in/robert-j-geoghan-b70703,,C-Team,blitz,https://www.linkedin.com/company/sports-america-inc.,Events Services,US,US,pass,unknown,industry unknown
Robert,Keller,Robert Keller,Owner,attp,,linkedin.com/in/robert-keller-49428b6,,C-Team,blitz,https://www.linkedin.com/company/attp,Advertising Services,US,US,pass,unknown,industry unknown
Robert,Khouw Zegwaart,Robert Khouw Zegwaart,Owner,All Media Group,,linkedin.com/in/robert-khouw-zegwaart-6484b,,C-Team,blitz,https://www.linkedin.com/company/all-media-group,Graphic Design,CH,US,pass,unknown,industry unknown
Robert,Kraft,Robert Kraft,"YouTube Channel Owner, Social Media Marketer",Self Employed - Social Media Manager,,linkedin.com/in/robert-kraft-5a471a136,,C-Team,blitz,https://www.linkedin.com/company/self-employed---social-media-manager,Advertising Services,US,GB,pass,unknown,industry unknown
Robert,Maj,Robert Maj,Prezes,QAZ,,linkedin.com/in/robert-maj-061216296,,C-Team,blitz,https://www.linkedin.com/company/qaz-mkt,Advertising Services,PL,US,pass,unknown,industry unknown
Robert,Menzies,Robert Menzies,Non Executive Director/Business Mentor,various,,linkedin.com/in/robert-menzies-9a0a4a49,,Director,blitz,https://www.linkedin.com/company/freelance-strategy,Advertising Services,GB,US,pass,unknown,industry unknown
Robert,Muscedere,Robert Muscedere,Owner,Collision,,linkedin.com/in/robert-muscedere-4b628a140,,C-Team,blitz,https://www.linkedin.com/company/collision-workwear,Advertising Services,US,US,pass,unknown,industry unknown
Robert,Najafinia,Robert Najafinia,Vice President,Home Decor Center,,linkedin.com/in/robert-najafinia-bb6830b9,,VP,blitz,https://www.linkedin.com/company/home-decor-center,Design Services,US,US,pass,unknown,industry unknown
Robert,Newell,Robert Newell,Owner,On The Wall Painting,,linkedin.com/in/robert-newell-1081b711,,C-Team,blitz,https://www.linkedin.com/company/on-the-wall-painting,Design Services,US,US,pass,unknown,industry unknown
Robert,Penneck,Robert Penneck,Head of Client Support,PHMG,phmg.com,linkedin.com/in/robert-penneck-8aa67945,,Director,blitz,https://www.linkedin.com/company/phmg,Advertising Services,GB,GB,pass,unknown,industry unknown
Robert,Polins,Robert Polins,Project Director,Pennoni,pennoni.com,linkedin.com/in/robert-polins-81750948,,Director,blitz,https://www.linkedin.com/company/pennoni,Design Services,US,US,pass,unknown,industry unknown
Robert,Randolph,Robert Randolph,Marketing Director,Forward Development,,linkedin.com/in/robert-randolph-12815a1,,Director,blitz,https://www.linkedin.com/company/forward-development,Graphic Design,US,US,pass,unknown,industry unknown
Robert,Reilly,Robert Reilly,Founder,HIGHLIFE®,,linkedin.com/in/robert-reilly-21808816,,C-Team,blitz,https://www.linkedin.com/company/highlife-,Advertising Services,US,US,pass,unknown,industry unknown
Robert,Schwan,Robert Schwan,Regional Director - Multifamily Marketing at The CoStar Group,Apartments.com,apartments.com,linkedin.com/in/robert-schwan-1002835,,Director,blitz,https://www.linkedin.com/company/apartments-com,Advertising Services,US,US,pass,unknown,industry unknown
Robert,Schwartz,Robert Schwartz,President,Fountainhead,,linkedin.com/in/robert-schwartz-8473065,,C-Team,blitz,https://www.linkedin.com/company/fountainhead,Advertising Services,US,US,pass,unknown,industry unknown
Robert,Stewart,Robert Stewart,Owner,You Grow It We Mow It,,linkedin.com/in/robert-stewart-6ba47a1a2,,C-Team,blitz,https://www.linkedin.com/company/you-grow-it-we-mow-it,Design Services,US,US,pass,unknown,industry unknown
robert,weber,robert weber,ceo,Nowhere Bar & Grill,,linkedin.com/in/robert-weber-3584ba117,,C-Team,blitz,https://www.linkedin.com/company/nowhere-bar-&-grill,Advertising Services,US,US,pass,unknown,industry unknown
Robert,Weihmayer,Robert Weihmayer,Director IT Strategy & Planning,Verizon Information Services,,linkedin.com/in/robert-weihmayer-6554087,,Director,blitz,https://www.linkedin.com/company/verizon-information-services,Advertising Services,US,US,pass,unknown,industry unknown
Robert,Mostyn-Parry,Robert Mostyn-Parry,Client Partner (Account Director),PHMG,phmg.com,linkedin.com/in/robertmostynparry,,C-Team,blitz,https://www.linkedin.com/company/phmg,,GB,GB,pass,unknown,industry unknown
Roberto,Tiburzi,Roberto Tiburzi,Direttore Gruppo Mensa,EUTOURIST NEW S.R.L.,,linkedin.com/in/roberto-tiburzi-b754572b6,,Director,blitz,https://www.linkedin.com/company/eutourist-new-s.r.l.,Events Services,IT,IT,pass,unknown,industry unknown
Roberto,Bruni,Roberto Bruni,"VP, Business Development",Atomsix,atom6studio.com,linkedin.com/in/robertobruni,,VP,blitz,https://www.linkedin.com/company/atomsix,Design Services,US,US,pass,unknown,industry unknown
Robert,Stead,Robert Stead,Fractional CMO,The Marketing Centre,themarketingcentre.com,linkedin.com/in/robertsteadtmc,,C-Team,blitz,https://www.linkedin.com/company/the-marketing-centre,,GB,GB,pass,unknown,industry unknown
RObin,Gilber,RObin Gilber,Director of Production & Traffic,Marketing Magic Advertising,,linkedin.com/in/robin-gilber-3633575,,Director,blitz,https://www.linkedin.com/company/marketing-magic-advertising,Advertising Services,US,US,pass,unknown,industry unknown
Robin,Knee,Robin Knee,Vice President/Office Manager,Reunions Unlimited,,linkedin.com/in/robin-knee-56abba36,,VP,blitz,https://www.linkedin.com/company/reunions-unlimited,Events Services,US,US,pass,unknown,industry unknown
Robin,Mitchell,Robin Mitchell,Business development director,Craik Jones,,linkedin.com/in/robin-mitchell-ab458a1,,Director,blitz,https://www.linkedin.com/company/craik-jones,Advertising Services,GB,GB,pass,unknown,industry unknown
Robin,Prinsen,Robin Prinsen,Co-Founder,Nakoa Digital | Commerce Media,nakoa.digital,linkedin.com/in/robinprinsen,,C-Team,blitz,https://www.linkedin.com/company/nakoadigital,,NL,DE,pass,unknown,industry unknown
Rocky,Yun,Rocky Yun,co-founder,B.D. Fox & Friends,,linkedin.com/in/rocky-yun-b4325118,,C-Team,blitz,https://www.linkedin.com/company/b.d.-fox-&-friends,Graphic Design,US,US,pass,unknown,industry unknown
Rocío,Dégano,Rocío Dégano,Directora financiera,Ernest,,linkedin.com/in/rocío-dégano-a62902267,,Director,blitz,https://www.linkedin.com/company/holaernest,Advertising Services,ES,ES,pass,unknown,industry unknown
Rod,Taylor,Rod Taylor,Senior VP,CoActive Marketing Group,,linkedin.com/in/rod-taylor-9034822,,VP,blitz,https://www.linkedin.com/company/coactive-marketing-group,Advertising Services,US,US,pass,unknown,industry unknown
Rod,Taylor,Rod Taylor,Senior VP,CoActive Marketing Group,,linkedin.com/in/rod-taylor-b691b45,,VP,blitz,https://www.linkedin.com/company/coactive-marketing-group,Advertising Services,US,US,pass,unknown,industry unknown
Roger,Fisher-Payne,Roger Fisher-Payne,Director,NOP World,,linkedin.com/in/roger-fisher-payne-062460,,Director,blitz,https://www.linkedin.com/company/nop-world,Market Research,GB,US,pass,unknown,industry unknown
Roger,Neville,Roger Neville,Owner,My Shopping Community,,linkedin.com/in/roger-neville-77338b,,C-Team,blitz,https://www.linkedin.com/company/my-shopping-community,Advertising Services,US,US,pass,unknown,industry unknown
Roger,Sterling,Roger Sterling,Senior Partner,STERLING COOPER DRAPER PRYCE LTD,,linkedin.com/in/roger-sterling-b5082516b,,C-Team,blitz,https://www.linkedin.com/company/sterling-cooper-draper-pryce-ltd,Advertising Services,US,GB,pass,unknown,industry unknown
Roger,Stokkedal,Roger Stokkedal,Owner,Logistix,,linkedin.com/in/roger-stokkedal-172a981,,C-Team,blitz,https://www.linkedin.com/company/logistix,Advertising Services,SE,US,pass,unknown,industry unknown
rolland,schoepf,rolland schoepf,ceo,C.H.E.F.,,linkedin.com/in/rolland-schoepf-86870327,,C-Team,blitz,https://www.linkedin.com/company/c.h.e.f.,Events Services,US,NL,pass,unknown,industry unknown
Rollo,Tomasi,Rollo Tomasi,Marketing Director,DNA Marketing,,linkedin.com/in/rollo-tomasi-9363a3117,,Director,blitz,https://www.linkedin.com/company/team-ignition-pancultural-marketing,Advertising Services,US,US,pass,unknown,industry unknown
Roman,Young,Roman Young,Director,ARA Content,,linkedin.com/in/roman-young-24469336,,Director,blitz,https://www.linkedin.com/company/ara-content,Advertising Services,US,US,pass,unknown,industry unknown
Roman,Kirsch,Roman Kirsch,Founder & Investor,TGTC,globaltalent.co,linkedin.com/in/romankirsch,,C-Team,blitz,https://www.linkedin.com/company/the-global-talent-co,Marketing Services,DE,US,pass,unknown,industry unknown
Роман,Кононенко,Роман Кононенко,Head of PBN,TrafficConnect,,linkedin.com/in/romankonon,,Director,blitz,https://www.linkedin.com/company/trafficconnect,Marketing Services,UA,US,pass,unknown,industry unknown
Ron,Brown,Ron Brown,COO Western Region,Champion Exposition Services,,linkedin.com/in/ron-brown-6239916,,C-Team,blitz,https://www.linkedin.com/company/champion-exposition-services,Events Services,US,US,pass,unknown,industry unknown
Ron,Dallas,Ron Dallas,VP Business Development...Insurance and Financial Services,First Marketing,,linkedin.com/in/ron-dallas-7100091,,VP,blitz,https://www.linkedin.com/company/first-marketing,Advertising Services,US,US,pass,unknown,industry unknown
Ron,Fuller,Ron Fuller,Owner,Fountainhead,,linkedin.com/in/ron-fuller-992b421,,C-Team,blitz,https://www.linkedin.com/company/fountainhead,Advertising Services,US,US,pass,unknown,industry unknown
Ron,Goryl,Ron Goryl,Senior Art Director,Thomas Advertising,,linkedin.com/in/ron-goryl-81bb042,,Director,blitz,https://www.linkedin.com/company/thomas-advertising,Advertising Services,US,US,pass,unknown,industry unknown
Ron,Leighton,Ron Leighton,Art Director,Bill Smith Studio,,linkedin.com/in/ron-leighton-37887b10,,Director,blitz,https://www.linkedin.com/company/bill-smith-studio,Design Services,US,US,pass,unknown,industry unknown
Ron,Miller,Ron Miller,President,Miller Consulting Group,,linkedin.com/in/ron-miller-6714952,,C-Team,blitz,https://www.linkedin.com/company/miller-consulting-group,Public Relations and Communications Services,US,US,pass,unknown,industry unknown
Ron,Opher,Ron Opher,Executive Director,Daddy,,linkedin.com/in/ron-opher-a75a861,,Director,blitz,https://www.linkedin.com/company/daddy,Advertising Services,US,SE,pass,unknown,industry unknown
Ron,Rocker,Ron Rocker,Owner,Visions Marketing,,linkedin.com/in/ron-rocker-8026674,,C-Team,blitz,https://www.linkedin.com/company/visions-marketing,Advertising Services,US,US,pass,unknown,industry unknown
Ron,Schab,Ron Schab,Owner,Profit-Tell International,,linkedin.com/in/ron-schab-1a32a112,,C-Team,blitz,https://www.linkedin.com/company/profit-tell-international,Advertising Services,US,US,pass,unknown,industry unknown
Ron,West,Ron West,Owner,West & Associates,,linkedin.com/in/ron-west-40a18615,,C-Team,blitz,https://www.linkedin.com/company/west-&-associates,Advertising Services,US,US,pass,unknown,industry unknown
Ronald,Orellana,Ronald Orellana,Owner,MRX,,linkedin.com/in/ronald-orellana-a55b95287,,C-Team,blitz,https://www.linkedin.com/company/siamrx,Events Services,US,LV,pass,unknown,industry unknown
Ron,Edison,Ron Edison,President & CEO,The Edison Group,,linkedin.com/in/ronedison,,C-Team,blitz,https://www.linkedin.com/company/the-edison-group,Public Relations and Communications Services,US,US,pass,unknown,industry unknown
RoniSue,"Lee, MPA","RoniSue Lee, MPA","Owner, Editor, Writer, Designer, Communication and Marketing Consultant",Independent Contractor/Consultant,,linkedin.com/in/ronisuelee,,C-Team,blitz,https://www.linkedin.com/company/independent-contractor-consultant_2,Public Relations and Communications Services,US,GB,pass,unknown,industry unknown
Rony,Morera,Rony Morera,Chief Technology Officer,Automatik Digital,automatikdigital.com,linkedin.com/in/rony-morera,,C-Team,blitz,https://www.linkedin.com/company/automatik-digital,Advertising Services,US,US,pass,unknown,industry unknown
Rosalee,Morales,Rosalee Morales,owner Santiago Mexican restaurant,Anita Santiago Advertising,,linkedin.com/in/rosalee-morales-81951888,,C-Team,blitz,https://www.linkedin.com/company/anita-santiago-advertising,Advertising Services,US,US,pass,unknown,industry unknown
Rosalie,Brandt,Rosalie Brandt,"Finance Director | DartDesign, Thonik, Leene & Noise",Only Entrepreneurs,only.nl,linkedin.com/in/rosalie-brandt-bbb290ab,,Director,blitz,https://www.linkedin.com/company/only-creative-entrepreneurs,,NL,NL,pass,unknown,industry unknown
Rosalie,Vestal,Rosalie Vestal,Co-Owner,Gulfline Transport,,linkedin.com/in/rosalie-vestal-b736731a7,,C-Team,blitz,https://www.linkedin.com/company/gulfline-transport,Advertising Services,US,US,pass,unknown,industry unknown
Rosanna,Peng,Rosanna Peng,Film Director,Freelance Videographer,,linkedin.com/in/rosanna-peng-425ab249,,Director,blitz,https://www.linkedin.com/company/delete-com,Advertising Services,NL,US,pass,unknown,industry unknown
Ross,Gale,Ross Gale,VP of Global Sales Enablement,PHMG,phmg.com,linkedin.com/in/ross-gale-92623b205,,VP,blitz,https://www.linkedin.com/company/phmg,,GB,GB,pass,unknown,industry unknown
Ross,Hartmann,Ross Hartmann,Regional Vice President,United Yellow Pages,,linkedin.com/in/ross-hartmann-85138811,,VP,blitz,https://www.linkedin.com/company/united-yellow-pages,Advertising Services,US,US,pass,unknown,industry unknown
Rowaid,Sadawi,Rowaid Sadawi,Chief Operating Officer,QS Performance,,linkedin.com/in/rowaid-sadawi-,,C-Team,blitz,https://www.linkedin.com/company/quality-sales-performance,Marketing Services,SE,SE,pass,unknown,industry unknown
Roxy,Boone,Roxy Boone,EVP,miller.whiterunkle,,linkedin.com/in/roxy-boone-5793216,,VP,blitz,https://www.linkedin.com/company/miller.whiterunkle,Advertising Services,US,US,pass,unknown,industry unknown
Roy,Anderson,Roy Anderson,Owner,Designs of the Interior,,linkedin.com/in/roy-anderson-4b172213,,C-Team,blitz,https://www.linkedin.com/company/designs-of-the-interior,Design Services,US,US,pass,unknown,industry unknown
Roy,Baldassari,Roy Baldassari,Sr. Vice President,NOP World,,linkedin.com/in/roy-baldassari-a82b83,,VP,blitz,https://www.linkedin.com/company/nop-world,Market Research,US,US,pass,unknown,industry unknown
Roy,Faulkner,Roy Faulkner,Vice President of UK and Australian Business Development,PHMG,phmg.com,linkedin.com/in/roy-faulkner-02686634,,VP,blitz,https://www.linkedin.com/company/phmg,,GB,GB,pass,unknown,industry unknown
ROY,JAMES,ROY JAMES,MD,AVA Advertising,,linkedin.com/in/roy-james-6300193a,,C-Team,blitz,https://www.linkedin.com/company/ava-advertising,Advertising Services,GB,US,pass,unknown,industry unknown
Roy,Lewis,Roy Lewis,Technical Director,Family Dollar Corporate,,linkedin.com/in/roy-lewis-79b811a,,Director,blitz,https://www.linkedin.com/company/family-dollar-corporate,Graphic Design,US,US,pass,unknown,industry unknown
Royal Palace,Banquet Hall,Royal Palace Banquet Hall,Founder,Royal Palace Banquet Hall,,linkedin.com/in/royal-palace-banquet-hall-4a7a7a59,,C-Team,blitz,https://www.linkedin.com/company/royal-palace-banquet-hall,Events Services,US,US,pass,unknown,industry unknown
Royalty,Events,Royalty Events,Business Owner,"Royalty Events, Inc.",,linkedin.com/in/royalty-events-a82669b6,,C-Team,blitz,https://www.linkedin.com/company/royalty-events-inc.,Events Services,US,US,pass,unknown,industry unknown
Ray,Scanlon,Ray Scanlon,VP/CFO,Al Paul Lefton Co.,,linkedin.com/in/rscan84094,,C-Team,blitz,https://www.linkedin.com/company/al-paul-lefton-co.,Advertising Services,US,US,pass,unknown,industry unknown
Rob,K.,Rob K.,Founder & Director,KCo,,linkedin.com/in/rsmcleank,,C-Team,blitz,https://www.linkedin.com/company/knowlesandcompany,Advertising Services,GB,GB,pass,unknown,industry unknown
Richard,Sweat,Richard Sweat,"Director, Scientific Communications",Vaniam Group,vaniamgroup.com,linkedin.com/in/rsweat,,Director,blitz,https://www.linkedin.com/company/vaniam-group,Advertising Services,US,US,pass,unknown,industry unknown
Ruben,Perikhanian,Ruben Perikhanian,Owner,PR Consultants,,linkedin.com/in/ruben-perikhanian-8aa4863,,C-Team,blitz,https://www.linkedin.com/company/pr-consultants,Public Relations and Communications Services,GB,US,pass,unknown,industry unknown
Rubén,Suescun,Rubén Suescun,Director de CTV,Pulsa Media,,linkedin.com/in/rubensuescun,,Director,blitz,https://www.linkedin.com/company/pulsa-media-consulting,Advertising Services,ES,ES,pass,unknown,industry unknown
Rui,Faria,Rui Faria,Design Director,Brandia,,linkedin.com/in/rui-faria-5872151,,Director,blitz,https://www.linkedin.com/company/brandia,Advertising Services,PT,PT,pass,unknown,industry unknown
Rukhsana,Mirza,Rukhsana Mirza,Director Of Recruiting,Community Care Companions Inc,,linkedin.com/in/rukhsana-mirza-317883217,,Director,blitz,https://www.linkedin.com/company/community-care-companions-inc,Advertising Services,US,US,pass,unknown,industry unknown
Ruth,Barker,Ruth Barker,Board Account Director,Jackie Cooper PR,,linkedin.com/in/ruth-barker-b16852,,Director,blitz,https://www.linkedin.com/company/jackie-cooper-pr,Public Relations and Communications Services,GB,GB,pass,unknown,industry unknown
Ruth,Flores,Ruth Flores,"VP, Account Director",MRM Gillespie,,linkedin.com/in/ruth-flores-4509265,,VP,blitz,https://www.linkedin.com/company/mrm-gillespie,Advertising Services,US,US,pass,unknown,industry unknown
ryan,cutler,ryan cutler,ceo,RYA,,linkedin.com/in/ryan-cutler-315b5937,,C-Team,blitz,https://www.linkedin.com/company/rya,Design,US,US,pass,unknown,industry unknown
Ryan,Davis,Ryan Davis,Owner,The Red Group,,linkedin.com/in/ryan-davis-499640,,C-Team,blitz,https://www.linkedin.com/company/the-red-group,Advertising Services,US,US,pass,unknown,industry unknown
Ryan r,Rivera,Ryan r Rivera,CEO,RYA,,linkedin.com/in/ryan-r-rivera-a7759824,,C-Team,blitz,https://www.linkedin.com/company/rya,Design,US,US,pass,unknown,industry unknown
Ryan,Steinberger,Ryan Steinberger,Head Of Sales Marketing,Stewarts Rootbeer,,linkedin.com/in/ryan-steinberger-a1a7b4214,,Director,blitz,https://www.linkedin.com/company/stewarts-rootbeer,Public Relations and Communications Services,US,US,pass,unknown,industry unknown
Ryan,Donegan,Ryan Donegan,Senior Vice President Operations,Heritage Werks,heritagewerks.com,linkedin.com/in/ryandonegan,,VP,blitz,https://www.linkedin.com/company/heritage-werks,Advertising Services,US,US,pass,unknown,industry unknown
Ryan,Joos,Ryan Joos,Owner & Founder,Vulpine Marketing,vulpinemarketing.com,linkedin.com/in/ryanjoos,,C-Team,blitz,https://www.linkedin.com/company/vulpinemarketing,Advertising Services,US,US,pass,unknown,industry unknown
Ryan,Bitzer,Ryan Bitzer,Chief Executive Officer,Digital Media Management,digitalmediamanagement.com,linkedin.com/in/rybitzer,,C-Team,blitz,https://www.linkedin.com/company/digital-media-management,Advertising Services,US,US,pass,unknown,industry unknown
Sab,Lam,Sab Lam,Directeur immobilier,Moi-meme,,linkedin.com/in/sab-lam-2a671b262,,Director,blitz,https://www.linkedin.com/company/moi-meme,Graphic Design,FR,FR,pass,unknown,industry unknown
Abhilash,Shamsunder,Abhilash Shamsunder,Engineering Director,Tocquigny,,linkedin.com/in/sabhilash,,Director,blitz,https://www.linkedin.com/company/tocquigny,Advertising Services,US,US,pass,unknown,industry unknown
Sabir,Cham,Sabir Cham,Director of Operations,InstantSource,,linkedin.com/in/sabir-cham-7771bb143,,Director,blitz,https://www.linkedin.com/company/instantsource,Advertising Services,US,US,pass,unknown,industry unknown
Sabrina,Hill-Bailey,Sabrina Hill-Bailey,Account Director,Attention,,linkedin.com/in/sabrina-hill-bailey-54922410,,Director,blitz,https://www.linkedin.com/company/attention,Advertising Services,GB,GB,pass,unknown,industry unknown
Sabrina,Wilson,Sabrina Wilson,Director,Play,,linkedin.com/in/sabrina-wilson-48752611,,Director,blitz,https://www.linkedin.com/company/play_2,Advertising Services,US,GB,pass,unknown,industry unknown
Sadie,Gracia,Sadie Gracia,Director of Customer Success,Suzy,suzy.com,linkedin.com/in/sadiegracia,,Director,blitz,https://www.linkedin.com/company/asksuzy,Market Research,US,US,pass,unknown,industry unknown
Sadi M.,Naved,Sadi M. Naved,Vice President International Marketing,Editing Factory Limited,,linkedin.com/in/sadinaved,,VP,blitz,https://www.linkedin.com/company/editing-factory-limited,Graphic Design,US,US,pass,unknown,industry unknown
Saia,Saddler,Saia Saddler,Business Owner,Norfolk Naval Base,,linkedin.com/in/saia-saddler-549a6ab8,,C-Team,blitz,https://www.linkedin.com/company/norfolk-naval-base,Graphic Design,US,US,pass,unknown,industry unknown
Sally,Westaway,Sally Westaway,VP Operations,Mokrynskidirect,,linkedin.com/in/sally-westaway-374a0133,,VP,blitz,https://www.linkedin.com/company/mokrynskidirect,Advertising Services,US,US,pass,unknown,industry unknown
Sally,Shuttleworth,Sally Shuttleworth,Fractional Head of Performance & Coaching,The Marketing Centre,themarketingcentre.com,linkedin.com/in/sallyshuttleworthgrowthspecialist,,Director,blitz,https://www.linkedin.com/company/the-marketing-centre,Advertising Services,GB,GB,pass,unknown,industry unknown
Salome,Nabet,Salome Nabet,Co-fondateur,Gemme Agency,,linkedin.com/in/salome-nabet-7591a01b7,,C-Team,blitz,https://www.linkedin.com/company/gemme-agency,Advertising Services,FR,FR,pass,unknown,industry unknown
Salomé,Nabet,Salomé Nabet,Fondateur,Gemme Agency,,linkedin.com/in/salomenabet,,C-Team,blitz,https://www.linkedin.com/company/gemme-agency,Advertising Services,FR,FR,pass,unknown,industry unknown
Sam,Eason,Sam Eason,Owner,Eason Associates Inc,,linkedin.com/in/sam-eason-7a2113110,,C-Team,blitz,https://www.linkedin.com/company/eason-associates-inc,Design,US,US,pass,unknown,industry unknown
sam,freeman,sam freeman,CEO,MarketStar Global Inc.,,linkedin.com/in/sam-freeman-2732a792,,C-Team,blitz,https://www.linkedin.com/company/marketstar-global-inc.,Advertising Services,US,US,pass,unknown,industry unknown
Sam,Lawley,Sam Lawley,Co-Owner,Only Entrepreneurs,only.nl,linkedin.com/in/sam-lawley,,C-Team,blitz,https://www.linkedin.com/company/only-creative-entrepreneurs,,NL,NL,pass,unknown,industry unknown
Sam,Marks,Sam Marks,Director of Sales,Suzy,suzy.com,linkedin.com/in/sam-marks-22763449,,Director,blitz,https://www.linkedin.com/company/asksuzy,Market Research,US,US,pass,unknown,industry unknown
Sam,Medeiros,Sam Medeiros,Senior Director,BPI Group,bpigroup.com,linkedin.com/in/sam-medeiros-aa688856,,Director,blitz,https://www.linkedin.com/company/bully-pulpit-international,Advertising Services,US,US,pass,unknown,industry unknown
Sam,Whittaker,Sam Whittaker,Founder & MD,Precision Media,,linkedin.com/in/sam-whittaker-56133983,,C-Team,blitz,https://www.linkedin.com/company/precision-media,Advertising Services,GB,US,pass,unknown,industry unknown
Samantha,Dennis,Samantha Dennis,Head Of Client Engagement (Australia & New Zealand),PHMG,phmg.com,linkedin.com/in/samantha-dennis-55703b3a,,Director,blitz,https://www.linkedin.com/company/phmg,Advertising Services,GB,GB,pass,unknown,industry unknown
Samantha,T.,Samantha T.,Junior Account Director,Moburst - Growth Done Right,moburst.com,linkedin.com/in/samantha-treadwell,,Director,blitz,https://www.linkedin.com/company/moburst,Advertising Services,US,US,pass,unknown,industry unknown
Samantha “Sam”,Bryan,Samantha “Sam” Bryan,Account Director,141 Denmark,,linkedin.com/in/samantha-“sam”-bryan-20b1b411,,Director,blitz,https://www.linkedin.com/company/141-denmark,Advertising Services,US,DK,pass,unknown,industry unknown
Samaritana,Rattazzi,Samaritana Rattazzi,President,Public Affairs Group,,linkedin.com/in/samaritana-rattazzi-8629515,,C-Team,blitz,https://www.linkedin.com/company/public-affairs-group,Public Relations and Communications Services,IT,US,pass,unknown,industry unknown
Samia,Dominique,Samia Dominique,CEO,Unforgettable Event Planning,,linkedin.com/in/samia-dominique-39083020,,C-Team,blitz,https://www.linkedin.com/company/unforgettable-event-planning,Events Services,US,US,pass,unknown,industry unknown
Sam,Johnson,Sam Johnson,Founder,Pieno,,linkedin.com/in/samjohnson94,,C-Team,blitz,https://www.linkedin.com/company/pienopienopieno,Design Services,GB,GB,pass,unknown,industry unknown
Samuel,Benitah,Samuel Benitah,Chief Executive Officer,NTH,,linkedin.com/in/samuel-benitah,,C-Team,blitz,https://www.linkedin.com/company/nthx,Advertising Services,FR,FR,pass,unknown,industry unknown
Samuel,Webb,Samuel Webb,Business Owner,Village Pub Bar & Grill,,linkedin.com/in/samuel-webb-051375138,,C-Team,blitz,https://www.linkedin.com/company/village-pub-bar-&-grill,Advertising Services,US,US,pass,unknown,industry unknown
Samuel,Butterworth,Samuel Butterworth,Fractional CMO,The Marketing Centre,themarketingcentre.com,linkedin.com/in/samuelbutterworth,,C-Team,blitz,https://www.linkedin.com/company/the-marketing-centre,,GB,GB,pass,unknown,industry unknown
Sam,Sanderson,Sam Sanderson,Head of Sales Development,PHMG,phmg.com,linkedin.com/in/samuelsanderson99,,Director,blitz,https://www.linkedin.com/company/phmg,Advertising Services,GB,GB,pass,unknown,industry unknown
Sandi,Falloon,Sandi Falloon,Owner,Initials,,linkedin.com/in/sandi-falloon-b69b236,,C-Team,blitz,https://www.linkedin.com/company/initials,Advertising Services,US,US,pass,unknown,industry unknown
Sandra,Schoenfelder,Sandra Schoenfelder,Junior Art Director,CSB - Creative Studio Berlin GmbH,,linkedin.com/in/sandra-schoenfelder-8ba5634b,,Director,blitz,https://www.linkedin.com/company/creative-studio-berlin,Design Services,DE,DE,pass,unknown,industry unknown
Sandra,Wriedt,Sandra Wriedt,Small Business Owner,Just Sew,,linkedin.com/in/sandra-wriedt-517893126,,C-Team,blitz,https://www.linkedin.com/company/just-sew,Design,US,GB,pass,unknown,industry unknown
Sandra,Vives Pamias,Sandra Vives Pamias,Director,BrandUp,,linkedin.com/in/sandravivespamias,,Director,blitz,https://www.linkedin.com/company/brandup-social-media,Advertising Services,ES,ES,pass,unknown,industry unknown
SANDRO,K.RGUEZ,SANDRO K.RGUEZ,CEO laQuintta.es,Comercio Electrónico,,linkedin.com/in/sandro-k-rguez-a21b78326,,C-Team,blitz,https://www.linkedin.com/company/comercioelectronico,Marketing Services,ES,US,pass,unknown,industry unknown
Sandy,Blair,Sandy Blair,Owner,Market Place,,linkedin.com/in/sandy-blair-685a3188,,C-Team,blitz,https://www.linkedin.com/company/market-place,Events Services,US,FR,pass,unknown,industry unknown
Sandy,Caviness,Sandy Caviness,Regional Director,Passage Events,,linkedin.com/in/sandy-caviness-5857576,,Director,blitz,https://www.linkedin.com/company/passage-events,Advertising Services,US,US,pass,unknown,industry unknown
Sandy,Fontaine,Sandy Fontaine,Owner,Street Smart Promotions,,linkedin.com/in/sandy-fontaine-16106418,,C-Team,blitz,https://www.linkedin.com/company/street-smart-promotions,Advertising Services,US,US,pass,unknown,industry unknown
Sandy,Laman,Sandy Laman,Executive Director,The CMI Network,,linkedin.com/in/sandy-laman-2b19751,,Director,blitz,https://www.linkedin.com/company/the-cmi-network,Advertising Services,US,US,pass,unknown,industry unknown
Sandy,Matika,Sandy Matika,Sr. VP,Mokrynskidirect,,linkedin.com/in/sandy-matika-4171a3,,VP,blitz,https://www.linkedin.com/company/mokrynskidirect,Advertising Services,US,US,pass,unknown,industry unknown
Sandy,Morrison,Sandy Morrison,Partner,HTA,,linkedin.com/in/sandy-morrison-07273414,,C-Team,blitz,https://www.linkedin.com/company/hta,Advertising Services,GB,US,pass,unknown,industry unknown
SANTINO,TROJA,SANTINO TROJA,Direttore operativo,DNATA S.R.L.,,linkedin.com/in/santino-troja-0b707b171,,Director,blitz,https://www.linkedin.com/company/dnata-s.r.l.,Events Services,IT,IT,pass,unknown,industry unknown
Sara,Gomez Sanchez,Sara Gomez Sanchez,Directora,Movistar Barcelona Extreme,,linkedin.com/in/sara-gomez-sanchez-7b3b0794,,Director,blitz,https://www.linkedin.com/company/movistar-barcelona-extreme,Advertising Services,ES,ES,pass,unknown,industry unknown
Sarah,Bush 🎬 Live Streaming,Sarah Bush 🎬 Live Streaming,Art Director / Copywriter work placement,Pravda,,linkedin.com/in/sarah-bush-visair,,Director,blitz,https://www.linkedin.com/company/pravda,Advertising Services,GB,US,pass,unknown,industry unknown
sarah,coleman,sarah coleman,director,True Colours,,linkedin.com/in/sarah-coleman-5b510198,,Director,blitz,https://www.linkedin.com/company/true-colours,Advertising Services,GB,US,pass,unknown,industry unknown
sarah,Compratt,sarah Compratt,owner,Flowers & Partners,,linkedin.com/in/sarah-compratt-8562b129,,C-Team,blitz,https://www.linkedin.com/company/flowers-&-partners,Advertising Services,US,US,pass,unknown,industry unknown
Sarah,Groves,Sarah Groves,EA to Chief Executive Officer & Office Manager,The British Perfumery and Cosmetics Company,,linkedin.com/in/sarah-groves-a337b151,,C-Team,blitz,https://www.linkedin.com/company/the-british-perfumery-and-cosmetics-company,Marketing Services,GB,GB,pass,unknown,industry unknown
Sarah,Hunter,Sarah Hunter,Director of Commercial Data and Insights,PHMG,phmg.com,linkedin.com/in/sarah-hunter-melville-772aa093,,Director,blitz,https://www.linkedin.com/company/phmg,Advertising Services,GB,GB,pass,unknown,industry unknown
Sarah,Mayer,Sarah Mayer,owner,styles,,linkedin.com/in/sarah-mayer-40b64799,,C-Team,blitz,https://www.linkedin.com/company/styles,Advertising Services,US,US,pass,unknown,industry unknown
Sarah,Mina,Sarah Mina,Managing Director,R Design,,linkedin.com/in/sarah-mina-a524475a,,C-Team,blitz,https://www.linkedin.com/company/r-design,Design,US,US,pass,unknown,industry unknown
Sarah,Slaughter,Sarah Slaughter,President and Owner,Domino Media Group,dominomediagroup.com,linkedin.com/in/sarah-slaughter-4a997a53,,C-Team,blitz,https://www.linkedin.com/company/domino-media-group,Public Relations and Communications Services,US,US,pass,unknown,industry unknown
Sarah,West,Sarah West,"Director of Human Resources, Vice President of Sales, Director of Marketing",West & Associates,,linkedin.com/in/sarah-west-7943709b,,VP,blitz,https://www.linkedin.com/company/west-&-associates,Advertising Services,US,US,pass,unknown,industry unknown
Sarah,K.,Sarah K.,Senior Director,BPI Group,bpigroup.com,linkedin.com/in/sarahgkendrick,,Director,blitz,https://www.linkedin.com/company/bully-pulpit-international,Advertising Services,US,US,pass,unknown,industry unknown
Sarah,"White MCIM, MBA","Sarah White MCIM, MBA",Part Time Marketing Director | Fractional Marketing Director,The Marketing Centre,themarketingcentre.com,linkedin.com/in/sarahjwhite,,Director,blitz,https://www.linkedin.com/company/the-marketing-centre,Advertising Services,GB,GB,pass,unknown,industry unknown
Sarah,Lines,Sarah Lines,"Manager Director, Global Insights",BPI Group,bpigroup.com,linkedin.com/in/sarahlines,,Director,blitz,https://www.linkedin.com/company/bully-pulpit-international,Advertising Services,GB,US,pass,unknown,industry unknown
Sara,Kraft,Sara Kraft,"Vice President, Enterprise Systems & AI Enablement",Vaniam Group,vaniamgroup.com,linkedin.com/in/sarakraft2,,VP,blitz,https://www.linkedin.com/company/vaniam-group,Advertising Services,US,US,pass,unknown,industry unknown
Sari,Kuusisto,Sari Kuusisto,Account director,Advertising Agency Kaktus,,linkedin.com/in/sari-kuusisto-06a2675,,Director,blitz,https://www.linkedin.com/company/advertising-agency-kaktus,Advertising Services,FI,US,pass,unknown,industry unknown
Saskia,Ter Kuile,Saskia Ter Kuile,Owner,Public Affairs Group,,linkedin.com/in/saskia-ter-kuile-4608991,,C-Team,blitz,https://www.linkedin.com/company/public-affairs-group,Public Relations and Communications Services,NL,US,pass,unknown,industry unknown
Saul,Flores,Saul Flores,President,Ground Zero,,linkedin.com/in/saul-flores-a1819a152,,C-Team,blitz,https://www.linkedin.com/company/ground-zero,Advertising Services,US,US,pass,unknown,industry unknown
Savinder,Lefevre,Savinder Lefevre,Head of Data Provision,Iceberg Marketing,,linkedin.com/in/savinderlefevre,,Director,blitz,https://www.linkedin.com/company/iceberg-marketing,Public Relations and Communications Services,GB,GB,pass,unknown,industry unknown
Saz,Paul,Saz Paul,Program Director,Conference Series,,linkedin.com/in/saz-paul-a8a650149,,Director,blitz,https://www.linkedin.com/company/conference-series-llc,Events Services,US,US,pass,unknown,industry unknown
Scarlett,"Geunes-Boyer, PhD","Scarlett Geunes-Boyer, PhD",Scientific Director,Vaniam Group,vaniamgroup.com,linkedin.com/in/scarlett-geunes-boyer-phd-3195b81,,Director,blitz,https://www.linkedin.com/company/vaniam-group,Advertising Services,US,US,pass,unknown,industry unknown
"Scott,",Andrew,"Scott, Andrew","Managing Director, Europe",Ziment,,linkedin.com/in/scott-andrew-78b7727,,C-Team,blitz,https://www.linkedin.com/company/ziment,Market Research,GB,US,pass,unknown,industry unknown
Scott,Briscoe,Scott Briscoe,VP Marketing,Monsoon Interactive,,linkedin.com/in/scott-briscoe-6476565,,VP,blitz,https://www.linkedin.com/company/monsoon-interactive,Advertising Services,US,US,pass,unknown,industry unknown
Scott,Burchette,Scott Burchette,Business Owner,Marketing Analytics,,linkedin.com/in/scott-burchette-1a0062b3,,C-Team,blitz,https://www.linkedin.com/company/collective-group-the,Market Research,US,US,pass,unknown,industry unknown
Scott,Collins,Scott Collins,Co-Owner,Progressive Services,,linkedin.com/in/scott-collins-64402b1,,C-Team,blitz,https://www.linkedin.com/company/progressive-services,Graphic Design,US,US,pass,unknown,industry unknown
Scott,Conroy,Scott Conroy,VP of CX Cloud,PHMG,phmg.com,linkedin.com/in/scott-conroy-83229b72,,VP,blitz,https://www.linkedin.com/company/phmg,,GB,GB,pass,unknown,industry unknown
Scott    G.,Lee,Scott G. Lee,Owner,"TELESOLUTIONS NATIONAL SEARCH, INC.",,linkedin.com/in/scott-g-lee-62b056a2,,C-Team,blitz,https://www.linkedin.com/company/telesolutions,Advertising Services,US,US,pass,unknown,industry unknown
Scott,Gutche,Scott Gutche,Director of Retail Marketing,The CMI Network,,linkedin.com/in/scott-gutche-a5073b1,,Director,blitz,https://www.linkedin.com/company/the-cmi-network,Advertising Services,US,US,pass,unknown,industry unknown
Scott,Harlan,Scott Harlan,Regional Sales Director,Apartments.com,apartments.com,linkedin.com/in/scott-harlan-7333182a,,Director,blitz,https://www.linkedin.com/company/apartments-com,Advertising Services,US,US,pass,unknown,industry unknown
Scott,Josephson,Scott Josephson,Head of Engineering,FMG Suite,fmgsuite.com,linkedin.com/in/scott-josephson-8b47b93,,Director,blitz,https://www.linkedin.com/company/fmg-suite,Advertising Services,US,US,pass,unknown,industry unknown
Scott,Kain,Scott Kain,Regional Sales Director,Arena Media Networks,,linkedin.com/in/scott-kain-272b484,,Director,blitz,https://www.linkedin.com/company/arena-media-networks,Advertising Services,US,US,pass,unknown,industry unknown
Scott,Kain,Scott Kain,Regional sales director,Arena Media Networks,,linkedin.com/in/scott-kain-864638a,,Director,blitz,https://www.linkedin.com/company/arena-media-networks,Advertising Services,US,US,pass,unknown,industry unknown
Scott,LeMire,Scott LeMire,owner / executive pastry chef,Emerald City Eats,,linkedin.com/in/scott-lemire-682a7968,,C-Team,blitz,https://www.linkedin.com/company/emerald-city-eats,Advertising Services,US,US,pass,unknown,industry unknown
Scott,McElroy,Scott McElroy,President,McElroy,,linkedin.com/in/scott-mcelroy-0670091,,C-Team,blitz,https://www.linkedin.com/company/mcelroy,Advertising Services,US,US,pass,unknown,industry unknown
Scott,Mulhauser,Scott Mulhauser,Partner & Global Public Affairs Lead,BPI Group,bpigroup.com,linkedin.com/in/scott-mulhauser-63b94a4,,C-Team,blitz,https://www.linkedin.com/company/bully-pulpit-international,Advertising Services,US,US,pass,unknown,industry unknown
Scott,Proctor,Scott Proctor,Chief Financial Officer,Marketing Alliance Group,mktalliance.com,linkedin.com/in/scott-proctor-51b7038,,C-Team,blitz,https://www.linkedin.com/company/marketing-alliance-group,Advertising Services,US,US,pass,unknown,industry unknown
Scott,Spratt,Scott Spratt,Sr. Director -National Field Support,Charter Communications,,linkedin.com/in/scott-spratt-895855215,,Director,blitz,https://www.linkedin.com/company/chartercomms,Public Relations and Communications Services,US,US,pass,unknown,industry unknown
Scott,Timian,Scott Timian,Owner,Fountainhead,,linkedin.com/in/scott-timian-749ba93,,C-Team,blitz,https://www.linkedin.com/company/fountainhead,Advertising Services,US,US,pass,unknown,industry unknown
scott,williams,scott williams,Managing Director,Brightmark,,linkedin.com/in/scott-williams-6b493b,,C-Team,blitz,https://www.linkedin.com/company/brightmark,Advertising Services,US,US,pass,unknown,industry unknown
Sean,Conners,Sean Conners,Project Director,"RQA, Inc.",rqa-inc.com,linkedin.com/in/sean-conners-2470635,,Director,blitz,https://www.linkedin.com/company/rqa-inc.,Market Research,US,US,pass,unknown,industry unknown
Sean,Jennings,Sean Jennings,Vice President of Business Development,PHMG,phmg.com,linkedin.com/in/sean-jennings-a84b65142,,VP,blitz,https://www.linkedin.com/company/phmg,,US,GB,pass,unknown,industry unknown
Sean,McElroy,Sean McElroy,Vice President,McElroy,,linkedin.com/in/sean-mcelroy-6918023,,VP,blitz,https://www.linkedin.com/company/mcelroy,Advertising Services,US,US,pass,unknown,industry unknown
Sean,Ryan,Sean Ryan,Founder and President,Database Marketing Solutions,,linkedin.com/in/sean-ryan-9ab19b,,C-Team,blitz,https://www.linkedin.com/company/database-marketing-solutions,Advertising Services,US,US,pass,unknown,industry unknown
Sean,Whelan,Sean Whelan,Director,Don McDonald & Sons,,linkedin.com/in/sean-whelan-28594b,,Director,blitz,https://www.linkedin.com/company/don-mcdonald-&-sons,Advertising Services,GB,US,pass,unknown,industry unknown
Sean,Sweeney,Sean Sweeney,Head of Operations,Dynamic Event Co.,,linkedin.com/in/seansweeneyhomes,,Director,blitz,https://www.linkedin.com/company/dynamic-event-services-llc,Events Services,US,US,pass,unknown,industry unknown
Sebastian,Krog,Sebastian Krog,Gründer,TREASURE HUNTING,,linkedin.com/in/sebastian-krog-5798b714b,,C-Team,blitz,https://www.linkedin.com/company/treasure-hunting,Design,DE,US,pass,unknown,industry unknown
sebastien,janvier,sebastien janvier,Directeur technique scènique,Agence EPISODE,,linkedin.com/in/sebastien-janvier-5ba575139,,Director,blitz,https://www.linkedin.com/company/agence-episode,Events Services,FR,US,pass,unknown,industry unknown
Sébastien,G.,Sébastien G.,Fondateur du cabinet de conseil ndnm,ndnm - cabinet de conseil spécialiste des enjeux marketing/sales dans l'IT et la cybersécurité,ndnm.fr,linkedin.com/in/sebastiengest,,C-Team,blitz,https://www.linkedin.com/company/ndnm-agency,,FR,FR,pass,unknown,industry unknown
Secunda,Joseph,Secunda Joseph,Public Relations and Digital Media Director,Grass Is Greener,,linkedin.com/in/secunda-joseph-aa40a132,,Director,blitz,https://www.linkedin.com/company/grass-is-greener,Public Relations and Communications Services,US,US,pass,unknown,industry unknown
Selina,Noton FCIM,Selina Noton FCIM,Barker Associates - Marketing Director,The Marketing Centre,themarketingcentre.com,linkedin.com/in/selinanoton,,Director,blitz,https://www.linkedin.com/company/the-marketing-centre,Advertising Services,GB,GB,pass,unknown,industry unknown
Selma D.,Sanders-West,Selma D. Sanders-West,President/Consultant,West & Associates,,linkedin.com/in/selma-d-sanders-west-082916a,,C-Team,blitz,https://www.linkedin.com/company/west-&-associates,Advertising Services,US,US,pass,unknown,industry unknown
Senechkin,Andrey,Senechkin Andrey,Operations Director,RoRe Group,,linkedin.com/in/senechkin,,Director,blitz,https://www.linkedin.com/company/rore-group,Advertising Services,RS,US,pass,unknown,industry unknown
Sennet,Williams,Sennet Williams,Founder And Ceo,Candlelight Catering,,linkedin.com/in/sennet-williams-52275335,,C-Team,blitz,https://www.linkedin.com/company/candlelight-catering,Events Services,US,US,pass,unknown,industry unknown
serge,giana,serge giana,président,G Motors,,linkedin.com/in/serge-giana-067631b2,,C-Team,blitz,https://www.linkedin.com/company/g-motors,Events Services,FR,US,pass,unknown,industry unknown
Sergi,Vidal,Sergi Vidal,Director de IT y Desarrollo Estratégico,Pulsa Media,,linkedin.com/in/sergi-vidal-14972715,,Director,blitz,https://www.linkedin.com/company/pulsa-media-consulting,Advertising Services,ES,ES,pass,unknown,industry unknown
Sergio,Pereyra,Sergio Pereyra,Fractional CTO & Lead Engineer · Self-employed,Fiverr and Upwork Freelancers (Buyers and Sellers),,linkedin.com/in/serginhophp,,C-Team,blitz,https://www.linkedin.com/company/fiverr-and-upwork-freelancers-buyers-and-sellers,Advertising Services,DE,US,pass,unknown,industry unknown
Sergio,González,Sergio González,CTO,Regency Resorts,,linkedin.com/in/sergiogonzalezggg,,C-Team,blitz,https://www.linkedin.com/company/regency-resorts,Advertising Services,ES,ES,pass,unknown,industry unknown
Sergio,Falcón,Sergio Falcón,Director,Oniric,,linkedin.com/in/sfalcon,,Director,blitz,https://www.linkedin.com/company/oniric,Advertising Services,ES,US,pass,unknown,industry unknown
Shahzeb,Malhi,Shahzeb Malhi,Managing Director,160 Organisation,,linkedin.com/in/shahzeb-malhi-4a4394a6,,C-Team,blitz,https://www.linkedin.com/company/160-organisation,Advertising Services,GB,GB,pass,unknown,industry unknown
Shakir,Dzheyranov,Shakir Dzheyranov,Founder and CEO,Hello Robo,hellorobo.co,linkedin.com/in/shakir-works,,C-Team,blitz,https://www.linkedin.com/company/hello-robo,Design Services,US,US,pass,unknown,industry unknown
Shalves,Anderson,Shalves Anderson,Director of Clinical Services,Colonial Lakes Health Care,,linkedin.com/in/shalves-anderson-aa98b850,,Director,blitz,https://www.linkedin.com/company/colonial-lakes-health-care,Advertising Services,US,US,pass,unknown,industry unknown
Shanan,O'Driscoll,Shanan O'Driscoll,Regional Director,Apartments.com,apartments.com,linkedin.com/in/shanan-o-driscoll,,Director,blitz,https://www.linkedin.com/company/apartments-com,Advertising Services,US,US,pass,unknown,industry unknown
Shane,Pitta,Shane Pitta,National Sales Director,Arena Media Networks,,linkedin.com/in/shane-pitta-14b3504,,Director,blitz,https://www.linkedin.com/company/arena-media-networks,Advertising Services,US,US,pass,unknown,industry unknown
Shane,Stuart,Shane Stuart,Owner,Lunch,,linkedin.com/in/shane-stuart-b571957,,C-Team,blitz,https://www.linkedin.com/company/lunch,Advertising Services,US,US,pass,unknown,industry unknown
Shane,H.,Shane H.,VP of Technology,Suzy,suzy.com,linkedin.com/in/shanehamilton,,VP,blitz,https://www.linkedin.com/company/asksuzy,Market Research,US,US,pass,unknown,industry unknown
Shani,PENTURE,Shani PENTURE,Entrepreneur indépendant,Moi-meme,,linkedin.com/in/shani-penture-977882295,,C-Team,blitz,https://www.linkedin.com/company/moi-meme,Graphic Design,FR,FR,pass,unknown,industry unknown
Shanna,Little,Shanna Little,art director,DRGM Advertising,,linkedin.com/in/shanna-little-00711b6,,Director,blitz,https://www.linkedin.com/company/drgm-advertising,Advertising Services,US,US,pass,unknown,industry unknown
Shanna,Simms,Shanna Simms,Co-Owner,Dominic Michael Salon,,linkedin.com/in/shanna-simms-4775081a1,,C-Team,blitz,https://www.linkedin.com/company/dominic-michael-salon,Public Relations and Communications Services,US,US,pass,unknown,industry unknown
Shannon,Holt,Shannon Holt,President,Hopkins & Raines Staffed Events,,linkedin.com/in/shannon-holt-495996121,,C-Team,blitz,https://www.linkedin.com/company/hopkins-&-raines-staffed-events,Events Services,US,US,pass,unknown,industry unknown
Shantana,Stewart,Shantana Stewart,Director of Communications and Marketing,Stewart Communications,,linkedin.com/in/shantana-stewart-a3893131,,Director,blitz,https://www.linkedin.com/company/stewart-communications,Public Relations and Communications Services,US,US,pass,unknown,industry unknown
sharleene,Flores,sharleene Flores,Business Owner,CLASSY CLEANERS,,linkedin.com/in/sharleene-flores-a246ab7a,,C-Team,blitz,https://www.linkedin.com/company/classy-cleaners,Design Services,US,US,pass,unknown,industry unknown
Sharon,Braude,Sharon Braude,Head of Digital,Smarter Communications,,linkedin.com/in/sharon-braude-a92b583,,Director,blitz,https://www.linkedin.com/company/smarter-communications,Advertising Services,GB,GB,pass,unknown,industry unknown
Sharon,Condon,Sharon Condon,owner Beauty Salon,Starstream Communications,,linkedin.com/in/sharon-condon-b0218252,,C-Team,blitz,https://www.linkedin.com/company/starstream-communications,Advertising Services,US,US,pass,unknown,industry unknown
Sharon,Haze,Sharon Haze,CEO,C.O.M,,linkedin.com/in/sharon-haze-82947090,,C-Team,blitz,https://www.linkedin.com/company/c.o.m,Public Relations and Communications Services,US,SE,pass,unknown,industry unknown
Sharon,Michels,Sharon Michels,Independent Business Owner,BS Central Inc.,,linkedin.com/in/sharon-michels-a3a6b384,,C-Team,blitz,https://www.linkedin.com/company/roosevelt-valley-special-education-co-op,Graphic Design,US,US,pass,unknown,industry unknown
Sharon,Michelucci,Sharon Michelucci,"Executive Director, IT & Enterprise Systems",Vaniam Group,vaniamgroup.com,linkedin.com/in/sharonmichelucci,,Director,blitz,https://www.linkedin.com/company/vaniam-group,Advertising Services,US,US,pass,unknown,industry unknown
Shawn,Bendinelli,Shawn Bendinelli,Director of IT & Web Development,miller.whiterunkle,,linkedin.com/in/shawn-bendinelli-72b5365,,Director,blitz,https://www.linkedin.com/company/miller.whiterunkle,Advertising Services,US,US,pass,unknown,industry unknown
Shawn,De La Riva,Shawn De La Riva,Sr. Media Director,EXACTA | BORN FROM MEDIA,exactamedia.com,linkedin.com/in/shawn-de-la-riva-b1b7611a,,Director,blitz,https://www.linkedin.com/company/exacta-media-inc.,Advertising Services,US,US,pass,unknown,industry unknown
Shawn,Patterson,Shawn Patterson,CEO,Teflon Entertainment LLC,,linkedin.com/in/shawn-patterson-93162711b,,C-Team,blitz,https://www.linkedin.com/company/teflon-entertainment-llc,Advertising Services,US,US,pass,unknown,industry unknown
Shawna,Jackson,Shawna Jackson,Managing Director,BPI Group,bpigroup.com,linkedin.com/in/shawnaljackson,,C-Team,blitz,https://www.linkedin.com/company/bully-pulpit-international,Advertising Services,US,US,pass,unknown,industry unknown
Shay,Taylor,Shay Taylor,Business Owner,Tiny Feet Daycare,,linkedin.com/in/shay-taylor-73a067168,,C-Team,blitz,https://www.linkedin.com/company/tiny-feet-daycare,Market Research,US,US,pass,unknown,industry unknown
Shayda,Parsi,Shayda Parsi,Project Director,Marketing anyone?,,linkedin.com/in/shayda-parsi-b7247515b,,Director,blitz,https://www.linkedin.com/company/big-green-telemarketing,Advertising Services,GB,GB,pass,unknown,industry unknown
Shea,Wood,Shea Wood,Landscaping Business Owner and Operator,Eden,,linkedin.com/in/shea-wood-a8043267,,C-Team,blitz,https://www.linkedin.com/company/eden,Design Services,US,NL,pass,unknown,industry unknown
Sheila,Booth,Sheila Booth,Owner,SBI Marketing Solutions,,linkedin.com/in/sheila-booth-6649a53,,C-Team,blitz,https://www.linkedin.com/company/sbi-marketing-solutions,Advertising Services,US,US,pass,unknown,industry unknown
Shelby,Cunningham,Shelby Cunningham,"Director, Global Marketing",My Shopping Community,,linkedin.com/in/shelby-cunningham-b7b731,,Director,blitz,https://www.linkedin.com/company/my-shopping-community,Advertising Services,US,US,pass,unknown,industry unknown
Shelly,Kessinger,Shelly Kessinger,Creative Partner,Initials,,linkedin.com/in/shelly-kessinger-0757b514,,C-Team,blitz,https://www.linkedin.com/company/initials,Advertising Services,US,US,pass,unknown,industry unknown
Shelly,Mitcheson,Shelly Mitcheson,Finance Director,Business to Business,,linkedin.com/in/shelly-mitcheson-2a42a8,,Director,blitz,https://www.linkedin.com/company/business-to-business,Advertising Services,GB,US,pass,unknown,industry unknown
Sherrie,Zmyslowski,Sherrie Zmyslowski,Owner,Family Daycare Provider,,linkedin.com/in/sherrie-zmyslowski-a776874b,,C-Team,blitz,https://www.linkedin.com/company/family-daycare-provider,Public Relations and Communications Services,US,US,pass,unknown,industry unknown
Sherry,West,Sherry West,"Director, Print Production",Trilegiant,,linkedin.com/in/sherry-west-a1bb95,,Director,blitz,https://www.linkedin.com/company/trilegiant,Advertising Services,US,US,pass,unknown,industry unknown
Sherryl,McAlilly,Sherryl McAlilly,Company Owner,Interior Accents,,linkedin.com/in/sherryl-mcalilly-79bb93279,,C-Team,blitz,https://www.linkedin.com/company/interior-accents,Design,US,US,pass,unknown,industry unknown
Shery,Harrison,Shery Harrison,Owner,An Affair to Remember,,linkedin.com/in/shery-harrison-7b5ab437,,C-Team,blitz,https://www.linkedin.com/company/an-affair-to-remember,Events Services,US,US,pass,unknown,industry unknown
Sheryl,Brown,Sheryl Brown,President,Taking Care of Business,,linkedin.com/in/sheryl-brown-9a80111,,C-Team,blitz,https://www.linkedin.com/company/taking-care-of-business,Advertising Services,US,NL,pass,unknown,industry unknown
Scott,Geldzahler,Scott Geldzahler,Senior Director,BPI Group,bpigroup.com,linkedin.com/in/shgeldz,,Director,blitz,https://www.linkedin.com/company/bully-pulpit-international,Advertising Services,US,US,pass,unknown,industry unknown
Shirley,ALDEBOL,Shirley ALDEBOL,NYC Schools Director,Seiu Local 32 Bj,,linkedin.com/in/shirley-aldebol-65b9567b,,Director,blitz,https://www.linkedin.com/company/seiu-local-32-bj,Graphic Design,US,US,pass,unknown,industry unknown
Shivakar,Vulli,Shivakar Vulli,Director of AI Product Engineering and Testimonials,FMG Suite,fmgsuite.com,linkedin.com/in/shivakar,,Director,blitz,https://www.linkedin.com/company/fmg-suite,Advertising Services,US,US,pass,unknown,industry unknown
Ivan,Shvets,Ivan Shvets,Head of Finance,NDA,,linkedin.com/in/shvetsq,,Director,blitz,https://www.linkedin.com/company/ndamarketing,Marketing Services,UA,US,pass,unknown,industry unknown
Shyam,Subramanian,Shyam Subramanian,Advertising Sales Director,Psp Sports Marketing,,linkedin.com/in/shyam-subramanian-35a93780,,Director,blitz,https://www.linkedin.com/company/psp-sports-marketing,Advertising Services,US,US,pass,unknown,industry unknown
sid.,løvåsen,sid. løvåsen,Art Director,Virtual Garden,,linkedin.com/in/sid-løvåsen-3aa84b,,Director,blitz,https://www.linkedin.com/company/virtual-garden,Advertising Services,NO,NO,pass,unknown,industry unknown
Sidorkiewicz,Adam,Sidorkiewicz Adam,senior art director,Testardo Red Cell,,linkedin.com/in/sidorkiewicz-adam-5585281,,Director,blitz,https://www.linkedin.com/company/testardo-red-cell,Advertising Services,PL,PL,pass,unknown,industry unknown
Silvia,García,Silvia García,Directora de Arte,PUBLISEIS,,linkedin.com/in/silvia-garcía-0693a715,,Director,blitz,https://www.linkedin.com/company/publiseis,Advertising Services,ES,ES,pass,unknown,industry unknown
Silvio,Lorusso,Silvio Lorusso,Junior Art Director,Arkage,welcometothearkage.com,linkedin.com/in/silviolorusso,,Director,blitz,https://www.linkedin.com/company/arkage,,PT,IT,pass,unknown,industry unknown
Sim,Blaustein,Sim Blaustein,Board Member,Suzy,suzy.com,linkedin.com/in/simblaustein,,Director,blitz,https://www.linkedin.com/company/asksuzy,Market Research,US,US,pass,unknown,industry unknown
Simon,Coles,Simon Coles,account director,Craik Jones,,linkedin.com/in/simon-coles-2b22685,,Director,blitz,https://www.linkedin.com/company/craik-jones,Advertising Services,GB,GB,pass,unknown,industry unknown
Simon,Wajcenberg,Simon Wajcenberg,Managing Director,PrimeQ,,linkedin.com/in/simon-wajcenberg-b734111,,C-Team,blitz,https://www.linkedin.com/company/primeq,Advertising Services,GB,US,pass,unknown,industry unknown
Simona,Stankovik,Simona Stankovik,Founder,SparkUP Digital,,linkedin.com/in/simona-stankovik-00873b1a,,C-Team,blitz,https://www.linkedin.com/company/sparkup-digitall,Marketing Services,MK,MK,pass,unknown,industry unknown
Simone,Bellardinelli,Simone Bellardinelli,Co-Owner,Smossi Digital Creative Hub,smossi.com,linkedin.com/in/simone-bellardinelli-2821b6152,,C-Team,blitz,https://www.linkedin.com/company/smossidigitalcreativehub,,IT,IT,pass,unknown,industry unknown
Simone,Borkowski,Simone Borkowski,Owner,Wedding Dreams,,linkedin.com/in/simone-borkowski-a2294231,,C-Team,blitz,https://www.linkedin.com/company/wedding-dreams,Events Services,GB,US,pass,unknown,industry unknown
Simone,Ho Hing,Simone Ho Hing,Director,Salon Source,,linkedin.com/in/simone-ho-hing-773008ab,,Director,blitz,https://www.linkedin.com/company/salon-source,Advertising Services,US,US,pass,unknown,industry unknown
Simone,Lussi,Simone Lussi,COO - Responsabile Operation,Arkage,welcometothearkage.com,linkedin.com/in/simone-lussi-71024026,,C-Team,blitz,https://www.linkedin.com/company/arkage,,IT,IT,pass,unknown,industry unknown
Simone,Dugan,Simone Dugan,"Senior Director, Center of Excellence",Suzy,suzy.com,linkedin.com/in/simonedugan,,Director,blitz,https://www.linkedin.com/company/asksuzy,Market Research,US,US,pass,unknown,industry unknown
Simonne,Villa-Rogers,Simonne Villa-Rogers,VP ASC Operations,Null,,linkedin.com/in/simonne-villa-rogers-aa160131b,,VP,blitz,https://www.linkedin.com/company/level9-studios,Design Services,US,US,pass,unknown,industry unknown
Sofia,Castro,Sofia Castro,Director of Global Recruiting,TGTC,globaltalent.co,linkedin.com/in/sofia-castro-85454331b,,Director,blitz,https://www.linkedin.com/company/the-global-talent-co,Marketing Services,US,US,pass,unknown,industry unknown
Sofia,L.,Sofia L.,Partner Managerin,joviva.de,joviva.de,linkedin.com/in/sofia-l-34b596269,,C-Team,blitz,https://www.linkedin.com/company/joviva-de,,DE,DE,pass,unknown,industry unknown
Sofia,Leone,Sofia Leone,Art Director,Arkage,welcometothearkage.com,linkedin.com/in/sofia-leone-041950181,,Director,blitz,https://www.linkedin.com/company/arkage,,IT,IT,pass,unknown,industry unknown
Sofía,Escarda,Sofía Escarda,Creative art director,Ernest,,linkedin.com/in/sofía-escarda-2560b22b1,,Director,blitz,https://www.linkedin.com/company/holaernest,Advertising Services,ES,ES,pass,unknown,industry unknown
Soheila,Soheila,Soheila Soheila,Direttore,Queen Burger,,linkedin.com/in/soheila-soheila-38a9b9111,,Director,blitz,https://www.linkedin.com/company/queen-burger,Advertising Services,IT,US,pass,unknown,industry unknown
Sonia,Jackson,Sonia Jackson,Executive Director,Inspired Living,,linkedin.com/in/sonia-jackson-873914179,,Director,blitz,https://www.linkedin.com/company/inspired-living_2,Design Services,US,US,pass,unknown,industry unknown
Sonia,S.,Sonia S.,Director Del Programa,Movistar Barcelona Extreme,,linkedin.com/in/sonia-s-1b01b9161,,Director,blitz,https://www.linkedin.com/company/movistar-barcelona-extreme,Advertising Services,ES,ES,pass,unknown,industry unknown
Sonia,Wong,Sonia Wong,Director,BPI Group,bpigroup.com,linkedin.com/in/sonia-wong-00021a156,,Director,blitz,https://www.linkedin.com/company/bully-pulpit-international,Advertising Services,US,US,pass,unknown,industry unknown
Sonia Maria,Green,Sonia Maria Green,President & CEO,SMG Marketing Group,,linkedin.com/in/soniagreen,,C-Team,blitz,https://www.linkedin.com/company/smg-marketing-group,Market Research,US,US,pass,unknown,industry unknown
Giovanni,Bondì,Giovanni Bondì,CMO & Founder,Nextudio,nextudio.agency,linkedin.com/in/sonogiovannibondi,,C-Team,blitz,https://www.linkedin.com/company/nextudio,,IT,IT,pass,unknown,industry unknown
Sophia,Corona,Sophia Corona,CFO,Bigfoot Interactive,,linkedin.com/in/sophia-corona-9392a2,,C-Team,blitz,https://www.linkedin.com/company/bigfoot-interactive,Advertising Services,US,US,pass,unknown,industry unknown
Sophia,Dietsch,Sophia Dietsch,Managing Director - DTO B2B Research & Strategies Inc.,DTO B2B Research & Strategies,dto-research.com,linkedin.com/in/sophia-dietsch,,C-Team,blitz,https://www.linkedin.com/company/dto-consulting-gmbh,,US,DE,pass,unknown,industry unknown
sophie,collet,sophie collet,directeur de fabrication,JPG,,linkedin.com/in/sophie-collet-802593149,,Director,blitz,https://www.linkedin.com/company/jpg,Advertising Services,FR,FR,pass,unknown,industry unknown
Sophie,d'Aulan,Sophie d'Aulan,Owner,Connecting,,linkedin.com/in/sophie-d-aulan-26b4412,,C-Team,blitz,https://www.linkedin.com/company/connecting,Public Relations and Communications Services,FR,US,pass,unknown,industry unknown
Sophie,Haaß,Sophie Haaß,Marketing Owner,joviva.de,joviva.de,linkedin.com/in/sophie-haaß-463aa2198,,C-Team,blitz,https://www.linkedin.com/company/joviva-de,,DE,DE,pass,unknown,industry unknown
Sophie,Marichal,Sophie Marichal,Directeur artistique,Moi-meme,,linkedin.com/in/sophie-marichal-b23486145,,Director,blitz,https://www.linkedin.com/company/moi-meme,Graphic Design,FR,FR,pass,unknown,industry unknown
Sophie,PLON,Sophie PLON,Finance Director,Market Place,,linkedin.com/in/sophie-plon-b863bb168,,Director,blitz,https://www.linkedin.com/company/market-place,Events Services,FR,FR,pass,unknown,industry unknown
sothy,kak,sothy kak,Owner,I have no past,,linkedin.com/in/sothy-kak-4aa9a21ab,,C-Team,blitz,https://www.linkedin.com/company/i-have-no-past,Design,US,US,pass,unknown,industry unknown
Souad,Regragui,Souad Regragui,Directeur département Evénementiel,TTEvents,,linkedin.com/in/souadreg,,Director,blitz,https://www.linkedin.com/company/ttevents,Events Services,GB,US,pass,unknown,industry unknown
Susan,Robishaw,Susan Robishaw,Director of Operations,Boston Communications,,linkedin.com/in/srobishaw,,Director,blitz,https://www.linkedin.com/company/bostoncommunications,Advertising Services,US,US,pass,unknown,industry unknown
SRUTI,SINHA,SRUTI SINHA,Program Director,Conference Series,,linkedin.com/in/sruti-sinha-05247a152,,Director,blitz,https://www.linkedin.com/company/conference-series-llc,Events Services,GB,US,pass,unknown,industry unknown
Stacey,Rose,Stacey Rose,"SVP, Scientific & Strategic Services",Vaniam Group,vaniamgroup.com,linkedin.com/in/stacey-rose-a17878a,,VP,blitz,https://www.linkedin.com/company/vaniam-group,Advertising Services,US,US,pass,unknown,industry unknown
Stacia,Jones Pratt,Stacia Jones Pratt,"Principal, President",Pratt Communications,,linkedin.com/in/stacia-pratt,,C-Team,blitz,https://www.linkedin.com/company/pratt-communications-public-relations,Public Relations and Communications Services,US,US,pass,unknown,industry unknown
Stacy,Mackler,Stacy Mackler,"Senior Vice President, Global Consumer Marketing",Manning Selvage and Lee,,linkedin.com/in/stacy-mackler-8971b82,,VP,blitz,https://www.linkedin.com/company/manning-selvage-and-lee,Public Relations and Communications Services,US,US,pass,unknown,industry unknown
Stanislas,BERNARD,Stanislas BERNARD,Owner,Moka,,linkedin.com/in/stanislas-bernard-958839,,C-Team,blitz,https://www.linkedin.com/company/moka,Graphic Design,FR,IT,pass,unknown,industry unknown
Stanislav,Evstatiev,Stanislav Evstatiev,Owner / VFX / post / web development / prepress,Zoom Design,,linkedin.com/in/stanislav-evstatiev-45ab081,,C-Team,blitz,https://www.linkedin.com/company/zoom-design,Design Services,BG,US,pass,unknown,industry unknown
Stefan,Bathe,Stefan Bathe,Managing Partner,SDR Consulting,,linkedin.com/in/stefan-bathe-a2442b,,C-Team,blitz,https://www.linkedin.com/company/sdr-consulting,Market Research,US,US,pass,unknown,industry unknown
Stefan,Karl,Stefan Karl,Owner,PR Communications,,linkedin.com/in/stefan-karl-282489,,C-Team,blitz,https://www.linkedin.com/company/pr-communications,Public Relations and Communications Services,DE,US,pass,unknown,industry unknown
Stefan,Lassauer,Stefan Lassauer,Geschäftsführer,DOCK26,dock26.de,linkedin.com/in/stefan-lassauer-1a4451107,,C-Team,blitz,https://www.linkedin.com/company/werbeagentur-dock26,,DE,DE,pass,unknown,industry unknown
Stefano,Cribellati,Stefano Cribellati,Director,Bonaparte 48,,linkedin.com/in/stefano-cribellati-b518892,,Director,blitz,https://www.linkedin.com/company/bonaparte-48,Public Relations and Communications Services,IT,US,pass,unknown,industry unknown
Stefano,Liuzzo,Stefano Liuzzo,Direttore punto Bar/ristorante,RELAIS LE JARDIN S.R.L.,,linkedin.com/in/stefano-liuzzo-429783184,,Director,blitz,https://www.linkedin.com/company/relais-le-jardin-s.r.l.,Events Services,IT,IT,pass,unknown,industry unknown
Stefano,Maggini,Stefano Maggini,Direttore generale,CLASS PUBBLICITA  S.P.A. - O IN FORMA ABBREVIATA CLASSPI S.P.A.,,linkedin.com/in/stefano-maggini-1189563,,Director,blitz,https://www.linkedin.com/company/class-pubblicita-s.p.a.---o-in-forma-abbreviata-classpi-s.p.a.,Advertising Services,IT,IT,pass,unknown,industry unknown
Stefano,Simbula,Stefano Simbula,Founder and CEO,Horizon Events,,linkedin.com/in/stefano-simbula-022476157,,C-Team,blitz,https://www.linkedin.com/company/horizon-events,Events Services,IT,US,pass,unknown,industry unknown
stein,peters,stein peters,Director Listmanagement,TAPPS,,linkedin.com/in/stein-peters-a901a5,,Director,blitz,https://www.linkedin.com/company/tapps,Advertising Services,NL,NL,pass,unknown,industry unknown
Steph,Fogelson,Steph Fogelson,Owner,Lotta Luv,,linkedin.com/in/steph-fogelson-25462a3,,C-Team,blitz,https://www.linkedin.com/company/lotta-luv,Design Services,US,US,pass,unknown,industry unknown
stephane,le moullec,stephane le moullec,Strategic Director,Desgrippes Gobe,,linkedin.com/in/stephane-le-moullec-9a29b7,,Director,blitz,https://www.linkedin.com/company/desgrippes-gobe,Advertising Services,FR,US,pass,unknown,industry unknown
Stephanie,Batten Ehrman,Stephanie Batten Ehrman,Director Of Operations,Royal Palm Tennis Club Inc,,linkedin.com/in/stephanie-batten-ehrman-284021103,,Director,blitz,https://www.linkedin.com/company/royal-palm-tennis-club-inc,Public Relations and Communications Services,US,US,pass,unknown,industry unknown
Stephanie,Bruss,Stephanie Bruss,Owner,Designs of the Interior,,linkedin.com/in/stephanie-bruss-4124887,,C-Team,blitz,https://www.linkedin.com/company/designs-of-the-interior,Design Services,US,US,pass,unknown,industry unknown
Stephanie,Gore,Stephanie Gore,Client Service Director,TM Design,,linkedin.com/in/stephanie-gore-6758b96,,Director,blitz,https://www.linkedin.com/company/tm-design,Graphic Design,US,US,pass,unknown,industry unknown
Stephanie,Martin,Stephanie Martin,Vice President,Manning Selvage and Lee,,linkedin.com/in/stephanie-martin-23b54b2,,VP,blitz,https://www.linkedin.com/company/manning-selvage-and-lee,Public Relations and Communications Services,US,US,pass,unknown,industry unknown
Stephanie,"Newman, SPHR, SHRM-SCP","Stephanie Newman, SPHR, SHRM-SCP","SVP, People",Suzy,suzy.com,linkedin.com/in/stephanie-newman,,VP,blitz,https://www.linkedin.com/company/asksuzy,Market Research,US,US,pass,unknown,industry unknown
Stephanie,Owen,Stephanie Owen,"Director, Client Services",Vaniam Group,vaniamgroup.com,linkedin.com/in/stephanie-schaeper,,Director,blitz,https://www.linkedin.com/company/vaniam-group,Advertising Services,US,US,pass,unknown,industry unknown
Stephanie,Tsang,Stephanie Tsang,Director of Events & Business Operations,Twenty Three Layers,23layers.com,linkedin.com/in/stephanie-tsang-30,,Director,blitz,https://www.linkedin.com/company/23-layers,Events Services,US,US,pass,unknown,industry unknown
Stephanie,Westling,Stephanie Westling,Owner,Luminosity,,linkedin.com/in/stephanie-westling-0447b86,,C-Team,blitz,https://www.linkedin.com/company/luminosity,Graphic Design,US,US,pass,unknown,industry unknown
Stephanie Kate,Gilchrist,Stephanie Kate Gilchrist,Chief Commercial Officer (CCO),PHMG,phmg.com,linkedin.com/in/stephaniegilchrist,,C-Team,blitz,https://www.linkedin.com/company/phmg,,GB,GB,pass,unknown,industry unknown
Stephanie,"Weng, PhD","Stephanie Weng, PhD","Senior Director, Scientific & Strategic Services (Remote)",Vaniam Group,vaniamgroup.com,linkedin.com/in/stephanieweng,,Director,blitz,https://www.linkedin.com/company/vaniam-group,Advertising Services,US,US,pass,unknown,industry unknown
Stephen,Cole,Stephen Cole,Director of IT Operations,PHMG,phmg.com,linkedin.com/in/stephen-cole-83407a44,,Director,blitz,https://www.linkedin.com/company/phmg,Advertising Services,GB,GB,pass,unknown,industry unknown
Stephen,Crockett,Stephen Crockett,President,Fountainhead,,linkedin.com/in/stephen-crockett-584b53,,C-Team,blitz,https://www.linkedin.com/company/fountainhead,Advertising Services,US,US,pass,unknown,industry unknown
Stephen,Jacobs,Stephen Jacobs,Deputy CEO,GRP,,linkedin.com/in/stephen-jacobs-51445b112,,C-Team,blitz,https://www.linkedin.com/company/grp,Advertising Services,GB,US,pass,unknown,industry unknown
Stephen,Nichols,Stephen Nichols,Partner,Day Labor Research Institute,,linkedin.com/in/stephen-nichols-b1556811,,C-Team,blitz,https://www.linkedin.com/company/day-labor-research-institute,Market Research,US,US,pass,unknown,industry unknown
Stephen,Webster,Stephen Webster,Regional Director,Apartments.com,apartments.com,linkedin.com/in/stephen-webster-91994374,,Director,blitz,https://www.linkedin.com/company/apartments-com,Advertising Services,US,US,pass,unknown,industry unknown
Stephen,Rumbelow,Stephen Rumbelow,Fractional CMO & Fractional CAIO @ The Marketing Centre,The Marketing Centre,themarketingcentre.com,linkedin.com/in/stephenrumbelow,,C-Team,blitz,https://www.linkedin.com/company/the-marketing-centre,,GB,GB,pass,unknown,industry unknown
Steve,Antoski,Steve Antoski,president,Lunch,,linkedin.com/in/steve-antoski-5902b47,,C-Team,blitz,https://www.linkedin.com/company/lunch,Advertising Services,US,US,pass,unknown,industry unknown
Steve,Barnes,Steve Barnes,Partner-ID#331436,Socialzing,,linkedin.com/in/steve-barnes-25a0a79b,,C-Team,blitz,https://www.linkedin.com/company/qs2,Advertising Services,US,US,pass,unknown,industry unknown
Steve,Barnett,Steve Barnett,Co-Owner,Creative Live Limited,,linkedin.com/in/steve-barnett-081688b7,,C-Team,blitz,https://www.linkedin.com/company/creative-live-limited,Events Services,GB,GB,pass,unknown,industry unknown
Steve,Buxbaum,Steve Buxbaum,President,CoActive Marketing Group,,linkedin.com/in/steve-buxbaum-3b79492,,C-Team,blitz,https://www.linkedin.com/company/coactive-marketing-group,Advertising Services,US,US,pass,unknown,industry unknown
Steve,Coteman,Steve Coteman,Buying Director,Zed Media,,linkedin.com/in/steve-coteman-9a973b5,,Director,blitz,https://www.linkedin.com/company/zed-media,Advertising Services,GB,GB,pass,unknown,industry unknown
Steve,Hapeman,Steve Hapeman,Group Director,SpotPlus,,linkedin.com/in/steve-hapeman-a4b5955,,Director,blitz,https://www.linkedin.com/company/spotplus,Advertising Services,US,US,pass,unknown,industry unknown
Steve,Harrell,Steve Harrell,Art Director,The Momentum Group,,linkedin.com/in/steve-harrell-b2b9973,,Director,blitz,https://www.linkedin.com/company/the-momentum-group,Advertising Services,US,US,pass,unknown,industry unknown
Steve,Howard,Steve Howard,vice president,"Direct Response Media, Inc.",,linkedin.com/in/steve-howard-b8904b6,,VP,blitz,https://www.linkedin.com/company/direct-response-media-inc.,Advertising Services,US,US,pass,unknown,industry unknown
Steve,Johnson,Steve Johnson,Vice President,Manning Selvage and Lee,,linkedin.com/in/steve-johnson-1024253,,VP,blitz,https://www.linkedin.com/company/manning-selvage-and-lee,Public Relations and Communications Services,US,US,pass,unknown,industry unknown
Steve,May,Steve May,Vice President,Quality Connections,,linkedin.com/in/steve-may-9907aa1,,VP,blitz,https://www.linkedin.com/company/quality-connections,Advertising Services,US,US,pass,unknown,industry unknown
Steve,Mayer,Steve Mayer,Chief Executive Officer,Keep it Simple,,linkedin.com/in/steve-mayer-03623b9,,C-Team,blitz,https://www.linkedin.com/company/keep-it-simple,Advertising Services,US,GB,pass,unknown,industry unknown
Steve,Merritt,Steve Merritt,Owner,Southern Marketing Associates,,linkedin.com/in/steve-merritt-74704a4,,C-Team,blitz,https://www.linkedin.com/company/creative-marketing-associates,Advertising Services,US,US,pass,unknown,industry unknown
Steve,Merritt,Steve Merritt,Owner,Southern Marketing Associates,,linkedin.com/in/steve-merritt-a876457,,C-Team,blitz,https://www.linkedin.com/company/creative-marketing-associates,Advertising Services,US,US,pass,unknown,industry unknown
Steve,Natole,Steve Natole,"Director, Western Region Sales",Bus Radio,,linkedin.com/in/steve-natole-1b4048b,,Director,blitz,https://www.linkedin.com/company/bus-radio,Advertising Services,US,US,pass,unknown,industry unknown
Steve,Owens,Steve Owens,"VP,Business Development",tanagra,,linkedin.com/in/steve-owens-2044261,,VP,blitz,https://www.linkedin.com/company/tanagra,Graphic Design,US,US,pass,unknown,industry unknown
Steve,Pike,Steve Pike,Director,Dynetech,,linkedin.com/in/steve-pike-8965763,,Director,blitz,https://www.linkedin.com/company/dynetech,Advertising Services,US,US,pass,unknown,industry unknown
Steve,Smith,Steve Smith,Owner,Quality Connections,,linkedin.com/in/steve-smith-7033785,,C-Team,blitz,https://www.linkedin.com/company/quality-connections,Advertising Services,US,US,pass,unknown,industry unknown
Steve,Spittel,Steve Spittel,SVP Business Development,Interlink Healthcare Communications,,linkedin.com/in/steve-spittel-68289a7,,VP,blitz,https://www.linkedin.com/company/interlink-healthcare-communications,Advertising Services,US,US,pass,unknown,industry unknown
Steve,Travis,Steve Travis,Director of Print Operations,FMG Suite,fmgsuite.com,linkedin.com/in/steve-travis-771a58,,Director,blitz,https://www.linkedin.com/company/fmg-suite,Advertising Services,US,US,pass,unknown,industry unknown
Steve,Ward,Steve Ward,"Vice President, Field Operations",Suzy,suzy.com,linkedin.com/in/steve-ward-60099312,,VP,blitz,https://www.linkedin.com/company/asksuzy,Market Research,US,US,pass,unknown,industry unknown
Steve,Wei,Steve Wei,President,Trla Group Inc,,linkedin.com/in/steve-wei-3a39b6133,,C-Team,blitz,https://www.linkedin.com/company/trla-group-inc,Graphic Design,US,US,pass,unknown,industry unknown
Steve,Wolff,Steve Wolff,President,Pro-Motions Inc.,,linkedin.com/in/steve-wolff-475579b,,C-Team,blitz,https://www.linkedin.com/company/pro-motions-inc.,Advertising Services,US,US,pass,unknown,industry unknown
Steven,Harding,Steven Harding,Owner,Tarantula,,linkedin.com/in/steven-harding-a316a2,,C-Team,blitz,https://www.linkedin.com/company/tarantula,Advertising Services,GB,GB,pass,unknown,industry unknown
Steven,Lafferty,Steven Lafferty,Owner,Stewart Communications,,linkedin.com/in/steven-lafferty-44648144,,C-Team,blitz,https://www.linkedin.com/company/stewart-communications,Public Relations and Communications Services,US,US,pass,unknown,industry unknown
Steven,Paul,Steven Paul,Owner,Visions Marketing,,linkedin.com/in/steven-paul-14821aa,,C-Team,blitz,https://www.linkedin.com/company/visions-marketing,Advertising Services,US,US,pass,unknown,industry unknown
Steven,YARROW,Steven YARROW,Senior Vice President,Al Paul Lefton Co.,,linkedin.com/in/steven-yarrow-88285918,,VP,blitz,https://www.linkedin.com/company/al-paul-lefton-co.,Advertising Services,US,US,pass,unknown,industry unknown
Steve,Tulk,Steve Tulk,Chief Technology Officer,Vaniam Group,vaniamgroup.com,linkedin.com/in/steventulk,,C-Team,blitz,https://www.linkedin.com/company/vaniam-group,Advertising Services,US,US,pass,unknown,industry unknown
Stevie,Pecore,Stevie Pecore,Site Director,Card Headstart,,linkedin.com/in/stevie-pecore-647881253,,Director,blitz,https://www.linkedin.com/company/card-headstart,Advertising Services,US,US,pass,unknown,industry unknown
Stina,Nyberg,Stina Nyberg,Head of Production @ The Barn,The Barn Sweden,,linkedin.com/in/stina-nyberg-4067b442,,Director,blitz,https://www.linkedin.com/company/the-barn-sweden,Advertising Services,SE,US,pass,unknown,industry unknown
Stuard,Bell,Stuard Bell,VP Sales,Novatris,,linkedin.com/in/stuard-bell-19967022,,VP,blitz,https://www.linkedin.com/company/novatris,Market Research,GB,FR,pass,unknown,industry unknown
Stuart,Chapman,Stuart Chapman,Head of People & HR,Creative Live Limited,,linkedin.com/in/stuart-chapman-0aa62514,,Director,blitz,https://www.linkedin.com/company/creative-live-limited,Events Services,GB,GB,pass,unknown,industry unknown
Stuart,Leigh,Stuart Leigh,Director,The Marketing Team,,linkedin.com/in/stuart-leigh-a23a13,,Director,blitz,https://www.linkedin.com/company/the-marketing-team,Advertising Services,GB,US,pass,unknown,industry unknown
Stuart,McNeil,Stuart McNeil,Owner,Results Media Group,,linkedin.com/in/stuart-mcneil-b831512,,C-Team,blitz,https://www.linkedin.com/company/results-media-group,Advertising Services,US,US,pass,unknown,industry unknown
Stuart,West,Stuart West,Owner,West & Associates,,linkedin.com/in/stuart-west-b913ba,,C-Team,blitz,https://www.linkedin.com/company/west-&-associates,Advertising Services,US,US,pass,unknown,industry unknown
Stéphane,Serfaty,Stéphane Serfaty,Directeur Commercial,Jump France,,linkedin.com/in/stéphane-serfaty-5881081a,,Director,blitz,https://www.linkedin.com/company/jump-france,Advertising Services,FR,US,pass,unknown,industry unknown
Su,You,Su You,Director-Client Service,FreshLook Marketing,,linkedin.com/in/su-you-2950912,,Director,blitz,https://www.linkedin.com/company/freshlook-marketing,Market Research,US,US,pass,unknown,industry unknown
Sue,Bodde,Sue Bodde,Art Director,Eason Associates Inc,,linkedin.com/in/sue-bodde-6344256,,Director,blitz,https://www.linkedin.com/company/eason-associates-inc,Design,US,US,pass,unknown,industry unknown
Sue,DeNooyer,Sue DeNooyer,"Managing Partner, Operations",MRM Gillespie,,linkedin.com/in/sue-denooyer-05b113,,C-Team,blitz,https://www.linkedin.com/company/mrm-gillespie,Advertising Services,US,US,pass,unknown,industry unknown
Sue,DeNooyer,Sue DeNooyer,"SVP, Operations",MRM Gillespie,,linkedin.com/in/sue-denooyer-1991018,,VP,blitz,https://www.linkedin.com/company/mrm-gillespie,Advertising Services,US,US,pass,unknown,industry unknown
Sue,Hicks,Sue Hicks,Regional Sales Director,Fanfare Media Works,,linkedin.com/in/sue-hicks-110a292,,Director,blitz,https://www.linkedin.com/company/fanfare-media-works,Advertising Services,US,US,pass,unknown,industry unknown
sue,martin,sue martin,Vice President Of Engineering,Alibi,,linkedin.com/in/sue-martin-219b88149,,VP,blitz,https://www.linkedin.com/company/alibi,Advertising Services,US,US,pass,unknown,industry unknown
Sue,Phillips,Sue Phillips,CEO,Synovate Censydiam,,linkedin.com/in/sue-phillips-52757b21,,C-Team,blitz,https://www.linkedin.com/company/synovate-censydiam,Market Research,GB,BE,pass,unknown,industry unknown
Sue,Smith,Sue Smith,"VP, Group Account Supervisor",Interlink Healthcare Communications,,linkedin.com/in/sue-smith-b89570,,VP,blitz,https://www.linkedin.com/company/interlink-healthcare-communications,Advertising Services,US,US,pass,unknown,industry unknown
Sunil,Singh,Sunil Singh,Business Owner,Business to Business,,linkedin.com/in/sunil-singh-829899154,,C-Team,blitz,https://www.linkedin.com/company/business-to-business,Advertising Services,GB,US,pass,unknown,industry unknown
Sunitha,Gubba,Sunitha Gubba,"Sr. Director, QA",Suzy,suzy.com,linkedin.com/in/sunithagubba,,Director,blitz,https://www.linkedin.com/company/asksuzy,Market Research,US,US,pass,unknown,industry unknown
SUSAN,B,SUSAN B,Business Owner,FT,,linkedin.com/in/susan-b-1146ab176,,C-Team,blitz,https://www.linkedin.com/company/fiestas-torch,Events Services,US,US,pass,unknown,industry unknown
Susan,Beamesderfer,Susan Beamesderfer,"Sign Maker, Owner, Receptioist, Production manager, and floor sweeper",Sugar Creek Signs,,linkedin.com/in/susan-beamesderfer-a7a49618,,C-Team,blitz,https://www.linkedin.com/company/sugar-creek-signs,Graphic Design,US,US,pass,unknown,industry unknown
Susan,Bennett,Susan Bennett,VP,Conferon,,linkedin.com/in/susan-bennett-85a2a52,,VP,blitz,https://www.linkedin.com/company/conferon,Events Services,US,US,pass,unknown,industry unknown
Susan,Bingham,Susan Bingham,Owner,Button Group,,linkedin.com/in/susan-bingham-49a439,,C-Team,blitz,https://www.linkedin.com/company/button-group,Design Services,GB,GB,pass,unknown,industry unknown
Susan,DeNooyer,Susan DeNooyer,"SVP, Operations",MRM Gillespie,,linkedin.com/in/susan-denooyer-ab08713,,VP,blitz,https://www.linkedin.com/company/mrm-gillespie,Advertising Services,US,US,pass,unknown,industry unknown
Susan,Dunn,Susan Dunn,Director of Project Management,Roman BrandGroup,,linkedin.com/in/susan-dunn-a5053b4,,Director,blitz,https://www.linkedin.com/company/roman-brandgroup,Advertising Services,US,US,pass,unknown,industry unknown
Susan,Flinn,Susan Flinn,President,Interlink Healthcare Communications,,linkedin.com/in/susan-flinn-86287711,,C-Team,blitz,https://www.linkedin.com/company/interlink-healthcare-communications,Advertising Services,US,US,pass,unknown,industry unknown
Susan,Hwang,Susan Hwang,"Sr. Director, Market Research",goZing,,linkedin.com/in/susan-hwang-b97228,,Director,blitz,https://www.linkedin.com/company/gozing,Market Research,US,US,pass,unknown,industry unknown
Susan,McGuire,Susan McGuire,Art Director,Port Folio Weekly,,linkedin.com/in/susan-mcguire-25642a3,,Director,blitz,https://www.linkedin.com/company/port-folio-weekly,Advertising Services,US,US,pass,unknown,industry unknown
Susan,Mitchell,Susan Mitchell,MD,Absolute,,linkedin.com/in/susan-mitchell-481a4390,,C-Team,blitz,https://www.linkedin.com/company/absolute,Design,GB,GB,pass,unknown,industry unknown
Susan,Singleton,Susan Singleton,Account Director,Analytic Innovations,,linkedin.com/in/susan-singleton-b107061,,Director,blitz,https://www.linkedin.com/company/analytic-innovations,Advertising Services,US,US,pass,unknown,industry unknown
Susan,Stewart,Susan Stewart,"Vice President, Director of Human Resources",Manning Selvage and Lee,,linkedin.com/in/susan-stewart-2bb4342,,VP,blitz,https://www.linkedin.com/company/manning-selvage-and-lee,Public Relations and Communications Services,US,US,pass,unknown,industry unknown
Susan,Stewart,Susan Stewart,Director of Project Management/Operations,Roman BrandGroup,,linkedin.com/in/susan-stewart-3b72372,,Director,blitz,https://www.linkedin.com/company/roman-brandgroup,Advertising Services,US,US,pass,unknown,industry unknown
Susan,Vidal,Susan Vidal,co-owner,Falcon Enterprises,,linkedin.com/in/susan-vidal-23937530,,C-Team,blitz,https://www.linkedin.com/company/falcon-enterprises,Graphic Design,US,US,pass,unknown,industry unknown
Susan,Wilcox,Susan Wilcox,President,"TELESOLUTIONS NATIONAL SEARCH, INC.",,linkedin.com/in/susan-wilcox-79474628,,C-Team,blitz,https://www.linkedin.com/company/telesolutions,Advertising Services,US,US,pass,unknown,industry unknown
Susanne,Munch-Rasussen,Susanne Munch-Rasussen,Owner,Zoom Design,,linkedin.com/in/susanne-munch-rasussen-9541bb2,,C-Team,blitz,https://www.linkedin.com/company/zoom-design,Design Services,NO,US,pass,unknown,industry unknown
Susan,Tyler,Susan Tyler,Owner/Partner,Green Advertising,,linkedin.com/in/susantyler,,C-Team,blitz,https://www.linkedin.com/company/green-advertising,Advertising Services,US,US,pass,unknown,industry unknown
Sushma,prithvi,Sushma prithvi,Program Director,Conference Series,,linkedin.com/in/sushma-prithvi-a2373920,,Director,blitz,https://www.linkedin.com/company/conference-series-llc,Events Services,GB,US,pass,unknown,industry unknown
Suzy,Da Silva,Suzy Da Silva,President,CCM Marketing,,linkedin.com/in/suzy-da-silva-1656a03,,C-Team,blitz,https://www.linkedin.com/company/ccm-marketing,Advertising Services,US,US,pass,unknown,industry unknown
Sven,Klappert,Sven Klappert,Geschäftsführer,360 Grad Veranstaltungsinszenierungs-GmbH,3-6-0-grad.de,linkedin.com/in/sven-klappert-bba3a3171,,C-Team,blitz,https://www.linkedin.com/company/360-grad-veranstaltungsinszenierung,,DE,DE,pass,unknown,industry unknown
Svitlana,B.,Svitlana B.,Head of Affiliates,Scrambly,scrambly.io,linkedin.com/in/svvvvvvvvvvvvvv,,Director,blitz,https://www.linkedin.com/company/scrambly,,PT,IT,pass,unknown,industry unknown
Sybil,Skye,Sybil Skye,CEO,Luminosity,,linkedin.com/in/sybil-skye-66b1411a,,C-Team,blitz,https://www.linkedin.com/company/luminosity,Graphic Design,US,US,pass,unknown,industry unknown
Sydney,Slaska,Sydney Slaska,Owner,Cloth Design,,linkedin.com/in/sydney-slaska-7651a7184,,C-Team,blitz,https://www.linkedin.com/company/cloth-design,Design Services,US,US,pass,unknown,industry unknown
Syed,Zain Mustafa Hashmi Data Scientist,Syed Zain Mustafa Hashmi Data Scientist,Chief Executive Officer,Zain Studio,,linkedin.com/in/syed-zain-mustafa-hashmi-data-scientist,,C-Team,blitz,https://www.linkedin.com/company/zain-studio,Events Services,US,US,pass,unknown,industry unknown
Sylia,Gallegos,Sylia Gallegos,Head of Legal Operations & Technology,Suzy,suzy.com,linkedin.com/in/sylia-gallegos-0365b69,,Director,blitz,https://www.linkedin.com/company/asksuzy,Market Research,US,US,pass,unknown,industry unknown
Sylvia,Eskenazi,Sylvia Eskenazi,directeur clientele,Textuel,,linkedin.com/in/sylvia-eskenazi-1a153a37,,Director,blitz,https://www.linkedin.com/company/textuel,Advertising Services,FR,FR,pass,unknown,industry unknown
Sylvie,Lacassagne,Sylvie Lacassagne,Research Director,Novatris,,linkedin.com/in/sylvie-lacassagne-20747b1,,Director,blitz,https://www.linkedin.com/company/novatris,Market Research,FR,FR,pass,unknown,industry unknown
Sylvie,Lacassagne,Sylvie Lacassagne,Research Director,Novatris,,linkedin.com/in/sylvie-lacassagne-4aa4b3,,Director,blitz,https://www.linkedin.com/company/novatris,Market Research,FR,FR,pass,unknown,industry unknown
Szekeres,Imre,Szekeres Imre,Geschäftsführer,Messebau Latam,,linkedin.com/in/szekeres-imre-1b1b3a77,,C-Team,blitz,https://www.linkedin.com/company/messebau,Advertising Services,DE,US,pass,unknown,industry unknown
Scott,Zumwalt,Scott Zumwalt,Partner,BPI Group,bpigroup.com,linkedin.com/in/szumwalt,,C-Team,blitz,https://www.linkedin.com/company/bully-pulpit-international,Advertising Services,US,US,pass,unknown,industry unknown
Sébastien,CHENAF,Sébastien CHENAF,Directeur commercial,NTH,,linkedin.com/in/sébastien-chenaf-a1a514107,,Director,blitz,https://www.linkedin.com/company/nthx,Advertising Services,FR,FR,pass,unknown,industry unknown
Sérgio,Fialho,Sérgio Fialho,Fundador,SF Design,,linkedin.com/in/sérgio-fialho,,C-Team,blitz,https://www.linkedin.com/company/sf-design,Graphic Design,PT,US,pass,unknown,industry unknown
Tabitha,Seeber,Tabitha Seeber,Artist Management & Entertainment Director,Independent Contractor/Consultant,,linkedin.com/in/tabithaseeber,,Director,blitz,https://www.linkedin.com/company/independent-contractor-consultant_2,Public Relations and Communications Services,US,GB,pass,unknown,industry unknown
Taft,O'Quin,Taft O'Quin,VP Engineering & Sales,The Hayes Company,,linkedin.com/in/taft-o-quin-74528952,,VP,blitz,https://www.linkedin.com/company/the-hayes-company,Advertising Services,US,US,pass,unknown,industry unknown
Tahar,Khiari,Tahar Khiari,Co-fondateur,JET EVENTS,,linkedin.com/in/tahar-khiari-1a7241140,,C-Team,blitz,https://www.linkedin.com/company/jet-events,Events Services,FR,US,pass,unknown,industry unknown
Taina,Närhi,Taina Närhi,CEO,Face Value,,linkedin.com/in/taina-närhi-3635121,,C-Team,blitz,https://www.linkedin.com/company/face-value,Advertising Services,FI,US,pass,unknown,industry unknown
Amul,Sal,Amul Sal,Director/Executive Recruiter,Talent Hunt Inc,,linkedin.com/in/talenthuntinc,,Director,blitz,https://www.linkedin.com/company/talent-hunt-inc,Advertising Services,US,US,pass,unknown,industry unknown
Mozaffar,Chowdhury,Mozaffar Chowdhury,CEO,CKR Group,,linkedin.com/in/talkonco,,C-Team,blitz,https://www.linkedin.com/company/ckr-group,Advertising Services,US,US,pass,unknown,industry unknown
Tamica,"Luyando (Sutton), RMCP®","Tamica Luyando (Sutton), RMCP®",Director of Client Resourcing,BPI Group,bpigroup.com,linkedin.com/in/tamica-luyando-sutton-rmcp,,Director,blitz,https://www.linkedin.com/company/bully-pulpit-international,Advertising Services,US,US,pass,unknown,industry unknown
Tammy,Kerker,Tammy Kerker,Owner,Kerker,,linkedin.com/in/tammy-kerker-ab07aa1,,C-Team,blitz,https://www.linkedin.com/company/kerker,Advertising Services,US,US,pass,unknown,industry unknown
Tammy,Lindle,Tammy Lindle,Owner,Fuel Freedom International,,linkedin.com/in/tammy-lindle-797b736,,C-Team,blitz,https://www.linkedin.com/company/fuel-freedom-international,Advertising Services,US,US,pass,unknown,industry unknown
Tanay,Desai,Tanay Desai,Head of Sales,PHMG,phmg.com,linkedin.com/in/tanay-desai-0a1155af,,Director,blitz,https://www.linkedin.com/company/phmg,Advertising Services,US,GB,pass,unknown,industry unknown
Tancheto,Chonkova,Tancheto Chonkova,director,TANI,,linkedin.com/in/tancheto-chonkova-a801a088,,Director,blitz,https://www.linkedin.com/company/tani,Advertising Services,BG,US,pass,unknown,industry unknown
Taneen,Choudhury,Taneen Choudhury,Chief Executive Officer,SurfScale Holdings,,linkedin.com/in/taneen-choudhury-a79346176,,C-Team,blitz,https://www.linkedin.com/company/surfscaleholdings,Marketing Services,US,US,pass,unknown,industry unknown
Tania,Riera,Tania Riera,Directora Creativa Ejecutiva,Ernest,,linkedin.com/in/tania-riera-916b4726,,Director,blitz,https://www.linkedin.com/company/holaernest,Advertising Services,ES,ES,pass,unknown,industry unknown
Tanvi,A.,Tanvi A.,Managing Director,BPI Group,bpigroup.com,linkedin.com/in/tanvi88,,C-Team,blitz,https://www.linkedin.com/company/bully-pulpit-international,Advertising Services,US,US,pass,unknown,industry unknown
tanya,mixon,tanya mixon,Owner,Tanyas Cleaning Service,,linkedin.com/in/tanya-mixon-b50b2417a,,C-Team,blitz,https://www.linkedin.com/company/tanyas-cleaning-service,Design,US,US,pass,unknown,industry unknown
Tanya,Sayyeau,Tanya Sayyeau,Business Owner,Tanyas Cleaning Service,,linkedin.com/in/tanya-sayyeau-1084a9112,,C-Team,blitz,https://www.linkedin.com/company/tanyas-cleaning-service,Design,US,US,pass,unknown,industry unknown
Tanya,Wagner-Sockman,Tanya Wagner-Sockman,Independent Business Owner,Tanyas Cleaning Service,,linkedin.com/in/tanya-wagner-sockman-806030114,,C-Team,blitz,https://www.linkedin.com/company/tanyas-cleaning-service,Design,US,US,pass,unknown,industry unknown
Taous,Bareche,Taous Bareche,Auto-Entrepreneur  nettoyage et garde enfant  plusde 3 ans,Moi-meme,,linkedin.com/in/taous-bareche-a479aa267,,C-Team,blitz,https://www.linkedin.com/company/moi-meme,Graphic Design,FR,FR,pass,unknown,industry unknown
Tara,Evans,Tara Evans,Head of Talent & Search,PHMG,phmg.com,linkedin.com/in/tara-evans-b83b40167,,Director,blitz,https://www.linkedin.com/company/phmg,Advertising Services,GB,GB,pass,unknown,industry unknown
Tara,O'Connor,Tara O'Connor,Owner,The Intrepid Group,,linkedin.com/in/tara-o-connor-9345294,,C-Team,blitz,https://www.linkedin.com/company/the-intrepid-group,Public Relations and Communications Services,IE,US,pass,unknown,industry unknown
Tara,Zafar,Tara Zafar,Marketing & Content Director,BPI Group,bpigroup.com,linkedin.com/in/tara-zafar,,Director,blitz,https://www.linkedin.com/company/bully-pulpit-international,Advertising Services,US,US,pass,unknown,industry unknown
Taras,Tomenchuk,Taras Tomenchuk,Chief Executive Officer,T Agency,,linkedin.com/in/taras-tomenchuk-803b5a264,,C-Team,blitz,https://www.linkedin.com/company/tomenchuk,Marketing Services,UA,US,pass,unknown,industry unknown
Tarmo,Laus,Tarmo Laus,Chairman Of The Board,Müügimeistrite AS,telemarketing.ee,linkedin.com/in/tarmo-laus-13211727,,C-Team,blitz,https://www.linkedin.com/company/muugimeistrid,,EE,EE,pass,unknown,industry unknown
Tatiana,Jezierski,Tatiana Jezierski,Head of Strategy,ITV Creative,,linkedin.com/in/tatiana-jezierski-68379741,,Director,blitz,https://www.linkedin.com/company/itv-creative,Marketing Services,GB,US,pass,unknown,industry unknown
Tecla,Passoni,Tecla Passoni,Vice-direttore mensa,SOLUZIONE SERVIZI S.R.L.,,linkedin.com/in/tecla-passoni-7055b829a,,Director,blitz,https://www.linkedin.com/company/soluzione-servizi-s.r.l.,Events Services,IT,IT,pass,unknown,industry unknown
Ted,"Januszka, P.E.","Ted Januszka, P.E.",Vice President,Pennoni,pennoni.com,linkedin.com/in/ted-januszka-p-e-67b64514,,VP,blitz,https://www.linkedin.com/company/pennoni,Design Services,US,US,pass,unknown,industry unknown
Ted,Kim,Ted Kim,Director of Measurement and Analytics,CCA Advertising,,linkedin.com/in/ted-kim-a05a839,,Director,blitz,https://www.linkedin.com/company/cca-advertising,Advertising Services,US,US,pass,unknown,industry unknown
Tee,Steadman,Tee Steadman,Independent Business Owner,Steadman,,linkedin.com/in/tee-steadman-75795386,,C-Team,blitz,https://www.linkedin.com/company/steadman,Advertising Services,US,US,pass,unknown,industry unknown
Telis,G.,Telis G.,Owner,InterNEED,,linkedin.com/in/telis-g-7110792,,C-Team,blitz,https://www.linkedin.com/company/interneed,Advertising Services,GR,US,pass,unknown,industry unknown
Teodors,Bankovskis,Teodors Bankovskis,Head of CRM,NDA,,linkedin.com/in/teodors-bankovskis-b3244170,,Director,blitz,https://www.linkedin.com/company/ndamarketing,Marketing Services,LV,US,pass,unknown,industry unknown
Tere,Hervás,Tere Hervás,Directora de administracion,Anonima Creativa,,linkedin.com/in/tere-hervás-96a788b0,,Director,blitz,https://www.linkedin.com/company/anonima-creativa,Advertising Services,ES,IT,pass,unknown,industry unknown
teresa,chen,teresa chen,director,USA Direct,,linkedin.com/in/teresa-chen-6b47853b,,Director,blitz,https://www.linkedin.com/company/usa-direct,Advertising Services,US,US,pass,unknown,industry unknown
Teresa,Cook,Teresa Cook,Owner,Lady Painters,,linkedin.com/in/teresa-cook-b4b98710,,C-Team,blitz,https://www.linkedin.com/company/lady-painters,Design Services,US,US,pass,unknown,industry unknown
Terrance,Evins,Terrance Evins,Owner,King Tiger Tae KWON Do,,linkedin.com/in/terrance-evins-71b6615,,C-Team,blitz,https://www.linkedin.com/company/king-tiger-tae-kwon-do,Public Relations and Communications Services,US,US,pass,unknown,industry unknown
Terrance,Hamilton,Terrance Hamilton,Owner,TAPPS,,linkedin.com/in/terrance-hamilton-ba844573,,C-Team,blitz,https://www.linkedin.com/company/tapps,Advertising Services,US,NL,pass,unknown,industry unknown
Terrell,Jackson,Terrell Jackson,Online Business Owner,jackson Advertising,,linkedin.com/in/terrell-jackson-b591861b3,,C-Team,blitz,https://www.linkedin.com/company/jackson-advertising,Advertising Services,US,US,pass,unknown,industry unknown
Terri,Doremus,Terri Doremus,owner,Act3,,linkedin.com/in/terri-doremus-8760476,,C-Team,blitz,https://www.linkedin.com/company/act3,Advertising Services,US,US,pass,unknown,industry unknown
Terri,Gamble,Terri Gamble,VP Sales and Marketing,Bus Radio,,linkedin.com/in/terri-gamble-4818643,,VP,blitz,https://www.linkedin.com/company/bus-radio,Advertising Services,US,US,pass,unknown,industry unknown
Terri,Kelley,Terri Kelley,Owner,Daddy,,linkedin.com/in/terri-kelley-4312014,,C-Team,blitz,https://www.linkedin.com/company/daddy,Advertising Services,US,SE,pass,unknown,industry unknown
Terri,Poole,Terri Poole,Owner,Just Sew,,linkedin.com/in/terri-poole-b965b11a,,C-Team,blitz,https://www.linkedin.com/company/just-sew,Design,US,GB,pass,unknown,industry unknown
Terri,Siefer,Terri Siefer,Owner,Just Sew,,linkedin.com/in/terri-siefer-a27147112,,C-Team,blitz,https://www.linkedin.com/company/just-sew,Design,US,GB,pass,unknown,industry unknown
Terri,Stephens,Terri Stephens,"VP, Director of Client Service",Arras Group,,linkedin.com/in/terri-stephens-6256282,,VP,blitz,https://www.linkedin.com/company/arras-group,Advertising Services,US,US,pass,unknown,industry unknown
Terry,Crosby,Terry Crosby,CEO,Una Vez Mas/Azteca America Network Affiliate,,linkedin.com/in/terry-crosby-b2912a27,,C-Team,blitz,https://www.linkedin.com/company/una-vez-mas-azteca-america-network-affiliate,Advertising Services,US,US,pass,unknown,industry unknown
Terry,Livingstone,Terry Livingstone,Group Finance Director,Tarantula,,linkedin.com/in/terry-livingstone-914426,,Director,blitz,https://www.linkedin.com/company/tarantula,Advertising Services,GB,GB,pass,unknown,industry unknown
Terry,newton,Terry newton,Managing Director,JUMPING BEAN GIFTS LIMITED,,linkedin.com/in/terry-newton-b76948102,,C-Team,blitz,https://www.linkedin.com/company/jumping-bean-gifts-limited,Design Services,GB,GB,pass,unknown,industry unknown
Terry,Phillips,Terry Phillips,Owner,"Sports America, Inc.",,linkedin.com/in/terry-phillips-9a40273,,C-Team,blitz,https://www.linkedin.com/company/sports-america-inc.,Events Services,US,US,pass,unknown,industry unknown
Terry,Lee,Terry Lee,Content Production Director,FMG Suite,fmgsuite.com,linkedin.com/in/terryleeillustrations,,Director,blitz,https://www.linkedin.com/company/fmg-suite,Advertising Services,US,US,pass,unknown,industry unknown
Tetiana,Tymoshenko (Zanko),Tetiana Tymoshenko (Zanko),CEO,GH Agency,,linkedin.com/in/tetiana-tymoshenko-zanko-035a871a,,C-Team,blitz,https://www.linkedin.com/company/gh-agency,Advertising Services,UA,US,pass,unknown,industry unknown
Thomas,Guillaume,Thomas Guillaume,Head of content,StudioM France,,linkedin.com/in/tguillaume1,,Director,blitz,https://www.linkedin.com/company/studiomfrance,Advertising Services,FR,FR,pass,unknown,industry unknown
Thao,Pham,Thao Pham,MD,Central,,linkedin.com/in/thao-pham-32928b98,,C-Team,blitz,https://www.linkedin.com/company/mdnmdn,Design Services,US,US,pass,unknown,industry unknown
Adam,Parsons,Adam Parsons,Engagement Director,PHMG,phmg.com,linkedin.com/in/the-adam-parsons,,Director,blitz,https://www.linkedin.com/company/phmg,Advertising Services,GB,GB,pass,unknown,industry unknown
The,Assocation,The Assocation,director,Arena Media Networks,,linkedin.com/in/the-assocation-b03a1166,,Director,blitz,https://www.linkedin.com/company/arena-media-networks,Advertising Services,BG,US,pass,unknown,industry unknown
Thedore,Politis,Thedore Politis,Account Director,Bold Ogilvy,,linkedin.com/in/thedore-politis-1440058,,Director,blitz,https://www.linkedin.com/company/bold-ogilvy,Advertising Services,GR,US,pass,unknown,industry unknown
Theodore,Kotionis,Theodore Kotionis,Managing Director,Bold Ogilvy,,linkedin.com/in/theodore-kotionis-32782016,,C-Team,blitz,https://www.linkedin.com/company/bold-ogilvy,Advertising Services,GR,US,pass,unknown,industry unknown
Theodore,Schwartz,Theodore Schwartz,Marketing Director,Richter Media,,linkedin.com/in/theodore-schwartz-0b292110,,Director,blitz,https://www.linkedin.com/company/richter-media,Public Relations and Communications Services,US,US,pass,unknown,industry unknown
Theofania,Sofianou,Theofania Sofianou,Marketing Art Director,Felines Agency,digitalfelines.com,linkedin.com/in/theofania-sofianou,,Director,blitz,https://www.linkedin.com/company/felines-agency,,GR,GR,pass,unknown,industry unknown
Theresa,Thomas,Theresa Thomas,Director of Design,Happy Advertising,,linkedin.com/in/theresa-thomas-5bb0aa21,,Director,blitz,https://www.linkedin.com/company/happy-advertising,Advertising Services,US,DK,pass,unknown,industry unknown
Therese,Mc Nulty,Therese Mc Nulty,Owner,Focus Design,,linkedin.com/in/therese-mc-nulty-8379813,,C-Team,blitz,https://www.linkedin.com/company/focus-design,Graphic Design,US,US,pass,unknown,industry unknown
Thibault,Tavenier,Thibault Tavenier,Directeur des opérations,CONEXT Holding SAS,,linkedin.com/in/thibault-tavenier-b1a639170,,Director,blitz,https://www.linkedin.com/company/conextpro,Advertising Services,FR,FR,pass,unknown,industry unknown
Thibaut,Fontaine,Thibaut Fontaine,Owner,Kick & Rush,,linkedin.com/in/thibaut-fontaine-b62aa41,,C-Team,blitz,https://www.linkedin.com/company/kick-&-rush,Advertising Services,BE,BE,pass,unknown,industry unknown
Thibaut,van Hövell,Thibaut van Hövell,Owner,Lunch,,linkedin.com/in/thibaut-van-hövell-aa16131,,C-Team,blitz,https://www.linkedin.com/company/lunch,Advertising Services,BE,US,pass,unknown,industry unknown
,,,"Director, Production",BPI Group,bpigroup.com,linkedin.com/in/thizveiter,,Director,blitz,https://www.linkedin.com/company/bully-pulpit-international,Advertising Services,US,US,pass,unknown,industry unknown
Thom,Bennett,Thom Bennett,head of web design,The Media Buzz,,linkedin.com/in/thom-bennett-a056001,,Director,blitz,https://www.linkedin.com/company/the-media-buzz,Advertising Services,GB,US,pass,unknown,industry unknown
Thom,De Jesu,Thom De Jesu,Owner,Daddy,,linkedin.com/in/thom-de-jesu-95ab526,,C-Team,blitz,https://www.linkedin.com/company/daddy,Advertising Services,US,SE,pass,unknown,industry unknown
Thom,Martin,Thom Martin,VP - Global Consumer Trends & Brand Strategy,NOP World,,linkedin.com/in/thom-martin-22610a,,VP,blitz,https://www.linkedin.com/company/nop-world,Market Research,US,US,pass,unknown,industry unknown
Thomas,Barriere,Thomas Barriere,Head of Strategy Social & Influence,StudioM France,,linkedin.com/in/thomas-barriere-91819215,,Director,blitz,https://www.linkedin.com/company/studiomfrance,Advertising Services,FR,FR,pass,unknown,industry unknown
Thomas,Bridget,Thomas Bridget,Owner,On The Wall Painting,,linkedin.com/in/thomas-bridget-b10b5113b,,C-Team,blitz,https://www.linkedin.com/company/on-the-wall-painting,Design Services,US,US,pass,unknown,industry unknown
Thomas,DiNatale,Thomas DiNatale,Senior Advertising and Sales Director,Psp Sports Marketing,,linkedin.com/in/thomas-dinatale-b98648152,,Director,blitz,https://www.linkedin.com/company/psp-sports-marketing,Advertising Services,US,US,pass,unknown,industry unknown
Thomas,Dunzendorfer,Thomas Dunzendorfer,"Director, Directing DP - represented by Room6",Freelance Videographer,,linkedin.com/in/thomas-dunzendorfer-90998585,,Director,blitz,https://www.linkedin.com/company/delete-com,Advertising Services,AT,US,pass,unknown,industry unknown
thomas,farruggio,thomas farruggio,Owner,NWM,,linkedin.com/in/thomas-farruggio-aaa36a6,,C-Team,blitz,https://www.linkedin.com/company/nwm,Advertising Services,US,US,pass,unknown,industry unknown
thomas,guilbaud,thomas guilbaud,Owner,Piment,,linkedin.com/in/thomas-guilbaud-7b1aa44,,C-Team,blitz,https://www.linkedin.com/company/piment,Advertising Services,FR,FR,pass,unknown,industry unknown
Tom,Heaton,Tom Heaton,Director of Brand & Communications,PHMG,phmg.com,linkedin.com/in/thomas-heaton,,Director,blitz,https://www.linkedin.com/company/phmg,Advertising Services,GB,GB,pass,unknown,industry unknown
thomas,keller,thomas keller,Geschäftsführer,die schrittmacher GmbH & Co. KG,dieschrittmacher.de,linkedin.com/in/thomas-keller-20806874,,C-Team,blitz,https://www.linkedin.com/company/die-schrittmacher,,DE,DE,pass,unknown,industry unknown
Thomas,Klingebiel,Thomas Klingebiel,Account Director,aQuantive,,linkedin.com/in/thomas-klingebiel-01996b7,,Director,blitz,https://www.linkedin.com/company/aquantive,Advertising Services,US,US,pass,unknown,industry unknown
Thomas,Mandarino,Thomas Mandarino,Director of Business Development,Looking for a new position,,linkedin.com/in/thomas-mandarino-89a0b623,,Director,blitz,https://www.linkedin.com/company/looking-for-a-new-position,Advertising Services,US,GB,pass,unknown,industry unknown
Thomas,Meinhardt,Thomas Meinhardt,CEO,RJG,,linkedin.com/in/thomas-meinhardt-930b7211a,,C-Team,blitz,https://www.linkedin.com/company/rjg_2,Advertising Services,DE,GB,pass,unknown,industry unknown
Thomas,O'Toole,Thomas O'Toole,Owner,CANNA,,linkedin.com/in/thomas-o-toole-7377935,,C-Team,blitz,https://www.linkedin.com/company/canna,Advertising Services,US,US,pass,unknown,industry unknown
THOMAS,PAULEY,THOMAS PAULEY,Owner,Pauley Equipment Co,,linkedin.com/in/thomas-pauley-57514612a,,C-Team,blitz,https://www.linkedin.com/company/pauley-equipment-co,Advertising Services,US,US,pass,unknown,industry unknown
Thomas,Reynolds,Thomas Reynolds,President of Reynolds @Associates,Reynolds & Associates,,linkedin.com/in/thomas-reynolds-699741253,,C-Team,blitz,https://www.linkedin.com/company/reynolds-&-associates,Advertising Services,US,US,pass,unknown,industry unknown
Thomas,Stenning,Thomas Stenning,Head of Sales,PHMG,phmg.com,linkedin.com/in/thomas-stenning-9a8a59116,,Director,blitz,https://www.linkedin.com/company/phmg,Advertising Services,US,GB,pass,unknown,industry unknown
Thomas,Verbeke,Thomas Verbeke,"Vice President, Finance","RQA, Inc.",rqa-inc.com,linkedin.com/in/thomas-verbeke-8331251a,,VP,blitz,https://www.linkedin.com/company/rqa-inc.,Market Research,US,US,pass,unknown,industry unknown
Thomas,Engelman,Thomas Engelman,Senior Partner,Defense Strategies Institute,dsigroup.org,linkedin.com/in/thomasengelman,,C-Team,blitz,https://www.linkedin.com/company/defense-strategies-institute,Events Services,US,US,pass,unknown,industry unknown
Thumper,The Sausage,Thumper The Sausage,Head of Pawtnerships,GIFTA,,linkedin.com/in/thumper-the-sausage-🐾-1100922b2,,Director,blitz,https://www.linkedin.com/company/giftauk,Advertising Services,GB,GB,pass,unknown,industry unknown
Tia,Sanford,Tia Sanford,Director of Business Development,R/A Performance Group,,linkedin.com/in/tia-sanford-2a4621,,Director,blitz,https://www.linkedin.com/company/ra-performance-group,Events Services,US,US,pass,unknown,industry unknown
Tia,Varney,Tia Varney,Chief Home Officer,Self-Employeed,,linkedin.com/in/tia-varney-24687a182,,C-Team,blitz,https://www.linkedin.com/company/self-employed12,Graphic Design,US,US,pass,unknown,industry unknown
Tilo,Prof. Dr. Hildebrandt,Tilo Prof. Dr. Hildebrandt,President,DTH,,linkedin.com/in/tilo-prof-dr-hildebrandt-4b07b69,,C-Team,blitz,https://www.linkedin.com/company/dth,Advertising Services,US,US,pass,unknown,industry unknown
Tim,Cornell,Tim Cornell,Managing Director,M Cashback Ltd,,linkedin.com/in/tim-cornell-6b14a5,,C-Team,blitz,https://www.linkedin.com/company/m-cashback-ltd,Advertising Services,GB,GB,pass,unknown,industry unknown
Tim,Davis,Tim Davis,President and Owner,Redirections Sign & Design,,linkedin.com/in/tim-davis-0394958,,C-Team,blitz,https://www.linkedin.com/company/redirections-sign-&-design,Advertising Services,US,US,pass,unknown,industry unknown
Tim,Izatt,Tim Izatt,Vice President of Customer Support,FMG Suite,fmgsuite.com,linkedin.com/in/tim-izatt-5167312,,VP,blitz,https://www.linkedin.com/company/fmg-suite,Advertising Services,US,US,pass,unknown,industry unknown
Tim,Jennings,Tim Jennings,President,BS Central Inc.,,linkedin.com/in/tim-jennings-87563583,,C-Team,blitz,https://www.linkedin.com/company/roosevelt-valley-special-education-co-op,Graphic Design,US,US,pass,unknown,industry unknown
Tim,Labus,Tim Labus,President,Low + Associates,,linkedin.com/in/tim-labus-78819314,,C-Team,blitz,https://www.linkedin.com/company/low---associates,Advertising Services,US,US,pass,unknown,industry unknown
Tim,Lamprecht,Tim Lamprecht,Founder & CEO,Dschungel,,linkedin.com/in/tim-lamprecht,,C-Team,blitz,https://www.linkedin.com/company/marketingdschungel,Marketing Services,DE,DE,pass,unknown,industry unknown
Tim,McGrath,Tim McGrath,Design Director,Rick Johnson & Company,,linkedin.com/in/tim-mcgrath-93096b,,Director,blitz,https://www.linkedin.com/company/rick-johnson-&-company,Advertising Services,US,US,pass,unknown,industry unknown
Tim,Smits van Oyen,Tim Smits van Oyen,Owner,FLEXX,,linkedin.com/in/tim-smits-van-oyen-8717682,,C-Team,blitz,https://www.linkedin.com/company/flexx,Advertising Services,US,US,pass,unknown,industry unknown
Tim,Waldusky,Tim Waldusky,Sr. Director Of Channel Sales,USA Direct,,linkedin.com/in/tim-waldusky-8922b2,,Director,blitz,https://www.linkedin.com/company/usa-direct,Advertising Services,US,US,pass,unknown,industry unknown
Tim,Colpo,Tim Colpo,President,Tigre,,linkedin.com/in/timcolpo,,C-Team,blitz,https://www.linkedin.com/company/tigre,Advertising Services,US,US,pass,unknown,industry unknown
Tim,Nichols,Tim Nichols,CTO,"RQA, Inc.",rqa-inc.com,linkedin.com/in/timlnichols,,C-Team,blitz,https://www.linkedin.com/company/rqa-inc.,Market Research,US,US,pass,unknown,industry unknown
Tim,Piper,Tim Piper,Owner,Piper Live Design,,linkedin.com/in/timothypiper,,C-Team,blitz,https://www.linkedin.com/company/prostage,Events Services,US,US,pass,unknown,industry unknown
Tim,Parrack,Tim Parrack,Regional Director,The Marketing Centre,themarketingcentre.com,linkedin.com/in/timparrack,,Director,blitz,https://www.linkedin.com/company/the-marketing-centre,Advertising Services,GB,GB,pass,unknown,industry unknown
Timur,Kuzibaev,Timur Kuzibaev,Chief Operating Officer,Dynamic Event Co.,,linkedin.com/in/timur-kuzibaev-b8b82378,,C-Team,blitz,https://www.linkedin.com/company/dynamic-event-services-llc,Events Services,US,US,pass,unknown,industry unknown
Tina,Conway,Tina Conway,Managing Director,Outdoor Services,,linkedin.com/in/tina-conway-7617318,,C-Team,blitz,https://www.linkedin.com/company/outdoor-services,Advertising Services,US,US,pass,unknown,industry unknown
Tina,Melitse,Tina Melitse,Regional Director,Apartments.com,apartments.com,linkedin.com/in/tina-melitse-22792a9,,Director,blitz,https://www.linkedin.com/company/apartments-com,Advertising Services,US,US,pass,unknown,industry unknown
Tishani,Browne,Tishani Browne,Owner/Founder,Sisters With Style,,linkedin.com/in/tishani-browne-57573495,,C-Team,blitz,https://www.linkedin.com/company/sisters-with-style,Design,US,US,pass,unknown,industry unknown
Tj,Patel,Tj Patel,Owner of business,Business Owner of Attain Response,,linkedin.com/in/tj-patel-970240318,,C-Team,blitz,https://www.linkedin.com/company/business-owner-of-attain-response,Advertising Services,US,US,pass,unknown,industry unknown
Thomas,Laird,Thomas Laird,CEO,Expivia Interaction Marketing Group Inc.,expiviausa.com,linkedin.com/in/tlairdexpivia,,C-Team,blitz,https://www.linkedin.com/company/expiviausa,Advertising Services,US,US,pass,unknown,industry unknown
Tobbie,Richardson,Tobbie Richardson,Franchise Owner,Quality Connections,,linkedin.com/in/tobbie-richardson-b83521a2,,C-Team,blitz,https://www.linkedin.com/company/quality-connections,Advertising Services,US,US,pass,unknown,industry unknown
Tobias,Faisst,Tobias Faisst,Founder,PALAM,,linkedin.com/in/tobias-faisst-43269314b,,C-Team,blitz,https://www.linkedin.com/company/palamberlin,Design Services,DE,DE,pass,unknown,industry unknown
Todd,Mullins,Todd Mullins,Owner,TM Design,,linkedin.com/in/todd-mullins,,C-Team,blitz,https://www.linkedin.com/company/tm-design,Graphic Design,US,US,pass,unknown,industry unknown
Todd,Priebe,Todd Priebe,Owner,BrandAid,,linkedin.com/in/todd-priebe-8912585,,C-Team,blitz,https://www.linkedin.com/company/brandaid,Advertising Services,US,US,pass,unknown,industry unknown
Tom,Aldridge,Tom Aldridge,Head Of Racing,Acroud Media,,linkedin.com/in/tom-aldridge,,Director,blitz,https://www.linkedin.com/company/acroud-media,Marketing Services,GB,US,pass,unknown,industry unknown
Tom,Bamber,Tom Bamber,Head of UK Business Development,PHMG,phmg.com,linkedin.com/in/tom-bamber-525009183,,Director,blitz,https://www.linkedin.com/company/phmg,Advertising Services,GB,GB,pass,unknown,industry unknown
Tom,Bingham,Tom Bingham,Owner,Button Group,,linkedin.com/in/tom-bingham-74a6a2,,C-Team,blitz,https://www.linkedin.com/company/button-group,Design Services,GB,GB,pass,unknown,industry unknown
Tom,Boehm,Tom Boehm,Managing Partner / Recruiter,B&C Consulting,,linkedin.com/in/tom-boehm-ba16791,,C-Team,blitz,https://www.linkedin.com/company/b&c-consulting,Public Relations and Communications Services,US,US,pass,unknown,industry unknown
tom,brew,tom brew,Director,Media Com,,linkedin.com/in/tom-brew-1845532a,,Director,blitz,https://www.linkedin.com/company/media-com,Advertising Services,GB,US,pass,unknown,industry unknown
Tom,Campbell,Tom Campbell,owner,Extreme Vehicle Concepts,,linkedin.com/in/tom-campbell-26296452,,C-Team,blitz,https://www.linkedin.com/company/extreme-vehicle-concepts,Design Services,US,US,pass,unknown,industry unknown
Tom,Coffey,Tom Coffey,Owner,CorpLogoWare,,linkedin.com/in/tom-coffey-a6047a7,,C-Team,blitz,https://www.linkedin.com/company/corplogoware,Advertising Services,US,US,pass,unknown,industry unknown
Tom,Doty,Tom Doty,President,Thomas Advertising,,linkedin.com/in/tom-doty-a54a4a16,,C-Team,blitz,https://www.linkedin.com/company/thomas-advertising,Advertising Services,US,US,pass,unknown,industry unknown
Tom,Hayes,Tom Hayes,owner,The Hayes Company,,linkedin.com/in/tom-hayes-9672139,,C-Team,blitz,https://www.linkedin.com/company/the-hayes-company,Advertising Services,US,US,pass,unknown,industry unknown
Tom,Higgins,Tom Higgins,CEO & Co-Founder,GIFTA,,linkedin.com/in/tom-higgins-gifta,,C-Team,blitz,https://www.linkedin.com/company/giftauk,Advertising Services,GB,GB,pass,unknown,industry unknown
Tom,Kiernan,Tom Kiernan,Owner,Arena Media Networks,,linkedin.com/in/tom-kiernan-24917b,,C-Team,blitz,https://www.linkedin.com/company/arena-media-networks,Advertising Services,US,US,pass,unknown,industry unknown
Tom,Kowalski,Tom Kowalski,"Director, RQA Services","RQA, Inc.",rqa-inc.com,linkedin.com/in/tom-kowalski-01326656,,Director,blitz,https://www.linkedin.com/company/rqa-inc.,Market Research,US,US,pass,unknown,industry unknown
Tom,Larkin,Tom Larkin,Creative Director,B.D. Fox & Friends,,linkedin.com/in/tom-larkin-331a059,,Director,blitz,https://www.linkedin.com/company/b.d.-fox-&-friends,Graphic Design,US,US,pass,unknown,industry unknown
Tom,Lee,Tom Lee,Chief Executive Officer,AVS Marketing,,linkedin.com/in/tom-lee-a826b0245,,C-Team,blitz,https://www.linkedin.com/company/avsmarketing,Marketing Services,GB,US,pass,unknown,industry unknown
Tom,Mierzwa,Tom Mierzwa,Owner,Fountainhead,,linkedin.com/in/tom-mierzwa-4361253,,C-Team,blitz,https://www.linkedin.com/company/fountainhead,Advertising Services,US,US,pass,unknown,industry unknown
Tom,Moore,Tom Moore,President / Co-Owner,Monsoon Interactive,,linkedin.com/in/tom-moore-0664783a,,C-Team,blitz,https://www.linkedin.com/company/monsoon-interactive,Advertising Services,US,US,pass,unknown,industry unknown
Tom,Orton,Tom Orton,New business director,Logistix,,linkedin.com/in/tom-orton-1393761,,Director,blitz,https://www.linkedin.com/company/logistix,Advertising Services,GB,US,pass,unknown,industry unknown
Tom,Palmer,Tom Palmer,Design Director,REZN8,,linkedin.com/in/tom-palmer-31a1284,,Director,blitz,https://www.linkedin.com/company/rezn8,Graphic Design,US,US,pass,unknown,industry unknown
Tom,Renau,Tom Renau,Sr Vice President Strategic Services,Vaniam Group,vaniamgroup.com,linkedin.com/in/tom-renau-31132113,,VP,blitz,https://www.linkedin.com/company/vaniam-group,Advertising Services,US,US,pass,unknown,industry unknown
Tom,Richardson,Tom Richardson,"Director, Business Development",Tabs Direct,,linkedin.com/in/tom-richardson-74306511,,Director,blitz,https://www.linkedin.com/company/tabs-direct,Advertising Services,US,US,pass,unknown,industry unknown
Tom,Smith,Tom Smith,Vice President - Finance,HYP Network,,linkedin.com/in/tom-smith-3a1b115,,VP,blitz,https://www.linkedin.com/company/hyp-network,Advertising Services,US,US,pass,unknown,industry unknown
Tom,Sperry,Tom Sperry,President,aQuantive,,linkedin.com/in/tom-sperry-94478,,C-Team,blitz,https://www.linkedin.com/company/aquantive,Advertising Services,US,US,pass,unknown,industry unknown
Tom,Strack,Tom Strack,VP,West & Associates,,linkedin.com/in/tom-strack-53a44727,,VP,blitz,https://www.linkedin.com/company/west-&-associates,Advertising Services,US,US,pass,unknown,industry unknown
Tom,Thomas,Tom Thomas,Operations Director,The Hayes Company,,linkedin.com/in/tom-thomas-95a34568,,Director,blitz,https://www.linkedin.com/company/the-hayes-company,Advertising Services,US,US,pass,unknown,industry unknown
Tom,Vadeboncoeur,Tom Vadeboncoeur,Director,M Cashback Ltd,,linkedin.com/in/tom-vadeboncoeur-7b48603,,Director,blitz,https://www.linkedin.com/company/m-cashback-ltd,Advertising Services,US,GB,pass,unknown,industry unknown
Tomasz,Grzybowski,Tomasz Grzybowski,Managing Director Warsaw\Client Service Director,Tequila Polska,,linkedin.com/in/tomasz-grzybowski-708413,,C-Team,blitz,https://www.linkedin.com/company/tequila-polska,Advertising Services,PL,PL,pass,unknown,industry unknown
Tommy,Palmertree,Tommy Palmertree,Regionl Director,Starstream Communications,,linkedin.com/in/tommy-palmertree-a26b473a,,Director,blitz,https://www.linkedin.com/company/starstream-communications,Advertising Services,US,US,pass,unknown,industry unknown
Toni,Gizzi,Toni Gizzi,Business Owner,CUSTOM CLEANING,,linkedin.com/in/toni-gizzi-894b1918b,,C-Team,blitz,https://www.linkedin.com/company/custom-cleaning,Advertising Services,US,US,pass,unknown,industry unknown
Toni,Wiseman,Toni Wiseman,Director of Sales Support,HYP Network,,linkedin.com/in/toni-wiseman-5974869,,Director,blitz,https://www.linkedin.com/company/hyp-network,Advertising Services,US,US,pass,unknown,industry unknown
Tony,Ashai,Tony Ashai,President,Ashai Design Corporation,,linkedin.com/in/tony-ashai-54a2b842,,C-Team,blitz,https://www.linkedin.com/company/ashai-design-corporation,Design Services,US,US,pass,unknown,industry unknown
Tony,Barese,Tony Barese,director,Public Affairs Group,,linkedin.com/in/tony-barese-2ab36712,,Director,blitz,https://www.linkedin.com/company/public-affairs-group,Public Relations and Communications Services,IT,US,pass,unknown,industry unknown
Tony,Cofone,Tony Cofone,Chief Operating Officer,Manning Selvage and Lee,,linkedin.com/in/tony-cofone-617b504,,C-Team,blitz,https://www.linkedin.com/company/manning-selvage-and-lee,Public Relations and Communications Services,US,US,pass,unknown,industry unknown
Tony,Hector,Tony Hector,creative director,Spirit Advertising,,linkedin.com/in/tony-hector-6369a8,,Director,blitz,https://www.linkedin.com/company/spirit-advertising,Advertising Services,GB,GB,pass,unknown,industry unknown
Tony,Jones,Tony Jones,CEO,PR Communications,,linkedin.com/in/tony-jones-15a41a72,,C-Team,blitz,https://www.linkedin.com/company/pr-communications,Public Relations and Communications Services,GB,US,pass,unknown,industry unknown
Tony,Orme,Tony Orme,Part-Time Marketing Director | CMO | Marketing Consultant,The Marketing Centre,themarketingcentre.com,linkedin.com/in/tony-orme-09b81bbb,,C-Team,blitz,https://www.linkedin.com/company/the-marketing-centre,,GB,GB,pass,unknown,industry unknown
Tony,Torkelson,Tony Torkelson,Owner,Catalyst Consultants,,linkedin.com/in/tony-torkelson-0b29383,,C-Team,blitz,https://www.linkedin.com/company/catalyst-consultants,Advertising Services,US,US,pass,unknown,industry unknown
Tore,Gisellu,Tore Gisellu,Owner,Daddy,,linkedin.com/in/tore-gisellu-05a6911,,C-Team,blitz,https://www.linkedin.com/company/daddy,Advertising Services,US,SE,pass,unknown,industry unknown
Torsten,Boschert,Torsten Boschert,"Markenbotschafter, Geschäftsführer",Sichtwechsel,sichtwechsel.com,linkedin.com/in/torsten-boschert-98a0161b6,,C-Team,blitz,https://www.linkedin.com/company/sichtwechsel-medien-gmbh,,DE,DE,pass,unknown,industry unknown
Stephen,Townsend,Stephen Townsend,Head of Motion,PHMG,phmg.com,linkedin.com/in/townsendstephen,,Director,blitz,https://www.linkedin.com/company/phmg,Advertising Services,GB,GB,pass,unknown,industry unknown
Tracie,Dempsey,Tracie Dempsey,Vice President of Commercial Operations,Suzy,suzy.com,linkedin.com/in/tracie-dempsey-a344644,,VP,blitz,https://www.linkedin.com/company/asksuzy,Market Research,US,US,pass,unknown,industry unknown
Tracy,Donohue,Tracy Donohue,Vice President,The Catamount Group,,linkedin.com/in/tracy-donohue-213a301,,VP,blitz,https://www.linkedin.com/company/the-catamount-group,Advertising Services,US,US,pass,unknown,industry unknown
Tracy,Hill,Tracy Hill,Owner,ImagineThat,,linkedin.com/in/tracy-hill-2a66851,,C-Team,blitz,https://www.linkedin.com/company/imaginethat,Advertising Services,US,US,pass,unknown,industry unknown
Travis,Anson,Travis Anson,"Regional Director, Multifamily",Apartments.com,apartments.com,linkedin.com/in/travisanson,,Director,blitz,https://www.linkedin.com/company/apartments-com,Advertising Services,US,US,pass,unknown,industry unknown
Travis,Scelia,Travis Scelia,Partner / Founding Principal,C.S.I,,linkedin.com/in/travisscelia,,C-Team,blitz,https://www.linkedin.com/company/c-s-i,Advertising Services,US,US,pass,unknown,industry unknown
Trevor,J.,Trevor J.,Head of Sales Development,PHMG,phmg.com,linkedin.com/in/trevor-j-517102219,,Director,blitz,https://www.linkedin.com/company/phmg,Advertising Services,US,GB,pass,unknown,industry unknown
Trevor,Lazaro,Trevor Lazaro,CEO/CFO,Sunshine Media Group,,linkedin.com/in/trevor-lazaro-0151909,,C-Team,blitz,https://www.linkedin.com/company/sunshine-media-group,Advertising Services,GB,US,pass,unknown,industry unknown
Trey,Cooper,Trey Cooper,Business Owner,Tc Designs,,linkedin.com/in/trey-cooper-666352126,,C-Team,blitz,https://www.linkedin.com/company/tc-designs,Design Services,US,US,pass,unknown,industry unknown
Tricia,Fleming,Tricia Fleming,Vice President,Mokrynskidirect,,linkedin.com/in/tricia-fleming-6755901,,VP,blitz,https://www.linkedin.com/company/mokrynskidirect,Advertising Services,US,US,pass,unknown,industry unknown
Trinidy,Johnson,Trinidy Johnson,Human Resources Director,Tsunami Restaurant & Sushi Bar,,linkedin.com/in/trinidy-johnson-15a933153,,Director,blitz,https://www.linkedin.com/company/tsunami-restaurant-&-sushi-bar,Public Relations and Communications Services,US,US,pass,unknown,industry unknown
Trofim,Vetrik,Trofim Vetrik,Managing Director,Ass  of National Advertising members,,linkedin.com/in/trofim-vetrik-6a862a137,,C-Team,blitz,https://www.linkedin.com/company/ass-of-national-advertising-members,Advertising Services,MD,US,pass,unknown,industry unknown
Troy,Bullock,Troy Bullock,Vice President,Tabs Direct,,linkedin.com/in/troy-bullock-1653206,,VP,blitz,https://www.linkedin.com/company/tabs-direct,Advertising Services,US,US,pass,unknown,industry unknown
Truong,Nguyen,Truong Nguyen,Principal → Founder & Creative Director.,TNP,,linkedin.com/in/truongwin,,C-Team,blitz,https://www.linkedin.com/company/tnp,Design Services,US,US,pass,unknown,industry unknown
Tshuna,Smith,Tshuna Smith,Owner,Over the Rainbow,,linkedin.com/in/tshuna-smith-1b7baaab,,C-Team,blitz,https://www.linkedin.com/company/over-the-rainbow,Graphic Design,US,FR,pass,unknown,industry unknown
Roderick,Tomlin,Roderick Tomlin,Director of Software Engineering,FMG Suite,fmgsuite.com,linkedin.com/in/tutoringrod,,Director,blitz,https://www.linkedin.com/company/fmg-suite,Advertising Services,US,US,pass,unknown,industry unknown
Tyler,Craven,Tyler Craven,Director of Finance,Minutemen Marketing Group,,linkedin.com/in/tyler-craven-33a739328,,Director,blitz,https://www.linkedin.com/company/minutemen-marketing-group-mmg,Marketing Services,US,US,pass,unknown,industry unknown
Tyler,R.,Tyler R.,Director of Sales,Suzy,suzy.com,linkedin.com/in/tyler-r-1800a794,,Director,blitz,https://www.linkedin.com/company/asksuzy,Market Research,US,US,pass,unknown,industry unknown
Tyrone,Quinn,Tyrone Quinn,Client Development Director,PHMG,phmg.com,linkedin.com/in/tyronequinn,,Director,blitz,https://www.linkedin.com/company/phmg,Advertising Services,GB,GB,pass,unknown,industry unknown
Tyler,Stevens,Tyler Stevens,Enterprise Account Director,FMG Suite,fmgsuite.com,linkedin.com/in/tystevens013,,Director,blitz,https://www.linkedin.com/company/fmg-suite,Advertising Services,US,US,pass,unknown,industry unknown
U,Potvin,U Potvin,Operator/ Owner,AMI Services,,linkedin.com/in/u-potvin-88915547,,C-Team,blitz,https://www.linkedin.com/company/ami-services,Public Relations and Communications Services,US,US,pass,unknown,industry unknown
Ulrich,Oberem,Ulrich Oberem,Geschäftsführer,Messebau Latam,,linkedin.com/in/ulrich-oberem-7324356b,,C-Team,blitz,https://www.linkedin.com/company/messebau,Advertising Services,DE,US,pass,unknown,industry unknown
Ulrik,Krag,Ulrik Krag,director,ncom,,linkedin.com/in/ulrik-krag-016402,,Director,blitz,https://www.linkedin.com/company/ncom,Advertising Services,DK,DK,pass,unknown,industry unknown
Uri,Cohen,Uri Cohen,Co-Founder & CEO,Pumiki Marketing,,linkedin.com/in/urico78,,C-Team,blitz,https://www.linkedin.com/company/pumiki-marketing,Marketing Services,CY,CY,pass,unknown,industry unknown
Usman,Naseem,Usman Naseem,Director,"TELESOLUTIONS NATIONAL SEARCH, INC.",,linkedin.com/in/usman-naseem-5ba55646,,Director,blitz,https://www.linkedin.com/company/telesolutions,Advertising Services,GB,US,pass,unknown,industry unknown
Vadym,Volochniuk,Vadym Volochniuk,Co-Founder,Improve Team,,linkedin.com/in/vadym-volochniuk-701872225,,C-Team,blitz,https://www.linkedin.com/company/improveteam,Advertising Services,UA,UA,pass,unknown,industry unknown
valen,ivan,valen ivan,owner,Flowers & Partners,,linkedin.com/in/valen-ivan-443a2b2b,,C-Team,blitz,https://www.linkedin.com/company/flowers-&-partners,Advertising Services,CY,US,pass,unknown,industry unknown
Valencia,Gayles,Valencia Gayles,Owner,The True Agency,,linkedin.com/in/valencia-gayles-44849a1,,C-Team,blitz,https://www.linkedin.com/company/the-true-agency,Advertising Services,US,US,pass,unknown,industry unknown
Valentin,Fontana,Valentin Fontana,Owner,FS Communications,,linkedin.com/in/valentin-fontana-77b3204,,C-Team,blitz,https://www.linkedin.com/company/fs-communications,Public Relations and Communications Services,CH,US,pass,unknown,industry unknown
Valentina,Pavolini,Valentina Pavolini,Creative Director,Lemon Pop Agency,,linkedin.com/in/valentina-pavolini-a4157a187,,Director,blitz,https://www.linkedin.com/company/lemon-pop-agency,Marketing Services,US,US,pass,unknown,industry unknown
Valentina,Di Micco,Valentina Di Micco,Scrum Master & Senior Art director,Arkage,welcometothearkage.com,linkedin.com/in/valentinadimicco,,Director,blitz,https://www.linkedin.com/company/arkage,,IT,IT,pass,unknown,industry unknown
Valerie,Clark,Valerie Clark,CFO,Heritage Werks,heritagewerks.com,linkedin.com/in/valerie-clark-42a8215,,C-Team,blitz,https://www.linkedin.com/company/heritage-werks,Advertising Services,US,US,pass,unknown,industry unknown
VALERIY,OSTRIVNYI,VALERIY OSTRIVNYI,Chief Executive Officer,WeBrandLab,,linkedin.com/in/valeriy-ostrivniy,,C-Team,blitz,https://www.linkedin.com/company/webrandlab,Advertising Services,UA,UA,pass,unknown,industry unknown
Van Gilder (Gamble),Michelle,Van Gilder (Gamble) Michelle,VP,JVG Co,,linkedin.com/in/van-gilder-gamble-michelle-99433626,,VP,blitz,https://www.linkedin.com/company/jvg-co,Advertising Services,US,US,pass,unknown,industry unknown
Van,Miller,Van Miller,Owner,Miller Consulting Group,,linkedin.com/in/van-miller-b543983,,C-Team,blitz,https://www.linkedin.com/company/miller-consulting-group,Public Relations and Communications Services,US,US,pass,unknown,industry unknown
Vance,Kirby,Vance Kirby,Executive VP,Fanfare Media Works,,linkedin.com/in/vance-kirby-3741a112,,VP,blitz,https://www.linkedin.com/company/fanfare-media-works,Advertising Services,US,US,pass,unknown,industry unknown
Miriam,van Dijk 美丽安,Miriam van Dijk 美丽安,Account Director,PPGH JWT,,linkedin.com/in/vandijkmiriam,,Director,blitz,https://www.linkedin.com/company/ppgh-jwt,Advertising Services,NL,NL,pass,unknown,industry unknown
,,,Chief Executive Officer,Sunshine Media Group,,linkedin.com/in/vanessatechsavvy,,C-Team,blitz,https://www.linkedin.com/company/sunshine-media-group,Advertising Services,US,US,pass,unknown,industry unknown
Vanessa,Walther-Meade,Vanessa Walther-Meade,"Director, Culture Change",BPI Group,bpigroup.com,linkedin.com/in/vanessawaltherm,,Director,blitz,https://www.linkedin.com/company/bully-pulpit-international,Advertising Services,US,US,pass,unknown,industry unknown
Vania,López Castillo,Vania López Castillo,"Senior Director, Paid Media and Partnerships",BPI Group,bpigroup.com,linkedin.com/in/vania-lopez-castillo,,Director,blitz,https://www.linkedin.com/company/bully-pulpit-international,Advertising Services,US,US,pass,unknown,industry unknown
Vanlist,Lee,Vanlist Lee,entrepreneur,Business Partner,,linkedin.com/in/vanlist-lee-62266b3b,,C-Team,blitz,https://www.linkedin.com/company/business-partner,Advertising Services,US,US,pass,unknown,industry unknown
Virginia,Dawson Drake,Virginia Dawson Drake,"Senior Director, Communications & Public Affairs",BPI Group,bpigroup.com,linkedin.com/in/vdawsondrake,,Director,blitz,https://www.linkedin.com/company/bully-pulpit-international,Advertising Services,US,US,pass,unknown,industry unknown
Veronica,Archul,Veronica Archul,Director of Logistics and Inventory Control,The Zrike Company,,linkedin.com/in/veronica-archul-97827a12,,Director,blitz,https://www.linkedin.com/company/the-zrike-company,Graphic Design,US,US,pass,unknown,industry unknown
Veronika,Borysiuk,Veronika Borysiuk,Head of Project Management,WeBrandLab,,linkedin.com/in/veronika-borysiuk,,Director,blitz,https://www.linkedin.com/company/webrandlab,Advertising Services,UA,UA,pass,unknown,industry unknown
Vicki,Gardiner,Vicki Gardiner,Owner,Initials,,linkedin.com/in/vicki-gardiner-10578b6,,C-Team,blitz,https://www.linkedin.com/company/initials,Advertising Services,US,US,pass,unknown,industry unknown
Vicki,Stout,Vicki Stout,"Owner/Mgr VS Prop Inspection Service, Inc",Starstream Communications,,linkedin.com/in/vicki-stout-880b4522,,C-Team,blitz,https://www.linkedin.com/company/starstream-communications,Advertising Services,US,US,pass,unknown,industry unknown
Vickie,Henry,Vickie Henry,CEO,"Feedback Plus, Inc.",,linkedin.com/in/vickie-henry-50a61914,,C-Team,blitz,https://www.linkedin.com/company/feedback-plus-inc.,Market Research,US,US,pass,unknown,industry unknown
Vickie,Hicks,Vickie Hicks,Owner,Vickies Cleaning Services,,linkedin.com/in/vickie-hicks-3a49142b,,C-Team,blitz,https://www.linkedin.com/company/vickies-cleaning-services,Events Services,US,US,pass,unknown,industry unknown
Vicky,Kinasz,Vicky Kinasz,Managing Director,Logistix,,linkedin.com/in/vicky-kinasz-56923a1,,C-Team,blitz,https://www.linkedin.com/company/logistix,Advertising Services,GB,US,pass,unknown,industry unknown
Vicky,Wood,Vicky Wood,Account Director,Ocean Design,,linkedin.com/in/vicky-wood-9373ba2,,Director,blitz,https://www.linkedin.com/company/ocean-design,Design Services,GB,US,pass,unknown,industry unknown
Victoire,de Piédoue d'Héritot,Victoire de Piédoue d'Héritot,Co-fondateur,WeShareTrust,wesharetrust.com,linkedin.com/in/victoire-de-piédoue-d-héritot-950962ab,,C-Team,blitz,https://www.linkedin.com/company/wesharetrust,,FR,FR,pass,unknown,industry unknown
Victor,Ayala,Victor Ayala,CEO,The Guild Group,,linkedin.com/in/victor-ayala-7887926,,C-Team,blitz,https://www.linkedin.com/company/the-guild-group,Advertising Services,US,US,pass,unknown,industry unknown
Victor,C.,Victor C.,Entrepreneur indépendant,Moi-meme,,linkedin.com/in/victor-c-2b78b5312,,C-Team,blitz,https://www.linkedin.com/company/moi-meme,Graphic Design,FR,FR,pass,unknown,industry unknown
Victor,Fleury Ponsin,Victor Fleury Ponsin,Fondateur,Ombre,,linkedin.com/in/victor-fleury-ponsin-a01094137,,C-Team,blitz,https://www.linkedin.com/company/ombre-agence,Design Services,FR,FR,pass,unknown,industry unknown
Victor,Garber,Victor Garber,Program Director,Conference Series,,linkedin.com/in/victor-garber-634b5b209,,Director,blitz,https://www.linkedin.com/company/conference-series-llc,Events Services,GB,US,pass,unknown,industry unknown
Victor,Klefelt,Victor Klefelt,Art Director,The Barn Sweden,,linkedin.com/in/victor-klefelt-b36a03103,,Director,blitz,https://www.linkedin.com/company/the-barn-sweden,Advertising Services,SE,US,pass,unknown,industry unknown
Victor,Rojas,Victor Rojas,IT Director,"BOYS & GIRLS CLUB OF GREATER HOLYOKE, INC.",hbgc.org,linkedin.com/in/victor-rojas-1b05931b,,Director,blitz,https://www.linkedin.com/company/boys-&-girls-club-of-greater-holyoke-inc-,Design Services,US,US,pass,unknown,industry unknown
Victor,Vachon,Victor Vachon,Directeur commercial,EBRA Médias Rhône-Alpes PACA,,linkedin.com/in/victor-vachon-aab09421,,Director,blitz,https://www.linkedin.com/company/ebra-medias-rhone-alpes-paca,Advertising Services,FR,FR,pass,unknown,industry unknown
Víctor,Zambrana,Víctor Zambrana,Co Fundador & Ghostwriter,Anónimos,,linkedin.com/in/victor-zambrana-ghostwriter,,C-Team,blitz,https://www.linkedin.com/company/anonimos,Marketing Services,ES,US,pass,unknown,industry unknown
Victor,Arroyo,Victor Arroyo,Owner,Kreativa,,linkedin.com/in/victorarroyo54,,C-Team,blitz,https://www.linkedin.com/company/kreativa,Advertising Services,US,US,pass,unknown,industry unknown
victoria,augustus,victoria augustus,Owner,-V- Workshop Studio,,linkedin.com/in/victoria-augustus-b3833a31,,C-Team,blitz,https://www.linkedin.com/company/-v--workshop-studio,Design Services,US,ES,pass,unknown,industry unknown
Victoria,Cran,Victoria Cran,Director of Racquets,Eastern Yacht Club,,linkedin.com/in/victoria-cran-062046246,,Director,blitz,https://www.linkedin.com/company/eastern-yacht-club,Public Relations and Communications Services,US,US,pass,unknown,industry unknown
Victoria,Salyers,Victoria Salyers,community relations director,Ground Zero,,linkedin.com/in/victoria-salyers-5352a119,,Director,blitz,https://www.linkedin.com/company/ground-zero,Advertising Services,US,US,pass,unknown,industry unknown
Victoria,Walls,Victoria Walls,CEO,Adville/USA,,linkedin.com/in/victoria-walls-1308a814,,C-Team,blitz,https://www.linkedin.com/company/advilleusa,Advertising Services,US,US,pass,unknown,industry unknown
Victoria,Coffey,Victoria Coffey,Director of Finance,Minutemen Marketing Group,,linkedin.com/in/victoriadcoffey,,Director,blitz,https://www.linkedin.com/company/minutemen-marketing-group-mmg,Marketing Services,US,US,pass,unknown,industry unknown
Viktoriia,O.,Viktoriia O.,Head of HR and Recruitment,Scrambly,scrambly.io,linkedin.com/in/viktoriia-ob,,Director,blitz,https://www.linkedin.com/company/scrambly,,PL,IT,pass,unknown,industry unknown
Viktoriia,Yushchenko,Viktoriia Yushchenko,Head of Project Management Department,WeBrandLab,,linkedin.com/in/viktoriia-yushchenko-72a035185,,Director,blitz,https://www.linkedin.com/company/webrandlab,Advertising Services,UA,UA,pass,unknown,industry unknown
Vilita,Benzz,Vilita Benzz,Business Owner,Clothes Design,,linkedin.com/in/vilita-benzz-070656270,,C-Team,blitz,https://www.linkedin.com/company/clothes-design,Graphic Design,US,US,pass,unknown,industry unknown
Vince,Damato,Vince Damato,VP/Sales,Mohawk Marketing,,linkedin.com/in/vince-damato-b190933,,VP,blitz,https://www.linkedin.com/company/mohawk-marketing,Advertising Services,US,US,pass,unknown,industry unknown
Vince,DeYoung,Vince DeYoung,Sr Sales Director,Young & Rubican,,linkedin.com/in/vince-deyoung-9641631,,Director,blitz,https://www.linkedin.com/company/young-&-rubican,Advertising Services,US,US,pass,unknown,industry unknown
Vince,Nelson,Vince Nelson,Owner,Ocean Design,,linkedin.com/in/vince-nelson-292511,,C-Team,blitz,https://www.linkedin.com/company/ocean-design,Design Services,US,US,pass,unknown,industry unknown
Vince,DiNatale,Vince DiNatale,Founder,Solid State Marketing,solidstatemarketing.com,linkedin.com/in/vincedinatale,,C-Team,blitz,https://www.linkedin.com/company/solidstatemarketing,Advertising Services,US,US,pass,unknown,industry unknown
Vincent,Blécon,Vincent Blécon,Directeur général,ACTE2,,linkedin.com/in/vincent-blécon-301b9911,,C-Team,blitz,https://www.linkedin.com/company/acte-2,Events Services,FR,FR,pass,unknown,industry unknown
Vincent,BRONDY,Vincent BRONDY,Directeur de Production,Market Place,,linkedin.com/in/vincent-brondy-16b78751,,Director,blitz,https://www.linkedin.com/company/market-place,Events Services,FR,FR,pass,unknown,industry unknown
Vincent,Fournout,Vincent Fournout,Managing Director,Textuel,,linkedin.com/in/vincent-fournout-236158,,C-Team,blitz,https://www.linkedin.com/company/textuel,Advertising Services,FR,FR,pass,unknown,industry unknown
Vincent,Ta,Vincent Ta,Vice Chairman,Socialzing,,linkedin.com/in/vincent-ta-34a86765,,C-Team,blitz,https://www.linkedin.com/company/qs2,Advertising Services,US,US,pass,unknown,industry unknown
Vincent,Trujillo,Vincent Trujillo,Directeur Général,Image Media,,linkedin.com/in/vincent-trujillo-102038a6,,C-Team,blitz,https://www.linkedin.com/company/image-media,Advertising Services,FR,US,pass,unknown,industry unknown
Vincenzo,Sarno,Vincenzo Sarno,Head of Property Business Development,SERGIO BONELLI EDITORE S.P.A.,,linkedin.com/in/vincenzo-sarno-5a2ab5b,,Director,blitz,https://www.linkedin.com/company/sergio-bonelli-editore-s.p.a.,Advertising Services,IT,IT,pass,unknown,industry unknown
Vinet,Pierre,Vinet Pierre,Directeur général,Bweez,,linkedin.com/in/vinet-pierre-b1979b5b,,C-Team,blitz,https://www.linkedin.com/company/bweez,Design Services,FR,FR,pass,unknown,industry unknown
Virgile,Costa,Virgile Costa,CEO,La Terrasse,,linkedin.com/in/virgile-costa,,C-Team,blitz,https://www.linkedin.com/company/la-terrasse1,Events Services,FR,FR,pass,unknown,industry unknown
Virginia,de la Fuente Calvo,Virginia de la Fuente Calvo,CMO,Firenze Progetti España sl,,linkedin.com/in/virginiadelafuentecalvo,,C-Team,blitz,https://www.linkedin.com/company/firenze-progetti-espa-a-sl,Design Services,ES,ES,pass,unknown,industry unknown
virginie,marteau,virginie marteau,auto entrepreneur,B-druk,,linkedin.com/in/virginie-marteau-a2781a29,,C-Team,blitz,https://www.linkedin.com/company/bdruk,Advertising Services,FR,BE,pass,unknown,industry unknown
Vito,Chinelli,Vito Chinelli,Business Development Director,Allaxia,,linkedin.com/in/vito-chinelli-24b7131,,Director,blitz,https://www.linkedin.com/company/allaxia,Advertising Services,IT,IT,pass,unknown,industry unknown
Vivian,Wouters,Vivian Wouters,Eigenaar,V Events,,linkedin.com/in/vivian-wouters-1bb921211,,C-Team,blitz,https://www.linkedin.com/company/v-events,Events Services,NL,US,pass,unknown,industry unknown
Viviana,Varese,Viviana Varese,Proprietaria dei ristoranti POLPO Semplicemnte Pesce e FAAK cibo e vino a ribellione naturale,ALICETTE S.R.L.,,linkedin.com/in/viviana-varese-b80867173,,C-Team,blitz,https://www.linkedin.com/company/alicette-s.r.l.,Events Services,IT,IT,pass,unknown,industry unknown
Vivienne,MacLaren FCIM,Vivienne MacLaren FCIM,Portfolio Marketing Director; Marketing Consultant,The Marketing Centre,themarketingcentre.com,linkedin.com/in/viviennemaclaren,,Director,blitz,https://www.linkedin.com/company/the-marketing-centre,Advertising Services,GB,GB,pass,unknown,industry unknown
Vladyslav,Shtipelman,Vladyslav Shtipelman,Идейный вдохновитель & CEO,Partner Ukraine,,linkedin.com/in/vladyslav-shtipelman-19237b114,,C-Team,blitz,https://www.linkedin.com/company/%d0%be%d0%be%d0%be-%d0%bf%d0%b0%d1%80%d1%82%d0%bd%d0%b5%d1%80-%d0%b0%d0%bb%d1%8c%d1%8f%d0%bd%d1%81-,Advertising Services,UA,US,pass,unknown,industry unknown
Volker,Kraus,Volker Kraus,Managing Director / Owner,Fashy,,linkedin.com/in/volker-kraus-a5121874,,C-Team,blitz,https://www.linkedin.com/company/fashy,Design Services,DE,US,pass,unknown,industry unknown
VSM,Advertising,VSM Advertising,Vice President,VSM Advertising,,linkedin.com/in/vsm-advertising-429aa5154,,VP,blitz,https://www.linkedin.com/company/vsm-advertising,Advertising Services,US,US,pass,unknown,industry unknown
Wadene,Johnston,Wadene Johnston,Owner,Southern Marketing Associates,,linkedin.com/in/wadene-johnston-8a70845,,C-Team,blitz,https://www.linkedin.com/company/creative-marketing-associates,Advertising Services,US,US,pass,unknown,industry unknown
Wajid,Khan,Wajid Khan,Senior Client Care Director (Premium & Strategic Accounts),PHMG,phmg.com,linkedin.com/in/wajid-khan-144880198,,Director,blitz,https://www.linkedin.com/company/phmg,Advertising Services,GB,GB,pass,unknown,industry unknown
Walter,Torres,Walter Torres,Senior Director,BPI Group,bpigroup.com,linkedin.com/in/walter-torres-040664189,,Director,blitz,https://www.linkedin.com/company/bully-pulpit-international,Advertising Services,US,US,pass,unknown,industry unknown
Danny,Ware,Danny Ware,Chief Revenue Officer,Community Builders Advisory Services,,linkedin.com/in/warejda,,C-Team,blitz,https://www.linkedin.com/company/community-builders-advisory-services,Market Research,US,US,pass,unknown,industry unknown
Warren,Alcock,Warren Alcock,Owner,Pravda,,linkedin.com/in/warren-alcock-6771717,,C-Team,blitz,https://www.linkedin.com/company/pravda,Advertising Services,MT,US,pass,unknown,industry unknown
Warren,Nelson,Warren Nelson,President,My Shopping Community,,linkedin.com/in/warren-nelson-b644291,,C-Team,blitz,https://www.linkedin.com/company/my-shopping-community,Advertising Services,US,US,pass,unknown,industry unknown
Bryan,Watt,Bryan Watt,Senior Director,BPI Group,bpigroup.com,linkedin.com/in/wattbryan,,Director,blitz,https://www.linkedin.com/company/bully-pulpit-international,Advertising Services,US,US,pass,unknown,industry unknown
Wayne,Ellis,Wayne Ellis,"Director, Internet Marketing","Sports America, Inc.",,linkedin.com/in/wayne-ellis-7857443,,Director,blitz,https://www.linkedin.com/company/sports-america-inc.,Events Services,US,US,pass,unknown,industry unknown
Wayne,Goodreau,Wayne Goodreau,"Senior Director, Market Research",Suzy,suzy.com,linkedin.com/in/wayne-goodreau-4458815,,Director,blitz,https://www.linkedin.com/company/asksuzy,Market Research,US,US,pass,unknown,industry unknown
Wayne,MacManiman,Wayne MacManiman,Employer Telations Director for PA,Seiu Local 32 Bj,,linkedin.com/in/wayne-macmaniman-467a47b6,,Director,blitz,https://www.linkedin.com/company/seiu-local-32-bj,Graphic Design,US,US,pass,unknown,industry unknown
Wayne,Skains,Wayne Skains,owner,LPC Public Relations,,linkedin.com/in/wayne-skains-bb56b97,,C-Team,blitz,https://www.linkedin.com/company/lpc-public-relations,Public Relations and Communications Services,US,US,pass,unknown,industry unknown
Colin,W.,Colin W.,Owner/Founder,Paradise Promotions,,linkedin.com/in/weinst27,,C-Team,blitz,https://www.linkedin.com/company/paradise-promotions,Events Services,US,US,pass,unknown,industry unknown
Wendy,Knapp,Wendy Knapp,SVP Business Development,CorpLogoWare,,linkedin.com/in/wendy-knapp-bb623b5,,VP,blitz,https://www.linkedin.com/company/corplogoware,Advertising Services,US,US,pass,unknown,industry unknown
Wendy,McLaughlin,Wendy McLaughlin,Vice President - Brokerage,Mokrynskidirect,,linkedin.com/in/wendy-mclaughlin-0945201,,VP,blitz,https://www.linkedin.com/company/mokrynskidirect,Advertising Services,US,US,pass,unknown,industry unknown
Wendy,W.,Wendy W.,Chief Investment Officer,NWM,,linkedin.com/in/wendy-w-5b217b8,,C-Team,blitz,https://www.linkedin.com/company/nwm,Advertising Services,US,US,pass,unknown,industry unknown
Wendy,Watkins,Wendy Watkins,Owner,Collaborations,,linkedin.com/in/wendy-watkins-591b961,,C-Team,blitz,https://www.linkedin.com/company/collaborations,Advertising Services,US,US,pass,unknown,industry unknown
Wendy,Schaap,Wendy Schaap,Only Entrepreneur,Only Entrepreneurs,only.nl,linkedin.com/in/wendyschaap,,C-Team,blitz,https://www.linkedin.com/company/only-creative-entrepreneurs,,NL,NL,pass,unknown,industry unknown
Wes,Ball,Wes Ball,UK Head of Public Affairs,BPI Group,bpigroup.com,linkedin.com/in/wes-ball-71691733,,Director,blitz,https://www.linkedin.com/company/bully-pulpit-international,Advertising Services,GB,US,pass,unknown,industry unknown
Wesley,King,Wesley King,VP,QuA Associates,,linkedin.com/in/wesley-king-ab172b7,,VP,blitz,https://www.linkedin.com/company/qua-associates,Design Services,US,NL,pass,unknown,industry unknown
Westt,Thomas,Westt Thomas,Chairman Of The Executive Board,Steakout Restaurant,,linkedin.com/in/westt-thomas-8100a1229,,C-Team,blitz,https://www.linkedin.com/company/steakout-restaurant,Public Relations and Communications Services,US,US,pass,unknown,industry unknown
"Whillis,",James,"Whillis, James",Client Director,Joshua,,linkedin.com/in/whillis-james-45199a8,,Director,blitz,https://www.linkedin.com/company/joshua,Advertising Services,GB,GB,pass,unknown,industry unknown
Whitney,Jahn,Whitney Jahn,Co-Owner,Silverado Jewelry Gallery,,linkedin.com/in/whitney-jahn-674b151b8,,C-Team,blitz,https://www.linkedin.com/company/silverado-jewelry-gallery,Advertising Services,US,US,pass,unknown,industry unknown
Wilbur,Unrau,Wilbur Unrau,President,BS Central Inc.,,linkedin.com/in/wilbur-unrau-4a37a59a,,C-Team,blitz,https://www.linkedin.com/company/roosevelt-valley-special-education-co-op,Graphic Design,US,US,pass,unknown,industry unknown
Wilda,Acosta Mesa,Wilda Acosta Mesa,Independent Consultant/Director,Paparazzi,,linkedin.com/in/wilda-acosta-mesa-776bb6bb,,Director,blitz,https://www.linkedin.com/company/paparazzi,Advertising Services,US,US,pass,unknown,industry unknown
Will,Allen,Will Allen,Owner,Ground Zero,,linkedin.com/in/will-allen-91711b6,,C-Team,blitz,https://www.linkedin.com/company/ground-zero,Advertising Services,US,US,pass,unknown,industry unknown
Will,Burke,Will Burke,"Founder, CEO, Chief Strategy and Design Officer",Brand Engine,,linkedin.com/in/willburkethinkpink,,C-Team,blitz,https://www.linkedin.com/company/brand-engine,Design Services,US,US,pass,unknown,industry unknown
William,Bailey,William Bailey,CEO,Tarantula,,linkedin.com/in/william-bailey-5593a74,,C-Team,blitz,https://www.linkedin.com/company/tarantula,Advertising Services,US,GB,pass,unknown,industry unknown
"William ""Billy""",Mitchell,"William ""Billy"" Mitchell",President,Southern Marketing Associates,,linkedin.com/in/william-billy-mitchell-b6a142b4,,C-Team,blitz,https://www.linkedin.com/company/creative-marketing-associates,Advertising Services,US,US,pass,unknown,industry unknown
William,Bloomstein,William Bloomstein,"Vice President, Creative Services",Optimum International,,linkedin.com/in/william-bloomstein-9401a81,,VP,blitz,https://www.linkedin.com/company/optimum-international,Advertising Services,US,US,pass,unknown,industry unknown
William,Carey,William Carey,President,Lunch,,linkedin.com/in/william-carey-b308,,C-Team,blitz,https://www.linkedin.com/company/lunch,Advertising Services,US,US,pass,unknown,industry unknown
William,Gilbert,William Gilbert,Independent Business Owner,fake page,,linkedin.com/in/william-gilbert-585a20173,,C-Team,blitz,https://www.linkedin.com/company/fake12344dfasdf,Advertising Services,US,US,pass,unknown,industry unknown
William,H.,William H.,Client Care Director,PHMG,phmg.com,linkedin.com/in/william-h-b5a169260,,Director,blitz,https://www.linkedin.com/company/phmg,Advertising Services,GB,GB,pass,unknown,industry unknown
William,Neal,William Neal,Senior Partner,SDR Consulting,,linkedin.com/in/william-neal-57aa71,,C-Team,blitz,https://www.linkedin.com/company/sdr-consulting,Market Research,US,US,pass,unknown,industry unknown
William,Torrillo,William Torrillo,Owner,Mango Media,,linkedin.com/in/william-torrillo-18a465167,,C-Team,blitz,https://www.linkedin.com/company/mango-media,Design Services,US,US,pass,unknown,industry unknown
William,Valentine,William Valentine,Senior VP National Sales,Marketing Alliance Group,mktalliance.com,linkedin.com/in/william-valentine-715b22125,,VP,blitz,https://www.linkedin.com/company/marketing-alliance-group,Advertising Services,US,US,pass,unknown,industry unknown
Willie,Irby,Willie Irby,Business Owner,Ic Communications,,linkedin.com/in/willie-irby-a43321144,,C-Team,blitz,https://www.linkedin.com/company/ic-communications,Advertising Services,US,US,pass,unknown,industry unknown
Will,Schoeffler,Will Schoeffler,Director,BPI Group,bpigroup.com,linkedin.com/in/willschoeff,,Director,blitz,https://www.linkedin.com/company/bully-pulpit-international,Advertising Services,US,US,pass,unknown,industry unknown
Wim,Andréa,Wim Andréa,managing partner,PPGH JWT,,linkedin.com/in/wim-andréa-763a1,,C-Team,blitz,https://www.linkedin.com/company/ppgh-jwt,Advertising Services,NL,NL,pass,unknown,industry unknown
Witold,Walecki,Witold Walecki,Finance Director,Mediatak,,linkedin.com/in/witold-walecki-50b81a1,,Director,blitz,https://www.linkedin.com/company/mediatak,Advertising Services,PL,US,pass,unknown,industry unknown
Wolfgang,Ploeger,Wolfgang Ploeger,director research & consulting,Sinus Sociovision,,linkedin.com/in/wolfgang-ploeger-0678872,,Director,blitz,https://www.linkedin.com/company/sinus-sociovision,Market Research,DE,DE,pass,unknown,industry unknown
wolfgang,ploeger,wolfgang ploeger,Director Research & Consulting,Sinus Sociovision,,linkedin.com/in/wolfgang-ploeger-b5182b7,,Director,blitz,https://www.linkedin.com/company/sinus-sociovision,Market Research,DE,DE,pass,unknown,industry unknown
Chloe Jisun,Yoon,Chloe Jisun Yoon,Owner,Un,,linkedin.com/in/wooangee,,C-Team,blitz,https://www.linkedin.com/company/unplugged,Advertising Services,US,US,pass,unknown,industry unknown
Shawn,Woodward,Shawn Woodward,"Senior Director, Client Finance",Vaniam Group,vaniamgroup.com,linkedin.com/in/woodwardshawn,,Director,blitz,https://www.linkedin.com/company/vaniam-group,Advertising Services,US,US,pass,unknown,industry unknown
Xavier,Malbrancke,Xavier Malbrancke,CFO,ZOUTE GRAND PRIX,,linkedin.com/in/xavier-malbrancke-273b71136,,C-Team,blitz,https://www.linkedin.com/company/zoutegrandprix,Events Services,BE,BE,pass,unknown,industry unknown
Xavier,Pons,Xavier Pons,Director General,Pulsa Media,,linkedin.com/in/xavier-pons-a389588,,Director,blitz,https://www.linkedin.com/company/pulsa-media-consulting,Advertising Services,ES,ES,pass,unknown,industry unknown
Xavier,Ramirez,Xavier Ramirez,Head of Sales,PHMG,phmg.com,linkedin.com/in/xavier-ramirez-98a407198,,Director,blitz,https://www.linkedin.com/company/phmg,Advertising Services,US,GB,pass,unknown,industry unknown
yane,pu,yane pu,owner,P.P.C.M. - Progressive People' s Cooperative Marketing,,linkedin.com/in/yane-pu-9b308515,,C-Team,blitz,https://www.linkedin.com/company/p.p.c.m.---progressive-people'-s-cooperative-marketing,Advertising Services,US,LV,pass,unknown,industry unknown
Yanery,De Leon,Yanery De Leon,Managing Director,Americas Media Group,,linkedin.com/in/yanery-de-leon-7109a11,,C-Team,blitz,https://www.linkedin.com/company/americas-media-group,Advertising Services,US,US,pass,unknown,industry unknown
Yannick,Müller,Yannick Müller,Geschäftsführer,Rok Gastro AG,,linkedin.com/in/yannick-müller-20b621182,,C-Team,blitz,https://www.linkedin.com/company/rok-gastro-ag,Events Services,CH,US,pass,unknown,industry unknown
Yarek,Nibursky,Yarek Nibursky,VP of Sales,Mohawk Marketing,,linkedin.com/in/yarek-nibursky-a2a8998,,VP,blitz,https://www.linkedin.com/company/mohawk-marketing,Advertising Services,US,US,pass,unknown,industry unknown
Yeray,Páramo,Yeray Páramo,Director,Movistar Barcelona Extreme,,linkedin.com/in/yeray-páramo-552270126,,Director,blitz,https://www.linkedin.com/company/movistar-barcelona-extreme,Advertising Services,ES,ES,pass,unknown,industry unknown
Yuval,Etinger,Yuval Etinger,"Web Products, Partner",Moburst - Growth Done Right,moburst.com,linkedin.com/in/yetinger,,C-Team,blitz,https://www.linkedin.com/company/moburst,Advertising Services,US,US,pass,unknown,industry unknown
Yoan,Terzyiski,Yoan Terzyiski,Co-Director of Professional Development,Minutemen Marketing Group,,linkedin.com/in/yoan-terzyiski,,Director,blitz,https://www.linkedin.com/company/minutemen-marketing-group-mmg,Marketing Services,US,US,pass,unknown,industry unknown
Yoanna,Miteva,Yoanna Miteva,Client Service Director,PHMG,phmg.com,linkedin.com/in/yoanna-miteva-425397232,,Director,blitz,https://www.linkedin.com/company/phmg,Advertising Services,GB,GB,pass,unknown,industry unknown
YOHAN,ABDESLAM,YOHAN ABDESLAM,Directeur d’exploitation,JARDEL SERVICES,,linkedin.com/in/yohan-abdeslam-194b4a147,,Director,blitz,https://www.linkedin.com/company/jardel-services,Market Research,FR,FR,pass,unknown,industry unknown
Yoly,Garcia,Yoly Garcia,Managing Director,Americas Media Group,,linkedin.com/in/yoly-garcia-38a8495,,C-Team,blitz,https://www.linkedin.com/company/americas-media-group,Advertising Services,US,US,pass,unknown,industry unknown
Yon,Herbert,Yon Herbert,President,Connecting,,linkedin.com/in/yon-herbert-8664bb,,C-Team,blitz,https://www.linkedin.com/company/connecting,Public Relations and Communications Services,US,US,pass,unknown,industry unknown
York,Baur,York Baur,"EVP, Business Development",180solutions,,linkedin.com/in/york-baur-3a67761,,VP,blitz,https://www.linkedin.com/company/180solutions,Advertising Services,US,US,pass,unknown,industry unknown
Ashley,Siebels,Ashley Siebels,Senior Art Director,BPI Group,bpigroup.com,linkedin.com/in/yosiebels,,Director,blitz,https://www.linkedin.com/company/bully-pulpit-international,Advertising Services,US,US,pass,unknown,industry unknown
Youngbok,Kim,Youngbok Kim,Owner,Helena Plays Games,,linkedin.com/in/youngbok-kim-523202183,,C-Team,blitz,https://www.linkedin.com/company/helenaplaysgames,Advertising Services,US,GB,pass,unknown,industry unknown
Yuri,Pinheiro,Yuri Pinheiro,Co-Founder,I Hate Media,,linkedin.com/in/yuri-pinheiro-23b84a247,,C-Team,blitz,https://www.linkedin.com/company/nextdigital-01,Marketing Services,US,US,pass,unknown,industry unknown
Yuriy,Perets,Yuriy Perets,Director,Piment,,linkedin.com/in/yuriy-perets-4822b51,,Director,blitz,https://www.linkedin.com/company/piment,Advertising Services,UA,FR,pass,unknown,industry unknown
Melody,Y.,Melody Y.,CMO & Co-founder,O.M.G Entertainment,omgbayarea.com,linkedin.com/in/yuxi-yuan,,C-Team,blitz,https://www.linkedin.com/company/o-m-g-entertainment,Marketing Services,US,US,pass,unknown,industry unknown
Yvonne,Tocquigny,Yvonne Tocquigny,ceo,Tocquigny,,linkedin.com/in/yvonne-tocquigny-7534a37,,C-Team,blitz,https://www.linkedin.com/company/tocquigny,Advertising Services,US,US,pass,unknown,industry unknown
Zachary,Sabatino,Zachary Sabatino,Client Care Director,PHMG,phmg.com,linkedin.com/in/zachary-sabatino-61b480106,,Director,blitz,https://www.linkedin.com/company/phmg,Advertising Services,GB,GB,pass,unknown,industry unknown
Zachary,Simpson,Zachary Simpson,Client Care Director,PHMG,phmg.com,linkedin.com/in/zachary-simpson-0aa190208,,Director,blitz,https://www.linkedin.com/company/phmg,Advertising Services,GB,GB,pass,unknown,industry unknown
Zack,Murillo,Zack Murillo,Senior Director of Corporate Development,FMG Suite,fmgsuite.com,linkedin.com/in/zack-murillo-34a0ab119,,Director,blitz,https://www.linkedin.com/company/fmg-suite,Advertising Services,US,US,pass,unknown,industry unknown
Petar,Zagorski,Petar Zagorski,Managing Director,BULIT,,linkedin.com/in/zagorskey,,C-Team,blitz,https://www.linkedin.com/company/bulit,Graphic Design,GB,GB,pass,unknown,industry unknown
Zahari,Radev,Zahari Radev,CEO/CDO,RADEV,,linkedin.com/in/zahari-radev-b9673968,,C-Team,blitz,https://www.linkedin.com/company/radev-design,Design Services,DE,US,pass,unknown,industry unknown
ZAMFIROIU,OVIDIU,ZAMFIROIU OVIDIU,DIRECTOR,PR Communications,,linkedin.com/in/zamfiroiu-ovidiu-32767252,,Director,blitz,https://www.linkedin.com/company/pr-communications,Public Relations and Communications Services,RO,US,pass,unknown,industry unknown
ZanieeBoa,Cam,ZanieeBoa Cam,CEO,On One LLC.,,linkedin.com/in/zanieeboa-cam-1b0392142,,C-Team,blitz,https://www.linkedin.com/company/on-one-llc-,Advertising Services,US,US,pass,unknown,industry unknown
Zeeshan,Hussain,Zeeshan Hussain,Sales Director,Taking a Break,,linkedin.com/in/zeeshan-hussain-a1b107203,,Director,blitz,https://www.linkedin.com/company/taking-a-break-2020,Advertising Services,GB,US,pass,unknown,industry unknown
Zella,May,Zella May,Owner,Z GROUP PLC,,linkedin.com/in/zella-may-0661b13,,C-Team,blitz,https://www.linkedin.com/company/z-group-plc,Graphic Design,US,GB,pass,unknown,industry unknown
Jennifer,Rowland,Jennifer Rowland,Owner,Zenergy,,linkedin.com/in/zenergyfitness,,C-Team,blitz,https://www.linkedin.com/company/zenergy,Design Services,US,US,pass,unknown,industry unknown
Zeta,Triantafillou,Zeta Triantafillou,art director,Bold Ogilvy,,linkedin.com/in/zeta-triantafillou-06564121,,Director,blitz,https://www.linkedin.com/company/bold-ogilvy,Advertising Services,GR,US,pass,unknown,industry unknown
Zeeshan,Idrees,Zeeshan Idrees,Founder and CEO,IndustryGeniuses,industrygeniuses.com,linkedin.com/in/zidrees,,C-Team,blitz,https://www.linkedin.com/company/industrygeniuses,,GB,GB,pass,unknown,industry unknown
Zihua,Wang,Zihua Wang,CEO,I have no past,,linkedin.com/in/zihua-wang-069a252a9,,C-Team,blitz,https://www.linkedin.com/company/i-have-no-past,Design,DE,US,pass,unknown,industry unknown
Zobenia,Jefferson,Zobenia Jefferson,Director,Public Relations Partners,,linkedin.com/in/zobenia-jefferson-96859b38,,Director,blitz,https://www.linkedin.com/company/public-relations-partners,Public Relations and Communications Services,GB,US,pass,unknown,industry unknown
Zoe,Dilks,Zoe Dilks,owner,Face Value,,linkedin.com/in/zoe-dilks-590b0a1a,,C-Team,blitz,https://www.linkedin.com/company/face-value,Advertising Services,GB,US,pass,unknown,industry unknown
Zvi,Ertel,Zvi Ertel,President/CEO,Dana-co LLC,dana-co.com,linkedin.com/in/zvi-ertel-b2a5a5193,,C-Team,blitz,https://www.linkedin.com/company/dana-co-llc,Design Services,US,US,pass,unknown,industry unknown
Артем,Тарновский,Артем Тарновский,Head of Sales Department,Partner Ukraine,,linkedin.com/in/артем-тарновский-2b47612a6,,Director,blitz,https://www.linkedin.com/company/%d0%be%d0%be%d0%be-%d0%bf%d0%b0%d1%80%d1%82%d0%bd%d0%b5%d1%80-%d0%b0%d0%bb%d1%8c%d1%8f%d0%bd%d1%81-,Advertising Services,UA,US,pass,unknown,industry unknown
Роман,Король,Роман Король,CEO,NDA,,linkedin.com/in/роман-король-2072bb22b,,C-Team,blitz,https://www.linkedin.com/company/ndamarketing,Marketing Services,UA,US,pass,unknown,industry unknown
Роман,Шолох,Роман Шолох,Head of Link Building,TrafficConnect,,linkedin.com/in/роман-шолох-627a3221b,,Director,blitz,https://www.linkedin.com/company/trafficconnect,Marketing Services,UA,US,pass,unknown,industry unknown
