first_name,last_name,full_name,title,company_name,company_domain,linkedin_url,email,seniority,source,company_linkedin_url,industry,person_country,company_country,title_check,icp_fit,fit_reason
Laura,Hoffmann,Laura Hoffmann,Marketing Director and Corporate Sales Recruiter,The Sales Group,,linkedin.com/in/100263,,Director,blitz,https://www.linkedin.com/company/the-sales-group,Staffing and Recruiting,US,US,pass,unknown,industry unknown
Linda,Alvarado,Linda Alvarado,Owner,Bella Bella Salon,,linkedin.com/in/1lindamramos,,C-Team,blitz,https://www.linkedin.com/company/bella-bella-salon,Human Resources,US,US,pass,unknown,industry unknown
Aalesha,Morris,Aalesha Morris,Director of Office & Event Management,RightClick,findtherightclick.com,linkedin.com/in/aaleshamorris,,Director,blitz,https://www.linkedin.com/company/rightclick,,US,US,pass,unknown,industry unknown
Aanshi,"Patel, CCWP","Aanshi Patel, CCWP",Head of Marketing & Branding,Apidel Technologies,apideltech.com,linkedin.com/in/aanshi-patel-ccwp-91a103198,,Director,blitz,https://www.linkedin.com/company/apidel-technologies,,US,US,pass,unknown,industry unknown
Abbas,Kouhkan,Abbas Kouhkan,Managing Partner,Strategic Business Consultants,,linkedin.com/in/abbas-kouhkan-6171aa10,,C-Team,blitz,https://www.linkedin.com/company/strategic-business-consultants,Human Resources Services,US,US,pass,unknown,industry unknown
Abdennour,KAHIL,Abdennour KAHIL,Directeur d’hôtel,SERGIC SERVICES HOTELIERS,,linkedin.com/in/abdennour-kahil-437b6a1b7,,Director,blitz,https://www.linkedin.com/company/sergic-services-hoteliers,Staffing and Recruiting,FR,FR,pass,unknown,industry unknown
Abdoulaye,CAMARA,Abdoulaye CAMARA,Directeur de Résidences chez SERGIC,SERGIC SERVICES HOTELIERS,,linkedin.com/in/abdoulaye-camara-431aab186,,Director,blitz,https://www.linkedin.com/company/sergic-services-hoteliers,Staffing and Recruiting,FR,FR,pass,unknown,industry unknown
Abe,Avdiyovski,Abe Avdiyovski,Managing Director - Middle East,Talents First - Executive Search & Selection,talentsfirst.com,linkedin.com/in/abe-avdiyovski-1438977,,C-Team,blitz,https://www.linkedin.com/company/talents-first,,GB,FR,pass,unknown,industry unknown
abhishek,singh,abhishek singh,Sr. Director,KYYBA Inc,kyyba.com,linkedin.com/in/abhishekksingh20,,Director,blitz,https://www.linkedin.com/company/kyyba-inc,,US,US,pass,unknown,industry unknown
Abigail,Rippon,Abigail Rippon,Activity director,Heart Of The Ozarks Health Ctr,,linkedin.com/in/abigail-rippon-a264461b4,,Director,blitz,https://www.linkedin.com/company/heart-of-the-ozarks-health-ctr,Human Resources,US,US,pass,unknown,industry unknown
Abigail,"Hennessey, MFA","Abigail Hennessey, MFA",Director of Compliance,Alliance Abroad,allianceabroad.com,linkedin.com/in/abigail-skelton,,Director,blitz,https://www.linkedin.com/company/allianceabroad,,US,US,pass,unknown,industry unknown
A. Blair,Austin,A. Blair Austin,President & CEO,Austin Group Resources,,linkedin.com/in/ablairaustin,,C-Team,blitz,https://www.linkedin.com/company/austin-group-resources,Staffing and Recruiting,US,US,pass,unknown,industry unknown
Abner,Almeida,Abner Almeida,Chief Operating Officer,Unique On The Go Corp,,linkedin.com/in/abner-almeida-36b84a147,,C-Team,blitz,https://www.linkedin.com/company/unique-on-the-go-corp,Staffing and Recruiting,US,US,pass,unknown,industry unknown
Diane,Eisner,Diane Eisner,Owner,AccountAbilities,,linkedin.com/in/accountabilities,,C-Team,blitz,https://www.linkedin.com/company/accountabilities,Staffing and Recruiting,US,US,pass,unknown,industry unknown
Achilleas,Kotrozos,Achilleas Kotrozos,"Investor, Board Member",linq,collegelink.gr,linkedin.com/in/achilleas-kotrozos-b4809617,,Director,blitz,https://www.linkedin.com/company/linqgreece,,IT,GR,pass,unknown,industry unknown
Adam,Aljanabi,Adam Aljanabi,Co-Founder,World Factory,,linkedin.com/in/adam-aljanabi-508528196,,C-Team,blitz,https://www.linkedin.com/company/world-factory,Staffing and Recruiting,US,US,pass,unknown,industry unknown
Adam,Gaz(CEO),Adam Gaz(CEO),CEO,Enigma Outsourcing,,linkedin.com/in/adam-gaz-ceo-a15b556b,,C-Team,blitz,https://www.linkedin.com/company/enigma-outsourcing,Staffing and Recruiting,GB,US,pass,unknown,industry unknown
Adam,North,Adam North,"President, Project Delivery",The Hollister Group,hollistergroup.com,linkedin.com/in/adam-north-ny,,C-Team,blitz,https://www.linkedin.com/company/hollistergroup,,US,US,pass,unknown,industry unknown
Adam,Cooper,Adam Cooper,President,Alliance Abroad,allianceabroad.com,linkedin.com/in/adamcooper1,,C-Team,blitz,https://www.linkedin.com/company/allianceabroad,,US,US,pass,unknown,industry unknown
Adam,Spencer,Adam Spencer,Director - Law Firm Risk & Compliance,AJ FOX COMPLIANCE,ajfoxcompliance.com,linkedin.com/in/adamjamesspencer,,Director,blitz,https://www.linkedin.com/company/ajfoxcompliance,,GB,GB,pass,unknown,industry unknown
Adebayo,Ajibade,Adebayo Ajibade,Founder & CEO,Loubby AI,loubby.ai,linkedin.com/in/adebayo-ajibade-a2094a4a,,C-Team,blitz,https://www.linkedin.com/company/loubby-ai,,US,US,pass,unknown,industry unknown
Adesh,Tyagi,Adesh Tyagi,President,"Tryfacta, Inc.",tryfacta.com,linkedin.com/in/adesh-tyagi-b3964a298,,C-Team,blitz,https://www.linkedin.com/company/tryfactainc,,US,US,pass,unknown,industry unknown
Adrian,Siwak,Adrian Siwak,Head of Business Services Outsourcing,Devire,devire.pl,linkedin.com/in/adrian-siwak-39358711b,,Director,blitz,https://www.linkedin.com/company/devire,,PL,PL,pass,unknown,industry unknown
Agnes,Dohos,Agnes Dohos,"Founder, COO",IDBC Group,idbc.hu,linkedin.com/in/agnes-dohos,,C-Team,blitz,https://www.linkedin.com/company/idbc-group-talent-projects-go,,HU,HU,pass,unknown,industry unknown
Aileen,Palmer,Aileen Palmer,Head of Customer Success and Operations,Benepass,getbenepass.com,linkedin.com/in/aileen-palmer-768ba935,,Director,blitz,https://www.linkedin.com/company/benepass,,US,US,pass,unknown,industry unknown
Aisha,Lopez,Aisha Lopez,CEO,EGT Human Resources,,linkedin.com/in/aisha-lopez-b8a2566a,,C-Team,blitz,https://www.linkedin.com/company/egt-human-resources,Human Resources Services,US,US,pass,unknown,industry unknown
Alex,Kubat,Alex Kubat,Director Networks and Infrastructure,Asurint,asurint.com,linkedin.com/in/akubat007,,Director,blitz,https://www.linkedin.com/company/asurint,,US,US,pass,unknown,industry unknown
Al,Spagnuolo,Al Spagnuolo,Owner,ADS ENTERPRISES,,linkedin.com/in/al-spagnuolo-01a894282,,C-Team,blitz,https://www.linkedin.com/company/ads-enterprisesconsultancy,Human Resources Services,US,US,pass,unknown,industry unknown
Alain,PALLIX,Alain PALLIX,Directeur de Projet,SDO,,linkedin.com/in/alain-pallix-b06819b1,,Director,blitz,https://www.linkedin.com/company/sdo,Human Resources,FR,US,pass,unknown,industry unknown
Alan,Alexander,Alan Alexander,owner,People Helper.,,linkedin.com/in/alan-alexander-a1156320,,C-Team,blitz,https://www.linkedin.com/company/people-helper.,Human Resources Services,US,US,pass,unknown,industry unknown
Alan,Burks,Alan Burks,President,Mulberry Group,,linkedin.com/in/alan-burks-7a70357,,C-Team,blitz,https://www.linkedin.com/company/mulberry-group,Staffing and Recruiting,US,GB,pass,unknown,industry unknown
Alan,Werner,Alan Werner,Owner,Diversified Communications Group,,linkedin.com/in/alan-werner-1873532,,C-Team,blitz,https://www.linkedin.com/company/diversified-communications-group,Staffing and Recruiting,US,US,pass,unknown,industry unknown
Alan,Jagnandan,Alan Jagnandan,Vice President of Major Accounts,LaSalle Network,thelasallenetwork.com,linkedin.com/in/alanjagnandan,,VP,blitz,https://www.linkedin.com/company/lasalle-network,,US,US,pass,unknown,industry unknown
Anthony,Lara,Anthony Lara,Managing Partner,Nearshore Talent by CW,cwssg.com,linkedin.com/in/alara,,C-Team,blitz,https://www.linkedin.com/company/cwssg,,US,US,pass,unknown,industry unknown
Alberto,Colin,Alberto Colin,Chief Technology Officer,Univision  Group,,linkedin.com/in/alberto-colin-ab337872,,C-Team,blitz,https://www.linkedin.com/company/univision--group,Staffing and Recruiting,US,US,pass,unknown,industry unknown
Alberto,Mariotti Cesarini Romaldi,Alberto Mariotti Cesarini Romaldi,Senior Executive Director,Wyser,wyser-search.com,linkedin.com/in/alberto-mariotti-cesarini-romaldi-91449729,,Director,blitz,https://www.linkedin.com/company/wyser,,IT,IT,pass,unknown,industry unknown
Aleksandra,Slonina,Aleksandra Slonina,Head of Recruitment Dept,Active Plus,,linkedin.com/in/aleksandra-slonina-73044b2,,Director,blitz,https://www.linkedin.com/company/active-plus,Staffing and Recruiting,PL,PL,pass,unknown,industry unknown
Alen,Arnautovic,Alen Arnautovic,Geschäftsführer,Effection Network GmbH,,linkedin.com/in/alen-arnautovic-02442428b,,C-Team,blitz,https://www.linkedin.com/company/effection-network-gmbh,Staffing and Recruiting,DE,US,pass,unknown,industry unknown
alessandro,cacciamani,alessandro cacciamani,Titolare unico,STUDIO PROFESSIONSALE PROPRIO,,linkedin.com/in/alessandro-cacciamani-6a303210a,,C-Team,blitz,https://www.linkedin.com/company/studio-professionsale-proprio,Human Resources Services,IT,IT,pass,unknown,industry unknown
Alessandro,Marra,Alessandro Marra,Directeur Général,AERO TECHNIC SERVICES - ATS,,linkedin.com/in/alessandro-marra-99240558,,C-Team,blitz,https://www.linkedin.com/company/aero-technic-services---ats,Human Resources Services,FR,FR,pass,unknown,industry unknown
Alex,Clyne,Alex Clyne,Owner,Obvious Solutions,,linkedin.com/in/alex-clyne-a4b396,,C-Team,blitz,https://www.linkedin.com/company/obvious-solutions,Staffing and Recruiting,GB,GB,pass,unknown,industry unknown
Alex,Jones,Alex Jones,Director,JAM Staffing Solutions Ltd,,linkedin.com/in/alex-jones-196bbb33,,Director,blitz,https://www.linkedin.com/company/jam-staffing-solutions-ltd,Staffing and Recruiting,GB,GB,pass,unknown,industry unknown
Alex,McKinnon,Alex McKinnon,Vice President,AccountAbilities,,linkedin.com/in/alex-mckinnon-6120471,,VP,blitz,https://www.linkedin.com/company/accountabilities,Staffing and Recruiting,US,US,pass,unknown,industry unknown
Alex,Nivelle,Alex Nivelle,Board Member,Asurint,asurint.com,linkedin.com/in/alex-nivelle-7275b73,,Director,blitz,https://www.linkedin.com/company/asurint,,US,US,pass,unknown,industry unknown
alexandra,barreto vazquez,alexandra barreto vazquez,Director de proyecto,ES,,linkedin.com/in/alexandra-barreto-vazquez-6675732a6,,Director,blitz,https://www.linkedin.com/company/es-careers,Staffing and Recruiting,ES,US,pass,unknown,industry unknown
Alexis,Solis,Alexis Solis,Vice President - Client Relations,"Tryfacta, Inc.",tryfacta.com,linkedin.com/in/alexis-solis-56b6bba8,,VP,blitz,https://www.linkedin.com/company/tryfactainc,,US,US,pass,unknown,industry unknown
Alex,Pitts,Alex Pitts,Managing Director,Applause IT Recruitment,applauseit.co.uk,linkedin.com/in/alexpitts,,C-Team,blitz,https://www.linkedin.com/company/applause-it,,GB,GB,pass,unknown,industry unknown
Alfred,Ndiforchu,Alfred Ndiforchu,President,Business Solution Internationale,,linkedin.com/in/alfred-ndiforchu-30409332,,C-Team,blitz,https://www.linkedin.com/company/business-solution-internationale,Staffing and Recruiting,US,US,pass,unknown,industry unknown
Alfred,Wadle,Alfred Wadle,Geschäftsführer,Pfaff Industriesysteme und Maschinen AG,,linkedin.com/in/alfred-wadle-81b6839b,,C-Team,blitz,https://www.linkedin.com/company/pfaff-industriesysteme-und-maschinen-ag,Human Resources Services,DE,DE,pass,unknown,industry unknown
Ali Jean-Louis,Hidouche,Ali Jean-Louis Hidouche,Entrepreneur électricien,Aucune/None,,linkedin.com/in/ali-jean-louis-hidouche-019b00201,,C-Team,blitz,https://www.linkedin.com/company/aucune-none-rh,Human Resources Services,FR,US,pass,unknown,industry unknown
Ali,Topan,Ali Topan,Managing Director,Stride Recruitment,,linkedin.com/in/ali-topan-05862a20a,,C-Team,blitz,https://www.linkedin.com/company/stride-recruitment77,Staffing and Recruiting,GB,US,pass,unknown,industry unknown
Alicia,Kelsey,Alicia Kelsey,Head of Strategic Alliances,Benepass,getbenepass.com,linkedin.com/in/alicia-kelsey-a827b66,,Director,blitz,https://www.linkedin.com/company/benepass,,US,US,pass,unknown,industry unknown
Alicia,Lynch,Alicia Lynch,Director of Sales,RSI Medical Staffing,,linkedin.com/in/alicia-lynch-881a233,,Director,blitz,https://www.linkedin.com/company/rsi-medical-staffing,Staffing and Recruiting,US,US,pass,unknown,industry unknown
Alina,Walcar,Alina Walcar,Chief Executive Officer,KHJ Staff Consulting,,linkedin.com/in/alina-walcar-530765205,,C-Team,blitz,https://www.linkedin.com/company/khj-staff-consulting,Staffing and Recruiting,US,US,pass,unknown,industry unknown
Alisha,J,Alisha J,Business Owner,Nail Salons,,linkedin.com/in/alisha-j-1a5504166,,C-Team,blitz,https://www.linkedin.com/company/nail-salons,Staffing and Recruiting,US,US,pass,unknown,industry unknown
Alla,Schay,Alla Schay,Chief Executive Officer,Asurint,asurint.com,linkedin.com/in/allaschay,,C-Team,blitz,https://www.linkedin.com/company/asurint,,US,US,pass,unknown,industry unknown
Allen,Sharp,Allen Sharp,Owner,A Sharp Staff,,linkedin.com/in/allen-sharp-2243a3272,,C-Team,blitz,https://www.linkedin.com/company/a-sharp-staff,Staffing and Recruiting,US,US,pass,unknown,industry unknown
Allie,Daly,Allie Daly,"Director, Strategic Accounts",Benepass,getbenepass.com,linkedin.com/in/allieredpath,,Director,blitz,https://www.linkedin.com/company/benepass,,US,US,pass,unknown,industry unknown
Allison,Allen,Allison Allen,Director of Client Services,Apidel Technologies,apideltech.com,linkedin.com/in/allisonjlehman,,Director,blitz,https://www.linkedin.com/company/apidel-technologies,,US,US,pass,unknown,industry unknown
Allyson,McCabe,Allyson McCabe,President,The Hollister Group,hollistergroup.com,linkedin.com/in/allymccabe,,C-Team,blitz,https://www.linkedin.com/company/hollistergroup,,US,US,pass,unknown,industry unknown
Luísa,Almeida,Luísa Almeida,Head of Recruitment,Agape Global,,linkedin.com/in/aluisaalmeida,,Director,blitz,https://www.linkedin.com/company/agape-global,Staffing and Recruiting,IE,IE,pass,unknown,industry unknown
alysha,jwienat,alysha jwienat,ceo,Hey Day Interim Management,,linkedin.com/in/alysha-jwienat-57925712,,C-Team,blitz,https://www.linkedin.com/company/hey-day-interim-management,Staffing and Recruiting,US,US,pass,unknown,industry unknown
Alyssa,Broh,Alyssa Broh,Business Owner,Cons tract,,linkedin.com/in/alyssa-broh-690402142,,C-Team,blitz,https://www.linkedin.com/company/cons-tract,Staffing and Recruiting,US,BE,pass,unknown,industry unknown
Alyssa,Graudins,Alyssa Graudins,"Vice President, Talent and Employer Relations",Alliance Abroad,allianceabroad.com,linkedin.com/in/alyssa-graudins,,VP,blitz,https://www.linkedin.com/company/allianceabroad,,US,US,pass,unknown,industry unknown
Ann Marie,MacEachern,Ann Marie MacEachern,"Vice President, HR Planning & Development",Walker Healthforce,walkerhealthforce.com,linkedin.com/in/amaceachern,,VP,blitz,https://www.linkedin.com/company/walkerhealthforce,,US,US,pass,unknown,industry unknown
amanda,baker,amanda baker,Human Resources Director,Roch Resources,,linkedin.com/in/amanda-baker-12408734,,Director,blitz,https://www.linkedin.com/company/roch-resources,Staffing and Recruiting,GB,US,pass,unknown,industry unknown
Amanda,Burrows,Amanda Burrows,Owner,Taskmaster Recruitment,,linkedin.com/in/amanda-burrows-b2a1695a,,C-Team,blitz,https://www.linkedin.com/company/taskmaster-recruitment,Staffing and Recruiting,GB,GB,pass,unknown,industry unknown
Amanda,Nowak,Amanda Nowak,Geschäftsführer,WorkShip,,linkedin.com/in/amanda-nowak-workship,,C-Team,blitz,https://www.linkedin.com/company/workship,Staffing and Recruiting,DE,DE,pass,unknown,industry unknown
Amanda,Beck,Amanda Beck,"Director, Professional Technical Recruiter",RightClick,findtherightclick.com,linkedin.com/in/amandamariebeck,,Director,blitz,https://www.linkedin.com/company/rightclick,,US,US,pass,unknown,industry unknown
Amita,Patel,Amita Patel,Chairperson & CEO,Apidel Technologies,apideltech.com,linkedin.com/in/amitaapidel,,C-Team,blitz,https://www.linkedin.com/company/apidel-technologies,,US,US,pass,unknown,industry unknown
Amos,Jenkins,Amos Jenkins,Faculty Director,Career Quest - Company,,linkedin.com/in/amos-jenkins-98b30922,,Director,blitz,https://www.linkedin.com/company/career-quest-cp,Staffing and Recruiting,US,US,pass,unknown,industry unknown
Amy,Henderson,Amy Henderson,Director,EGT Human Resources,,linkedin.com/in/amy-henderson-a4266064,,Director,blitz,https://www.linkedin.com/company/egt-human-resources,Human Resources Services,US,US,pass,unknown,industry unknown
Amy,Wright,Amy Wright,Vice President,NextPath Workforce Solutions,nextpathcp.com,linkedin.com/in/amywrightnextpath,,VP,blitz,https://www.linkedin.com/company/nextpathcp,,US,US,pass,unknown,industry unknown
Ana,Balbu,Ana Balbu,owner,EGT Human Resources,,linkedin.com/in/ana-balbu-1a907279,,C-Team,blitz,https://www.linkedin.com/company/egt-human-resources,Human Resources Services,PT,US,pass,unknown,industry unknown
Ana,Bayón,Ana Bayón,Socia Fundadora,ISIE,,linkedin.com/in/ana-bayón-46215626,,C-Team,blitz,https://www.linkedin.com/company/isie,Human Resources Services,ES,ES,pass,unknown,industry unknown
Ana Sofia,Portela,Ana Sofia Portela,CEO,Sales Force Search,,linkedin.com/in/ana-sofia-portela-9405822,,C-Team,blitz,https://www.linkedin.com/company/sales-force-search,Human Resources,PT,US,pass,unknown,industry unknown
Ana,Chapa,Ana Chapa,Director of Search,Good Insight,good-insight.org,linkedin.com/in/anachapa,,Director,blitz,https://www.linkedin.com/company/good-insight,,US,US,pass,unknown,industry unknown
Anastasia,Sohina,Anastasia Sohina,Founder & CEO,SOHINA GLOBAL RECRUITMENT,,linkedin.com/in/anastasia-sohina-7b11b2227,,C-Team,blitz,https://www.linkedin.com/company/sohina,Staffing and Recruiting,UA,UA,pass,unknown,industry unknown
Anastasia,Karagkiozoglou,Anastasia Karagkiozoglou,Head of People & Talent Strategy,linq,collegelink.gr,linkedin.com/in/anastasiakaragkiozoglou,,Director,blitz,https://www.linkedin.com/company/linqgreece,,GR,GR,pass,unknown,industry unknown
André,Udnes Lunde,André Udnes Lunde,Director People & Organization,Dovre Solutions,dovregroup.com,linkedin.com/in/andre-stengel-lunde,,Director,blitz,https://www.linkedin.com/company/dovre-solutions,,NO,NO,pass,unknown,industry unknown
Andreas,Pangl,Andreas Pangl,Partner,lawyers & more | executive search & consulting,lawyersandmore.at,linkedin.com/in/andreas-pangl-b643a71a0,,C-Team,blitz,https://www.linkedin.com/company/lawyers-&-more-l-&-m-executive-search-&-consulting-gmbh,,AT,AT,pass,unknown,industry unknown
Andreas U.,Solheim,Andreas U. Solheim,Head of Supply Chain Management Unit,Dovre Solutions,dovregroup.com,linkedin.com/in/andreas-u-solheim-7194892,,Director,blitz,https://www.linkedin.com/company/dovre-solutions,,NO,NO,pass,unknown,industry unknown
Andreea,Antoniu,Andreea Antoniu,Head of People & Principal,Albany Growth,albanygrowth.co.uk,linkedin.com/in/andreeaantoniu,,Director,blitz,https://www.linkedin.com/company/albany-engineering-search,,GB,GB,pass,unknown,industry unknown
Andrei,Holas,Andrei Holas,Founder,Self Employed,,linkedin.com/in/andrei-holas-97904296,,C-Team,blitz,https://www.linkedin.com/company/summit-county-alcohol-drug-addiction-&-mental-health-services-board,Human Resources Services,US,US,pass,unknown,industry unknown
Andrew,Barnes ATA VDA AQP,Andrew Barnes ATA VDA AQP,Chief Technology Officer,The Sage Group,thesagegroup.com,linkedin.com/in/andrew-barnes-ata-vda-aqp-a91a69131,,C-Team,blitz,https://www.linkedin.com/company/the-sage-group-formerly-sage-consulting-associates-,,GB,US,pass,unknown,industry unknown
Andrew,Gauthier,Andrew Gauthier,Owner/Recruiter,Top Tier Talent,,linkedin.com/in/andrew-gauthier-83b61363,,C-Team,blitz,https://www.linkedin.com/company/toptiertalent-llc,Staffing and Recruiting,US,US,pass,unknown,industry unknown
Andrew,Gavin,Andrew Gavin,"Vice President, Sales",Asurint,asurint.com,linkedin.com/in/andrew-gavin-78381b6,,VP,blitz,https://www.linkedin.com/company/asurint,,US,US,pass,unknown,industry unknown
Andrew,Prosser,Andrew Prosser,Non Executive Director,GCS Associates,gcsassociates.com,linkedin.com/in/andrew-prosser-34025b48,,Director,blitz,https://www.linkedin.com/company/gcs-associates-recruitment,,GB,GB,pass,unknown,industry unknown
Andrew,Scott,Andrew Scott,Operations Director,Foursquare Group,,linkedin.com/in/andrew-scott-7b25b51,,Director,blitz,https://www.linkedin.com/company/foursquare-group,Human Resources Services,GB,US,pass,unknown,industry unknown
Andrew,Feldman,Andrew Feldman,"Founder, Co-CEO",hyrUP,hyrup.co,linkedin.com/in/andrewfeldman1,,C-Team,blitz,https://www.linkedin.com/company/hyrup,,US,US,pass,unknown,industry unknown
Andrew,Katsoufis,Andrew Katsoufis,CEO,LVLS Integration,lvlstech.com,linkedin.com/in/andrewkatsoufis,,C-Team,blitz,https://www.linkedin.com/company/lvls-integration,,US,US,pass,unknown,industry unknown
Andrés,Muñoz Roldán,Andrés Muñoz Roldán,Director de división de ventas,SALESLAND EMPRESA DE TRABAJO TEMPORAL SL,,linkedin.com/in/andrés-muñoz-roldán-3360452b6,,Director,blitz,https://www.linkedin.com/company/salesland-empresa-de-trabajo-temporal-sl,Human Resources Services,ES,ES,pass,unknown,industry unknown
andy,reed,andy reed,vp,People Helper.,,linkedin.com/in/andy-reed-6799782b,,VP,blitz,https://www.linkedin.com/company/people-helper.,Human Resources Services,US,US,pass,unknown,industry unknown
Andy,Schmit,Andy Schmit,Owner,CareerPoint,,linkedin.com/in/andy-schmit-10aaa41,,C-Team,blitz,https://www.linkedin.com/company/careerpoint,Human Resources Services,NL,US,pass,unknown,industry unknown
Andy,Stemler,Andy Stemler,Vice President,NextPath Workforce Solutions,nextpathcp.com,linkedin.com/in/andystemler,,VP,blitz,https://www.linkedin.com/company/nextpathcp,,US,US,pass,unknown,industry unknown
Angela,Frederick,Angela Frederick,VIce President Risk,Platinum HRM,,linkedin.com/in/angela-frederick-77321036,,VP,blitz,https://www.linkedin.com/company/platinum-hrm,Human Resources,US,US,pass,unknown,industry unknown
Angie,Tomas,Angie Tomas,VP,Human Capital Resources,,linkedin.com/in/angie-tomas-0a858b3,,VP,blitz,https://www.linkedin.com/company/human-capital-resources,Staffing and Recruiting,US,US,pass,unknown,industry unknown
Angus,Gilmour,Angus Gilmour,Founder,Athlete Origin,athlete-origin.com,linkedin.com/in/angus-gilmour-2b644773,,C-Team,blitz,https://www.linkedin.com/company/athlete-origin-ltd,,GB,GB,pass,unknown,industry unknown
Anil,Nalluri,Anil Nalluri,Director of Quality and Client Success,QvalFocus Inc.,qvalfocus.com,linkedin.com/in/anil-nalluri-567693135,,Director,blitz,https://www.linkedin.com/company/qvalfocus,,US,US,pass,unknown,industry unknown
Ann,Barrett,Ann Barrett,president,People Helper.,,linkedin.com/in/ann-barrett-17442b42,,C-Team,blitz,https://www.linkedin.com/company/people-helper.,Human Resources Services,US,US,pass,unknown,industry unknown
Ann,Walker,Ann Walker,"Executive Vice President, Client Partnerships",Walker Healthforce,walkerhealthforce.com,linkedin.com/in/ann-walker-40306a6,,VP,blitz,https://www.linkedin.com/company/walkerhealthforce,,US,US,pass,unknown,industry unknown
Anna,Kolluri,Anna Kolluri,Chief Executive Officer (CEO),Resourcesys Inc,resourcesys.com,linkedin.com/in/anna-kolluri-b5bb545,,C-Team,blitz,https://www.linkedin.com/company/resourcesys-inc,,US,US,pass,unknown,industry unknown
ANNA,POWERS,ANNA POWERS,PRESIDENT,Belle Balance,,linkedin.com/in/anna-powers-48b17b57,,C-Team,blitz,https://www.linkedin.com/company/belle-balance,Human Resources Services,US,DK,pass,unknown,industry unknown
Anna,Schwarz,Anna Schwarz,Executive Director,"ROCK RIVER VALLEY SELF HELP ENTERPRISES, INC",,linkedin.com/in/anna-schwarz-35995a249,,Director,blitz,https://www.linkedin.com/company/rock-river-valley-self-help-enterprises-inc,Staffing and Recruiting,US,US,pass,unknown,industry unknown
Anna,Iwanicz,Anna Iwanicz,Executive Search | Senior Partner Digital & E-Commerce,Wyser,wyser-search.com,linkedin.com/in/annaiwanicz,,C-Team,blitz,https://www.linkedin.com/company/wyser,,PL,IT,pass,unknown,industry unknown
Anna,Pilhun,Anna Pilhun,Head of Recruitment,SOHINA GLOBAL RECRUITMENT,,linkedin.com/in/annapilhun,,Director,blitz,https://www.linkedin.com/company/sohina,Staffing and Recruiting,UA,UA,pass,unknown,industry unknown
Anne,De Landsheer,Anne De Landsheer,Managing Director -  Global Talent Management & Recruitment - Healthcare,PEAK LIFECYCLES HR - Europe & the US,peak-lifecycles.com,linkedin.com/in/annedelan,,C-Team,blitz,https://www.linkedin.com/company/peak-lifecycles,,FR,FR,pass,unknown,industry unknown
Annina,Ragaz,Annina Ragaz,Managing Director,edp personalberatung gmbh,edp-basel.ch,linkedin.com/in/anninaragaz,,C-Team,blitz,https://www.linkedin.com/company/edp-personalberatung-gmbh1,,CH,CH,pass,unknown,industry unknown
anon,nona,anon nona,senior partner,Go Tech,,linkedin.com/in/anon-nona-5ba91722,,C-Team,blitz,https://www.linkedin.com/company/go-tech_5,Staffing and Recruiting,AT,US,pass,unknown,industry unknown
Anoush,Amity,Anoush Amity,Head Of Human Resources,Mulberry Talent Partners,mulberrytalent.com,linkedin.com/in/anoush-amity-310764235,,Director,blitz,https://www.linkedin.com/company/mulberrytalentpartners,,US,US,pass,unknown,industry unknown
Anthony,"Del Preto, CIR","Anthony Del Preto, CIR",Vice President,LaSalle Network,thelasallenetwork.com,linkedin.com/in/anthony-del-preto-cir-2a30221,,VP,blitz,https://www.linkedin.com/company/lasalle-network,,US,US,pass,unknown,industry unknown
Anthony,Natella,Anthony Natella,president,Diversified Communications Group,,linkedin.com/in/anthony-natella-7272b5,,C-Team,blitz,https://www.linkedin.com/company/diversified-communications-group,Staffing and Recruiting,US,US,pass,unknown,industry unknown
Anthony,Vincent,Anthony Vincent,Owner,M3 Group,,linkedin.com/in/anthony-vincent-1496176,,C-Team,blitz,https://www.linkedin.com/company/m3-group,Staffing and Recruiting,US,GB,pass,unknown,industry unknown
Anthony,Tarricone,Anthony Tarricone,Director of Professional Services,RightClick,findtherightclick.com,linkedin.com/in/anthonytarricone,,Director,blitz,https://www.linkedin.com/company/rightclick,,US,US,pass,unknown,industry unknown
Antoine,Brown,Antoine Brown,Vice President Strategic Partnerships,Digitive,godigitive.com,linkedin.com/in/antoine-brown-22729231,,VP,blitz,https://www.linkedin.com/company/digitivellc,,US,US,pass,unknown,industry unknown
Antonia,Suarez Perez,Antonia Suarez Perez,Director de desarrollo empresarial,EmPre Resources,,linkedin.com/in/antonia-suarez-perez-393229153,,Director,blitz,https://www.linkedin.com/company/empre-resources,Staffing and Recruiting,ES,US,pass,unknown,industry unknown
Antoni,Fernandez Roca,Antoni Fernandez Roca,Chief Operations Officer,Andvaris Inc,andvaris.com,linkedin.com/in/antonifernandezroca,,C-Team,blitz,https://www.linkedin.com/company/andvarisinc,,US,US,pass,unknown,industry unknown
Antonio,Banderas,Antonio Banderas,Director,EGT Human Resources,,linkedin.com/in/antonio-banderas-a7b7736a,,Director,blitz,https://www.linkedin.com/company/egt-human-resources,Human Resources Services,IE,US,pass,unknown,industry unknown
Antonio,Palomares,Antonio Palomares,Director de la oficina de gestión de proyectos y programas,ES,,linkedin.com/in/antonio-palomares-89aa442b5,,Director,blitz,https://www.linkedin.com/company/es-careers,Staffing and Recruiting,ES,US,pass,unknown,industry unknown
antonio,vocino,antonio vocino,Amministratore delegato,Individuale Consultoria,,linkedin.com/in/antonio-vocino-2233202b7,,C-Team,blitz,https://www.linkedin.com/company/individuale-consultoria,Human Resources,IT,IT,pass,unknown,industry unknown
Armida,Sanchez,Armida Sanchez,President and Founder,ARSAN International Consulting Group,arsanintlgroup.com,linkedin.com/in/armidasanchez,,C-Team,blitz,https://www.linkedin.com/company/arsan-consulting-group,,US,US,pass,unknown,industry unknown
Arne,Sukke,Arne Sukke,Managing Director,Nopro AS,,linkedin.com/in/arne-sukke-89463b,,C-Team,blitz,https://www.linkedin.com/company/nopro-as,Human Resources Services,NO,US,pass,unknown,industry unknown
asante,sana,asante sana,CEO,EGT Human Resources,,linkedin.com/in/asante-sana-9231266b,,C-Team,blitz,https://www.linkedin.com/company/egt-human-resources,Human Resources Services,US,US,pass,unknown,industry unknown
Ashley,Fuzaylova,Ashley Fuzaylova,Director of Participant Experience,Alliance Abroad,allianceabroad.com,linkedin.com/in/ashfuza,,Director,blitz,https://www.linkedin.com/company/allianceabroad,,US,US,pass,unknown,industry unknown
Ashley,"Lockhart-Thomas, LMFT","Ashley Lockhart-Thomas, LMFT",Clinical Director,Academy For Family Empowerment,,linkedin.com/in/ashley-lockhart-thomas-lmft-a44aa850,,Director,blitz,https://www.linkedin.com/company/academy-for-family-empowerment,Human Resources,US,US,pass,unknown,industry unknown
Aslam,Shahjad,Aslam Shahjad,President,HRize LLC,hrize.us,linkedin.com/in/aslam-shahjad-66ba5b83,,C-Team,blitz,https://www.linkedin.com/company/hrize-llc,,US,US,pass,unknown,industry unknown
Astro,Labio,Astro Labio,presidente,EGT Human Resources,,linkedin.com/in/astro-labio-863a3a66,,C-Team,blitz,https://www.linkedin.com/company/egt-human-resources,Human Resources Services,IT,US,pass,unknown,industry unknown
aulis,kannisto,aulis kannisto,Owner,Open Management,,linkedin.com/in/aulis-kannisto-8b98009,,C-Team,blitz,https://www.linkedin.com/company/open-management,Human Resources Services,FI,US,pass,unknown,industry unknown
Austin,Ping,Austin Ping,"Founding Partner, Talent - On Assignment @ Anchorage Digital",OpenSource,,linkedin.com/in/austin-ping-3a50ab56,,C-Team,blitz,https://www.linkedin.com/company/opensourcetal,Staffing and Recruiting,US,US,pass,unknown,industry unknown
Austin,Winchell,Austin Winchell,"Vice President, Client Services | Lead Strategist",The Sage Group,thesagegroup.com,linkedin.com/in/austin-winchell,,VP,blitz,https://www.linkedin.com/company/the-sage-group-formerly-sage-consulting-associates-,,US,US,pass,unknown,industry unknown
Austin,H.,Austin H.,National Sales Director,Asurint,asurint.com,linkedin.com/in/austinhover,,Director,blitz,https://www.linkedin.com/company/asurint,,US,US,pass,unknown,industry unknown
Avi,Pechman,Avi Pechman,Director of Business Analytics,Platinum HRM,,linkedin.com/in/avi-pechman-63151b9,,Director,blitz,https://www.linkedin.com/company/platinum-hrm,Human Resources,US,US,pass,unknown,industry unknown
Aya,Khoumri,Aya Khoumri,Head of Operations & International Development – MVIP Consulting (Monaco),MVIP Consulting,mvipconsulting.com,linkedin.com/in/aya-khoumri-7b2ba3143,,Director,blitz,https://www.linkedin.com/company/mvip-consulting,,BE,MC,pass,unknown,industry unknown
Ayamira,Jesica,Ayamira Jesica,Director,EGT Human Resources,,linkedin.com/in/ayamira-jesica-b5908763,,Director,blitz,https://www.linkedin.com/company/egt-human-resources,Human Resources Services,US,US,pass,unknown,industry unknown
Ayman,Caan,Ayman Caan,Director,MBS Ltd,,linkedin.com/in/aymancaan,,Director,blitz,https://www.linkedin.com/company/mbs-ltd,Staffing and Recruiting,GB,GB,pass,unknown,industry unknown
C'est la,Vie,C'est la Vie,Independent Owner,Private Confidential Executive Talent Acquisition Recruiter,,linkedin.com/in/baby22boss,,C-Team,blitz,https://www.linkedin.com/company/private-confidential-executive-talent-acquisition-recruiter,Human Resources Services,US,US,pass,unknown,industry unknown
Balázs,Boskó,Balázs Boskó,Head of Recruitment,SnT Recruitment,,linkedin.com/in/balazsbosko,,Director,blitz,https://www.linkedin.com/company/sntrecruitment,Human Resources Services,HU,HU,pass,unknown,industry unknown
Barbara,Appleberry,Barbara Appleberry,Owner,HR Vision,,linkedin.com/in/barbara-appleberry-b079251,,C-Team,blitz,https://www.linkedin.com/company/hr-vision,Human Resources Services,US,US,pass,unknown,industry unknown
BARRY,KOLKER,BARRY KOLKER,TALENT AGENT/OWNER,THE CARSON KOLKER ORGANIZATION LTD,,linkedin.com/in/barry-kolker-8ba225214,,C-Team,blitz,https://www.linkedin.com/company/the-carson-kolker-organization-ltd,Human Resources Services,US,US,pass,unknown,industry unknown
Barry,"Lindenman,  CPA - Retired","Barry Lindenman, CPA - Retired",Chief Financial Officer,Carnegie Search,,linkedin.com/in/barry-lindenman-cpa-retired-1486a110,,C-Team,blitz,https://www.linkedin.com/company/carnegie-search,Staffing and Recruiting,US,US,pass,unknown,industry unknown
Barry,Waller,Barry Waller,Head of Practice - Pharma and Life Sciences,AshtonPenney,,linkedin.com/in/barry-waller-b4653913,,Director,blitz,https://www.linkedin.com/company/ashtonpenney,Staffing and Recruiting,GB,GB,pass,unknown,industry unknown
Barry,Emen,Barry Emen,VP Search,Romac International,,linkedin.com/in/barryemenmjeadvisors,,VP,blitz,https://www.linkedin.com/company/romac-international,Staffing and Recruiting,US,US,pass,unknown,industry unknown
Barton,Bromley,Barton Bromley,"VP, Talent Solutions",The Sage Group,thesagegroup.com,linkedin.com/in/bartonbromley,,VP,blitz,https://www.linkedin.com/company/the-sage-group-formerly-sage-consulting-associates-,,US,US,pass,unknown,industry unknown
Beata,Pucyk,Beata Pucyk,"Group HR Director | Devire, Neumann Executive, The Shire",Devire,devire.pl,linkedin.com/in/beatapucyk,,Director,blitz,https://www.linkedin.com/company/devire,,PL,PL,pass,unknown,industry unknown
Becky,Daniel,Becky Daniel,"President, CIPC,CTS",Austin Group Resources,,linkedin.com/in/becky-daniel-771a054,,C-Team,blitz,https://www.linkedin.com/company/austin-group-resources,Staffing and Recruiting,US,US,pass,unknown,industry unknown
Rebekah,Bell,Rebekah Bell,"Director, Business Operations",The Sage Group,thesagegroup.com,linkedin.com/in/bekahlsmith,,Director,blitz,https://www.linkedin.com/company/the-sage-group-formerly-sage-consulting-associates-,,US,US,pass,unknown,industry unknown
Ben,D.,Ben D.,Business Owner,Medical Recruiters,,linkedin.com/in/ben-d-41b785172,,C-Team,blitz,https://www.linkedin.com/company/medical-recruiters,Staffing and Recruiting,GB,US,pass,unknown,industry unknown
Ben,Robinson,Ben Robinson,Managing Director,GRTS,,linkedin.com/in/ben-robinson-076398a1,,C-Team,blitz,https://www.linkedin.com/company/grtsltd,Staffing and Recruiting,GB,US,pass,unknown,industry unknown
Benjamin,Owusu,Benjamin Owusu,President,Elite Solutions,,linkedin.com/in/benjamin-owusu-314b16a0,,C-Team,blitz,https://www.linkedin.com/company/elite-solutions,Staffing and Recruiting,GB,US,pass,unknown,industry unknown
Benjamin,Thomsen,Benjamin Thomsen,Geschäftsführer,Signature Consulting GmbH,signature.de,linkedin.com/in/benjamin-thomsen-signature,,C-Team,blitz,https://www.linkedin.com/company/signature-consulting-gmbh,,DE,DE,pass,unknown,industry unknown
Benjamin,Chynsky,Benjamin Chynsky,Head of Legal and Compliance,Niural AI,niural.com,linkedin.com/in/benjaminchynsky,,Director,blitz,https://www.linkedin.com/company/niural,,US,US,pass,unknown,industry unknown
Benoît,Lison,Benoît Lison,Managing Partner,Batenborch International,batenborch.com,linkedin.com/in/benoît-lison-60447b,,C-Team,blitz,https://www.linkedin.com/company/batenborch-international,,BE,BE,pass,unknown,industry unknown
Bernhard,Breunlich,Bernhard Breunlich,Managing Partner,lawyers & more | executive search & consulting,lawyersandmore.at,linkedin.com/in/bernhard-breunlich-455948a7,,C-Team,blitz,https://www.linkedin.com/company/lawyers-&-more-l-&-m-executive-search-&-consulting-gmbh,,AT,AT,pass,unknown,industry unknown
Bernie,Kane,Bernie Kane,Founder | President | CEO,Kane & Associates,,linkedin.com/in/bernie-kane-59661413,,C-Team,blitz,https://www.linkedin.com/company/kane-&-associates,Staffing and Recruiting,US,US,pass,unknown,industry unknown
Bernie,Valentine,Bernie Valentine,HR Director / HR Consultant,Self Employed,,linkedin.com/in/bernie-valentine-630573b,,Director,blitz,https://www.linkedin.com/company/summit-county-alcohol-drug-addiction-&-mental-health-services-board,Human Resources Services,GB,US,pass,unknown,industry unknown
Bert,Busard,Bert Busard,director,Operant,,linkedin.com/in/bert-busard-4175315,,Director,blitz,https://www.linkedin.com/company/operant,Staffing and Recruiting,NL,US,pass,unknown,industry unknown
Best Buy,Furniture,Best Buy Furniture,Owner,Best Buy Furniture Warehouse,,linkedin.com/in/best-buy-furniture-367a55149,,C-Team,blitz,https://www.linkedin.com/company/best-buy-furniture-warehouse,Human Resources,US,US,pass,unknown,industry unknown
Beth,Parsch,Beth Parsch,President/Owner,The Murphy Group,,linkedin.com/in/beth-parsch-46a76a19,,C-Team,blitz,https://www.linkedin.com/company/the-murphy-group,Staffing and Recruiting,US,US,pass,unknown,industry unknown
Beverley,Corrigan,Beverley Corrigan,Head of Banking Practice,AshtonPenney,,linkedin.com/in/beverley-corrigan-84875b1,,Director,blitz,https://www.linkedin.com/company/ashtonpenney,Staffing and Recruiting,GB,GB,pass,unknown,industry unknown
Bill,Hiller,Bill Hiller,International Business & Finance Consultant / Director of Global Strategies,Wilmark Group,,linkedin.com/in/bill-hiller-b48b672,,Director,blitz,https://www.linkedin.com/company/wilmark-group,Staffing and Recruiting,US,US,pass,unknown,industry unknown
Bill,Middono,Bill Middono,President,Diversified Communications Group,,linkedin.com/in/bill-middono-753462,,C-Team,blitz,https://www.linkedin.com/company/diversified-communications-group,Staffing and Recruiting,US,US,pass,unknown,industry unknown
Bill,Morgan,Bill Morgan,Vice President Solutions,Tandem Staffing,,linkedin.com/in/bill-morgan-3459b3,,VP,blitz,https://www.linkedin.com/company/tandem-staffing,Staffing and Recruiting,US,US,pass,unknown,industry unknown
bill,S.,bill S.,ceo,Blue Chip Consulting,,linkedin.com/in/bill-s-aa2a05,,C-Team,blitz,https://www.linkedin.com/company/blue-chip-consulting,Staffing and Recruiting,US,US,pass,unknown,industry unknown
bill,smith,bill smith,owner,Top Job,,linkedin.com/in/bill-smith-0666263a,,C-Team,blitz,https://www.linkedin.com/company/top-job,Human Resources,US,IE,pass,unknown,industry unknown
Bill,Williamson,Bill Williamson,Owner,People Helper.,,linkedin.com/in/bill-williamson-54599b52,,C-Team,blitz,https://www.linkedin.com/company/people-helper.,Human Resources Services,US,US,pass,unknown,industry unknown
bingo,bango,bingo bango,director,EGT Human Resources,,linkedin.com/in/bingo-bango-549ab479,,Director,blitz,https://www.linkedin.com/company/egt-human-resources,Human Resources Services,HU,US,pass,unknown,industry unknown
Björn,von Busch,Björn von Busch,Geschäftsführer,me - mylife.myjob.,mylifemyjob.de,linkedin.com/in/björn-von-busch,,C-Team,blitz,https://www.linkedin.com/company/me-mylife-myjob,,DE,DE,pass,unknown,industry unknown
Bob,Hicks,Bob Hicks,Chief operating officer,Coast to Coast Healthcare Services,,linkedin.com/in/bob-hicks-8661002a,,C-Team,blitz,https://www.linkedin.com/company/coast-to-coast-health-care-services,Staffing and Recruiting,US,US,pass,unknown,industry unknown
Bob,Horowitz,Bob Horowitz,Owner,Operant,,linkedin.com/in/bob-horowitz-905aa6,,C-Team,blitz,https://www.linkedin.com/company/operant,Staffing and Recruiting,US,US,pass,unknown,industry unknown
Bob,Kilmer,Bob Kilmer,CEO,Search International,,linkedin.com/in/bob-kilmer-88076b50,,C-Team,blitz,https://www.linkedin.com/company/search-international,Staffing and Recruiting,US,US,pass,unknown,industry unknown
Bob,Miller,Bob Miller,CEO,EGT Human Resources,,linkedin.com/in/bob-miller-60156476,,C-Team,blitz,https://www.linkedin.com/company/egt-human-resources,Human Resources Services,US,US,pass,unknown,industry unknown
Bob,Shapiro,Bob Shapiro,Vice President,Broadway Personnel,,linkedin.com/in/bob-shapiro-778483172,,VP,blitz,https://www.linkedin.com/company/broadway-personnel,Staffing and Recruiting,US,US,pass,unknown,industry unknown
Bob,Thompson,Bob Thompson,Vice President,Accounting Options,,linkedin.com/in/bob-thompson-01b7b36,,VP,blitz,https://www.linkedin.com/company/accounting-options,Staffing and Recruiting,US,US,pass,unknown,industry unknown
Boravy,DeFilippo,Boravy DeFilippo,"Vice President, Financial Operations",RightClick,findtherightclick.com,linkedin.com/in/boravy-defilippo-39ba49ab,,VP,blitz,https://www.linkedin.com/company/rightclick,,US,US,pass,unknown,industry unknown
Brabim,B.,Brabim B.,Founder & CTO,Niural AI,niural.com,linkedin.com/in/brabim-b-9813b88a,,C-Team,blitz,https://www.linkedin.com/company/niural,,US,US,pass,unknown,industry unknown
Brad,Sutton,Brad Sutton,VP of Client Services,Evenium,,linkedin.com/in/brad-sutton-609b91,,VP,blitz,https://www.linkedin.com/company/evenium,Staffing and Recruiting,US,US,pass,unknown,industry unknown
Bradley,Lambert,Bradley Lambert,Founder and Managing Director,First Choice Nursing Group,,linkedin.com/in/bradley-lambert-12a0b416b,,C-Team,blitz,https://www.linkedin.com/company/first-choice-nursing-group,Staffing and Recruiting,GB,GB,pass,unknown,industry unknown
Brad,Longenecker,Brad Longenecker,VP of Human Resources,Strategic Workforce Solutions,,linkedin.com/in/bradlongenecker,,VP,blitz,https://www.linkedin.com/company/strategic-workforce-solutions,Staffing and Recruiting,US,US,pass,unknown,industry unknown
Brady,Hoose,Brady Hoose,"Vice President, Talent Solutions",The Sage Group,thesagegroup.com,linkedin.com/in/brady-hoose-106950139,,VP,blitz,https://www.linkedin.com/company/the-sage-group-formerly-sage-consulting-associates-,,US,US,pass,unknown,industry unknown
Brain,Dull,Brain Dull,Cheif Head Of Awesome,EGT Human Resources,,linkedin.com/in/brain-dull-27582074,,Director,blitz,https://www.linkedin.com/company/egt-human-resources,Human Resources Services,GB,US,pass,unknown,industry unknown
Brandi,Jilg,Brandi Jilg,"Business Owner, Licensed Massage Therapist",Downtown Wellness,,linkedin.com/in/brandi-jilg-652a4696,,C-Team,blitz,https://www.linkedin.com/company/downtown-wellness,Staffing and Recruiting,US,US,pass,unknown,industry unknown
Brandon,Carter,Brandon Carter,Integrator - COO,The Team Architects,theteamarchitects.com,linkedin.com/in/brandon-carter-93a6b392,,C-Team,blitz,https://www.linkedin.com/company/teamarchitectsofficial,,US,US,pass,unknown,industry unknown
Breann,Weatherwax,Breann Weatherwax,Director,hyrUP,hyrup.co,linkedin.com/in/breannweatherwax,,Director,blitz,https://www.linkedin.com/company/hyrup,,US,US,pass,unknown,industry unknown
Brenda,P.,Brenda P.,Director of Fulfillment,Asurint,asurint.com,linkedin.com/in/brenda-p-06354112,,Director,blitz,https://www.linkedin.com/company/asurint,,US,US,pass,unknown,industry unknown
Brendan,Adinolfi,Brendan Adinolfi,Partner,RightClick,findtherightclick.com,linkedin.com/in/brendan-adinolfi-a5b66829,,C-Team,blitz,https://www.linkedin.com/company/rightclick,,US,US,pass,unknown,industry unknown
Bri,Christiano,Bri Christiano,Senior Director of Customer Experience,Benepass,getbenepass.com,linkedin.com/in/bri-christiano-35789337,,Director,blitz,https://www.linkedin.com/company/benepass,,US,US,pass,unknown,industry unknown
Brian,Eagar,Brian Eagar,Chief Executive Officer,Search International,,linkedin.com/in/brian-eagar-55b0511,,C-Team,blitz,https://www.linkedin.com/company/search-international,Staffing and Recruiting,US,US,pass,unknown,industry unknown
Brian,Evans,Brian Evans,President,Executive Management,,linkedin.com/in/brian-evans-9787b014,,C-Team,blitz,https://www.linkedin.com/company/executive-management,Staffing and Recruiting,US,US,pass,unknown,industry unknown
Brian,Kelly,Brian Kelly,Director of Sales - Nashville / Dallas,LaSalle Network,thelasallenetwork.com,linkedin.com/in/briankelly6,,Director,blitz,https://www.linkedin.com/company/lasalle-network,,US,US,pass,unknown,industry unknown
Brittany,Allphin-Smith,Brittany Allphin-Smith,Business Owner,Rush Hair Salon,,linkedin.com/in/brittany-allphin-smith-47526262,,C-Team,blitz,https://www.linkedin.com/company/rush-hair-salon,Staffing and Recruiting,US,US,pass,unknown,industry unknown
Brooke,Stokes,Brooke Stokes,Senior Program Director,Alliance Abroad,allianceabroad.com,linkedin.com/in/brooke-stokes-b16aaa51,,Director,blitz,https://www.linkedin.com/company/allianceabroad,,US,US,pass,unknown,industry unknown
Bruce,West,Bruce West,owner,People Helper.,,linkedin.com/in/bruce-west-8441a92b,,C-Team,blitz,https://www.linkedin.com/company/people-helper.,Human Resources Services,US,US,pass,unknown,industry unknown
Bryan,Kerry,Bryan Kerry,Business Owner,Job Source LLC,,linkedin.com/in/bryan-kerry-0bb181182,,C-Team,blitz,https://www.linkedin.com/company/job-source-llc,Staffing and Recruiting,US,US,pass,unknown,industry unknown
Brynne,Milankovich,Brynne Milankovich,Senior Client Solutions Partner,Aptonet,aptonet.com,linkedin.com/in/brynne-milankovich-5567b614a,,C-Team,blitz,https://www.linkedin.com/company/aptonet-inc,,US,US,pass,unknown,industry unknown
Bill,Young,Bill Young,CTO & Operating Partner,RightClick,findtherightclick.com,linkedin.com/in/bxyoung,,C-Team,blitz,https://www.linkedin.com/company/rightclick,,US,US,pass,unknown,industry unknown
Byron,Silva,Byron Silva,Director of Training,LABORERS EASTERN REGION ORGANIZING FUND,,linkedin.com/in/byron-silva-2a8137281,,Director,blitz,https://www.linkedin.com/company/laborers-eastern-region-organizing-fund,Staffing and Recruiting,US,US,pass,unknown,industry unknown
Cameron,W.,Cameron W.,Head of Transmission & Distribution,NetZero,net-z.co.uk,linkedin.com/in/cameron-w-07a1a515a,,Director,blitz,https://www.linkedin.com/company/net-zero-ltd,,GB,GB,pass,unknown,industry unknown
Camilla,Hammer,Camilla Hammer,Senior Director - Recruitment,Hammer Andersen,hammerandersen.com,linkedin.com/in/camilla-hammer-85171983,,Director,blitz,https://www.linkedin.com/company/hammerandersenrecruitment,,DK,DK,pass,unknown,industry unknown
Christopher,Miller,Christopher Miller,President / Lead Recruiter,Human Capital Resources,,linkedin.com/in/camillercorp,,C-Team,blitz,https://www.linkedin.com/company/human-capital-resources,Staffing and Recruiting,US,US,pass,unknown,industry unknown
Candy,Huang,Candy Huang,Technical Director,RightClick,findtherightclick.com,linkedin.com/in/candy-huang-74815624a,,Director,blitz,https://www.linkedin.com/company/rightclick,,US,US,pass,unknown,industry unknown
Carl,Ambrogio,Carl Ambrogio,Partner,Associates of Westport,,linkedin.com/in/carl-ambrogio-6448447,,C-Team,blitz,https://www.linkedin.com/company/associates-of-westport,Staffing and Recruiting,US,US,pass,unknown,industry unknown
Carlos,Herrera,Carlos Herrera,COO,Elite Solutions,,linkedin.com/in/carlos-herrera-8415a55a,,C-Team,blitz,https://www.linkedin.com/company/elite-solutions,Staffing and Recruiting,US,US,pass,unknown,industry unknown
Carlos,Segrera,Carlos Segrera,Vice President,Kramer Professional Staffing,,linkedin.com/in/carlos-segrera-75b5036,,VP,blitz,https://www.linkedin.com/company/kramer-professional-staffing,Staffing and Recruiting,US,US,pass,unknown,industry unknown
Carlyn,Madden,Carlyn Madden,Chief Executive Officer,Good Insight,good-insight.org,linkedin.com/in/carlynmadden,,C-Team,blitz,https://www.linkedin.com/company/good-insight,,US,US,pass,unknown,industry unknown
Carme,A.,Carme A.,Socia Directora,plà&associats,placonsultoria.com,linkedin.com/in/carme-alguacil,,C-Team,blitz,https://www.linkedin.com/company/pla&associats-consultor-a-de-recursos-humanos,,ES,ES,pass,unknown,industry unknown
Carol,Lamar,Carol Lamar,cto,EGT Human Resources,,linkedin.com/in/carol-lamar-164a0463,,C-Team,blitz,https://www.linkedin.com/company/egt-human-resources,Human Resources Services,US,US,pass,unknown,industry unknown
Carole Ann,Church,Carole Ann Church,Director of Nursing,"MARGATE HEALTH & REHAB CENTER, LLC",,linkedin.com/in/carole-ann-church-564628b1,,Director,blitz,https://www.linkedin.com/company/margate-health-&-rehab-center-llc,Staffing and Recruiting,US,US,pass,unknown,industry unknown
Carolina,Chávez Sepe,Carolina Chávez Sepe,Director & Shareowner,CS Managering,,linkedin.com/in/carolinachavez,,Director,blitz,https://www.linkedin.com/company/cs-managering,Human Resources Services,ES,ES,pass,unknown,industry unknown
Caroline,Sarris,Caroline Sarris,"Director, Recruiting",The Hollister Group,hollistergroup.com,linkedin.com/in/carolinesarris,,Director,blitz,https://www.linkedin.com/company/hollistergroup,,US,US,pass,unknown,industry unknown
Carol,Boone,Carol Boone,Senior Director of People Operations,Benepass,getbenepass.com,linkedin.com/in/carolvboone,,Director,blitz,https://www.linkedin.com/company/benepass,,US,US,pass,unknown,industry unknown
CAROLYN,ARCEGA,CAROLYN ARCEGA,CEO,Cons tract,,linkedin.com/in/carolyn-arcega-538257165,,C-Team,blitz,https://www.linkedin.com/company/cons-tract,Staffing and Recruiting,US,BE,pass,unknown,industry unknown
Carolyn,Wester,Carolyn Wester,Director of Business Development,SearchTech Solutions,,linkedin.com/in/carolyn-wester-44aa5a9,,Director,blitz,https://www.linkedin.com/company/searchtech-solutions,Staffing and Recruiting,US,US,pass,unknown,industry unknown
Karen,Carroll,Karen Carroll,co-owner and job swami,blue plate minds,blueplateminds.com,linkedin.com/in/carrollkaren,,C-Team,blitz,https://www.linkedin.com/company/blueplateminds,,US,US,pass,unknown,industry unknown
Carter,Harned,Carter Harned,Board Member,LaSalle Network,thelasallenetwork.com,linkedin.com/in/carter-harned-7673422,,Director,blitz,https://www.linkedin.com/company/lasalle-network,,US,US,pass,unknown,industry unknown
Cat,Yuille,Cat Yuille,Vice President of Technology Partnerships,LaSalle Network,thelasallenetwork.com,linkedin.com/in/cat-yuille-1b355246,,VP,blitz,https://www.linkedin.com/company/lasalle-network,,US,US,pass,unknown,industry unknown
Catehrine,Dohring,Catehrine Dohring,Owner,The Westminster Group,,linkedin.com/in/catehrine-dohring-2787151,,C-Team,blitz,https://www.linkedin.com/company/the-westminster-group,Staffing and Recruiting,US,US,pass,unknown,industry unknown
Cathleen,"Massaro, MPA, SHRM - CP","Cathleen Massaro, MPA, SHRM - CP",HR Systems Director,"STAFFCO OF BROOKLYN, LLC",,linkedin.com/in/cathleen-massaro-mpa-shrm-cp-a9825741,,Director,blitz,https://www.linkedin.com/company/staffco-of-brooklyn-llc,Human Resources Services,US,US,pass,unknown,industry unknown
Cathleen,Posse,Cathleen Posse,Head of Finance & Administration,Signature Consulting GmbH,signature.de,linkedin.com/in/cathleen-posse-124b10148,,Director,blitz,https://www.linkedin.com/company/signature-consulting-gmbh,,DE,DE,pass,unknown,industry unknown
Celine,Corletti,Celine Corletti,"Founder-Recruitment, Talent Development & Management-Banking & Financial Services",Beyond Potentials,beyondpotentials.com,linkedin.com/in/celinecorletti,,C-Team,blitz,https://www.linkedin.com/company/beyondpotentials,,CH,CH,pass,unknown,industry unknown
Cfarmer,Farmer,Cfarmer Farmer,Director Central U.S. Operations,Empyrean Management Group,,linkedin.com/in/cfarmer-farmer-397549,,Director,blitz,https://www.linkedin.com/company/empyrean-management-group,Staffing and Recruiting,US,US,pass,unknown,industry unknown
Chad,Ward,Chad Ward,CFO,Huntington Group,,linkedin.com/in/chad-ward-777507a,,C-Team,blitz,https://www.linkedin.com/company/huntington-group,Staffing and Recruiting,US,US,pass,unknown,industry unknown
Chandra,Mandalapu,Chandra Mandalapu,Partner,Lekha Inc,,linkedin.com/in/chandra-mandalapu-38069715,,C-Team,blitz,https://www.linkedin.com/company/lekha-inc,Staffing and Recruiting,US,US,pass,unknown,industry unknown
Charles,barrett,Charles barrett,Chief Executive Officer,BARRETT & YOUNG,barrettandyoung.com,linkedin.com/in/charles-barrett-68a049275,,C-Team,blitz,https://www.linkedin.com/company/barrettandyoung,,US,BE,pass,unknown,industry unknown
Charles,Bloodworth,Charles Bloodworth,Director Application Development,Asurint,asurint.com,linkedin.com/in/charles-bloodworth-7951532,,Director,blitz,https://www.linkedin.com/company/asurint,,US,US,pass,unknown,industry unknown
CHARLES,greenberg,CHARLES greenberg,owner,CK Associates,,linkedin.com/in/charles-greenberg-01bab9132,,C-Team,blitz,https://www.linkedin.com/company/ck-associates,Staffing and Recruiting,US,US,pass,unknown,industry unknown
Charles,Keosseian,Charles Keosseian,President,CK Associates,,linkedin.com/in/charles-keosseian-b9771216,,C-Team,blitz,https://www.linkedin.com/company/ck-associates,Staffing and Recruiting,US,US,pass,unknown,industry unknown
Charles,Martz,Charles Martz,owner,People Helper.,,linkedin.com/in/charles-martz-261b4633,,C-Team,blitz,https://www.linkedin.com/company/people-helper.,Human Resources Services,US,US,pass,unknown,industry unknown
Charles,Stanton,Charles Stanton,owner/rph,People Helper.,,linkedin.com/in/charles-stanton-99b85322,,C-Team,blitz,https://www.linkedin.com/company/people-helper.,Human Resources Services,US,US,pass,unknown,industry unknown
Charlie,Palmer,Charlie Palmer,Director of Business Development,Exclaim Recruiting Agency,,linkedin.com/in/charlespalmer,,Director,blitz,https://www.linkedin.com/company/exclaim-recruiting-agency,Staffing and Recruiting,US,US,pass,unknown,industry unknown
Charlie,Abadie,Charlie Abadie,CEO,Tandem Staffing,,linkedin.com/in/charlie-abadie-84b2052,,C-Team,blitz,https://www.linkedin.com/company/tandem-staffing,Staffing and Recruiting,US,US,pass,unknown,industry unknown
Chris,Beach,Chris Beach,"Vice President, Client Management",The Sage Group,thesagegroup.com,linkedin.com/in/chbeach,,VP,blitz,https://www.linkedin.com/company/the-sage-group-formerly-sage-consulting-associates-,,US,US,pass,unknown,industry unknown
Chelsea,Stoddard,Chelsea Stoddard,Managing Director,Curran Recruiting,curranrecruiting.com,linkedin.com/in/chelsea-stoddard-216677116,,C-Team,blitz,https://www.linkedin.com/company/curranrecruiting,,US,US,pass,unknown,industry unknown
Chelsey,Boren,Chelsey Boren,Executive Director of Operations,Self Employed,,linkedin.com/in/chelseyhauptriefboren,,Director,blitz,https://www.linkedin.com/company/summit-county-alcohol-drug-addiction-&-mental-health-services-board,Human Resources Services,US,US,pass,unknown,industry unknown
Chris,Friday,Chris Friday,Senior Vice President,LaSalle Network,thelasallenetwork.com,linkedin.com/in/chris-friday-476852329,,VP,blitz,https://www.linkedin.com/company/lasalle-network,,US,US,pass,unknown,industry unknown
Chris,Gregory,Chris Gregory,Owner,The Morley Group,,linkedin.com/in/chris-gregory-944a372,,C-Team,blitz,https://www.linkedin.com/company/the-morley-group,Staffing and Recruiting,US,GB,pass,unknown,industry unknown
Chris,Holmes,Chris Holmes,Chief Operations Officer,LMC Resources,,linkedin.com/in/chris-holmes-37aa773,,C-Team,blitz,https://www.linkedin.com/company/lmc-resources,Human Resources,US,US,pass,unknown,industry unknown
Chris,Martinez,Chris Martinez,Director of Sales And Business Development,"A.T. Staffing/Advance'd Temporaries, Inc.",,linkedin.com/in/chris-martinez-6601446a,,Director,blitz,https://www.linkedin.com/company/a.t.-staffing-advance'd-temporaries-inc.,Human Resources Services,US,US,pass,unknown,industry unknown
chris,muir,chris muir,Owner,Oaktree Consulting,,linkedin.com/in/chris-muir-4a11b87,,C-Team,blitz,https://www.linkedin.com/company/oaktree-consulting,Staffing and Recruiting,GB,GB,pass,unknown,industry unknown
Christopher,Ruffin,Christopher Ruffin,Head of Sales & Recruiting Operations,Technical Source,technicalsource.com,linkedin.com/in/chris-ruffin,,Director,blitz,https://www.linkedin.com/company/technical-source-llc,,US,US,pass,unknown,industry unknown
Chris,Whitlock,Chris Whitlock,Executive Director,GCS Associates,gcsassociates.com,linkedin.com/in/chris-whitlock-6924341a,,Director,blitz,https://www.linkedin.com/company/gcs-associates-recruitment,,GB,GB,pass,unknown,industry unknown
Chris,Wilson,Chris Wilson,Vice President,Oar Staffing,,linkedin.com/in/chris-wilson-74472328a,,VP,blitz,https://www.linkedin.com/company/oar-staffing,Staffing and Recruiting,US,US,pass,unknown,industry unknown
Chris,Quintero,Chris Quintero,Partner,Cruit Group,cruitgroup.com,linkedin.com/in/chrisquintero,,C-Team,blitz,https://www.linkedin.com/company/cruit-group,,US,US,pass,unknown,industry unknown
Christine,Sedillo,Christine Sedillo,Transitioning into Business Owner and Finance,U.S. Armed Forces Active Guard Reserve,,linkedin.com/in/christine-sedillo-0234291a8,,C-Team,blitz,https://www.linkedin.com/company/u.s.-armed-forces-active-guard-reserve,Human Resources Services,US,US,pass,unknown,industry unknown
Christophe,Claret,Christophe Claret,Principal Chief Executive Officer,GEMFOS,,linkedin.com/in/christophe-claret-b0b902273,,C-Team,blitz,https://www.linkedin.com/company/gemfos,Human Resources,FR,FR,pass,unknown,industry unknown
Christy,Vines,Christy Vines,"Director, Business Development",Talent Treasure,,linkedin.com/in/christy-vines-7272493,,Director,blitz,https://www.linkedin.com/company/talent-treasure,Staffing and Recruiting,US,US,pass,unknown,industry unknown
Chris,Lo,Chris Lo,Director,AI Executive,,linkedin.com/in/chslo,,Director,blitz,https://www.linkedin.com/company/ai-executive,Staffing and Recruiting,US,US,pass,unknown,industry unknown
Chuck,Brehm,Chuck Brehm,Owner,People Helper.,,linkedin.com/in/chuck-brehm-36048052,,C-Team,blitz,https://www.linkedin.com/company/people-helper.,Human Resources Services,US,US,pass,unknown,industry unknown
Chuck,Gallagher,Chuck Gallagher,Owner,The Gallagher Group,,linkedin.com/in/chuck-gallagher-77049b27,,C-Team,blitz,https://www.linkedin.com/company/the-gallagher-group,Staffing and Recruiting,US,US,pass,unknown,industry unknown
Ciara,Owens,Ciara Owens,"Founder | Fractional HR Operations, Payroll & HRIS Consultant",Self Employed,,linkedin.com/in/ciaraowens,,C-Team,blitz,https://www.linkedin.com/company/summit-county-alcohol-drug-addiction-&-mental-health-services-board,Human Resources Services,US,US,pass,unknown,industry unknown
Cindy,Delph,Cindy Delph,Director of Human Resources and Client Relations,US Personnel,,linkedin.com/in/cindy-delph-211b6b6,,Director,blitz,https://www.linkedin.com/company/us-personnel,Human Resources,US,US,pass,unknown,industry unknown
Cindy,Gragg,Cindy Gragg,Vice President,Southern Communications,,linkedin.com/in/cindy-gragg-901195115,,VP,blitz,https://www.linkedin.com/company/southern-communications,Human Resources Services,US,US,pass,unknown,industry unknown
Corey,LaMonica,Corey LaMonica,Vice President,RightClick,findtherightclick.com,linkedin.com/in/clamonica,,VP,blitz,https://www.linkedin.com/company/rightclick,,US,US,pass,unknown,industry unknown
Clarence,Ho,Clarence Ho,Owner,MIS Consulting Group,,linkedin.com/in/clarence-ho-06a7a01,,C-Team,blitz,https://www.linkedin.com/company/mis-consulting-group,Staffing and Recruiting,US,US,pass,unknown,industry unknown
Claude,Detoisien,Claude Detoisien,Directeur travaux,DIE,,linkedin.com/in/claude-detoisien-14129b109,,Director,blitz,https://www.linkedin.com/company/die,Human Resources Services,FR,NL,pass,unknown,industry unknown
Claudia,HÜBNER,Claudia HÜBNER,Stellvertretender CEO,BHW,,linkedin.com/in/claudia-hübner-553629257,,C-Team,blitz,https://www.linkedin.com/company/bighandworks-limited,Staffing and Recruiting,AT,GB,pass,unknown,industry unknown
Claudio,Faus Amorós,Claudio Faus Amorós,Director general,SERFIEL E T T SL,,linkedin.com/in/claudio-faus-amorós-7b30b384,,Director,blitz,https://www.linkedin.com/company/serfiel-e-t-t-sl,Human Resources Services,FR,ES,pass,unknown,industry unknown
CLEMENT,SERGE,CLEMENT SERGE,FINANCIAL DIRECTOR,ATOLL,,linkedin.com/in/clement-serge-6579a46,,Director,blitz,https://www.linkedin.com/company/atoll,Staffing and Recruiting,BE,BE,pass,unknown,industry unknown
Clifford,Brown,Clifford Brown,owner-president,People Helper.,,linkedin.com/in/clifford-brown-a9b88823,,C-Team,blitz,https://www.linkedin.com/company/people-helper.,Human Resources Services,US,US,pass,unknown,industry unknown
Clive,Bennett,Clive Bennett,Head of Practice,AshtonPenney,,linkedin.com/in/clive-bennett-b886125,,Director,blitz,https://www.linkedin.com/company/ashtonpenney,Staffing and Recruiting,GB,GB,pass,unknown,industry unknown
Clovis,Prince,Clovis Prince,President & CEO,Prince & Associates,,linkedin.com/in/clovis-prince-2a117a1,,C-Team,blitz,https://www.linkedin.com/company/prince-&-associates,Human Resources Services,US,US,pass,unknown,industry unknown
Colin,Masters,Colin Masters,Owner,Masters & Associates,,linkedin.com/in/colin-masters-23b59a7,,C-Team,blitz,https://www.linkedin.com/company/masters-&-associates,Staffing and Recruiting,US,US,pass,unknown,industry unknown
COLLECTORS,Project,COLLECTORS Project,Project Partner,TEKNOLOGIAN TUTKIMUSKESKUS VTT OY,,linkedin.com/in/collectors-project-b59b73163,,C-Team,blitz,https://www.linkedin.com/company/teknologian-tutkimuskeskus-vtt-oy,Human Resources Services,BE,NO,pass,unknown,industry unknown
Colleen,Erickson,Colleen Erickson,Managing Director,Trade Compliance Recruiting Solutions,traderecruiting.com,linkedin.com/in/colleen-erickson,,C-Team,blitz,https://www.linkedin.com/company/trade-compliance-recruiting-solutions,,US,US,pass,unknown,industry unknown
Colleen,Ladden,Colleen Ladden,Director iLabor,ClearPoint Resources,,linkedin.com/in/colleen-ladden-0012066,,Director,blitz,https://www.linkedin.com/company/clearpoint-resources,Staffing and Recruiting,US,US,pass,unknown,industry unknown
Ellen,H.,Ellen H.,Owner,Semi-Retired,,linkedin.com/in/coloradoliveworklofts,,C-Team,blitz,https://www.linkedin.com/company/pinpoint-local-south-sound,Human Resources Services,US,US,pass,unknown,industry unknown
Dr. Cooper,"Paiva, DSL","Dr. Cooper Paiva, DSL",Head of Women's Soccer,Leesville High School,,linkedin.com/in/cooper-paiva,,Director,blitz,https://www.linkedin.com/school/leesville-high-school,Human Resources Services,US,US,pass,unknown,industry unknown
Cory,Rivard,Cory Rivard,Vice President of Recruiting,The Sage Group,thesagegroup.com,linkedin.com/in/cory-rivard-842a0643,,VP,blitz,https://www.linkedin.com/company/the-sage-group-formerly-sage-consulting-associates-,,US,US,pass,unknown,industry unknown
Cowan,Lynn,Cowan Lynn,VP,People Helper.,,linkedin.com/in/cowan-lynn-59036589,,VP,blitz,https://www.linkedin.com/company/people-helper.,Human Resources Services,US,US,pass,unknown,industry unknown
Debbie,D.,Debbie D.,Head of Communications / Operations,Lack + Daily Marketing Recruiting Experts,web-lack-daily.com,linkedin.com/in/cpgmarketingjobsdebbiedolby,,Director,blitz,https://www.linkedin.com/company/lack-&-daily,,US,US,pass,unknown,industry unknown
Chris,Pitisci,Chris Pitisci,Executive Vice President,NextPath Workforce Solutions,nextpathcp.com,linkedin.com/in/cpitisci,,VP,blitz,https://www.linkedin.com/company/nextpathcp,,US,US,pass,unknown,industry unknown
Craig,Harrison,Craig Harrison,Co Founder - Partner,Spektrum,spektrum-group.com,linkedin.com/in/craigharrison1980,,C-Team,blitz,https://www.linkedin.com/company/spektrumgrp,,ES,ES,pass,unknown,industry unknown
cristina,rumani,cristina rumani,find  sex partner  must be more then 60 years,Sextant Search Partners,,linkedin.com/in/cristina-rumani-7baa6153,,C-Team,blitz,https://www.linkedin.com/company/sextant-search-partners,Staffing and Recruiting,RO,US,pass,unknown,industry unknown
Crystal,Bunts,Crystal Bunts,"Vice President, Programs",Alliance Abroad,allianceabroad.com,linkedin.com/in/crystalbunts,,VP,blitz,https://www.linkedin.com/company/allianceabroad,,US,US,pass,unknown,industry unknown
Curt,Heikkila,Curt Heikkila,Owner,Executive Search Associates,,linkedin.com/in/curt-heikkila-a81218,,C-Team,blitz,https://www.linkedin.com/company/executive-search-associates,Staffing and Recruiting,US,US,pass,unknown,industry unknown
Dale,Statson,Dale Statson,President,"Sales Executives, Inc.",,linkedin.com/in/dale-statson-a6b7a45a,,C-Team,blitz,https://www.linkedin.com/company/sales-executives-inc.,Staffing and Recruiting,US,US,pass,unknown,industry unknown
Dale,Statson,Dale Statson,President,"Sales Executives, Inc.",,linkedin.com/in/dale-statson-b3b835,,C-Team,blitz,https://www.linkedin.com/company/sales-executives-inc.,Staffing and Recruiting,US,US,pass,unknown,industry unknown
DaleAnn,Murphy,DaleAnn Murphy,President/Owner,The Murphy Group,,linkedin.com/in/daleann-murphy-237a004,,C-Team,blitz,https://www.linkedin.com/company/the-murphy-group,Staffing and Recruiting,US,US,pass,unknown,industry unknown
Dan,Farkas,Dan Farkas,Director of Sales,LaSalle Network,thelasallenetwork.com,linkedin.com/in/dan-farkas-7b7b3b,,Director,blitz,https://www.linkedin.com/company/lasalle-network,,US,US,pass,unknown,industry unknown
Dan,McAleavey,Dan McAleavey,Vice President,LaSalle Network,thelasallenetwork.com,linkedin.com/in/dan-mcaleavey-3489526,,VP,blitz,https://www.linkedin.com/company/lasalle-network,,US,US,pass,unknown,industry unknown
Dan,Parnwell,Dan Parnwell,Director Market Risk Practice,Elliott Ross Associates,,linkedin.com/in/dan-parnwell-666250,,Director,blitz,https://www.linkedin.com/company/elliott-ross-associates,Staffing and Recruiting,GB,GB,pass,unknown,industry unknown
dan,radulescu,dan radulescu,director,ACR,,linkedin.com/in/dan-radulescu-6a92b765,,Director,blitz,https://www.linkedin.com/company/acr,Human Resources Services,RO,US,pass,unknown,industry unknown
Daniel,Fuller,Daniel Fuller,Middleware Director,Futuro Group,,linkedin.com/in/daniel-fuller-a97581,,Director,blitz,https://www.linkedin.com/company/futuro-group,Staffing and Recruiting,GB,NL,pass,unknown,industry unknown
Daniel,Mata,Daniel Mata,Director or Operations,MedX Staffing,,linkedin.com/in/daniel-mata-585619203,,Director,blitz,https://www.linkedin.com/company/medx-staffing,Staffing and Recruiting,US,US,pass,unknown,industry unknown
Daniel,R.,Daniel R.,Founder & Talent Partner,Productiva,,linkedin.com/in/daniel-r-39b782178,,C-Team,blitz,https://www.linkedin.com/company/productivarecruit,Staffing and Recruiting,US,US,pass,unknown,industry unknown
Daniel,Ronai,Daniel Ronai,Executive Director Hungary,Wyser,wyser-search.com,linkedin.com/in/daniel-ronai-5940574b,,Director,blitz,https://www.linkedin.com/company/wyser,,HU,IT,pass,unknown,industry unknown
Daniel,Wallström,Daniel Wallström,Head of Consulting/CEO,Dovre Solutions,dovregroup.com,linkedin.com/in/daniel-wallström-6a816966,,C-Team,blitz,https://www.linkedin.com/company/dovre-solutions,,SE,NO,pass,unknown,industry unknown
Daniela,Nenova,Daniela Nenova,Owner,Horizons HR,,linkedin.com/in/daniela-nenova-88398b5,,C-Team,blitz,https://www.linkedin.com/company/horizons-hr,Human Resources Services,BG,US,pass,unknown,industry unknown
Daniele,Marzaroli,Daniele Marzaroli,Amministratore- Direttore Generale,Cultura d'Impresa,culturadimpresa.net,linkedin.com/in/danielemarzaroli,,Director,blitz,https://www.linkedin.com/company/cultura-d'impresa,,IT,IT,pass,unknown,industry unknown
Daniel,Piaszczyk,Daniel Piaszczyk,Senior Partner  |  Head of IT Practice at Wyser (360 role: BD+Delivery),Wyser,wyser-search.com,linkedin.com/in/danielpiaszczyk,,C-Team,blitz,https://www.linkedin.com/company/wyser,,PL,IT,pass,unknown,industry unknown
Danilo,Barreiro,Danilo Barreiro,Chief Executive Officer,Nearshore Talent by CW,cwssg.com,linkedin.com/in/danilo-barreiro,,C-Team,blitz,https://www.linkedin.com/company/cwssg,,US,US,pass,unknown,industry unknown
Danny,A.,Danny A.,Director,Launch Education,launcheducation.co.uk,linkedin.com/in/danny-a-85a27087,,Director,blitz,https://www.linkedin.com/company/launchgroup,,GB,GB,pass,unknown,industry unknown
Darren,Crocker,Darren Crocker,Independent Owner,Human Resource Consultants,,linkedin.com/in/darren-crocker-1943252,,C-Team,blitz,https://www.linkedin.com/company/human-resource-consultants,Human Resources Services,US,US,pass,unknown,industry unknown
Dave,Conway,Dave Conway,owner,Forefront Staffing,,linkedin.com/in/dave-conway-3352899,,C-Team,blitz,https://www.linkedin.com/company/forefront-staffing,Staffing and Recruiting,US,US,pass,unknown,industry unknown
David,Calavitta,David Calavitta,Business Owner,Pizza Time Restaurant,,linkedin.com/in/david-calavitta-aabb79130,,C-Team,blitz,https://www.linkedin.com/company/pizza-time-restaurant,Staffing and Recruiting,US,US,pass,unknown,industry unknown
David,Clinton,David Clinton,Vice President,Diversified Personnel,,linkedin.com/in/david-clinton-88a27b147,,VP,blitz,https://www.linkedin.com/company/diversified-personnel,Staffing and Recruiting,US,US,pass,unknown,industry unknown
David,Dickey,David Dickey,Senior Vice President,BrokerHunter,brokerhunter.com,linkedin.com/in/david-dickey-701a594,,VP,blitz,https://www.linkedin.com/company/brokerhunter.com,,US,US,pass,unknown,industry unknown
David,Hazlewood,David Hazlewood,Director of Business Development,Adatech Inc.,,linkedin.com/in/david-hazlewood-8a40961,,Director,blitz,https://www.linkedin.com/company/adatech-inc.,Staffing and Recruiting,US,US,pass,unknown,industry unknown
David,Leviyev,David Leviyev,Director of PEO Sales,Niural AI,niural.com,linkedin.com/in/david-leviyev-6541011ab,,Director,blitz,https://www.linkedin.com/company/niural,,US,US,pass,unknown,industry unknown
David,Lozano Monge,David Lozano Monge,Propietario,ES,,linkedin.com/in/david-lozano-monge-b682a32b9,,C-Team,blitz,https://www.linkedin.com/company/es-careers,Staffing and Recruiting,ES,US,pass,unknown,industry unknown
David,Mangan,David Mangan,Chief Operations Officer,US Personnel,,linkedin.com/in/david-mangan-b2348a,,C-Team,blitz,https://www.linkedin.com/company/us-personnel,Human Resources,US,US,pass,unknown,industry unknown
David,Neal,David Neal,Entrepreneur,The Empower Network,,linkedin.com/in/david-neal-75597353,,C-Team,blitz,https://www.linkedin.com/company/the-empower-network,Staffing and Recruiting,US,US,pass,unknown,industry unknown
David,Tanné,David Tanné,"Engineering/Regulatory Advisor, Board Member",Tango - Les Deeptech,lesdeeptech.fr,linkedin.com/in/david-tanné-84b5a610,,Director,blitz,https://www.linkedin.com/company/tango-les-deeptech,,FR,FR,pass,unknown,industry unknown
David,Thomas,David Thomas,Managing Director,The Stephen James Partnership,thesjp.co.uk,linkedin.com/in/david-thomas-6106155a,,C-Team,blitz,https://www.linkedin.com/company/the-stephen-james-partnership,,GB,GB,pass,unknown,industry unknown
David,Wielath,David Wielath,Partner,MAYER Personalmanagement,mayer.co.at,linkedin.com/in/david-wielath-446322a6,,C-Team,blitz,https://www.linkedin.com/company/mayer-personalmanagement,,AT,AT,pass,unknown,industry unknown
David,Cantor,David Cantor,Owner,SmartStaff Personnel,,linkedin.com/in/davidcantor,,C-Team,blitz,https://www.linkedin.com/company/smartstaff-personnel,Staffing and Recruiting,US,US,pass,unknown,industry unknown
David,Hopkinson,David Hopkinson,Client Services Director,GCS Associates,gcsassociates.com,linkedin.com/in/davidhopkinson1,,Director,blitz,https://www.linkedin.com/company/gcs-associates-recruitment,,GB,GB,pass,unknown,industry unknown
David,Testerman,David Testerman,Managing Partner / Co-Founder,BrokerHunter,brokerhunter.com,linkedin.com/in/davidtesterman,,C-Team,blitz,https://www.linkedin.com/company/brokerhunter.com,,US,US,pass,unknown,industry unknown
Dawn,Stanfield,Dawn Stanfield,Executive Director,Open to work,,linkedin.com/in/dawn-stanfield-8ba5375b,,Director,blitz,https://www.linkedin.com/company/open-to-work-inc,Staffing and Recruiting,US,US,pass,unknown,industry unknown
Oldemar,Barreiro,Oldemar Barreiro,Managing Partner,Nearshore Talent by CW,cwssg.com,linkedin.com/in/dbarreiro,,C-Team,blitz,https://www.linkedin.com/company/cwssg,,US,US,pass,unknown,industry unknown
Darryn,Crawford,Darryn Crawford,Board Member,Supportwave,supportwave.com,linkedin.com/in/dcdev,,Director,blitz,https://www.linkedin.com/company/supportwave,,GB,GB,pass,unknown,industry unknown
Dean,Young,Dean Young,Vice President,Executive Management,,linkedin.com/in/dean-young-a247621,,VP,blitz,https://www.linkedin.com/company/executive-management,Staffing and Recruiting,US,US,pass,unknown,industry unknown
Dean,Young  deanryoung@gmail.com,Dean Young deanryoung@gmail.com,Director,Search Smart,,linkedin.com/in/dean-young-deanryoung-gmail-com-423a731,,Director,blitz,https://www.linkedin.com/company/search-smart,Staffing and Recruiting,US,US,pass,unknown,industry unknown
Debashis,S.,Debashis S.,Director of Business Development,InvestM Technology LLC,investmtech.com,linkedin.com/in/debashishsadhya,,Director,blitz,https://www.linkedin.com/company/investm-technology-llc,,US,US,pass,unknown,industry unknown
Debbie,Neal,Debbie Neal,Principal/Owner,Compass Search Group,,linkedin.com/in/debbie-neal-b13880,,C-Team,blitz,https://www.linkedin.com/company/compass-search-group,Staffing and Recruiting,US,US,pass,unknown,industry unknown
Deborah,Bain,Deborah Bain,Human Resources Director,EXPRESS PROFESSIONAL SERVICES,,linkedin.com/in/deborah-bain-b372bb1b7,,Director,blitz,https://www.linkedin.com/company/express-professional-services,Human Resources Services,US,US,pass,unknown,industry unknown
Deborah,Peppers,Deborah Peppers,Owner,ABV Group,,linkedin.com/in/deborah-peppers-b644a22,,C-Team,blitz,https://www.linkedin.com/company/abv-group,Human Resources Services,US,US,pass,unknown,industry unknown
Deborah,Scott,Deborah Scott,Owner,Sage Associates,,linkedin.com/in/deborah-scott-196755,,C-Team,blitz,https://www.linkedin.com/company/sage-associates,Staffing and Recruiting,US,US,pass,unknown,industry unknown
Dee,Brown,Dee Brown,Chief Administrative Officer,ClearPoint Resources,,linkedin.com/in/dee-brown-32b0816,,C-Team,blitz,https://www.linkedin.com/company/clearpoint-resources,Staffing and Recruiting,US,US,pass,unknown,industry unknown
Delta,Ramirez,Delta Ramirez,Owner | Managing Director,Spherion Staffing New Jersey,bio.link,linkedin.com/in/deltaramirez,,C-Team,blitz,https://www.linkedin.com/company/spherionstaffingnj,,US,US,pass,unknown,industry unknown
demar,dotson,demar dotson,Entrepreneur,Xxx Group Inc,,linkedin.com/in/demar-dotson-092b48136,,C-Team,blitz,https://www.linkedin.com/company/xxx-group-inc,Staffing and Recruiting,US,US,pass,unknown,industry unknown
Dennis&Linda,Little,Dennis&Linda Little,owner,People Helper.,,linkedin.com/in/dennis-linda-little-9a866914,,C-Team,blitz,https://www.linkedin.com/company/people-helper.,Human Resources Services,US,US,pass,unknown,industry unknown
Derrick,Jones,Derrick Jones,VP Business Development,Alden Staffing,,linkedin.com/in/derrick-jones-0a89a81b,,VP,blitz,https://www.linkedin.com/company/alden-staffing,Staffing and Recruiting,US,US,pass,unknown,industry unknown
Derrick,Jones,Derrick Jones,Vice President Business Development,Alden Staffing,,linkedin.com/in/derrick-jones-3337bb15,,VP,blitz,https://www.linkedin.com/company/alden-staffing,Staffing and Recruiting,US,US,pass,unknown,industry unknown
Derrick,Jones,Derrick Jones,Vice President of Business Development,Alden Staffing,,linkedin.com/in/derrick-jones-713101b,,VP,blitz,https://www.linkedin.com/company/alden-staffing,Staffing and Recruiting,US,US,pass,unknown,industry unknown
Deyla,Schnieder,Deyla Schnieder,Owner,Career Quest - Company,,linkedin.com/in/deyla-schnieder-353a808,,C-Team,blitz,https://www.linkedin.com/company/career-quest-cp,Staffing and Recruiting,US,US,pass,unknown,industry unknown
David,Goldshore,David Goldshore,Co-Founder - RightClick Talent,RightClick,findtherightclick.com,linkedin.com/in/dgoldshore,,C-Team,blitz,https://www.linkedin.com/company/rightclick,,US,US,pass,unknown,industry unknown
Diana,Peterson,Diana Peterson,vice President,Peterson Consulting Group,,linkedin.com/in/diana-peterson-763b4029,,VP,blitz,https://www.linkedin.com/company/peterson-consulting-group,Staffing and Recruiting,US,US,pass,unknown,industry unknown
Diane,Sanders,Diane Sanders,"Executive Vice President, Client Partnerships and Service Delivery",Walker Healthforce,walkerhealthforce.com,linkedin.com/in/dianesandersjawood,,VP,blitz,https://www.linkedin.com/company/walkerhealthforce,,US,US,pass,unknown,industry unknown
Dianna,Jaramillo,Dianna Jaramillo,owner-manager,People Helper.,,linkedin.com/in/dianna-jaramillo-b40ab290,,C-Team,blitz,https://www.linkedin.com/company/people-helper.,Human Resources Services,US,US,pass,unknown,industry unknown
Dick,Brewer,Dick Brewer,Owner,Career Quest - Company,,linkedin.com/in/dick-brewer-3b47a46,,C-Team,blitz,https://www.linkedin.com/company/career-quest-cp,Staffing and Recruiting,US,US,pass,unknown,industry unknown
Didier,Sarfati,Didier Sarfati,Directeur,NORMA CONSEIL RH,,linkedin.com/in/didier-sarfati-194a3a29,,Director,blitz,https://www.linkedin.com/company/norma-conseil-rh,Human Resources Services,FR,FR,pass,unknown,industry unknown
Diego,Di Barletta,Diego Di Barletta,Senior Executive Director,Wyser,wyser-search.com,linkedin.com/in/diego-di-barletta-a192392,,Director,blitz,https://www.linkedin.com/company/wyser,,IT,IT,pass,unknown,industry unknown
Dimple,Shah,Dimple Shah,"Director, logistics, Import & Export","LBC Search & HR Consulting, LLC",,linkedin.com/in/dimple-shah-638736121,,Director,blitz,https://www.linkedin.com/company/escada-us-subco-llc,Staffing and Recruiting,US,US,pass,unknown,industry unknown
Dimple,Shah,Dimple Shah,Director,"LBC Search & HR Consulting, LLC",,linkedin.com/in/dimple-shah-98656314a,,Director,blitz,https://www.linkedin.com/company/escada-us-subco-llc,Staffing and Recruiting,US,US,pass,unknown,industry unknown
Django,Gangani,Django Gangani,Managing Director,Delve Recruitment,,linkedin.com/in/django-gangani-353011278,,C-Team,blitz,https://www.linkedin.com/company/delve-recruitment-1,Staffing and Recruiting,PL,US,pass,unknown,industry unknown
David,Lichtenstein,David Lichtenstein,Vice President of Product and Technology,Connext,connextglobal.com,linkedin.com/in/dlichten,,VP,blitz,https://www.linkedin.com/company/connextglobalsolutions,,US,US,pass,unknown,industry unknown
Do,de Boom,Do de Boom,Directeur,EGT Human Resources,,linkedin.com/in/do-de-boom-7864887a,,Director,blitz,https://www.linkedin.com/company/egt-human-resources,Human Resources Services,NL,US,pass,unknown,industry unknown
Domhnall (Dom),Fahey,Domhnall (Dom) Fahey,Head of Capital Markets Recruitment,Capital Markets Recruitment,capitalmarkets.ie,linkedin.com/in/domhnall-dom-fahey-0b599131,,Director,blitz,https://www.linkedin.com/company/capital-markets-executive-search,,IE,IE,pass,unknown,industry unknown
Dominic,Taylor,Dominic Taylor,Director,Symmetry Recruitment,symmetryrecruitment.co.uk,linkedin.com/in/dominic-taylor-57b0a171,,Director,blitz,https://www.linkedin.com/company/symmetry-recruitment,,GB,GB,pass,unknown,industry unknown
Dominique,Baslé,Dominique Baslé,Owner | CEO,BARRETT & YOUNG,barrettandyoung.com,linkedin.com/in/dominiquebasle,,C-Team,blitz,https://www.linkedin.com/company/barrettandyoung,,BE,BE,pass,unknown,industry unknown
Dominique,Dierckxsens,Dominique Dierckxsens,Owner,Batenborch International,batenborch.com,linkedin.com/in/dominiquedierckxsens,,C-Team,blitz,https://www.linkedin.com/company/batenborch-international,,BE,BE,pass,unknown,industry unknown
don,boss,don boss,Director,iWonder Consulting,,linkedin.com/in/don-boss-5884b9276,,Director,blitz,https://www.linkedin.com/company/iwonderconsutling,Human Resources Services,RO,US,pass,unknown,industry unknown
Don,Hewid,Don Hewid,Owner,RetailSelect,,linkedin.com/in/don-hewid-12312285,,C-Team,blitz,https://www.linkedin.com/company/retailselect,Staffing and Recruiting,US,NL,pass,unknown,industry unknown
Donald,Morton,Donald Morton,Owner,Performance Personnel,,linkedin.com/in/donald-morton-1515a02,,C-Team,blitz,https://www.linkedin.com/company/performance-personnel,Staffing and Recruiting,US,US,pass,unknown,industry unknown
Donald,Wolf,Donald Wolf,CEO,Quantum Resources,,linkedin.com/in/donald-wolf-68601a7,,C-Team,blitz,https://www.linkedin.com/company/quantum-resources,Staffing and Recruiting,US,US,pass,unknown,industry unknown
Chris,Jo,Chris Jo,Director of Workforce Solutions,Nexien Inc.,nexien.com,linkedin.com/in/dongyouljo,,Director,blitz,https://www.linkedin.com/company/nexien-inc,,US,US,pass,unknown,industry unknown
Donna,Cambron,Donna Cambron,Regional Area Vice President,ASAP Consultants,,linkedin.com/in/donna-cambron-9207b3,,VP,blitz,https://www.linkedin.com/company/asapconsultants,Staffing and Recruiting,US,US,pass,unknown,industry unknown
Donna,Lix,Donna Lix,Director,The Westminster Group,,linkedin.com/in/donna-lix-77b8116,,Director,blitz,https://www.linkedin.com/company/the-westminster-group,Staffing and Recruiting,US,US,pass,unknown,industry unknown
Dorota,Hechner,Dorota Hechner,Director of Permanent Recruitment Warsaw & HR Consulting,Devire,devire.pl,linkedin.com/in/dorotahechner,,Director,blitz,https://www.linkedin.com/company/devire,,PL,PL,pass,unknown,industry unknown
Dorreen,Adelmann,Dorreen Adelmann,Managing Vice President,Hall Kinion,,linkedin.com/in/dorreen-adelmann-76780,,VP,blitz,https://www.linkedin.com/company/hall-kinion,Staffing and Recruiting,US,US,pass,unknown,industry unknown
Douglas,Carleton,Douglas Carleton,President,ACR,,linkedin.com/in/douglas-carleton-189b28120,,C-Team,blitz,https://www.linkedin.com/company/acr,Human Resources Services,US,US,pass,unknown,industry unknown
Douglas,Walters,Douglas Walters,Managing Partner,GrayFox Recruitment,,linkedin.com/in/douglas-walters-826022197,,C-Team,blitz,https://www.linkedin.com/company/grayfoxrecruitment,Staffing and Recruiting,US,US,pass,unknown,industry unknown
Douglas,"Wood, MS, DO, FAAEM","Douglas Wood, MS, DO, FAAEM",Emergency Medical Department Director,Coast to Coast Healthcare Services,,linkedin.com/in/douglas-wood-ms-do-faaem-0697392a,,Director,blitz,https://www.linkedin.com/company/coast-to-coast-health-care-services,Staffing and Recruiting,US,US,pass,unknown,industry unknown
Dowan,Hornsby,Dowan Hornsby,Director,People Helper.,,linkedin.com/in/dowan-hornsby-45550836,,Director,blitz,https://www.linkedin.com/company/people-helper.,Human Resources Services,US,US,pass,unknown,industry unknown
Dr. dt,ogilvie,Dr. dt ogilvie,Chief Executive Officer,Ogilvie & Associates,,linkedin.com/in/dtogilvie,,C-Team,blitz,https://www.linkedin.com/company/ogilvie-&-associates,Staffing and Recruiting,US,US,pass,unknown,industry unknown
DWR Chris,Smith,DWR Chris Smith,CEO,TPP International,,linkedin.com/in/dwr-chris-smith-58a2638,,C-Team,blitz,https://www.linkedin.com/company/tpp-international,Human Resources Services,GB,GB,pass,unknown,industry unknown
Dylan,Black,Dylan Black,"Director, Professional Technical Recruiter",RightClick,findtherightclick.com,linkedin.com/in/dylan-black-716474115,,Director,blitz,https://www.linkedin.com/company/rightclick,,US,US,pass,unknown,industry unknown
Ed,Cartledge,Ed Cartledge,Managing Director & Owner,MaxAd Fixed Fee Recruitment,maxad.co.uk,linkedin.com/in/ed-cartledge-93938644,,C-Team,blitz,https://www.linkedin.com/company/maxad,,GB,GB,pass,unknown,industry unknown
Ed,Pearson,Ed Pearson,Regional Sales Director,PaySource Inc.,,linkedin.com/in/ed-pearson-a517a4,,Director,blitz,https://www.linkedin.com/company/paysource-inc.,Human Resources Services,US,US,pass,unknown,industry unknown
Eddie,Hansley,Eddie Hansley,Owner,Eds Lawn Care,,linkedin.com/in/eddie-hansley-193982121,,C-Team,blitz,https://www.linkedin.com/company/eds-lawn-care,Human Resources Services,US,US,pass,unknown,industry unknown
Eddie Kossi,Dagniho,Eddie Kossi Dagniho,Managing Director,Orange Recruitment Agency,,linkedin.com/in/eddie-kossi-dagniho-2ab458170,,C-Team,blitz,https://www.linkedin.com/company/orange-recruitment-agency,Staffing and Recruiting,GB,IE,pass,unknown,industry unknown
Edouard,Gaudin,Edouard Gaudin,Directeur associé,Balthazar Sélection,balthazarselection.com,linkedin.com/in/edouard-gaudin-948a5a101,,Director,blitz,https://www.linkedin.com/company/balthazar-s%c3%a9lection,,FR,FR,pass,unknown,industry unknown
edward,spires,edward spires,Managing Partner,Peterson Consulting Group,,linkedin.com/in/edward-spires-16534412,,C-Team,blitz,https://www.linkedin.com/company/peterson-consulting-group,Staffing and Recruiting,US,US,pass,unknown,industry unknown
Eileen,Pailes,Eileen Pailes,Vice President Client Services,The Sage Group,thesagegroup.com,linkedin.com/in/eileenpailes,,VP,blitz,https://www.linkedin.com/company/the-sage-group-formerly-sage-consulting-associates-,,US,US,pass,unknown,industry unknown
Elaine,Fields,Elaine Fields,owner-sales,People Helper.,,linkedin.com/in/elaine-fields-37181520,,C-Team,blitz,https://www.linkedin.com/company/people-helper.,Human Resources Services,US,US,pass,unknown,industry unknown
Elaine,Nicol,Elaine Nicol,"Vice President, Consulting Services",TalentTrack,,linkedin.com/in/elaine-nicol-4052961,,VP,blitz,https://www.linkedin.com/company/talenttrack,Staffing and Recruiting,US,US,pass,unknown,industry unknown
Elena,Didyk,Elena Didyk,Individual Entrepreneur/IT Recruiter,Perfect Service,,linkedin.com/in/elena-didyk,,C-Team,blitz,https://www.linkedin.com/company/perfect-serv,Staffing and Recruiting,UA,UA,pass,unknown,industry unknown
Elena,Gapitch,Elena Gapitch,"Director, co-owner",Right People,,linkedin.com/in/elenagapitch,,C-Team,blitz,https://www.linkedin.com/company/right-people,Staffing and Recruiting,UA,NL,pass,unknown,industry unknown
Eli,Jawed,Eli Jawed,VP of Sales & Partnerships,Niural AI,niural.com,linkedin.com/in/elijawed,,VP,blitz,https://www.linkedin.com/company/niural,,US,US,pass,unknown,industry unknown
Elisabeth,BONNEFOY,Elisabeth BONNEFOY,Consultante RH - Présidente de la SASU,EquilibrE,,linkedin.com/in/elisabeth-bonnefoy-a418ab13,,C-Team,blitz,https://www.linkedin.com/company/equilibr%ea%93%b1,Human Resources Services,FR,FR,pass,unknown,industry unknown
Elizabeth,"Bartilucci, MBA","Elizabeth Bartilucci, MBA",VP of People & Organizational Development,RightClick,findtherightclick.com,linkedin.com/in/elizabethbartilucci,,VP,blitz,https://www.linkedin.com/company/rightclick,,US,US,pass,unknown,industry unknown
Ellen,Andrews,Ellen Andrews,Managing Partner,Positions Inc.,,linkedin.com/in/ellen-andrews-a7885311,,C-Team,blitz,https://www.linkedin.com/company/positions-inc.,Staffing and Recruiting,US,US,pass,unknown,industry unknown
Ellen,Thompson,Ellen Thompson,CEO,Innovative People Solutions,,linkedin.com/in/ellen-thompson-4715aa,,C-Team,blitz,https://www.linkedin.com/company/innovative-people-solutions,Human Resources Services,US,US,pass,unknown,industry unknown
Ellen,Wohlberg,Ellen Wohlberg,Senior Director of Operations,LaSalle Network,thelasallenetwork.com,linkedin.com/in/ellen-wohlberg-57b20026,,Director,blitz,https://www.linkedin.com/company/lasalle-network,,US,US,pass,unknown,industry unknown
Emily,Bateman,Emily Bateman,Director Of Operations,Hometown Employment,,linkedin.com/in/emily-bateman-1025bb150,,Director,blitz,https://www.linkedin.com/company/hometown-employment,Staffing and Recruiting,US,US,pass,unknown,industry unknown
emily,pankhurst,emily pankhurst,ceo,EGT Human Resources,,linkedin.com/in/emily-pankhurst-87b8a173,,C-Team,blitz,https://www.linkedin.com/company/egt-human-resources,Human Resources Services,GB,US,pass,unknown,industry unknown
Emily,Swanson,Emily Swanson,Director of Sales,LaSalle Network,thelasallenetwork.com,linkedin.com/in/emily-swanson-10186063,,Director,blitz,https://www.linkedin.com/company/lasalle-network,,US,US,pass,unknown,industry unknown
Emily,Witherell,Emily Witherell,Activities Director,"ROCK RIVER VALLEY SELF HELP ENTERPRISES, INC",,linkedin.com/in/emily-witherell-745ba81b,,Director,blitz,https://www.linkedin.com/company/rock-river-valley-self-help-enterprises-inc,Staffing and Recruiting,US,US,pass,unknown,industry unknown
Emma,Bowers,Emma Bowers,Director,Symmetry Recruitment,symmetryrecruitment.co.uk,linkedin.com/in/emma-bowers-39164a106,,Director,blitz,https://www.linkedin.com/company/symmetry-recruitment,,GB,GB,pass,unknown,industry unknown
Emma,Castillo,Emma Castillo,Director of Business Development,Best Resources,,linkedin.com/in/emma-castillo-08a9138,,Director,blitz,https://www.linkedin.com/company/best-resources,Staffing and Recruiting,US,US,pass,unknown,industry unknown
Enclave,De Avance,Enclave De Avance,Director de RR. HH.,ENCLAVE DE AVANCE SL,,linkedin.com/in/enclave-de-avance-9b2a30230,,Director,blitz,https://www.linkedin.com/company/enclave-de-avance-sl,Human Resources Services,ES,ES,pass,unknown,industry unknown
Eric,Bohn,Eric Bohn,Fondateur associe - Chairman & CEO,EURO CONSULTING PARTNERS,,linkedin.com/in/eric-bohn-11385b6,,C-Team,blitz,https://www.linkedin.com/company/euro-consulting-partners,Human Resources Services,FR,FR,pass,unknown,industry unknown
Eric,Craig,Eric Craig,Vice President Of Business Development & Client Management at The Sage Group,The Sage Group,thesagegroup.com,linkedin.com/in/eric-craig-69ab85,,VP,blitz,https://www.linkedin.com/company/the-sage-group-formerly-sage-consulting-associates-,,US,US,pass,unknown,industry unknown
Eric,Johnson,Eric Johnson,"Partner - Executive Search, Accounting & Finance",CI Search Group,cisearchgroup.com,linkedin.com/in/eric-johnson-a1a34491,,C-Team,blitz,https://www.linkedin.com/company/ci-search-group,,US,US,pass,unknown,industry unknown
Eric,Laganelli,Eric Laganelli,Vice President Operations,LVLS Integration,lvlstech.com,linkedin.com/in/eric-laganelli-585b49aa,,VP,blitz,https://www.linkedin.com/company/lvls-integration,,US,US,pass,unknown,industry unknown
eric,murphy,eric murphy,President,The Murphy Group,,linkedin.com/in/eric-murphy-500ba051,,C-Team,blitz,https://www.linkedin.com/company/the-murphy-group,Staffing and Recruiting,US,US,pass,unknown,industry unknown
Erica,Petrone,Erica Petrone,Freelance Marketing Director,Freelance Work,,linkedin.com/in/ericapetrone,,Director,blitz,https://www.linkedin.com/company/freelance-work-coaching-consulting,Human Resources Services,US,US,pass,unknown,industry unknown
Eric,J. Bates,Eric J. Bates,Director of Business Development,InvestM Technology LLC,investmtech.com,linkedin.com/in/ericjbates,,Director,blitz,https://www.linkedin.com/company/investm-technology-llc,,US,US,pass,unknown,industry unknown
Erik,Eriksen,Erik Eriksen,Owner,The Nolan Group,,linkedin.com/in/erik-eriksen-021426,,C-Team,blitz,https://www.linkedin.com/company/the-nolan-group,Staffing and Recruiting,DK,US,pass,unknown,industry unknown
Erik,Hoekstra,Erik Hoekstra,President,Harbor Consulting,,linkedin.com/in/erik-hoekstra-abb2661,,C-Team,blitz,https://www.linkedin.com/company/harbor-consulting,Staffing and Recruiting,US,US,pass,unknown,industry unknown
Erik,Halperin,Erik Halperin,Vice President,LaSalle Network,thelasallenetwork.com,linkedin.com/in/erikhalperin,,VP,blitz,https://www.linkedin.com/company/lasalle-network,,US,US,pass,unknown,industry unknown
erin,konsterlie,erin konsterlie,"CEO of childcare, CEO of Pet Care, Wedding and Funeral Director",Urban Sitters,,linkedin.com/in/erin-konsterlie-1571b028b,,C-Team,blitz,https://www.linkedin.com/company/urban-sitters,Staffing and Recruiting,US,US,pass,unknown,industry unknown
Eryk,Dees,Eryk Dees,Recruitment Partner,Cruit Group,cruitgroup.com,linkedin.com/in/eryk-dees2,,C-Team,blitz,https://www.linkedin.com/company/cruit-group,,US,US,pass,unknown,industry unknown
Esme,Lutz,Esme Lutz,Head of Product,Benepass,getbenepass.com,linkedin.com/in/esmelutz,,Director,blitz,https://www.linkedin.com/company/benepass,,US,US,pass,unknown,industry unknown
Ethan,Hunt,Ethan Hunt,CEO,POI,,linkedin.com/in/ethan-hunt-7ba25b120,,C-Team,blitz,https://www.linkedin.com/company/poi,Human Resources Services,PT,US,pass,unknown,industry unknown
Ethan,Jones,Ethan Jones,Photobooth Owner,Self Employed,,linkedin.com/in/ethan-jones-65b419292,,C-Team,blitz,https://www.linkedin.com/company/summit-county-alcohol-drug-addiction-&-mental-health-services-board,Human Resources Services,US,US,pass,unknown,industry unknown
Eva-Maria,Santner,Eva-Maria Santner,Designer and Entrepreneur,Self Employed,,linkedin.com/in/eva-maria-santner-647976124,,C-Team,blitz,https://www.linkedin.com/company/summit-county-alcohol-drug-addiction-&-mental-health-services-board,Human Resources Services,GB,US,pass,unknown,industry unknown
Evgenia,Miller,Evgenia Miller,Director of Client Services and Implementation,Asurint,asurint.com,linkedin.com/in/evgenia-miller-38780416,,Director,blitz,https://www.linkedin.com/company/asurint,,US,US,pass,unknown,industry unknown
Ezechiel,Lavezzi,Ezechiel Lavezzi,Company Director,EPG,,linkedin.com/in/ezechiel-lavezzi-157750134,,Director,blitz,https://www.linkedin.com/company/epg,Staffing and Recruiting,SK,US,pass,unknown,industry unknown
Fabian,Stützel,Fabian Stützel,Geschäftsführer,TSURU Consulting GmbH,tsuru-consulting.de,linkedin.com/in/fabian-stützel-2874351aa,,C-Team,blitz,https://www.linkedin.com/company/tsuru-consulting,,DE,DE,pass,unknown,industry unknown
Fabrizio,Palmeri,Fabrizio Palmeri,Managing Partner,Alteo Recruitment,,linkedin.com/in/fabriziopalmeri,,C-Team,blitz,https://www.linkedin.com/company/alteorec,Staffing and Recruiting,BE,BE,pass,unknown,industry unknown
Felix,Schulz,Felix Schulz,Geschäftsführer,Recrutio GmbH,recrutio.de,linkedin.com/in/felix-schulz-recrutio,,C-Team,blitz,https://www.linkedin.com/company/recrutiopersonalvermittlung,,DE,DE,pass,unknown,industry unknown
"Flaa,",Birger,"Flaa, Birger",Owner,Dovre Solutions,dovregroup.com,linkedin.com/in/flaa-birger-6941899,,C-Team,blitz,https://www.linkedin.com/company/dovre-solutions,,NO,NO,pass,unknown,industry unknown
Francesco,Spinelli,Francesco Spinelli,Titolare,STUDIO PROFESSIONSALE PROPRIO,,linkedin.com/in/francesco-spinelli-76a43740,,C-Team,blitz,https://www.linkedin.com/company/studio-professionsale-proprio,Human Resources Services,IT,IT,pass,unknown,industry unknown
Francine,JEANBLANC,Francine JEANBLANC,Associate Managing Director and now Senior Account Director,Talents First - Executive Search & Selection,talentsfirst.com,linkedin.com/in/francine-jeanblanc-8097563,,C-Team,blitz,https://www.linkedin.com/company/talents-first,,FR,FR,pass,unknown,industry unknown
Francis,De Tomorrow Jobs,Francis De Tomorrow Jobs,CMO (Chief Marketing Officer),Tomorrow Jobs,tomorrowjobs.fr,linkedin.com/in/francis-de-tomorrow-jobs-149b97178,,C-Team,blitz,https://www.linkedin.com/company/tomorrow-jobs,,FR,FR,pass,unknown,industry unknown
Francis,Salda,Francis Salda,Director,confidencial,,linkedin.com/in/francis-salda-545531325,,Director,blitz,https://www.linkedin.com/company/ah-hs,Staffing and Recruiting,ES,US,pass,unknown,industry unknown
Francisco,Martín,Francisco Martín,PARTNER,Aleksandra Jonczyk,,linkedin.com/in/francisco-martín-85826,,C-Team,blitz,https://www.linkedin.com/company/aleksandrajonczyk-executive-search,Staffing and Recruiting,ES,PL,pass,unknown,industry unknown
Frank,Brydzinski,Frank Brydzinski,CFO,Exclaim Recruiting Agency,,linkedin.com/in/frank-brydzinski-1812a07,,C-Team,blitz,https://www.linkedin.com/company/exclaim-recruiting-agency,Staffing and Recruiting,US,US,pass,unknown,industry unknown
Frank,Gracely,Frank Gracely,VP Bus. Deve.,Asgard Resources,,linkedin.com/in/frank-gracely-8ba299,,VP,blitz,https://www.linkedin.com/company/asgard-resources,Staffing and Recruiting,US,US,pass,unknown,industry unknown
Frank,Heller,Frank Heller,Partner,TWG Talent Solutions,twgtalentsolutions.com,linkedin.com/in/frank-heller-a3b4995,,C-Team,blitz,https://www.linkedin.com/company/encore-time,,US,US,pass,unknown,industry unknown
Frank,Luna,Frank Luna,Owner,Metro Staffing and Consulting Inc,,linkedin.com/in/frank-luna-6aaa4929,,C-Team,blitz,https://www.linkedin.com/company/metro-staffing-and-consulting-inc,Staffing and Recruiting,US,US,pass,unknown,industry unknown
Frank,Taylor,Frank Taylor,Owner,Mulberry Group,,linkedin.com/in/frank-taylor-ba0b085,,C-Team,blitz,https://www.linkedin.com/company/mulberry-group,Staffing and Recruiting,GB,GB,pass,unknown,industry unknown
François,Carn,François Carn,managing partner Mercator Group,Gow & Partners,,linkedin.com/in/françois-carn-04a358,,C-Team,blitz,https://www.linkedin.com/company/gow-&-partners,Staffing and Recruiting,FR,US,pass,unknown,industry unknown
Fred,Henry,Fred Henry,Executive Vice President,Hobart West Solutions,,linkedin.com/in/fred-henry-61172,,VP,blitz,https://www.linkedin.com/company/hobart-west-solutions,Staffing and Recruiting,US,US,pass,unknown,industry unknown
Frederik,Lehner,Frederik Lehner,Owner,IC Consulting,,linkedin.com/in/frederik-lehner-96a7881,,C-Team,blitz,https://www.linkedin.com/company/ic-consulting,Human Resources Services,AT,US,pass,unknown,industry unknown
Fredrik,Olsson,Fredrik Olsson,CEO,EGT Human Resources,,linkedin.com/in/fredrik-olsson-13541364,,C-Team,blitz,https://www.linkedin.com/company/egt-human-resources,Human Resources Services,SE,US,pass,unknown,industry unknown
Leslie,S.,Leslie S.,Director,Confidential Global,,linkedin.com/in/ftdrecruitmentteam,,Director,blitz,https://www.linkedin.com/company/confidential-global,Staffing and Recruiting,US,US,pass,unknown,industry unknown
Fui Mee,Quek,Fui Mee Quek,Owner,Synergem Europe,,linkedin.com/in/fui-mee-quek-11007a2,,C-Team,blitz,https://www.linkedin.com/company/synergem-europe,Staffing and Recruiting,GB,GB,pass,unknown,industry unknown
Fui Mee,Quek,Fui Mee Quek,Managing Director,Synergem Europe,,linkedin.com/in/fui-mee-quek-1bb814320,,C-Team,blitz,https://www.linkedin.com/company/synergem-europe,Staffing and Recruiting,GB,GB,pass,unknown,industry unknown
Fui Mee,Quek,Fui Mee Quek,Owner,Synergem Europe,,linkedin.com/in/fui-mee-quek-742212,,C-Team,blitz,https://www.linkedin.com/company/synergem-europe,Staffing and Recruiting,GB,GB,pass,unknown,industry unknown
Vicente Manuel,Gómez,Vicente Manuel Gómez,Socio Director,"g2Talentum RRHH, s.l.",g2talentum.es,linkedin.com/in/g2talentumrrhh,,C-Team,blitz,https://www.linkedin.com/company/g2talentum-rrhh-s-l-,,ES,ES,pass,unknown,industry unknown
Gabriel,Ramirez,Gabriel Ramirez,Owner & VP of Sales,Spherion Staffing New Jersey,bio.link,linkedin.com/in/gabriel-ramirez-46798624b,,C-Team,blitz,https://www.linkedin.com/company/spherionstaffingnj,,US,US,pass,unknown,industry unknown
Gareth,Sharp,Gareth Sharp,Managing Director - Sharp Strategy People and Sharp Resources,Sharp Resources,sharpresources.co.uk,linkedin.com/in/garethsharpworkday,,C-Team,blitz,https://www.linkedin.com/company/sharp-resources,,GB,GB,pass,unknown,industry unknown
Gary,Hentschel,Gary Hentschel,President,"Personnel Management, Inc.",,linkedin.com/in/gary-hentschel-12054b3,,C-Team,blitz,https://www.linkedin.com/company/personnel-management-inc.,Staffing and Recruiting,US,US,pass,unknown,industry unknown
Gary,Sevely,Gary Sevely,owner,SDO,,linkedin.com/in/gary-sevely-08439041,,C-Team,blitz,https://www.linkedin.com/company/sdo,Human Resources,US,US,pass,unknown,industry unknown
Gary,Williams,Gary Williams,President,Priority One Staffing,,linkedin.com/in/gary-williams-0187754a,,C-Team,blitz,https://www.linkedin.com/company/priority-one-staffing,Staffing and Recruiting,US,US,pass,unknown,industry unknown
Gauhar,Mirza,Gauhar Mirza,Head of Marketing,TAJ Software Systems,,linkedin.com/in/gauhar-mirza-72a83235,,Director,blitz,https://www.linkedin.com/company/taj-software-systems,Human Resources Services,US,US,pass,unknown,industry unknown
Gaurav,Singh,Gaurav Singh,Chief Executive Officer,HRize LLC,hrize.us,linkedin.com/in/gaurav-singh-12b79950,,C-Team,blitz,https://www.linkedin.com/company/hrize-llc,,US,US,pass,unknown,industry unknown
Gaurav,Sharma,Gaurav Sharma,Vice President - Recruitment Operations,Digitive,godigitive.com,linkedin.com/in/gaursharma,,VP,blitz,https://www.linkedin.com/company/digitivellc,,US,US,pass,unknown,industry unknown
George,Hudson,George Hudson,Managing Director/Owner,Hudson Associates,,linkedin.com/in/gehudson,,C-Team,blitz,https://www.linkedin.com/company/hudson-associates,Staffing and Recruiting,US,US,pass,unknown,industry unknown
Geneva,Milne,Geneva Milne,COO,Temporary Staffing Professionals,,linkedin.com/in/geneva-milne-a233431,,C-Team,blitz,https://www.linkedin.com/company/temporary-staffing-professionals,Staffing and Recruiting,US,US,pass,unknown,industry unknown
Gennaro,D'Alise,Gennaro D'Alise,Proprietario,Autista,,linkedin.com/in/gennaro-d-alise-66430a248,,C-Team,blitz,https://www.linkedin.com/company/autista,Staffing and Recruiting,IT,US,pass,unknown,industry unknown
Geoffrey,Hirtzig,Geoffrey Hirtzig,Co-Founder & Consultant,Origine,,linkedin.com/in/geoffrey-hirtzig-607384164,,C-Team,blitz,https://www.linkedin.com/company/originexecutive,Executive Search Services,FR,FR,pass,unknown,industry unknown
Geoffrey,Mercier,Geoffrey Mercier,Co-fondateur,pasteque.io,pasteque.io,linkedin.com/in/geoffreymercier,,C-Team,blitz,https://www.linkedin.com/company/pasteque-io,,FR,FR,pass,unknown,industry unknown
George,Bell,George Bell,Director/Head of Financial Markets,GSA Associates,,linkedin.com/in/george-bell-99379a5,,Director,blitz,https://www.linkedin.com/company/gsa-associates,Staffing and Recruiting,GB,US,pass,unknown,industry unknown
George,G.,George G.,"Founder, Co-CEO",hyrUP,hyrup.co,linkedin.com/in/george-hyrup,,C-Team,blitz,https://www.linkedin.com/company/hyrup,,US,US,pass,unknown,industry unknown
George,Trombley,George Trombley,vp,Hudson Associates,,linkedin.com/in/george-trombley-84724614,,VP,blitz,https://www.linkedin.com/company/hudson-associates,Staffing and Recruiting,US,US,pass,unknown,industry unknown
George,Degen,George Degen,Head of Qualified Lawyers,The Stephen James Partnership,thesjp.co.uk,linkedin.com/in/georgedegen,,Director,blitz,https://www.linkedin.com/company/the-stephen-james-partnership,,GB,GB,pass,unknown,industry unknown
George,Eaton,George Eaton,Vice President / Embedded & Electrical Headhunter / Staffing Professional / USA,Real Time Recruitment Solutions (RTRS),rtrsjobs.com,linkedin.com/in/georgeeatonembeddedsoftware,,VP,blitz,https://www.linkedin.com/company/rtrs-real-time-recruitment-solutions-ltd-,,US,US,pass,unknown,industry unknown
Georgianna,Wallace,Georgianna Wallace,Branch Director,Hall Kinion,,linkedin.com/in/georgianna-wallace-0554b,,Director,blitz,https://www.linkedin.com/company/hall-kinion,Staffing and Recruiting,US,US,pass,unknown,industry unknown
Georg,Parth,Georg Parth,Co-Founder,Undivi,undivi.at,linkedin.com/in/georgparth,,C-Team,blitz,https://www.linkedin.com/company/undivi,,PL,AT,pass,unknown,industry unknown
Gerald,Smith,Gerald Smith,Director,EGT Human Resources,,linkedin.com/in/gerald-smith-36973b78,,Director,blitz,https://www.linkedin.com/company/egt-human-resources,Human Resources Services,US,US,pass,unknown,industry unknown
Gerda,Smith,Gerda Smith,Owner,GSA Associates,,linkedin.com/in/gerdasmith,,C-Team,blitz,https://www.linkedin.com/company/gsa-associates,Staffing and Recruiting,GB,US,pass,unknown,industry unknown
Gerhard,Penka,Gerhard Penka,Geschäftsführer,Eigener,,linkedin.com/in/gerhard-penka-b765b8273,,C-Team,blitz,https://www.linkedin.com/company/eigener,Human Resources Services,AT,NL,pass,unknown,industry unknown
Gina,Curry,Gina Curry,CEO,NextPath Workforce Solutions,nextpathcp.com,linkedin.com/in/ginacurry,,C-Team,blitz,https://www.linkedin.com/company/nextpathcp,,US,US,pass,unknown,industry unknown
Gioia,Fantoni Reif,Gioia Fantoni Reif,Founder,GFR Consulting,,linkedin.com/in/gioiafantonireif,,C-Team,blitz,https://www.linkedin.com/company/gfr-consulting-mi,Human Resources Services,IT,IT,pass,unknown,industry unknown
giorgio,romani,giorgio romani,direttore,Romac International,,linkedin.com/in/giorgio-romani-96507814,,Director,blitz,https://www.linkedin.com/company/romac-international,Staffing and Recruiting,IT,US,pass,unknown,industry unknown
Giovanna,Siclari,Giovanna Siclari,Senior Executive Director - Torino | Genova | Padova | Bologna | Roma,Wyser,wyser-search.com,linkedin.com/in/giovannasiclari,,Director,blitz,https://www.linkedin.com/company/wyser,,IT,IT,pass,unknown,industry unknown
Gisue,Mehdi,Gisue Mehdi,"Vice President, Legal & Compliance",Benepass,getbenepass.com,linkedin.com/in/gisue-mehdi,,VP,blitz,https://www.linkedin.com/company/benepass,,US,US,pass,unknown,industry unknown
Giuseppe,Basile,Giuseppe Basile,Chief Executive Officer,IGW Proiecte International Srl,,linkedin.com/in/giuseppe-basile-5053a7a3,,C-Team,blitz,https://www.linkedin.com/company/igwproiecte,Human Resources Services,RO,RO,pass,unknown,industry unknown
glen,garcia,glen garcia,owner,People Helper.,,linkedin.com/in/glen-garcia-20056122,,C-Team,blitz,https://www.linkedin.com/company/people-helper.,Human Resources Services,US,US,pass,unknown,industry unknown
Glen,Goldstein,Glen Goldstein,Board Member,Asurint,asurint.com,linkedin.com/in/glengoldstein,,Director,blitz,https://www.linkedin.com/company/asurint,,US,US,pass,unknown,industry unknown
Gonzalo,Trigo Gil,Gonzalo Trigo Gil,Partner Director,Wyser,wyser-search.com,linkedin.com/in/gonzalotrigogil,,C-Team,blitz,https://www.linkedin.com/company/wyser,,ES,IT,pass,unknown,industry unknown
Grace,Hennemuth,Grace Hennemuth,Partner,RightClick,findtherightclick.com,linkedin.com/in/grace-hennemuth,,C-Team,blitz,https://www.linkedin.com/company/rightclick,,US,US,pass,unknown,industry unknown
grant,weiss,grant weiss,Director,"Correctional Alternatives, Inc.",,linkedin.com/in/grant-weiss-1b30a720,,Director,blitz,https://www.linkedin.com/company/correctional-alternatives-inc.,Human Resources,US,US,pass,unknown,industry unknown
Greer,Willis,Greer Willis,Executive Director,People Helper.,,linkedin.com/in/greer-willis-64a87651,,Director,blitz,https://www.linkedin.com/company/people-helper.,Human Resources Services,US,US,pass,unknown,industry unknown
Greg,Green,Greg Green,partner,Kane & Associates,,linkedin.com/in/greg-green-6122302,,C-Team,blitz,https://www.linkedin.com/company/kane-&-associates,Staffing and Recruiting,US,US,pass,unknown,industry unknown
Grégory,Marant,Grégory Marant,CEO,Cherry Pick,cherry-pick.io,linkedin.com/in/gregory-marant,,C-Team,blitz,https://www.linkedin.com/company/cherry-pick-freelances,,FR,FR,pass,unknown,industry unknown
Greg,Walker,Greg Walker,Chief Financial Officer,Walker Healthforce,walkerhealthforce.com,linkedin.com/in/gregwalkerprofile,,C-Team,blitz,https://www.linkedin.com/company/walkerhealthforce,,US,US,pass,unknown,industry unknown
Grégory,Corso,Grégory Corso,Directeur associé,Place To Work SA (GE),,linkedin.com/in/grégory-corso-b9939a19,,Director,blitz,https://www.linkedin.com/company/place-to-work-sa,Staffing and Recruiting,CH,CH,pass,unknown,industry unknown
Gurdon,Blackwell,Gurdon Blackwell,Chief Revenue Officer (CRO),Asurint,asurint.com,linkedin.com/in/gurdonb,,C-Team,blitz,https://www.linkedin.com/company/asurint,,US,US,pass,unknown,industry unknown
Guy,Teston,Guy Teston,Directeur associé,Time Recrutement,time-recrutement.com,linkedin.com/in/guy-teston-2a4b8218,,Director,blitz,https://www.linkedin.com/company/time-recrutement,,FR,FR,pass,unknown,industry unknown
Hamad,Quttainah,Hamad Quttainah,MD,M3 Group,,linkedin.com/in/hamad-quttainah-30a10a53,,C-Team,blitz,https://www.linkedin.com/company/m3-group,Staffing and Recruiting,US,GB,pass,unknown,industry unknown
Hans,Berger,Hans Berger,Geschäftsführer,ACR,,linkedin.com/in/hans-berger-aa1a1369,,C-Team,blitz,https://www.linkedin.com/company/acr,Human Resources Services,CH,US,pass,unknown,industry unknown
Hans,Hammer Andersen,Hans Hammer Andersen,Senior Director. Executive Search. Search & Selection,Hammer Andersen,hammerandersen.com,linkedin.com/in/hanshammerandersen,,Director,blitz,https://www.linkedin.com/company/hammerandersenrecruitment,,DK,DK,pass,unknown,industry unknown
Harry,Ellis,Harry Ellis,Co-Founder,Owen Thomas | B Corp™,owenthomas.io,linkedin.com/in/harry-ellis-049b53122,,C-Team,blitz,https://www.linkedin.com/company/owen-thomas-talent,,GB,GB,pass,unknown,industry unknown
Harry,Johnson,Harry Johnson,VP,P&E People,,linkedin.com/in/harry-johnson-402a139,,VP,blitz,https://www.linkedin.com/company/p&e-people,Human Resources Services,US,US,pass,unknown,industry unknown
Harry,Smith,Harry Smith,President,H&S Consulting,,linkedin.com/in/harry-smith-b160206,,C-Team,blitz,https://www.linkedin.com/company/h&s-consulting,Staffing and Recruiting,US,US,pass,unknown,industry unknown
Tomek,Bożyczko,Tomek Bożyczko,Executive Search | C-Level Headhunter | Managing Partner,Fast Forward Solutions - Executive & Direct Search Services,ffsolutions.pl,linkedin.com/in/headhunter-executive-search,,C-Team,blitz,https://www.linkedin.com/company/fast-forward-executive-search-headhunters,,PL,PL,pass,unknown,industry unknown
Zeeshan,Ashraf,Zeeshan Ashraf,Managing Director,Golan Heights Ltd - Executive Search Headhunting Recruitment Agency,,linkedin.com/in/headhunter-za,,C-Team,blitz,https://www.linkedin.com/company/golan-heights-executive-search-headhunting-recruitment-agency,Staffing and Recruiting,GB,GB,pass,unknown,industry unknown
Hector,Ramirez,Hector Ramirez,Director,EGT Human Resources,,linkedin.com/in/hector-ramirez-b367b86a,,Director,blitz,https://www.linkedin.com/company/egt-human-resources,Human Resources Services,US,US,pass,unknown,industry unknown
Kristóf,Hegedüs,Kristóf Hegedüs,Head of Project Management & Business Analysis BU,IDBC Group,idbc.hu,linkedin.com/in/hegeduskristof,,Director,blitz,https://www.linkedin.com/company/idbc-group-talent-projects-go,,HU,HU,pass,unknown,industry unknown
Helen,Smith,Helen Smith,Knowledge management Director,Interlace,,linkedin.com/in/helen-smith-a934681,,Director,blitz,https://www.linkedin.com/company/interlace,Staffing and Recruiting,GB,US,pass,unknown,industry unknown
Helga,Szűr,Helga Szűr,Head of Service Design,IDBC Group,idbc.hu,linkedin.com/in/helga-szur,,Director,blitz,https://www.linkedin.com/company/idbc-group-talent-projects-go,,HU,HU,pass,unknown,industry unknown
Helle,Jørnung,Helle Jørnung,Founder and Director,Best Talent A/S,besttalent.dk,linkedin.com/in/helle-jørnung-1432431,,C-Team,blitz,https://www.linkedin.com/company/best-talent,,DK,DK,pass,unknown,industry unknown
Hemanshu,P.,Hemanshu P.,Senior Director - Shared Services,Apidel Technologies,apideltech.com,linkedin.com/in/hemanshupatel23,,Director,blitz,https://www.linkedin.com/company/apidel-technologies,,US,US,pass,unknown,industry unknown
Hendrik,Kuhlenkamp,Hendrik Kuhlenkamp,Geschäftsführer,Signature Consulting GmbH,signature.de,linkedin.com/in/hendrik-kuhlenkamp,,C-Team,blitz,https://www.linkedin.com/company/signature-consulting-gmbh,,DE,DE,pass,unknown,industry unknown
Henry,Lee,Henry Lee,Owner,H&S Consulting,,linkedin.com/in/henry-lee-96393111,,C-Team,blitz,https://www.linkedin.com/company/h&s-consulting,Staffing and Recruiting,US,US,pass,unknown,industry unknown
Hidde,Ebels,Hidde Ebels,Mede-directeur/ Eigenaar,Duuw Scale-Up People,duuw.nl,linkedin.com/in/hidde-ebels,,C-Team,blitz,https://www.linkedin.com/company/duuwpeople,,NL,NL,pass,unknown,industry unknown
Hong,Tran,Hong Tran,Small Business Owner,Viet Huong,,linkedin.com/in/hongtran1,,C-Team,blitz,https://www.linkedin.com/company/viet-huong,Human Resources Services,US,US,pass,unknown,industry unknown
Huang,Yij,Huang Yij,Technical Director,RightClick,findtherightclick.com,linkedin.com/in/huang-yij-b7756824a,,Director,blitz,https://www.linkedin.com/company/rightclick,,US,US,pass,unknown,industry unknown
Huda,(Farunia) Leininger,Huda (Farunia) Leininger,Chief People Officer,Asurint,asurint.com,linkedin.com/in/huda-farunia-leininger-70487533,,C-Team,blitz,https://www.linkedin.com/company/asurint,,US,US,pass,unknown,industry unknown
Hudson,Don Hudson,Hudson Don Hudson,President,Hudson Associates,,linkedin.com/in/hudson-don-hudson-87853739,,C-Team,blitz,https://www.linkedin.com/company/hudson-associates,Staffing and Recruiting,US,US,pass,unknown,industry unknown
Hugh,Crosse,Hugh Crosse,Director,Rockwell Sterling,rockwell-sterling.com,linkedin.com/in/hugh-crosse-17590b56,,Director,blitz,https://www.linkedin.com/company/rockwell-sterling,,GB,US,pass,unknown,industry unknown
Hugo,Ludovico,Hugo Ludovico,Sócio,"Neltejo-Reparaçoes Navais E Industriais, Lda",,linkedin.com/in/hugo-ludovico-66527023b,,C-Team,blitz,https://www.linkedin.com/company/neltejo-repara%c3%a3%c2%a7oes-navais-e-industriais-lda,Staffing and Recruiting,PT,NL,pass,unknown,industry unknown
Hugues,de Lauwe,Hugues de Lauwe,Partner,Haussmann Management Transition,haussmann-mt.com,linkedin.com/in/hugues-de-lauwe-b7a58112,,C-Team,blitz,https://www.linkedin.com/company/haussmann-management-transition,,FR,FR,pass,unknown,industry unknown
Human,Resources Group,Human Resources Group,Co-Founder of The Human Resource Group,The Human Resource Group,,linkedin.com/in/human-resources-group-a6058b127,,C-Team,blitz,https://www.linkedin.com/company/the-human-resource-group,Staffing and Recruiting,US,US,pass,unknown,industry unknown
hunner,gram,hunner gram,Director,EPG,,linkedin.com/in/hunner-gram-41332888,,Director,blitz,https://www.linkedin.com/company/epg,Staffing and Recruiting,GB,US,pass,unknown,industry unknown
Hussein,Abdallah,Hussein Abdallah,director,CEDAR International,,linkedin.com/in/hussein-abdallah-ab6a991,,Director,blitz,https://www.linkedin.com/company/cedar-international,Human Resources Services,GB,US,pass,unknown,industry unknown
Hylke,Oldenboom,Hylke Oldenboom,Directeur-eigenaar,Duuw Scale-Up People,duuw.nl,linkedin.com/in/hylke-oldenboom-b925794,,C-Team,blitz,https://www.linkedin.com/company/duuwpeople,,NL,NL,pass,unknown,industry unknown
Ian,Batt,Ian Batt,Operations Director,Blue Triangle,,linkedin.com/in/ian-batt-63095190,,Director,blitz,https://www.linkedin.com/company/blue-triangle,Human Resources Services,GB,US,pass,unknown,industry unknown
Ian,Linker,Ian Linker,Chief Information Officer,Sigma Staffing,,linkedin.com/in/ian-linker-8236b3,,C-Team,blitz,https://www.linkedin.com/company/sigma-staffing,Staffing and Recruiting,US,US,pass,unknown,industry unknown
Ijeoma,Okpara,Ijeoma Okpara,Deputy Chief Executive Officer,Bell South Telecommunications,,linkedin.com/in/ijeoma-okpara-89b615306,,C-Team,blitz,https://www.linkedin.com/company/bell-south-telecommunications,Staffing and Recruiting,US,US,pass,unknown,industry unknown
Isabelle,Li,Isabelle Li,ISV & Tech Global Partner Marketing for Google Cloud,The Sage Group,thesagegroup.com,linkedin.com/in/ilangevin,,C-Team,blitz,https://www.linkedin.com/company/the-sage-group-formerly-sage-consulting-associates-,,US,US,pass,unknown,industry unknown
Iman,Lamrani,Iman Lamrani,Founder & CEO,Eximium Talent,eximium.io,linkedin.com/in/imanlamrani,,C-Team,blitz,https://www.linkedin.com/company/eximiumtalent,,GB,BE,pass,unknown,industry unknown
Ina,Kline,Ina Kline,Owner,Strategic Alliance,,linkedin.com/in/ina-kline-88b8681,,C-Team,blitz,https://www.linkedin.com/company/strategic-alliance,Staffing and Recruiting,US,US,pass,unknown,industry unknown
Ingo Dieter,JOHAM,Ingo Dieter JOHAM,Partner,lawyers & more | executive search & consulting,lawyersandmore.at,linkedin.com/in/ingo-dieter-joham-a8b352b,,C-Team,blitz,https://www.linkedin.com/company/lawyers-&-more-l-&-m-executive-search-&-consulting-gmbh,,AT,AT,pass,unknown,industry unknown
Adam,Evans,Adam Evans,Director,Levick Stanley,levickstanley.com,linkedin.com/in/interimsinfmcg,,Director,blitz,https://www.linkedin.com/company/levickstanley,,GB,GB,pass,unknown,industry unknown
ioselito,abbrugiati,ioselito abbrugiati,Owner,ATOLL,,linkedin.com/in/ioselito-abbrugiati-0561635,,C-Team,blitz,https://www.linkedin.com/company/atoll,Staffing and Recruiting,IT,BE,pass,unknown,industry unknown
Irena,Šiurkė,Irena Šiurkė,Managing Director,GoDoJob,godojob.lt,linkedin.com/in/irena-šiurkė,,C-Team,blitz,https://www.linkedin.com/company/godojob,,LT,LT,pass,unknown,industry unknown
irma,fischler,irma fischler,managing director,Executive Search Associates,,linkedin.com/in/irma-fischler-92619412,,C-Team,blitz,https://www.linkedin.com/company/executive-search-associates,Staffing and Recruiting,US,US,pass,unknown,industry unknown
Isabella,Becker,Isabella Becker,Interim Management - HR & Talent Director,IB,,linkedin.com/in/isabellabecker,,Director,blitz,https://www.linkedin.com/company/ibecker,Human Resources Services,NL,NL,pass,unknown,industry unknown
Isha L.,"Hunter (Haley), ED.M., MPA","Isha L. Hunter (Haley), ED.M., MPA",Director Of Search,Good Insight,good-insight.org,linkedin.com/in/ishahunter,,Director,blitz,https://www.linkedin.com/company/good-insight,,US,US,pass,unknown,industry unknown
Isten,basszameg,Isten basszameg,Chief Ecclestical officer,EGT Human Resources,,linkedin.com/in/isten-basszameg-a5b85562,,C-Team,blitz,https://www.linkedin.com/company/egt-human-resources,Human Resources Services,HU,US,pass,unknown,industry unknown
Ivan,Petrov,Ivan Petrov,Director,EGT Human Resources,,linkedin.com/in/ivan-petrov-47701b66,,Director,blitz,https://www.linkedin.com/company/egt-human-resources,Human Resources Services,BG,US,pass,unknown,industry unknown
Ivan,Silva Mena,Ivan Silva Mena,Partner,Alteo Recruitment,,linkedin.com/in/ivan-silva-mena-6636aba2,,C-Team,blitz,https://www.linkedin.com/company/alteorec,Staffing and Recruiting,BE,BE,pass,unknown,industry unknown
Ivan,Lacatena,Ivan Lacatena,Managing Partner,Alteo Recruitment,,linkedin.com/in/ivanlacatena,,C-Team,blitz,https://www.linkedin.com/company/alteorec,Staffing and Recruiting,BE,BE,pass,unknown,industry unknown
Ivo,Carmans,Ivo Carmans,Owner,IC Consulting,,linkedin.com/in/ivo-carmans-9a62554,,C-Team,blitz,https://www.linkedin.com/company/ic-consulting,Human Resources Services,BE,US,pass,unknown,industry unknown
Iván,Baltasar Nieto,Iván Baltasar Nieto,Socio Director / Partner Director- Executive search & Interim Management  Wyser (GI Group Holding),Wyser,wyser-search.com,linkedin.com/in/iván-baltasar-nieto-12304a88,,C-Team,blitz,https://www.linkedin.com/company/wyser,,ES,IT,pass,unknown,industry unknown
Izzy,Sharp,Izzy Sharp,CFO (Chief Fetch Officer) at Sharp Resources and Sharp Strategy People,Sharp Resources,sharpresources.co.uk,linkedin.com/in/izzy-sharp-6b94951a0,,C-Team,blitz,https://www.linkedin.com/company/sharp-resources,,GB,GB,pass,unknown,industry unknown
ja,ti,ja ti,CEO,AA,,linkedin.com/in/ja-ti-701162188,,C-Team,blitz,https://www.linkedin.com/company/absolute-analytics-llc-,Staffing and Recruiting,HR,US,pass,unknown,industry unknown
James A.,C.,James A. C.,"President/Founder Carolinas Human Resources, Inc.","Carolinas Human Resource Consultants, Inc.",,linkedin.com/in/jac1967,,C-Team,blitz,https://www.linkedin.com/company/carolinas-human-resource-consultants-inc.,Human Resources Services,US,US,pass,unknown,industry unknown
Jacek,Bożyczko,Jacek Bożyczko,TA Partner,Fast Forward Solutions - Executive & Direct Search Services,ffsolutions.pl,linkedin.com/in/jacek-bożyczko-5881927a,,C-Team,blitz,https://www.linkedin.com/company/fast-forward-executive-search-headhunters,,PL,PL,pass,unknown,industry unknown
Jack,Banan,Jack Banan,Marketing Director,Rex Trading Co,,linkedin.com/in/jack-banan-3867742a1,,Director,blitz,https://www.linkedin.com/company/rex-trading-co,Staffing and Recruiting,US,US,pass,unknown,industry unknown
Jack,Feltman,Jack Feltman,Director,EGT Human Resources,,linkedin.com/in/jack-feltman-0b93aa63,,Director,blitz,https://www.linkedin.com/company/egt-human-resources,Human Resources Services,GB,US,pass,unknown,industry unknown
Jack,Hanchette,Jack Hanchette,Director of Business Development,LMC Resources,,linkedin.com/in/jack-hanchette-56ba666,,Director,blitz,https://www.linkedin.com/company/lmc-resources,Human Resources,US,US,pass,unknown,industry unknown
Jack,Hiatt,Jack Hiatt,CFO,iplacement,,linkedin.com/in/jack-hiatt-22a3b94,,C-Team,blitz,https://www.linkedin.com/company/iplacement,Staffing and Recruiting,US,US,pass,unknown,industry unknown
Jack,Waterbury,Jack Waterbury,Owner,Waterbury Group,,linkedin.com/in/jack-waterbury-b5b8a9,,C-Team,blitz,https://www.linkedin.com/company/waterbury-group,Staffing and Recruiting,US,US,pass,unknown,industry unknown
Jack,Yates,Jack Yates,Chief Executive Officer,LaSalle Network,thelasallenetwork.com,linkedin.com/in/jack-yates-3314a7314,,C-Team,blitz,https://www.linkedin.com/company/lasalle-network,,US,US,pass,unknown,industry unknown
Jack,Hooper,Jack Hooper,Talent Intelligence Partner,Profectus Recruitment,profectusrecruitment.co.uk,linkedin.com/in/jackohooper,,C-Team,blitz,https://www.linkedin.com/company/profectusrecruitment,,GB,GB,pass,unknown,industry unknown
Jackson,Buonamia,Jackson Buonamia,Board Member,Asurint,asurint.com,linkedin.com/in/jackson-buonamia-99a095a9,,Director,blitz,https://www.linkedin.com/company/asurint,,US,US,pass,unknown,industry unknown
Jaclyn,Chen,Jaclyn Chen,Co-Founder & CEO,Benepass,getbenepass.com,linkedin.com/in/jaclynchen,,C-Team,blitz,https://www.linkedin.com/company/benepass,,US,US,pass,unknown,industry unknown
Jacqueline,Salle,Jacqueline Salle,Human Resources Director,Frontline Personnel Services,apploi.com,linkedin.com/in/jacqueline-salle-90b2a541,,Director,blitz,https://www.linkedin.com/company/frontline-personnel-ny,,US,US,pass,unknown,industry unknown
Jacqui,Patel,Jacqui Patel,Enterprise Sales Director,Benepass,getbenepass.com,linkedin.com/in/jacqui-patel-896a2220,,Director,blitz,https://www.linkedin.com/company/benepass,,US,US,pass,unknown,industry unknown
James,Goodrich,James Goodrich,Chief Executive Officer,Albany Growth,albanygrowth.co.uk,linkedin.com/in/jagoodrich,,C-Team,blitz,https://www.linkedin.com/company/albany-engineering-search,,GB,GB,pass,unknown,industry unknown
Jake,Foley,Jake Foley,CEO & Founder,Kake,kake.co,linkedin.com/in/jakefoley3,,C-Team,blitz,https://www.linkedin.com/company/kake,,US,US,pass,unknown,industry unknown
James,Bowers,James Bowers,Managing Director,Symmetry Recruitment,symmetryrecruitment.co.uk,linkedin.com/in/james-bowers-99320078,,C-Team,blitz,https://www.linkedin.com/company/symmetry-recruitment,,GB,GB,pass,unknown,industry unknown
James,D.,James D.,Co-Founder and Managing Partner,Critical Path Advisors,criticalpathadvisors.com,linkedin.com/in/james-d-1a667b1,,C-Team,blitz,https://www.linkedin.com/company/criticalpathadvisors,,US,US,pass,unknown,industry unknown
james,dansicker,james dansicker,director of recruiting,Best Resources,,linkedin.com/in/james-dansicker-2715852,,Director,blitz,https://www.linkedin.com/company/best-resources,Staffing and Recruiting,US,US,pass,unknown,industry unknown
James,King,James King,President,The Westminster Group,,linkedin.com/in/james-king-a735453,,C-Team,blitz,https://www.linkedin.com/company/the-westminster-group,Staffing and Recruiting,US,US,pass,unknown,industry unknown
james,masters,james masters,VP,EGT Human Resources,,linkedin.com/in/james-masters-49105b67,,VP,blitz,https://www.linkedin.com/company/egt-human-resources,Human Resources Services,US,US,pass,unknown,industry unknown
James,Moore,James Moore,Investor / Non Exec Director,Supportwave,supportwave.com,linkedin.com/in/james-moore-2206925,,Director,blitz,https://www.linkedin.com/company/supportwave,,GB,GB,pass,unknown,industry unknown
James,Pinchotto,James Pinchotto,President/CEO,ABV Group,,linkedin.com/in/james-pinchotto-89311b3,,C-Team,blitz,https://www.linkedin.com/company/abv-group,Human Resources Services,US,US,pass,unknown,industry unknown
James,Smith,James Smith,Owner,Clearpoint Solutions Inc.,,linkedin.com/in/james-smith-05b0a41,,C-Team,blitz,https://www.linkedin.com/company/clearpoint-solutions-inc.,Staffing and Recruiting,US,US,pass,unknown,industry unknown
James,St John,James St John,Co-Founder,NetZero,net-z.co.uk,linkedin.com/in/james-st-john-9885bb4b,,C-Team,blitz,https://www.linkedin.com/company/net-zero-ltd,,GB,GB,pass,unknown,industry unknown
James,Hawley,James Hawley,Chairman - Board of Directors,NextPath Workforce Solutions,nextpathcp.com,linkedin.com/in/jamesmhawley,,C-Team,blitz,https://www.linkedin.com/company/nextpathcp,,US,US,pass,unknown,industry unknown
Jamie,Campagnolo,Jamie Campagnolo,Vice President/Managing Director,Temporary Staffing Professionals,,linkedin.com/in/jamiecampagnolo,,C-Team,blitz,https://www.linkedin.com/company/temporary-staffing-professionals,Staffing and Recruiting,US,US,pass,unknown,industry unknown
Jamie,Hoare,Jamie Hoare,"Managing Director | Creating Impact on Careers, for Specialists by Specialists",The Impact Group,impactgroup.nl,linkedin.com/in/jamiehoare,,C-Team,blitz,https://www.linkedin.com/company/theimpactgroupbv,,NL,NL,pass,unknown,industry unknown
Jan,Kowalek,Jan Kowalek,Dyrektor,EGT Human Resources,,linkedin.com/in/jan-kowalek-13401972,,Director,blitz,https://www.linkedin.com/company/egt-human-resources,Human Resources Services,PL,US,pass,unknown,industry unknown
Jan,Muir,Jan Muir,Founder,Oaktree Consulting,,linkedin.com/in/jan-muir-8711b1,,C-Team,blitz,https://www.linkedin.com/company/oaktree-consulting,Staffing and Recruiting,GB,GB,pass,unknown,industry unknown
Jane,Manayoba,Jane Manayoba,CEO,EGT Human Resources,,linkedin.com/in/jane-manayoba-2788646a,,C-Team,blitz,https://www.linkedin.com/company/egt-human-resources,Human Resources Services,US,US,pass,unknown,industry unknown
Jane,Cho,Jane Cho,Chief Executive Officer,Greenstar Solutions,,linkedin.com/in/janecho11,,C-Team,blitz,https://www.linkedin.com/company/greenstar-solutions1,Staffing and Recruiting,US,US,pass,unknown,industry unknown
Janessa,Karwowski,Janessa Karwowski,Director,hyrUP,hyrup.co,linkedin.com/in/janessakarwowski,,Director,blitz,https://www.linkedin.com/company/hyrup,,US,US,pass,unknown,industry unknown
Jangwon,Suh,Jangwon Suh,Director of Branch Operations,Nexien Inc.,nexien.com,linkedin.com/in/jangwon-suh-9aa727261,,Director,blitz,https://www.linkedin.com/company/nexien-inc,,US,US,pass,unknown,industry unknown
Janne,Kofoed-Sørensen,Janne Kofoed-Sørensen,Managing Partner & Owner,Best Talent A/S,besttalent.dk,linkedin.com/in/jannekofoed,,C-Team,blitz,https://www.linkedin.com/company/best-talent,,DK,DK,pass,unknown,industry unknown
Jannie Marie,Kristensen,Jannie Marie Kristensen,Senior Director,Hammer Andersen,hammerandersen.com,linkedin.com/in/janniemkristensen,,Director,blitz,https://www.linkedin.com/company/hammerandersenrecruitment,,DK,DK,pass,unknown,industry unknown
Janpol,Janus,Janpol Janus,Directora,JANPOL Sp. z o.o.,,linkedin.com/in/janpol-janus-59a617202,,Director,blitz,https://www.linkedin.com/company/janpol-sp.-z-o.o.,Staffing and Recruiting,PL,NL,pass,unknown,industry unknown
Jantel,Smillons,Jantel Smillons,Director,EGT Human Resources,,linkedin.com/in/jantel-smillons-0b62096a,,Director,blitz,https://www.linkedin.com/company/egt-human-resources,Human Resources Services,US,US,pass,unknown,industry unknown
Jaron,Bollegraaf,Jaron Bollegraaf,Partner,Solid Recruitment b.v.,solid-recruitment.nl,linkedin.com/in/jaron-bollegraaf-9470854,,C-Team,blitz,https://www.linkedin.com/company/solid-recruitment,,NL,NL,pass,unknown,industry unknown
Jasmine,Ross,Jasmine Ross,"Senior Director, Strategic Operations",Asurint,asurint.com,linkedin.com/in/jasmine-ross-bbb13431,,Director,blitz,https://www.linkedin.com/company/asurint,,US,US,pass,unknown,industry unknown
Jason,Gutierres,Jason Gutierres,"Owner, Truth PT and Fitness",People Helper.,,linkedin.com/in/jason-gutierres-8761232a,,C-Team,blitz,https://www.linkedin.com/company/people-helper.,Human Resources Services,US,US,pass,unknown,industry unknown
Jason,Johnson,Jason Johnson,CPO,Stealth Consulting,,linkedin.com/in/jason-johnson-98164952,,C-Team,blitz,https://www.linkedin.com/company/stealth-consulting,Human Resources,US,FR,pass,unknown,industry unknown
Jason,DeGroff,Jason DeGroff,Chief Operating Officer,Technical Source,technicalsource.com,linkedin.com/in/jasondegroff,,C-Team,blitz,https://www.linkedin.com/company/technical-source-llc,,US,US,pass,unknown,industry unknown
Jatin,Khanna,Jatin Khanna,Executive Vice President – Business Development – Federal Market,"Tryfacta, Inc.",tryfacta.com,linkedin.com/in/jatinkhanna,,VP,blitz,https://www.linkedin.com/company/tryfactainc,,US,US,pass,unknown,industry unknown
Javeed,Mirza,Javeed Mirza,President,TAJ Software Systems,,linkedin.com/in/javeed-mirza-a344098,,C-Team,blitz,https://www.linkedin.com/company/taj-software-systems,Human Resources Services,US,US,pass,unknown,industry unknown
Javier,Agosto,Javier Agosto,Founding Partner,StellarMettle Placements,stellarmettle.com,linkedin.com/in/javieragosto,,C-Team,blitz,https://www.linkedin.com/company/stellarmettleplacements,,US,US,pass,unknown,industry unknown
Jay,Daniel,Jay Daniel,VP,Executive Management,,linkedin.com/in/jay-daniel-b51a19,,VP,blitz,https://www.linkedin.com/company/executive-management,Staffing and Recruiting,US,US,pass,unknown,industry unknown
Jay,Kane,Jay Kane,OWNER/SALES CONSULTANT,Kane & Associates,,linkedin.com/in/jay-kane-48a87134,,C-Team,blitz,https://www.linkedin.com/company/kane-&-associates,Staffing and Recruiting,US,US,pass,unknown,industry unknown
Jay,Martinez,Jay Martinez,"Managing Director, Business Development",Rochester,,linkedin.com/in/jay-martinez-234097b,,C-Team,blitz,https://www.linkedin.com/company/rochester,Human Resources,US,US,pass,unknown,industry unknown
Jay,Nolan,Jay Nolan,Director of Recruiting Services,WorkMetro,,linkedin.com/in/jay-nolan-b2a5741,,Director,blitz,https://www.linkedin.com/company/workmetro,Staffing and Recruiting,US,US,pass,unknown,industry unknown
Jay,T.,Jay T.,Director,Applause IT Recruitment,applauseit.co.uk,linkedin.com/in/jaythamesapplause,,Director,blitz,https://www.linkedin.com/company/applause-it,,GB,GB,pass,unknown,industry unknown
Jean Claude,Laulan,Jean Claude Laulan,Director,MRC International,,linkedin.com/in/jean-claude-laulan-0005063,,Director,blitz,https://www.linkedin.com/company/mrc-international,Staffing and Recruiting,ES,GB,pass,unknown,industry unknown
Jean-Louis-Philip,Girardet,Jean-Louis-Philip Girardet,Directeur de cabinet,Legal & HR Talents,legaltalents.fr,linkedin.com/in/jean-louis-philip-girardet-7865b1b0,,Director,blitz,https://www.linkedin.com/company/legaltalents,,FR,FR,pass,unknown,industry unknown
Jean Maxime,Mersch,Jean Maxime Mersch,Founder,Austin Bright,austinbright.com,linkedin.com/in/jean-maxime-mersch-37285628,,C-Team,blitz,https://www.linkedin.com/company/austin-bright,,BE,LU,pass,unknown,industry unknown
Jean-Paul,Wcislo,Jean-Paul Wcislo,Directeur,Cartonneries du Valois SA,,linkedin.com/in/jean-paul-wcislo-594412266,,Director,blitz,https://www.linkedin.com/company/cartonneries-du-valois-sa,Human Resources Services,FR,FR,pass,unknown,industry unknown
Jean-Philippe,Hesschentier,Jean-Philippe Hesschentier,Président,TRANSPORT LOGISTIQUE INTERIM,,linkedin.com/in/jean-philippe-hesschentier-b45574109,,C-Team,blitz,https://www.linkedin.com/company/transport-logistique-interim,Human Resources Services,FR,FR,pass,unknown,industry unknown
Jed,Thurlow,Jed Thurlow,Head of Managed Services (EMEA),Wisa Services Ltd,,linkedin.com/in/jed-thurlow-1640891b5,,Director,blitz,https://www.linkedin.com/company/wisa-services-ltd,Staffing and Recruiting,GB,GB,pass,unknown,industry unknown
Jeff,Boschwitz,Jeff Boschwitz,President,JSB Consulting,,linkedin.com/in/jeff-boschwitz-0638388,,C-Team,blitz,https://www.linkedin.com/company/jsb-consulting,Human Resources Services,US,GB,pass,unknown,industry unknown
Jeff,DeLoach,Jeff DeLoach,CEO,US Personnel,,linkedin.com/in/jeff-deloach-ab50bb1,,C-Team,blitz,https://www.linkedin.com/company/us-personnel,Human Resources,US,US,pass,unknown,industry unknown
Jeff,Graham,Jeff Graham,Owner,Executive Management,,linkedin.com/in/jeff-graham-384466,,C-Team,blitz,https://www.linkedin.com/company/executive-management,Staffing and Recruiting,US,US,pass,unknown,industry unknown
Jeff,MacNair,Jeff MacNair,Partner Strategy Consultant,Connext,connextglobal.com,linkedin.com/in/jeff-macnair-10593aab,,C-Team,blitz,https://www.linkedin.com/company/connextglobalsolutions,,US,US,pass,unknown,industry unknown
Jeff,Murphy,Jeff Murphy,Owner,The Murphy Group,,linkedin.com/in/jeff-murphy-0a87303,,C-Team,blitz,https://www.linkedin.com/company/the-murphy-group,Staffing and Recruiting,US,US,pass,unknown,industry unknown
Jeff,Panning,Jeff Panning,Vice President,LaSalle Network,thelasallenetwork.com,linkedin.com/in/jeff-panning-806b519,,VP,blitz,https://www.linkedin.com/company/lasalle-network,,US,US,pass,unknown,industry unknown
Jeff,Schmidt,Jeff Schmidt,Owner,Pzazz,,linkedin.com/in/jeff-schmidt-a0226910,,C-Team,blitz,https://www.linkedin.com/company/pzazz,Staffing and Recruiting,US,GB,pass,unknown,industry unknown
Jekaterina,Paradnevičienė,Jekaterina Paradnevičienė,Vice President,Personalo vadovų klubas,,linkedin.com/in/jekaterina-paradnevičienė-53b0ab21,,VP,blitz,https://www.linkedin.com/company/lietuvos-personalo-vadov%c5%b3-klubas,Human Resources,LT,US,pass,unknown,industry unknown
Jelske,Janssens,Jelske Janssens,Founder | HR & People Advisor,Self Employed,,linkedin.com/in/jelske-janssens-72a4083,,C-Team,blitz,https://www.linkedin.com/company/summit-county-alcohol-drug-addiction-&-mental-health-services-board,Human Resources Services,BE,US,pass,unknown,industry unknown
Jen,Copp,Jen Copp,Recruiting Director,CrossConnect Talent,crossconnecttalent.com,linkedin.com/in/jen-copp-17b4768,,Director,blitz,https://www.linkedin.com/company/crossconnect-talent,,US,US,pass,unknown,industry unknown
Jenilee,Ravnaas Payroll & Bookeeping Services,Jenilee Ravnaas Payroll & Bookeeping Services,Owner,Unlimited Resources,,linkedin.com/in/jenilee-ravnaas-payroll-bookeeping-services-ab31705b,,C-Team,blitz,https://www.linkedin.com/company/unlimited-resources,Human Resources Services,US,US,pass,unknown,industry unknown
jennifer,norman,jennifer norman,president,ABV Group,,linkedin.com/in/jennifer-norman-77a76517,,C-Team,blitz,https://www.linkedin.com/company/abv-group,Human Resources Services,US,US,pass,unknown,industry unknown
Jennifer,Wright,Jennifer Wright,Director of Executive Search & Business Development,Mulberry Talent Partners,mulberrytalent.com,linkedin.com/in/jenniferwrightrecruits,,Director,blitz,https://www.linkedin.com/company/mulberrytalentpartners,,US,US,pass,unknown,industry unknown
Jens,Bicking,Jens Bicking,CEO,ELATOS,elatos.fr,linkedin.com/in/jens-bicking-293b684,,C-Team,blitz,https://www.linkedin.com/company/elatos,,FR,FR,pass,unknown,industry unknown
Jens,Lange,Jens Lange,Chairman of the Board,Best Talent A/S,besttalent.dk,linkedin.com/in/jens-lange-a826ba6,,C-Team,blitz,https://www.linkedin.com/company/best-talent,,DK,DK,pass,unknown,industry unknown
Jerami,King,Jerami King,Owner,"KK Consulting, Inc.",,linkedin.com/in/jerami-king-182b725,,C-Team,blitz,https://www.linkedin.com/company/kk-consulting-inc.,Staffing and Recruiting,US,US,pass,unknown,industry unknown
Jerry,Sanders,Jerry Sanders,owner,EGT Human Resources,,linkedin.com/in/jerry-sanders-08b77b66,,C-Team,blitz,https://www.linkedin.com/company/egt-human-resources,Human Resources Services,US,US,pass,unknown,industry unknown
Jerry,Thom,Jerry Thom,CEO,Rochester,,linkedin.com/in/jerry-thom-576316157,,C-Team,blitz,https://www.linkedin.com/company/rochester,Human Resources,US,US,pass,unknown,industry unknown
Jesper,Stoltenberg-Mathiesen,Jesper Stoltenberg-Mathiesen,Director | General management | Country Manager,Career Transition,,linkedin.com/in/jesperstoltenbergmathiesen,,Director,blitz,https://www.linkedin.com/company/career-transition2022,Human Resources Services,DK,US,pass,unknown,industry unknown
Jesse,Bogy,Jesse Bogy,Entrepreneur,NSR,,linkedin.com/in/jesse-bogy-2b1693140,,C-Team,blitz,https://www.linkedin.com/company/nsr_2,Human Resources Services,US,US,pass,unknown,industry unknown
Jesse,Mitchell,Jesse Mitchell,Director,Rig Resourcer,,linkedin.com/in/jesse-mitchell-64a8922a,,Director,blitz,https://www.linkedin.com/company/rig-resourcer,Staffing and Recruiting,GB,GB,pass,unknown,industry unknown
Jesse,Thomas,Jesse Thomas,Owner,Strategic Alliance,,linkedin.com/in/jesse-thomas-1030194,,C-Team,blitz,https://www.linkedin.com/company/strategic-alliance,Staffing and Recruiting,US,US,pass,unknown,industry unknown
Jessica,Baskin Taylor,Jessica Baskin Taylor,Editorial Director,Open to work,,linkedin.com/in/jessica-baskin-taylor,,Director,blitz,https://www.linkedin.com/company/open-to-work-inc,Staffing and Recruiting,US,US,pass,unknown,industry unknown
Jessica,Dale,Jessica Dale,Director WV Childhood Lead Poisoning and Prevention Program,Bureau Of Public Health,,linkedin.com/in/jessica-dale-828597b2,,Director,blitz,https://www.linkedin.com/company/bureau-of-public-health,Human Resources Services,US,US,pass,unknown,industry unknown
Jessica,Judge,Jessica Judge,Senior Vice President,Alliance Abroad,allianceabroad.com,linkedin.com/in/jessica-judge-3b705b9,,VP,blitz,https://www.linkedin.com/company/allianceabroad,,US,US,pass,unknown,industry unknown
Jessica,Michelle,Jessica Michelle,Director,EGT Human Resources,,linkedin.com/in/jessica-michelle-73620269,,Director,blitz,https://www.linkedin.com/company/egt-human-resources,Human Resources Services,IE,US,pass,unknown,industry unknown
Jessica,Oliveira,Jessica Oliveira,Head of Talent Delivery,Sustainable Talent,sustainabletalent.com,linkedin.com/in/jessica-oliveira-a559b5100,,Director,blitz,https://www.linkedin.com/company/stalentos.com,,US,US,pass,unknown,industry unknown
Jill,Cowan,Jill Cowan,Director & Legal Recruiter,Lusona Consultancy,lusona.co.uk,linkedin.com/in/jill-cowan-96261818,,Director,blitz,https://www.linkedin.com/company/lusona-consultancy-group-limited,,GB,GB,pass,unknown,industry unknown
,,,Director of Human Resources,RightClick,findtherightclick.com,linkedin.com/in/jillford17,,Director,blitz,https://www.linkedin.com/company/rightclick,,US,US,pass,unknown,industry unknown
jim,Bride,jim Bride,VP,Cleary Consultants,,linkedin.com/in/jim-bride-ab321a,,VP,blitz,https://www.linkedin.com/company/cleary-consultants,Staffing and Recruiting,US,US,pass,unknown,industry unknown
Jim,Frank,Jim Frank,Managing Partner,Human Capital Resources,,linkedin.com/in/jim-frank-bb601811,,C-Team,blitz,https://www.linkedin.com/company/human-capital-resources,Staffing and Recruiting,US,US,pass,unknown,industry unknown
Jim,Meehan,Jim Meehan,VP & Treasurer,QuinTech Resources,,linkedin.com/in/jim-meehan-055124,,VP,blitz,https://www.linkedin.com/company/quintech-resources,Staffing and Recruiting,US,US,pass,unknown,industry unknown
Jim,Pinchotto,Jim Pinchotto,President/CEO,ABV Group,,linkedin.com/in/jim-pinchotto-4402753,,C-Team,blitz,https://www.linkedin.com/company/abv-group,Human Resources Services,US,US,pass,unknown,industry unknown
Jim,Plumadore,Jim Plumadore,"Executive VP, Sales & Marketing",PaySource Inc.,,linkedin.com/in/jim-plumadore-8b66673,,VP,blitz,https://www.linkedin.com/company/paysource-inc.,Human Resources Services,US,US,pass,unknown,industry unknown
Jim,Smart,Jim Smart,Owner,Smart Associates,,linkedin.com/in/jim-smart-362a443,,C-Team,blitz,https://www.linkedin.com/company/smart-associates,Human Resources Services,US,US,pass,unknown,industry unknown
Jim,Stone,Jim Stone,Managing Director,Stone Partners,,linkedin.com/in/jim-stone-a6609325,,C-Team,blitz,https://www.linkedin.com/company/stone-partners,Human Resources Services,US,US,pass,unknown,industry unknown
Jim,Woodward,Jim Woodward,CFO,iSymetry,,linkedin.com/in/jim-woodward-a051661,,C-Team,blitz,https://www.linkedin.com/company/isymetry,Staffing and Recruiting,US,US,pass,unknown,industry unknown
Jim,Bambrick,Jim Bambrick,Director of Business Development,Asurint,asurint.com,linkedin.com/in/jimbambrick,,Director,blitz,https://www.linkedin.com/company/asurint,,US,US,pass,unknown,industry unknown
jimmy,pope,jimmy pope,owner,People Helper.,,linkedin.com/in/jimmy-pope-36302027,,C-Team,blitz,https://www.linkedin.com/company/people-helper.,Human Resources Services,US,US,pass,unknown,industry unknown
John,McDonough,John McDonough,Director Business Systems,Asurint,asurint.com,linkedin.com/in/jmcdonough,,Director,blitz,https://www.linkedin.com/company/asurint,,US,US,pass,unknown,industry unknown
Jo,Lo,Jo Lo,CEO,EGT Human Resources,,linkedin.com/in/jo-lo-077aa064,,C-Team,blitz,https://www.linkedin.com/company/egt-human-resources,Human Resources Services,ES,US,pass,unknown,industry unknown
Joanna,Wojciechowska,Joanna Wojciechowska,Sales Support Partner / Recruitment Expert // Business Services Outsourcing,Devire,devire.pl,linkedin.com/in/joanna-wojciechowska-6aa006130,,C-Team,blitz,https://www.linkedin.com/company/devire,,PL,PL,pass,unknown,industry unknown
Joanna,Kozarzewska,Joanna Kozarzewska,Senior Partner | Head of Real Estate & Construction,Wyser,wyser-search.com,linkedin.com/in/joannakozarzewska,,C-Team,blitz,https://www.linkedin.com/company/wyser,,PL,IT,pass,unknown,industry unknown
Jodi,"McGonigle, SPHR","Jodi McGonigle, SPHR",Director of Business Development,USA Staffing,,linkedin.com/in/jodi-mcgonigle-sphr-06074a3,,Director,blitz,https://www.linkedin.com/company/usa-staffing,Staffing and Recruiting,US,US,pass,unknown,industry unknown
Jody,Kasza,Jody Kasza,"Vice President, Recruiting",LaSalle Network,thelasallenetwork.com,linkedin.com/in/jody-kasza-9089653,,VP,blitz,https://www.linkedin.com/company/lasalle-network,,US,US,pass,unknown,industry unknown
Joe,Elder,Joe Elder,CEO,K and G Recruiting,,linkedin.com/in/joe-elder-14036359,,C-Team,blitz,https://www.linkedin.com/company/k-and-g-recruiting,Staffing and Recruiting,US,US,pass,unknown,industry unknown
Joe,Grier,Joe Grier,Director of Business Development,LVLS Integration,lvlstech.com,linkedin.com/in/joe-grier-0727943,,Director,blitz,https://www.linkedin.com/company/lvls-integration,,US,US,pass,unknown,industry unknown
Joe,Iervolino,Joe Iervolino,President,Asgard Resources,,linkedin.com/in/joe-iervolino-98231914,,C-Team,blitz,https://www.linkedin.com/company/asgard-resources,Staffing and Recruiting,US,US,pass,unknown,industry unknown
Joe,Koneski,Joe Koneski,president,Human Resource Consultants,,linkedin.com/in/joe-koneski-61b9736,,C-Team,blitz,https://www.linkedin.com/company/human-resource-consultants,Human Resources Services,US,US,pass,unknown,industry unknown
Joe,Marone,Joe Marone,VP,EGT Human Resources,,linkedin.com/in/joe-marone-0313a67a,,VP,blitz,https://www.linkedin.com/company/egt-human-resources,Human Resources Services,US,US,pass,unknown,industry unknown
Joe,Morris,Joe Morris,"Director, Sales & Revenue Operations",Asurint,asurint.com,linkedin.com/in/joe-morris-31116484,,Director,blitz,https://www.linkedin.com/company/asurint,,US,US,pass,unknown,industry unknown
Joe,Silverstein,Joe Silverstein,Owner,Best Resources,,linkedin.com/in/joe-silverstein-705237,,C-Team,blitz,https://www.linkedin.com/company/best-resources,Staffing and Recruiting,US,US,pass,unknown,industry unknown
Joe,Waller,Joe Waller,Co-Founder,iWonder Consulting,,linkedin.com/in/joe-waller,,C-Team,blitz,https://www.linkedin.com/company/iwonderconsutling,Human Resources Services,US,US,pass,unknown,industry unknown
Joe,Pittman,Joe Pittman,Director of Service Delivery,RightClick,findtherightclick.com,linkedin.com/in/joepittman,,Director,blitz,https://www.linkedin.com/company/rightclick,,US,US,pass,unknown,industry unknown
Joe,Synes,Joe Synes,Managing Director,Hunter Dunning Ltd,hunterdunning.co.uk,linkedin.com/in/joesyneshunterdunning,,C-Team,blitz,https://www.linkedin.com/company/hunter-dunning-ltd,,GB,GB,pass,unknown,industry unknown
John,Alden,John Alden,Business Owner,Green Lion,,linkedin.com/in/john-alden-492223139,,C-Team,blitz,https://www.linkedin.com/company/green-lion,Human Resources,US,US,pass,unknown,industry unknown
John,Byron,John Byron,VP of Sales,The Carlisle Group,,linkedin.com/in/john-byron-52105972,,VP,blitz,https://www.linkedin.com/company/the-carlisle-group,Staffing and Recruiting,US,US,pass,unknown,industry unknown
john,cardinal,john cardinal,Director,EGT Human Resources,,linkedin.com/in/john-cardinal-0186a061,,Director,blitz,https://www.linkedin.com/company/egt-human-resources,Human Resources Services,AL,US,pass,unknown,industry unknown
John,Crowley,John Crowley,President,Sage Associates,,linkedin.com/in/john-crowley-163a7298,,C-Team,blitz,https://www.linkedin.com/company/sage-associates,Staffing and Recruiting,US,US,pass,unknown,industry unknown
John,Crowley,John Crowley,President,Sage Associates,,linkedin.com/in/john-crowley-67080898,,C-Team,blitz,https://www.linkedin.com/company/sage-associates,Staffing and Recruiting,US,US,pass,unknown,industry unknown
John,Fremstad,John Fremstad,Owner,iplacement,,linkedin.com/in/john-fremstad-519153,,C-Team,blitz,https://www.linkedin.com/company/iplacement,Staffing and Recruiting,US,US,pass,unknown,industry unknown
John,Gabor,John Gabor,Owner,Omni Associates,,linkedin.com/in/john-gabor-1261362,,C-Team,blitz,https://www.linkedin.com/company/omni-associates,Staffing and Recruiting,US,US,pass,unknown,industry unknown
John,Gay,John Gay,Director,hyrUP,hyrup.co,linkedin.com/in/john-gay-bb290061,,Director,blitz,https://www.linkedin.com/company/hyrup,,US,US,pass,unknown,industry unknown
John,Gutierrez,John Gutierrez,Director of Staffing Services,Strategic Workforce Solutions,,linkedin.com/in/john-gutierrez-2343588,,Director,blitz,https://www.linkedin.com/company/strategic-workforce-solutions,Staffing and Recruiting,US,US,pass,unknown,industry unknown
John,Hawkins,John Hawkins,Vice President,LaSalle Network,thelasallenetwork.com,linkedin.com/in/john-hawkins-223b0a1,,VP,blitz,https://www.linkedin.com/company/lasalle-network,,US,US,pass,unknown,industry unknown
john,holder,john holder,Owner,Executive Management,,linkedin.com/in/john-holder-a280b46,,C-Team,blitz,https://www.linkedin.com/company/executive-management,Staffing and Recruiting,US,US,pass,unknown,industry unknown
John,Livingston,John Livingston,Owner,Integris Consulting Group,,linkedin.com/in/john-livingston-19ba25,,C-Team,blitz,https://www.linkedin.com/company/integris-consulting-group,Staffing and Recruiting,US,US,pass,unknown,industry unknown
John,Livingston,John Livingston,Chief Executive Officer,Integris Consulting Group,,linkedin.com/in/john-livingston-223560301,,C-Team,blitz,https://www.linkedin.com/company/integris-consulting-group,Staffing and Recruiting,US,US,pass,unknown,industry unknown
John,Mahboeb,John Mahboeb,Owner,CareerPoint,,linkedin.com/in/john-mahboeb-79a6b82,,C-Team,blitz,https://www.linkedin.com/company/careerpoint,Human Resources Services,NL,US,pass,unknown,industry unknown
John,Mahboeb,John Mahboeb,Owner,CareerPoint,,linkedin.com/in/john-mahboeb-ba1aa71,,C-Team,blitz,https://www.linkedin.com/company/careerpoint,Human Resources Services,NL,US,pass,unknown,industry unknown
John,McGeady,John McGeady,Owner,Evenium,,linkedin.com/in/john-mcgeady-083bbb,,C-Team,blitz,https://www.linkedin.com/company/evenium,Staffing and Recruiting,US,US,pass,unknown,industry unknown
John,Montgomery,John Montgomery,President & Chief Executive Officer,Gow & Partners,,linkedin.com/in/john-montgomery-3778196,,C-Team,blitz,https://www.linkedin.com/company/gow-&-partners,Staffing and Recruiting,US,US,pass,unknown,industry unknown
John,Myers,John Myers,Owner,M3 Group,,linkedin.com/in/john-myers-5762616,,C-Team,blitz,https://www.linkedin.com/company/m3-group,Staffing and Recruiting,US,GB,pass,unknown,industry unknown
John,Oneill,John Oneill,Owner,Omni Associates,,linkedin.com/in/john-oneill-aa00961,,C-Team,blitz,https://www.linkedin.com/company/omni-associates,Staffing and Recruiting,US,US,pass,unknown,industry unknown
John,Rimarcik,John Rimarcik,president,Masters & Associates,,linkedin.com/in/john-rimarcik-2199219,,C-Team,blitz,https://www.linkedin.com/company/masters-&-associates,Staffing and Recruiting,US,US,pass,unknown,industry unknown
John,Silver,John Silver,Executive Director,INTER-TRIBAL COUNCIL OF LOUISIANA INC,,linkedin.com/in/john-silver-53779b294,,Director,blitz,https://www.linkedin.com/company/inter-tribal-council-of-louisiana-inc,Staffing and Recruiting,US,US,pass,unknown,industry unknown
John,Smithy,John Smithy,CFO,EGT Human Resources,,linkedin.com/in/john-smithy-706a6466,,C-Team,blitz,https://www.linkedin.com/company/egt-human-resources,Human Resources Services,US,US,pass,unknown,industry unknown
John,Summit,John Summit,Executive Vice President,Asgard Resources,,linkedin.com/in/john-summit-ba1828,,VP,blitz,https://www.linkedin.com/company/asgard-resources,Staffing and Recruiting,US,US,pass,unknown,industry unknown
John,Tighe,John Tighe,Vice President of Account Management,Asurint,asurint.com,linkedin.com/in/john-tighe-1508296,,VP,blitz,https://www.linkedin.com/company/asurint,,US,US,pass,unknown,industry unknown
John,van den Hoven,John van den Hoven,MD,Dactylo,,linkedin.com/in/john-van-den-hoven-5b97106,,C-Team,blitz,https://www.linkedin.com/company/dactylo,Staffing and Recruiting,NL,NL,pass,unknown,industry unknown
John,Veal,John Veal,Co-Founder & Director,Nobul Resourcing Solutions,nobulrs.com,linkedin.com/in/johnrveal,,C-Team,blitz,https://www.linkedin.com/company/nobul-resourcing-solutions,,GB,GB,pass,unknown,industry unknown
Jon,Inocelda,Jon Inocelda,Advanced Marketing Director,The Empower Network,,linkedin.com/in/jon-inocelda-54181050,,Director,blitz,https://www.linkedin.com/company/the-empower-network,Staffing and Recruiting,US,US,pass,unknown,industry unknown
Jon,Means,Jon Means,Entrepreneur,The Empower Network,,linkedin.com/in/jon-means-44130169,,C-Team,blitz,https://www.linkedin.com/company/the-empower-network,Staffing and Recruiting,US,US,pass,unknown,industry unknown
Jon,Pacific,Jon Pacific,VP of Financial Services Recruiting,Stonebridge Search Group,,linkedin.com/in/jon-pacific-5718a85,,VP,blitz,https://www.linkedin.com/company/stonebridge-search-group,Staffing and Recruiting,US,US,pass,unknown,industry unknown
Jon,Samuels,Jon Samuels,VP,Synergem Europe,,linkedin.com/in/jon-samuels-96b2885,,VP,blitz,https://www.linkedin.com/company/synergem-europe,Staffing and Recruiting,US,GB,pass,unknown,industry unknown
Jon,White,Jon White,Head of Turnaround & Change Management,AshtonPenney,,linkedin.com/in/jon-white-207202,,Director,blitz,https://www.linkedin.com/company/ashtonpenney,Staffing and Recruiting,GB,GB,pass,unknown,industry unknown
Jonathan,Cox,Jonathan Cox,Director & Co-Founder,Levick Stanley,levickstanley.com,linkedin.com/in/jonathan-cox-3b401230,,C-Team,blitz,https://www.linkedin.com/company/levickstanley,,GB,GB,pass,unknown,industry unknown
Jonathan,Ho,Jonathan Ho,VP of Finance,Connext,connextglobal.com,linkedin.com/in/jonathan-ho-a735a34a,,VP,blitz,https://www.linkedin.com/company/connextglobalsolutions,,US,US,pass,unknown,industry unknown
Jonathan,Prince,Jonathan Prince,President / CEO,Prince & Associates,,linkedin.com/in/jonathanprince,,C-Team,blitz,https://www.linkedin.com/company/prince-&-associates,Human Resources Services,US,US,pass,unknown,industry unknown
Jordan,Potts,Jordan Potts,Head of Technology,Albany Growth,albanygrowth.co.uk,linkedin.com/in/jordan-potts-albany,,Director,blitz,https://www.linkedin.com/company/albany-engineering-search,,GB,GB,pass,unknown,industry unknown
Jorge,Mota,Jorge Mota,Directeur général,WEFIND INTER,,linkedin.com/in/jorge-mota-586292151,,C-Team,blitz,https://www.linkedin.com/company/wefind-inter,Staffing and Recruiting,FR,FR,pass,unknown,industry unknown
Jose Ignacio,Correa,Jose Ignacio Correa,Director,EGT Human Resources,,linkedin.com/in/jose-ignacio-correa-59122a76,,Director,blitz,https://www.linkedin.com/company/egt-human-resources,Human Resources Services,ES,US,pass,unknown,industry unknown
Joseph,Fraid,Joseph Fraid,CEO,IPS Consulting,,linkedin.com/in/joseph-fraid-28331310,,C-Team,blitz,https://www.linkedin.com/company/ips-consulting,Staffing and Recruiting,LV,US,pass,unknown,industry unknown
Joseph,Johnston,Joseph Johnston,Sr Vice President of Enterprise Sales,TOPS Staffing,,linkedin.com/in/joseph-johnston-b0563b8,,VP,blitz,https://www.linkedin.com/company/tops-staffing,Staffing and Recruiting,US,US,pass,unknown,industry unknown
joseph,madrid,joseph madrid,Directeur RH,EGT Human Resources,,linkedin.com/in/joseph-madrid-401aa16b,,Director,blitz,https://www.linkedin.com/company/egt-human-resources,Human Resources Services,FR,US,pass,unknown,industry unknown
Joseph,Marciano,Joseph Marciano,Owner,Omni Associates,,linkedin.com/in/joseph-marciano-68b2401,,C-Team,blitz,https://www.linkedin.com/company/omni-associates,Staffing and Recruiting,US,US,pass,unknown,industry unknown
Joseph,Smith,Joseph Smith,CEO,EGT Human Resources,,linkedin.com/in/joseph-smith-586b3b69,,C-Team,blitz,https://www.linkedin.com/company/egt-human-resources,Human Resources Services,US,US,pass,unknown,industry unknown
Joshua,Johnson,Joshua Johnson,Director of Impact (Bars from Behind Bars),Self Employed,,linkedin.com/in/joshua-johnson-224189283,,C-Team,blitz,https://www.linkedin.com/company/summit-county-alcohol-drug-addiction-&-mental-health-services-board,Human Resources Services,US,US,pass,unknown,industry unknown
Joyce,Godbey,Joyce Godbey,"Managing Partner, Talent Solutions",The Bexar Company,thebexarco.com,linkedin.com/in/joyce-godbey-22964489,,C-Team,blitz,https://www.linkedin.com/company/the-bexar-company,,US,US,pass,unknown,industry unknown
József,Illés,József Illés,Founder and CEO,IDBC Group,idbc.hu,linkedin.com/in/jozsef-illes,,C-Team,blitz,https://www.linkedin.com/company/idbc-group-talent-projects-go,,HU,HU,pass,unknown,industry unknown
Jeff,Testerman,Jeff Testerman,Managing Partner,BrokerHunter,brokerhunter.com,linkedin.com/in/jtesterman1,,C-Team,blitz,https://www.linkedin.com/company/brokerhunter.com,,US,US,pass,unknown,industry unknown
Juan Ignacio,Faci Hereza,Juan Ignacio Faci Hereza,Director general asociado,CS Managering,,linkedin.com/in/juan-ignacio-faci-hereza-18724a17,,Director,blitz,https://www.linkedin.com/company/cs-managering,Human Resources Services,ES,ES,pass,unknown,industry unknown
Judah,Cohen,Judah Cohen,Owner,Pizza Time Restaurant,,linkedin.com/in/judah-cohen-4415922ba,,C-Team,blitz,https://www.linkedin.com/company/pizza-time-restaurant,Staffing and Recruiting,US,US,pass,unknown,industry unknown
Julia,Elliott,Julia Elliott,"Director, Camp Program",Alliance Abroad,allianceabroad.com,linkedin.com/in/julia-elliott-79b48347,,Director,blitz,https://www.linkedin.com/company/allianceabroad,,US,US,pass,unknown,industry unknown
Julian,Becher,Julian Becher,Inhaber,Qwantix Recruitment GmbH,qwantix.de,linkedin.com/in/julianbecher,,C-Team,blitz,https://www.linkedin.com/company/qwantix,,DE,DE,pass,unknown,industry unknown
Julianne,Mitchell,Julianne Mitchell,Owner,Career Quest - Company,,linkedin.com/in/julianne-mitchell-17522a2,,C-Team,blitz,https://www.linkedin.com/company/career-quest-cp,Staffing and Recruiting,US,US,pass,unknown,industry unknown
Julien,Toulorge,Julien Toulorge,Fondateur,"J. T. PRODUCTIONS, INC.",,linkedin.com/in/julientoulorge,,C-Team,blitz,https://www.linkedin.com/company/j-t-productions-inc-,Human Resources,FR,US,pass,unknown,industry unknown
JULIE,W.,JULIE W.,Senior Managing Partner,"Sorriso, LLC.",,linkedin.com/in/juliewest03,,C-Team,blitz,https://www.linkedin.com/company/sorriso-llc,Staffing and Recruiting,US,US,pass,unknown,industry unknown
Jurgita,Lukošienė,Jurgita Lukošienė,Vice President,Personalo vadovų klubas,,linkedin.com/in/jurgita-lukošienė-16928347,,VP,blitz,https://www.linkedin.com/company/lietuvos-personalo-vadov%c5%b3-klubas,Human Resources,LT,US,pass,unknown,industry unknown
Jurrit,Visser,Jurrit Visser,Partner,Work@Projects,workatprojects.nl,linkedin.com/in/jurrit-visser-ba241318,,C-Team,blitz,https://www.linkedin.com/company/workatprojects,,NL,NL,pass,unknown,industry unknown
Justice,Clothing,Justice Clothing,Owner,Justice Clothing Company,,linkedin.com/in/justice-clothing-b8a638160,,C-Team,blitz,https://www.linkedin.com/company/justice-clothing-company,Human Resources,US,US,pass,unknown,industry unknown
Justin,Barker,Justin Barker,Owner,Augustine Inc.,,linkedin.com/in/justin-barker-8b8b0b1,,C-Team,blitz,https://www.linkedin.com/company/augustine-inc.,Staffing and Recruiting,US,US,pass,unknown,industry unknown
Justin,Greyling,Justin Greyling,Chief Financial Officer,Supportwave,supportwave.com,linkedin.com/in/justin-greyling-741b20166,,C-Team,blitz,https://www.linkedin.com/company/supportwave,,GB,GB,pass,unknown,industry unknown
Justin,Reid,Justin Reid,Director of Underwriting,Niural AI,niural.com,linkedin.com/in/justin-reid-9b649b8,,Director,blitz,https://www.linkedin.com/company/niural,,US,US,pass,unknown,industry unknown
Justin,Streller,Justin Streller,CEO,EGT Human Resources,,linkedin.com/in/justin-streller-37389068,,C-Team,blitz,https://www.linkedin.com/company/egt-human-resources,Human Resources Services,DE,US,pass,unknown,industry unknown
Justyna,Czoska,Justyna Czoska,TA Partner,Fast Forward Solutions - Executive & Direct Search Services,ffsolutions.pl,linkedin.com/in/justyna-czoska-385310228,,C-Team,blitz,https://www.linkedin.com/company/fast-forward-executive-search-headhunters,,GB,PL,pass,unknown,industry unknown
Justyna,Pułtorak-Marek,Justyna Pułtorak-Marek,Senior Client Partner,Devire,devire.pl,linkedin.com/in/justyna-pultorak,,C-Team,blitz,https://www.linkedin.com/company/devire,,PL,PL,pass,unknown,industry unknown
Jérôme,Brosseau,Jérôme Brosseau,Directeur production,SAS MAUGIN,,linkedin.com/in/jérôme-brosseau-033987197,,Director,blitz,https://www.linkedin.com/company/sas-maugin,Human Resources Services,FR,FR,pass,unknown,industry unknown
Kabir,Soorya,Kabir Soorya,Chief Technology Officer (YC W20),Benepass,getbenepass.com,linkedin.com/in/kabir-soorya,,C-Team,blitz,https://www.linkedin.com/company/benepass,,US,US,pass,unknown,industry unknown
Kais,BAYAR,Kais BAYAR,Directeur adjoint des opérations hôtellerie et coliving,SERGIC SERVICES HOTELIERS,,linkedin.com/in/kais-bayar-845079121,,Director,blitz,https://www.linkedin.com/company/sergic-services-hoteliers,Staffing and Recruiting,FR,FR,pass,unknown,industry unknown
Kalu,Idika,Kalu Idika,Managing Director,Paramount Staffing,,linkedin.com/in/kalu-idika-2565341a9,,C-Team,blitz,https://www.linkedin.com/company/paramountstaffing,Staffing and Recruiting,US,US,pass,unknown,industry unknown
Karanbir,Sharma,Karanbir Sharma,Managing Director,Alrek Business Solutions Inc,absli.com,linkedin.com/in/karanbir-sharma-64b779a5,,C-Team,blitz,https://www.linkedin.com/company/alrek-business-solutions-inc,,US,US,pass,unknown,industry unknown
Karen,Hawthorn,Karen Hawthorn,Managing Director,Taylor Grey,,linkedin.com/in/karen-hawthorn-b428a51,,C-Team,blitz,https://www.linkedin.com/company/taylor-grey,Staffing and Recruiting,US,US,pass,unknown,industry unknown
Karen,Moore,Karen Moore,Owner,Harbor Consulting,,linkedin.com/in/karen-moore-37182626,,C-Team,blitz,https://www.linkedin.com/company/harbor-consulting,Staffing and Recruiting,US,US,pass,unknown,industry unknown
karen,spencer,karen spencer,director,ABV Group,,linkedin.com/in/karen-spencer-391b703a,,Director,blitz,https://www.linkedin.com/company/abv-group,Human Resources Services,US,US,pass,unknown,industry unknown
Karen,Tunnera,Karen Tunnera,Head of Recruiting,ATRIUM STAFFING OF NEW JERSEY LLC,,linkedin.com/in/karen-tunnera-b5bb23230,,Director,blitz,https://www.linkedin.com/company/atrium-staffing-of-new-jersey-llc,Human Resources Services,US,US,pass,unknown,industry unknown
Karen,Webb,Karen Webb,"Events Leader,  Partner Marketing @Google Cloud",The Sage Group,thesagegroup.com,linkedin.com/in/karen-webb-06795176,,C-Team,blitz,https://www.linkedin.com/company/the-sage-group-formerly-sage-consulting-associates-,,US,US,pass,unknown,industry unknown
Karim,Pfeil,Karim Pfeil,Geschäftsführer,Undivi,undivi.at,linkedin.com/in/karim-pfeil-86ba2a68,,C-Team,blitz,https://www.linkedin.com/company/undivi,,AT,AT,pass,unknown,industry unknown
Karina,Stamburska,Karina Stamburska,Head of Contracts and Operations,Salter Grange,saltergrange.com,linkedin.com/in/karinastamburska,,Director,blitz,https://www.linkedin.com/company/saltergrange,,GB,GB,pass,unknown,industry unknown
Karla,Driskill,Karla Driskill,President - Cultures,The Hollister Group,hollistergroup.com,linkedin.com/in/karla-driskill,,C-Team,blitz,https://www.linkedin.com/company/hollistergroup,,US,US,pass,unknown,industry unknown
Karolina,D.,Karolina D.,Senior HR & Administration Partner,Devire,devire.pl,linkedin.com/in/karolina-d-b930a016b,,C-Team,blitz,https://www.linkedin.com/company/devire,,PL,PL,pass,unknown,industry unknown
Yurii,Karpinskyi,Yurii Karpinskyi,Head of Sales,SOHINA GLOBAL RECRUITMENT,,linkedin.com/in/karpinskyi,,Director,blitz,https://www.linkedin.com/company/sohina,Staffing and Recruiting,UA,UA,pass,unknown,industry unknown
Kate,Green,Kate Green,Managing Director,Risen Son Christian Village,,linkedin.com/in/kate-green-31155721,,C-Team,blitz,https://www.linkedin.com/company/risen-son-christian-village,Staffing and Recruiting,US,US,pass,unknown,industry unknown
Kate,Leyco,Kate Leyco,Director,MRI Executive Solutions,,linkedin.com/in/kate-leyco-3aa08567,,Director,blitz,https://www.linkedin.com/company/mri-executive-solutions,Staffing and Recruiting,US,US,pass,unknown,industry unknown
Kate,Aguilar,Kate Aguilar,Director of Sales And Business Development,Alliance Abroad,allianceabroad.com,linkedin.com/in/kateaguilarc,,Director,blitz,https://www.linkedin.com/company/allianceabroad,,US,US,pass,unknown,industry unknown
Kate,Brogden,Kate Brogden,"Partner, Executive Search",hyrUP,hyrup.co,linkedin.com/in/katebrogdencpa,,C-Team,blitz,https://www.linkedin.com/company/hyrup,,US,US,pass,unknown,industry unknown
Kate,Dykgraaf,Kate Dykgraaf,Director,Good Insight,good-insight.org,linkedin.com/in/katedykgraaf,,Director,blitz,https://www.linkedin.com/company/good-insight,,US,US,pass,unknown,industry unknown
Kathleen,Bartley,Kathleen Bartley,Vice President,Atlas Agency,,linkedin.com/in/kathleen-bartley-9729a91,,VP,blitz,https://www.linkedin.com/company/atlas-agency,Staffing and Recruiting,US,US,pass,unknown,industry unknown
Kathryn,Starnes,Kathryn Starnes,Director of BurklemontSchool of Arts,"Carolinas Human Resource Consultants, Inc.",,linkedin.com/in/kathryn-starnes-8b373995,,Director,blitz,https://www.linkedin.com/company/carolinas-human-resource-consultants-inc.,Human Resources Services,US,US,pass,unknown,industry unknown
Kathryn,Terry,Kathryn Terry,Account Director,NextPath Workforce Solutions,nextpathcp.com,linkedin.com/in/kathryn-terry-a50400a4,,Director,blitz,https://www.linkedin.com/company/nextpathcp,,US,US,pass,unknown,industry unknown
Kathy,Camara,Kathy Camara,Vice President of Operations,Entech Personnel Services,,linkedin.com/in/kathy-camara-0410754,,VP,blitz,https://www.linkedin.com/company/entech-personnel-services,Staffing and Recruiting,US,US,pass,unknown,industry unknown
Kathy,Elston,Kathy Elston,Owner,Accounting Options,,linkedin.com/in/kathy-elston-59aa85,,C-Team,blitz,https://www.linkedin.com/company/accounting-options,Staffing and Recruiting,US,US,pass,unknown,industry unknown
Kathy,Flynn,Kathy Flynn,President,Mulberry Group,,linkedin.com/in/kathy-flynn-030a343,,C-Team,blitz,https://www.linkedin.com/company/mulberry-group,Staffing and Recruiting,US,GB,pass,unknown,industry unknown
Kathy,Unger,Kathy Unger,Owner,Right People,,linkedin.com/in/kathy-unger-6483851,,C-Team,blitz,https://www.linkedin.com/company/right-people,Staffing and Recruiting,US,NL,pass,unknown,industry unknown
Katie,Leuw,Katie Leuw,Fractional Head of Marketing,Collins Property Recruitment,collinspropertyrecruitment.com,linkedin.com/in/katie-leuw-marketing,,Director,blitz,https://www.linkedin.com/company/collins-property-recruitment,,GB,GB,pass,unknown,industry unknown
Katie,Bairhalter,Katie Bairhalter,Director of Customer Operations,Benepass,getbenepass.com,linkedin.com/in/katiebairhalter,,Director,blitz,https://www.linkedin.com/company/benepass,,US,US,pass,unknown,industry unknown
Katie,Hajec,Katie Hajec,Founder/CEO,KTeam,,linkedin.com/in/katiehajec,,C-Team,blitz,https://www.linkedin.com/company/kteam-co,Staffing and Recruiting,US,US,pass,unknown,industry unknown
katy,harrison,katy harrison,director,POI,,linkedin.com/in/katy-harrison-37430b59,,Director,blitz,https://www.linkedin.com/company/poi,Human Resources Services,US,US,pass,unknown,industry unknown
Kavi,Raj,Kavi Raj,Vice President Operations,KYYBA Inc,kyyba.com,linkedin.com/in/kavisraj,,VP,blitz,https://www.linkedin.com/company/kyyba-inc,,US,US,pass,unknown,industry unknown
Keith,Middleton,Keith Middleton,"Director, East Coast Operations",Empyrean Management Group,,linkedin.com/in/keith-middleton-342539,,Director,blitz,https://www.linkedin.com/company/empyrean-management-group,Staffing and Recruiting,US,US,pass,unknown,industry unknown
"Kelli ""Kel""",H.,"Kelli ""Kel"" H.",Enterprise Sales Director,Benepass,getbenepass.com,linkedin.com/in/kelli-kel-h-193990204,,Director,blitz,https://www.linkedin.com/company/benepass,,US,US,pass,unknown,industry unknown
Kelli,McDonaugh,Kelli McDonaugh,Account Director,NextPath Workforce Solutions,nextpathcp.com,linkedin.com/in/kelli-mcdonaugh-2a802828,,Director,blitz,https://www.linkedin.com/company/nextpathcp,,US,US,pass,unknown,industry unknown
Kelly,Henderson,Kelly Henderson,Salon Owner,Hair By Me,,linkedin.com/in/kelly-henderson-b090a7239,,C-Team,blitz,https://www.linkedin.com/company/hair-by-me,Human Resources Services,US,US,pass,unknown,industry unknown
Kelly,(Ogle) Wagner,Kelly (Ogle) Wagner,"Director, National Search",LaSalle Network,thelasallenetwork.com,linkedin.com/in/kelly-ogle-wagner-0366929,,Director,blitz,https://www.linkedin.com/company/lasalle-network,,US,US,pass,unknown,industry unknown
Kelly,"Qian, MBA, M.Ed., PMP","Kelly Qian, MBA, M.Ed., PMP","Vice President, Business Unit Manager",Connext,connextglobal.com,linkedin.com/in/kellyqianpmp,,VP,blitz,https://www.linkedin.com/company/connextglobalsolutions,,US,US,pass,unknown,industry unknown
Kelsey,Daly,Kelsey Daly,Director of Marketing & Communications,Mulberry Talent Partners,mulberrytalent.com,linkedin.com/in/kelseytrif,,Director,blitz,https://www.linkedin.com/company/mulberrytalentpartners,,US,US,pass,unknown,industry unknown
,,,Director of Communications,The Hollister Group,hollistergroup.com,linkedin.com/in/keltyfitzgibbons,,Director,blitz,https://www.linkedin.com/company/hollistergroup,,US,US,pass,unknown,industry unknown
Kelvin,Wetherill,Kelvin Wetherill,CEO & Founder,Supportwave,supportwave.com,linkedin.com/in/kelvin-wetherill-8a013554,,C-Team,blitz,https://www.linkedin.com/company/supportwave,,GB,GB,pass,unknown,industry unknown
KEN,GABRIEL,KEN GABRIEL,OWNER,Gabriel & Associates,,linkedin.com/in/ken-gabriel-5b7b2b9a,,C-Team,blitz,https://www.linkedin.com/company/gabriel-&-associates,Staffing and Recruiting,US,US,pass,unknown,industry unknown
Ken,Narita,Ken Narita,Head of Marketing,Niural AI,niural.com,linkedin.com/in/ken-narita,,Director,blitz,https://www.linkedin.com/company/niural,,US,US,pass,unknown,industry unknown
Ken,Sheppard,Ken Sheppard,Owner,Sheppard Consulting,,linkedin.com/in/ken-sheppard-2896322,,C-Team,blitz,https://www.linkedin.com/company/sheppard-consulting,Human Resources Services,US,US,pass,unknown,industry unknown
Kendra,Loposer,Kendra Loposer,Director of Compliance,Alliance Abroad,allianceabroad.com,linkedin.com/in/kendra-loposer-7920943,,Director,blitz,https://www.linkedin.com/company/allianceabroad,,US,US,pass,unknown,industry unknown
Kenneth,"Mueller, CPA, CRFAC, CFC, CVA","Kenneth Mueller, CPA, CRFAC, CFC, CVA",President,Accounting Alliance,,linkedin.com/in/kenmuellercpa,,C-Team,blitz,https://www.linkedin.com/company/accounting-alliance,Staffing and Recruiting,US,US,pass,unknown,industry unknown
Kenneth,Gotell,Kenneth Gotell,CEO Center employment opportunities,CEO Center for Employment Opportunities,,linkedin.com/in/kenneth-gotell-a67366205,,C-Team,blitz,https://www.linkedin.com/company/ceo-center-for-employment-opportunities,Human Resources Services,US,US,pass,unknown,industry unknown
Kenneth,Samuels,Kenneth Samuels,Online Marketer & CEO of Lotus Apparel Clothing,The Empower Network,,linkedin.com/in/kenneth-samuels-4669b756,,C-Team,blitz,https://www.linkedin.com/company/the-empower-network,Staffing and Recruiting,US,US,pass,unknown,industry unknown
Kenneth W.,Burnt,Kenneth W. Burnt,Owner,AccountAbilities,,linkedin.com/in/kenneth-w-burnt-716592,,C-Team,blitz,https://www.linkedin.com/company/accountabilities,Staffing and Recruiting,US,US,pass,unknown,industry unknown
Ken,Tempel,Ken Tempel,Director of Operations,Inprax Performance Resources,,linkedin.com/in/kentempel,,Director,blitz,https://www.linkedin.com/company/inprax-performance-resources,Staffing and Recruiting,US,US,pass,unknown,industry unknown
Kent Mikael,Rosseland,Kent Mikael Rosseland,Partner,Dovre Solutions,dovregroup.com,linkedin.com/in/kentmikael,,C-Team,blitz,https://www.linkedin.com/company/dovre-solutions,,NO,NO,pass,unknown,industry unknown
Kerem,Karam,Kerem Karam,CEO KK Consulting,"KK Consulting, Inc.",,linkedin.com/in/kerem-karam-6218a32b4,,C-Team,blitz,https://www.linkedin.com/company/kk-consulting-inc.,Staffing and Recruiting,DE,US,pass,unknown,industry unknown
Kerstin,Schwarz,Kerstin Schwarz,Geschäftsführer,Effection Network GmbH,,linkedin.com/in/kerstin-schwarz-279056156,,C-Team,blitz,https://www.linkedin.com/company/effection-network-gmbh,Staffing and Recruiting,DE,US,pass,unknown,industry unknown
Kevin,Jacob,Kevin Jacob,Digitial Marketing Director,Experts Employed  - Not in Operation,,linkedin.com/in/kevin-jacob-9b3a35172,,Director,blitz,https://www.linkedin.com/company/experts-employed,Staffing and Recruiting,US,US,pass,unknown,industry unknown
Kevin,Kehl,Kevin Kehl,President,MedTek Group,,linkedin.com/in/kevin-kehl-9955a9,,C-Team,blitz,https://www.linkedin.com/company/medtek-group,Staffing and Recruiting,US,US,pass,unknown,industry unknown
Kevin,Kelly,Kevin Kelly,Chief Financial Officer,"KK Consulting, Inc.",,linkedin.com/in/kevin-kelly-70986540,,C-Team,blitz,https://www.linkedin.com/company/kk-consulting-inc.,Staffing and Recruiting,US,US,pass,unknown,industry unknown
Kevin,Kurschner,Kevin Kurschner,Owner,The Sales Group,,linkedin.com/in/kevin-kurschner-7542697,,C-Team,blitz,https://www.linkedin.com/company/the-sales-group,Staffing and Recruiting,US,US,pass,unknown,industry unknown
Kevin,Mallon,Kevin Mallon,Director,RightClick,findtherightclick.com,linkedin.com/in/kevin-mallon-7088a7134,,Director,blitz,https://www.linkedin.com/company/rightclick,,US,US,pass,unknown,industry unknown
Kevin,McRae,Kevin McRae,Project Director,CEDAR International,,linkedin.com/in/kevin-mcrae-25181b,,Director,blitz,https://www.linkedin.com/company/cedar-international,Human Resources Services,US,US,pass,unknown,industry unknown
Kevin,Moon,Kevin Moon,CEO,Unlimited Resources,,linkedin.com/in/kevin-moon-2a50b69a,,C-Team,blitz,https://www.linkedin.com/company/unlimited-resources,Human Resources Services,US,US,pass,unknown,industry unknown
kevin,preib,kevin preib,President,KPSI,,linkedin.com/in/kevin-preib-143362151,,C-Team,blitz,https://www.linkedin.com/company/kpsi,Staffing and Recruiting,US,NL,pass,unknown,industry unknown
Kevin,Spinelli,Kevin Spinelli,Managing Director,The Mahoney Group LLC,,linkedin.com/in/kevin-spinelli-0057354,,C-Team,blitz,https://www.linkedin.com/company/the-mahoney-group-llc,Staffing and Recruiting,US,US,pass,unknown,industry unknown
Kevin,Strang,Kevin Strang,Regional Sales Director,RealLife HR,,linkedin.com/in/kevin-strang-bba2192,,Director,blitz,https://www.linkedin.com/company/reallife-hr,Human Resources Services,US,US,pass,unknown,industry unknown
Kevin,Thai,Kevin Thai,Vice President of Strategy and Operations,Connext,connextglobal.com,linkedin.com/in/kevin-thai,,VP,blitz,https://www.linkedin.com/company/connextglobalsolutions,,US,US,pass,unknown,industry unknown
Kevin,de Zeeuw,Kevin de Zeeuw,Founder,HR Recruiters,hr-recruiters.nl,linkedin.com/in/kevindezeeuw,,C-Team,blitz,https://www.linkedin.com/company/hr-recruiters-nl,,NL,NL,pass,unknown,industry unknown
Kim,Cook,Kim Cook,Director of Business Development,Mulberry Group,,linkedin.com/in/kim-cook-84781a4,,Director,blitz,https://www.linkedin.com/company/mulberry-group,Staffing and Recruiting,US,GB,pass,unknown,industry unknown
Kim,Fortier,Kim Fortier,Senior Director Business Development- Technology,The Hollister Group,hollistergroup.com,linkedin.com/in/kim-fortier-681b711,,Director,blitz,https://www.linkedin.com/company/hollistergroup,,US,US,pass,unknown,industry unknown
Kimberly,Chochon,Kimberly Chochon,Vice President of Partnerships & Marketing,Asurint,asurint.com,linkedin.com/in/kimberly-chochon-abb0274,,VP,blitz,https://www.linkedin.com/company/asurint,,US,US,pass,unknown,industry unknown
Kimberly,"Guida, CAE, IOM","Kimberly Guida, CAE, IOM","Director of Dealer Services, Safety and Training",Rochester,,linkedin.com/in/kimberlyguida-cae,,Director,blitz,https://www.linkedin.com/company/rochester,Human Resources,US,US,pass,unknown,industry unknown
Kip,Hollister (she/her/hers),Kip Hollister (she/her/hers),Founder & CEO,The Hollister Group,hollistergroup.com,linkedin.com/in/kiphollister,,C-Team,blitz,https://www.linkedin.com/company/hollistergroup,,US,US,pass,unknown,industry unknown
Kirsty,Wood,Kirsty Wood,People and Development Director,Carlisle Staffing,,linkedin.com/in/kirsty-wood-6a73b1,,Director,blitz,https://www.linkedin.com/company/carlisle-staffing,Staffing and Recruiting,GB,GB,pass,unknown,industry unknown
Klaus,Mueller,Klaus Mueller,Direktor,EGT Human Resources,,linkedin.com/in/klaus-mueller-6601887a,,Director,blitz,https://www.linkedin.com/company/egt-human-resources,Human Resources Services,DE,US,pass,unknown,industry unknown
Klaus,Strauch,Klaus Strauch,Head Of Operations,Batenborch International,batenborch.com,linkedin.com/in/klaus-strauch-4990ba101,,Director,blitz,https://www.linkedin.com/company/batenborch-international,,DE,BE,pass,unknown,industry unknown
Koen,Verrecht,Koen Verrecht,Founder,CBTL,,linkedin.com/in/koenverrecht,,C-Team,blitz,https://www.linkedin.com/company/cbtldigital,Human Resources Services,BE,BE,pass,unknown,industry unknown
Kolleen,Hogan,Kolleen Hogan,Account Director,NextPath Workforce Solutions,nextpathcp.com,linkedin.com/in/kolleen-hogan-307256aa,,Director,blitz,https://www.linkedin.com/company/nextpathcp,,US,US,pass,unknown,industry unknown
Maciej,Koscijanski,Maciej Koscijanski,Chief Executive Officer,FINTALENT,fintalent.pl,linkedin.com/in/koscijanski,,C-Team,blitz,https://www.linkedin.com/company/fintalent-pl,,PL,PL,pass,unknown,industry unknown
Kris,Bogdanovich,Kris Bogdanovich,Owner,Legal Placement Services,,linkedin.com/in/kris-bogdanovich-8018a93,,C-Team,blitz,https://www.linkedin.com/company/legal-placement-services,Staffing and Recruiting,US,US,pass,unknown,industry unknown
Kristen,McConnell,Kristen McConnell,Chief Operating Officer & Talent Advisor,Mulberry Talent Partners,mulberrytalent.com,linkedin.com/in/kristenkmcconnell,,C-Team,blitz,https://www.linkedin.com/company/mulberrytalentpartners,,US,US,pass,unknown,industry unknown
Kristi,Holder,Kristi Holder,Vice President / Owner,"A.T. Staffing/Advance'd Temporaries, Inc.",,linkedin.com/in/kristi-holder-b08872a1,,C-Team,blitz,https://www.linkedin.com/company/a.t.-staffing-advance'd-temporaries-inc.,Human Resources Services,US,US,pass,unknown,industry unknown
Kristina,"Hope, CTS","Kristina Hope, CTS",Owner,SmartStaff Personnel,,linkedin.com/in/kristina-hope-cts-84063212,,C-Team,blitz,https://www.linkedin.com/company/smartstaff-personnel,Staffing and Recruiting,US,US,pass,unknown,industry unknown
Krzysztof,Kijewski,Krzysztof Kijewski,Dyrektor Finansowy,Devire,devire.pl,linkedin.com/in/krzysztofkijewski,,Director,blitz,https://www.linkedin.com/company/devire,,PL,PL,pass,unknown,industry unknown
Kurt,Braun,Kurt Braun,CFO,ClearPoint Resources,,linkedin.com/in/kurt-braun-6481554,,C-Team,blitz,https://www.linkedin.com/company/clearpoint-resources,Staffing and Recruiting,US,US,pass,unknown,industry unknown
Kyla,Kapche,Kyla Kapche,President,TEI Staffing,,linkedin.com/in/kyla-kapche-346390,,C-Team,blitz,https://www.linkedin.com/company/tei-staffing,Staffing and Recruiting,US,US,pass,unknown,industry unknown
Kyle,Hemenover,Kyle Hemenover,Chief Financial Officer,LaSalle Network,thelasallenetwork.com,linkedin.com/in/kyle-hemenover,,C-Team,blitz,https://www.linkedin.com/company/lasalle-network,,US,US,pass,unknown,industry unknown
Laron,Sequeira,Laron Sequeira,Head of Growth,Supportwave,supportwave.com,linkedin.com/in/laron-sequeira,,Director,blitz,https://www.linkedin.com/company/supportwave,,GB,GB,pass,unknown,industry unknown
Laura,Gitre,Laura Gitre,"Vice President, Client Delivery",Walker Healthforce,walkerhealthforce.com,linkedin.com/in/laura-gitre-59a7686,,VP,blitz,https://www.linkedin.com/company/walkerhealthforce,,US,US,pass,unknown,industry unknown
Laura,H.,Laura H.,Executive Director,Unavailable,,linkedin.com/in/laura-h-0a4057168,,Director,blitz,https://www.linkedin.com/company/prn-resources-limited,Human Resources Services,US,GB,pass,unknown,industry unknown
Laura,Lynch,Laura Lynch,Owner,Suds In A Bucket,,linkedin.com/in/laura-lynch-39534412a,,C-Team,blitz,https://www.linkedin.com/company/suds-in-a-bucket,Staffing and Recruiting,US,US,pass,unknown,industry unknown
Laura,S.,Laura S.,"Head of People, Culture & Organisation",Signature Consulting GmbH,signature.de,linkedin.com/in/laura-salossnick,,Director,blitz,https://www.linkedin.com/company/signature-consulting-gmbh,,DE,DE,pass,unknown,industry unknown
Laura,Sankovich,Laura Sankovich,Owner/Consultant,The Human Resource Group,,linkedin.com/in/laura-sankovich-87b7786,,C-Team,blitz,https://www.linkedin.com/company/the-human-resource-group,Staffing and Recruiting,US,US,pass,unknown,industry unknown
Lauren,Boundy,Lauren Boundy,"Executive Director, Client Partnerships, Technology Services",Walker Healthforce,walkerhealthforce.com,linkedin.com/in/lauren-boundy-mha-7b0793ba,,Director,blitz,https://www.linkedin.com/company/walkerhealthforce,,US,US,pass,unknown,industry unknown
Lauren,Francis,Lauren Francis,Chief Executive Officer & Talent Advisor,Mulberry Talent Partners,mulberrytalent.com,linkedin.com/in/laurenfrancis,,C-Team,blitz,https://www.linkedin.com/company/mulberrytalentpartners,,US,US,pass,unknown,industry unknown
Laurent,Savard,Laurent Savard,Directeur général,TREMPLIN 52,,linkedin.com/in/laurent-savard-a092b9125,,C-Team,blitz,https://www.linkedin.com/company/tremplin-52,Human Resources Services,FR,FR,pass,unknown,industry unknown
Arman Lokesh,D.,Arman Lokesh D.,Executive Vice President - Operations and Chief Operating Officer,"Tryfacta, Inc.",tryfacta.com,linkedin.com/in/ldhar,,C-Team,blitz,https://www.linkedin.com/company/tryfactainc,,US,US,pass,unknown,industry unknown
Lee,Black,Lee Black,Owner,Strategic Alliance,,linkedin.com/in/lee-black-8243325,,C-Team,blitz,https://www.linkedin.com/company/strategic-alliance,Staffing and Recruiting,US,US,pass,unknown,industry unknown
Lee,Burkhead,Lee Burkhead,Owner,Romac International,,linkedin.com/in/lee-burkhead-a3b8564,,C-Team,blitz,https://www.linkedin.com/company/romac-international,Staffing and Recruiting,US,US,pass,unknown,industry unknown
Lee,Mitchell,Lee Mitchell,Head of Research | Private Equity,STOIX | B Corp™,stoix.co.uk,linkedin.com/in/lee-mitchell-8aa368110,,Director,blitz,https://www.linkedin.com/company/stoix,,GB,GB,pass,unknown,industry unknown
Lee,Trautvetter CRC,Lee Trautvetter CRC,Owner,Hudson Associates,,linkedin.com/in/lee-trautvetter-crc-3927942,,C-Team,blitz,https://www.linkedin.com/company/hudson-associates,Staffing and Recruiting,US,US,pass,unknown,industry unknown
Lena,Eriksson,Lena Eriksson,Entrepreneur,U.B.A. Services,,linkedin.com/in/lena-eriksson-1472b235,,C-Team,blitz,https://www.linkedin.com/company/u.b.a.-services,Human Resources Services,FI,US,pass,unknown,industry unknown
Leo,Hewett,Leo Hewett,Founder & Managing Director,Core3 | B Corp™,core3.co.uk,linkedin.com/in/leohewett,,C-Team,blitz,https://www.linkedin.com/company/core3-uk,,GB,GB,pass,unknown,industry unknown
Les,Fenyves,Les Fenyves,Managing Director/Senior Search Consultant,James Moore & Associates,,linkedin.com/in/les-fenyves-808156,,C-Team,blitz,https://www.linkedin.com/company/james-moore-&-associates,Staffing and Recruiting,US,US,pass,unknown,industry unknown
Leslie,Hess,Leslie Hess,"Director, Talent Solutions",The Sage Group,thesagegroup.com,linkedin.com/in/leslie-hess-hr,,Director,blitz,https://www.linkedin.com/company/the-sage-group-formerly-sage-consulting-associates-,,US,US,pass,unknown,industry unknown
Leslie,Knight,Leslie Knight,"Vice President, Channel Partnerships",NextPath Workforce Solutions,nextpathcp.com,linkedin.com/in/leslieknight,,VP,blitz,https://www.linkedin.com/company/nextpathcp,,US,US,pass,unknown,industry unknown
Leszek,Fibakiewicz,Leszek Fibakiewicz,Managing Director,Capital Search International,,linkedin.com/in/leszek-fibakiewicz-a564072,,C-Team,blitz,https://www.linkedin.com/company/capital-search-international,Staffing and Recruiting,PL,PL,pass,unknown,industry unknown
Leïla,D.,Leïla D.,Conseillère de vente (VP Luxe),KSI RETAIL,,linkedin.com/in/leïla-d-493b14256,,VP,blitz,https://www.linkedin.com/company/ksi-retail,Staffing and Recruiting,FR,FR,pass,unknown,industry unknown
Lhou,Manayoba,Lhou Manayoba,COO,EGT Human Resources,,linkedin.com/in/lhou-manayoba-995a7973,,C-Team,blitz,https://www.linkedin.com/company/egt-human-resources,Human Resources Services,US,US,pass,unknown,industry unknown
Liam,Dolan-Barr FCIPD,Liam Dolan-Barr FCIPD,Fractional HR Director,Self Employed,,linkedin.com/in/liamdolanbarr,,Director,blitz,https://www.linkedin.com/company/summit-county-alcohol-drug-addiction-&-mental-health-services-board,Human Resources Services,GB,US,pass,unknown,industry unknown
★ Liam,Mead,★ Liam Mead,Director,Profectus Recruitment,profectusrecruitment.co.uk,linkedin.com/in/liammead,,Director,blitz,https://www.linkedin.com/company/profectusrecruitment,,GB,GB,pass,unknown,industry unknown
Lies,Maho,Lies Maho,Co-founder,Novelles,,linkedin.com/in/lies-maho-8b0b8b4,,C-Team,blitz,https://www.linkedin.com/company/novelles,Human Resources Services,BE,BE,pass,unknown,industry unknown
Linda,Campbell,Linda Campbell,"Director, Client Services","Creative Benefits, Inc.",,linkedin.com/in/linda-campbell-4683238,,Director,blitz,https://www.linkedin.com/company/helix-benefits-solutions,Human Resources Services,US,US,pass,unknown,industry unknown
Linda,Carden,Linda Carden,Owner,The Human Resource Group,,linkedin.com/in/linda-carden-b79312,,C-Team,blitz,https://www.linkedin.com/company/the-human-resource-group,Staffing and Recruiting,DK,US,pass,unknown,industry unknown
Linda,Ramos,Linda Ramos,Business Owner,Bella Bella Salon,,linkedin.com/in/linda-ramos-639b9b14a,,C-Team,blitz,https://www.linkedin.com/company/bella-bella-salon,Human Resources,US,US,pass,unknown,industry unknown
Linda,Di Giovanni,Linda Di Giovanni,"Managing Director Belgium - Executive Search & Interim Management in Sales, Marketing & Digital",Batenborch International,batenborch.com,linkedin.com/in/lindadigiovanni,,C-Team,blitz,https://www.linkedin.com/company/batenborch-international,,BE,BE,pass,unknown,industry unknown
Lindsay,Barnes,Lindsay Barnes,Vice President Operations,Walker Healthforce,walkerhealthforce.com,linkedin.com/in/lindsaybarnes90,,VP,blitz,https://www.linkedin.com/company/walkerhealthforce,,US,US,pass,unknown,industry unknown
Lindsay,"Levy, CFE","Lindsay Levy, CFE",Chief Operating Officer,Cruit Group,cruitgroup.com,linkedin.com/in/lindsaylevycfe,,C-Team,blitz,https://www.linkedin.com/company/cruit-group,,US,US,pass,unknown,industry unknown
Lindy,Fowler,Lindy Fowler,Owner,Access Staffing Services,,linkedin.com/in/lindy-fowler-1101662,,C-Team,blitz,https://www.linkedin.com/company/access-staffing-services,Staffing and Recruiting,US,US,pass,unknown,industry unknown
Lisa,Brooks,Lisa Brooks,Director Of Recruiting,Human Capital Resources,,linkedin.com/in/lisa-brooks-b68329150,,Director,blitz,https://www.linkedin.com/company/human-capital-resources,Staffing and Recruiting,US,US,pass,unknown,industry unknown
Lisa,H.,Lisa H.,Center Director,Learning Zone Preschool,,linkedin.com/in/lisa-h-22a28990,,Director,blitz,https://www.linkedin.com/company/learning-zone-preschool,Human Resources Services,US,US,pass,unknown,industry unknown
Lisa,Kinnare Kopcha,Lisa Kinnare Kopcha,Director of Nursing,Langdon Place Of Keene,,linkedin.com/in/lisa-kinnare-kopcha-1a1689294,,Director,blitz,https://www.linkedin.com/company/langdon-place-of-keene,Human Resources,US,US,pass,unknown,industry unknown
Lisandra,Gatson,Lisandra Gatson,"Director, Employee Relations",Critical Path Advisors,criticalpathadvisors.com,linkedin.com/in/lisandra-gatson-b01155aa,,Director,blitz,https://www.linkedin.com/company/criticalpathadvisors,,US,US,pass,unknown,industry unknown
Lizette,Feris,Lizette Feris,Owner,Recruit Media,,linkedin.com/in/lizette-feris-9758633,,C-Team,blitz,https://www.linkedin.com/company/recruit-media,Staffing and Recruiting,GB,GB,pass,unknown,industry unknown
Christophe,ARASSE,Christophe ARASSE,Founder - Managing Partner,Ludwig,,linkedin.com/in/logyx,,C-Team,blitz,https://www.linkedin.com/company/ludwig-conseil,Human Resources,FR,FR,pass,unknown,industry unknown
Loretta,Kaber,Loretta Kaber,Vice President,Strategic Alliance,,linkedin.com/in/loretta-kaber-7b084a3b,,VP,blitz,https://www.linkedin.com/company/strategic-alliance,Staffing and Recruiting,US,US,pass,unknown,industry unknown
Lori A.,"Thomas, CCP, SHRM-SCP","Lori A. Thomas, CCP, SHRM-SCP","Director, Compensation and Total Rewards",Asurint,asurint.com,linkedin.com/in/lori-a-thomas-ccp,,Director,blitz,https://www.linkedin.com/company/asurint,,US,US,pass,unknown,industry unknown
Lori,Conn,Lori Conn,Dev.Director,MVCS,,linkedin.com/in/lori-conn-0421a030,,Director,blitz,https://www.linkedin.com/company/mvcs,Staffing and Recruiting,US,NL,pass,unknown,industry unknown
Lou Ann,Shaw,Lou Ann Shaw,President,Integrated Staffing Solutions,,linkedin.com/in/lou-ann-shaw-469aa480,,C-Team,blitz,https://www.linkedin.com/company/integrated-staffing-solutions,Staffing and Recruiting,US,US,pass,unknown,industry unknown
Louis,Landers,Louis Landers,CEO,Unlimited Resources,,linkedin.com/in/louis-landers-b6b20b34,,C-Team,blitz,https://www.linkedin.com/company/unlimited-resources,Human Resources Services,US,US,pass,unknown,industry unknown
Louis,Lanzilotta,Louis Lanzilotta,Partner,QuinTech Resources,,linkedin.com/in/louis-lanzilotta-b459203,,C-Team,blitz,https://www.linkedin.com/company/quintech-resources,Staffing and Recruiting,US,US,pass,unknown,industry unknown
Louisa,M.,Louisa M.,Managing Director,Experts Employed  - Not in Operation,,linkedin.com/in/louisa-m-90261ab4,,C-Team,blitz,https://www.linkedin.com/company/experts-employed,Staffing and Recruiting,US,US,pass,unknown,industry unknown
Louisville,Production,Louisville Production,President,MRI Executive Solutions,,linkedin.com/in/louisville-production-36787150,,C-Team,blitz,https://www.linkedin.com/company/mri-executive-solutions,Staffing and Recruiting,US,US,pass,unknown,industry unknown
Lowell,Merritt,Lowell Merritt,Owner,Merritt Enterprise,,linkedin.com/in/lowell-merritt-059562ab,,C-Team,blitz,https://www.linkedin.com/company/merritt-enterprise,Human Resources,US,US,pass,unknown,industry unknown
Lucienne,deMestre,Lucienne deMestre,Partner,Gow & Partners,,linkedin.com/in/lucienne-demestre-690619,,C-Team,blitz,https://www.linkedin.com/company/gow-&-partners,Staffing and Recruiting,US,US,pass,unknown,industry unknown
Lucille,Eagar,Lucille Eagar,Director of Research,Search International,,linkedin.com/in/lucille-eagar-9305188,,Director,blitz,https://www.linkedin.com/company/search-international,Staffing and Recruiting,US,US,pass,unknown,industry unknown
Lucía,Manotas Carrasco,Lucía Manotas Carrasco,Directora de Formación Corporativa | Consultoría,"g2Talentum RRHH, s.l.",g2talentum.es,linkedin.com/in/lucía-manotas-carrasco-84269433,,Director,blitz,https://www.linkedin.com/company/g2talentum-rrhh-s-l-,,ES,ES,pass,unknown,industry unknown
ludovic,ludfo,ludovic ludfo,Directeur général,.,,linkedin.com/in/ludovic-ludfo-083029132,,C-Team,blitz,https://www.linkedin.com/company/samp-asesor-a-laboral,Human Resources Services,FR,ES,pass,unknown,industry unknown
Luis,Arango,Luis Arango,Owner,The Sales Group,,linkedin.com/in/luis-arango-48a0ba2,,C-Team,blitz,https://www.linkedin.com/company/the-sales-group,Staffing and Recruiting,US,US,pass,unknown,industry unknown
Luis F,Gutierrez,Luis F Gutierrez,Managing Director,"MARGATE HEALTH & REHAB CENTER, LLC",,linkedin.com/in/luis-f-gutierrez-09814925,,C-Team,blitz,https://www.linkedin.com/company/margate-health-&-rehab-center-llc,Staffing and Recruiting,US,US,pass,unknown,industry unknown
luis,martinez martinez,luis martinez martinez,Director General,EGT Human Resources,,linkedin.com/in/luis-martinez-martinez-54276944,,Director,blitz,https://www.linkedin.com/company/egt-human-resources,Human Resources Services,ES,US,pass,unknown,industry unknown
Luisa,Uras,Luisa Uras,Proprietario di azienda,LATTE,wearelatte.com,linkedin.com/in/luisa-uras-71b881180,,C-Team,blitz,https://www.linkedin.com/company/latte.,,IT,GB,pass,unknown,industry unknown
Luis,Derechin,Luis Derechin,CEO & Founder,NIR-YU,nir-yu.com,linkedin.com/in/luisderechin,,C-Team,blitz,https://www.linkedin.com/company/nir-yu,,US,US,pass,unknown,industry unknown
Lukas,Mayer,Lukas Mayer,Partner,MAYER Personalmanagement,mayer.co.at,linkedin.com/in/lukas-mayer-7b2232bb,,C-Team,blitz,https://www.linkedin.com/company/mayer-personalmanagement,,AT,AT,pass,unknown,industry unknown
Lukasz,Koscijanski,Lukasz Koscijanski,COO & CO-FOUNDER,FINTALENT,fintalent.pl,linkedin.com/in/lukasz-koscijanski-a7894940,,C-Team,blitz,https://www.linkedin.com/company/fintalent-pl,,PL,PL,pass,unknown,industry unknown
Luke,Bowers,Luke Bowers,Co-Owner,Symmetry Recruitment,symmetryrecruitment.co.uk,linkedin.com/in/luke-bowers-73421185,,C-Team,blitz,https://www.linkedin.com/company/symmetry-recruitment,,GB,GB,pass,unknown,industry unknown
Luke,Jones,Luke Jones,Co-Owner,Symmetry Recruitment,symmetryrecruitment.co.uk,linkedin.com/in/luke-jones-powered-access,,C-Team,blitz,https://www.linkedin.com/company/symmetry-recruitment,,GB,GB,pass,unknown,industry unknown
Luke,Onsgard,Luke Onsgard,Vice President of Partnerships,Benepass,getbenepass.com,linkedin.com/in/luke-onsgard-395b4089,,VP,blitz,https://www.linkedin.com/company/benepass,,US,US,pass,unknown,industry unknown
Luke,Foley,Luke Foley,COO & Co-Founder,Kake,kake.co,linkedin.com/in/lukefoley,,C-Team,blitz,https://www.linkedin.com/company/kake,,US,US,pass,unknown,industry unknown
Luke,Fuszard,Luke Fuszard,Head of Enterprise Sales,Benepass,getbenepass.com,linkedin.com/in/lukefuszard,,Director,blitz,https://www.linkedin.com/company/benepass,,US,US,pass,unknown,industry unknown
Lyman,Warnock,Lyman Warnock,vp,Unlimited Resources,,linkedin.com/in/lyman-warnock-b0aa94a5,,VP,blitz,https://www.linkedin.com/company/unlimited-resources,Human Resources Services,US,US,pass,unknown,industry unknown
Lynsie,Moeschl,Lynsie Moeschl,Fractional Director/HRBP,"HR Business Partners, Inc.",hrbponline.com,linkedin.com/in/lynsie-moeschl-30747526,,Director,blitz,https://www.linkedin.com/company/hr-business-partners-inc,,US,US,pass,unknown,industry unknown
László,Vizkeleti,László Vizkeleti,Head of Business Unit - FBS,IDBC Group,idbc.hu,linkedin.com/in/lászló-vizkeleti-b6b3809b,,Director,blitz,https://www.linkedin.com/company/idbc-group-talent-projects-go,,HU,HU,pass,unknown,industry unknown
Léopold,CHÂLE,Léopold CHÂLE,Owner,RPO,,linkedin.com/in/léopold-châle-978ab0,,C-Team,blitz,https://www.linkedin.com/company/rpo,Staffing and Recruiting,FR,US,pass,unknown,industry unknown
Machelle,Cormell,Machelle Cormell,Candidate Marketing Director,ClearPoint Resources,,linkedin.com/in/machelle-cormell-500b5a3,,Director,blitz,https://www.linkedin.com/company/clearpoint-resources,Staffing and Recruiting,US,US,pass,unknown,industry unknown
Magdalena,Kanclerz,Magdalena Kanclerz,Regional Director,Devire,devire.pl,linkedin.com/in/magdalena-kanclerz-9845a119,,Director,blitz,https://www.linkedin.com/company/devire,,PL,PL,pass,unknown,industry unknown
Maggie,Johnson,Maggie Johnson,Creative Director,The Carlisle Group,,linkedin.com/in/maggie-johnson-5b67a97,,Director,blitz,https://www.linkedin.com/company/the-carlisle-group,Staffing and Recruiting,US,US,pass,unknown,industry unknown
Maghen,Stern,Maghen Stern,President,Southern Staffing Inc,,linkedin.com/in/maghen-stern-a29b00123,,C-Team,blitz,https://www.linkedin.com/company/southern-staffing-inc,Staffing and Recruiting,US,US,pass,unknown,industry unknown
Mahmud,Samad,Mahmud Samad,Strategic Advisor| CFO,Andvaris Inc,andvaris.com,linkedin.com/in/mahmudsamad,,C-Team,blitz,https://www.linkedin.com/company/andvarisinc,,US,US,pass,unknown,industry unknown
Maira,Cardi,Maira Cardi,Chief Executive Officer,"Select Resource Management, LLC.",,linkedin.com/in/maira-cardi-87b14b235,,C-Team,blitz,https://www.linkedin.com/company/select-resource-management-llc.,Staffing and Recruiting,US,US,pass,unknown,industry unknown
Malathi,Kotha,Malathi Kotha,Finance Director,The Sage Group,thesagegroup.com,linkedin.com/in/malathi-kotha-63758782,,Director,blitz,https://www.linkedin.com/company/the-sage-group-formerly-sage-consulting-associates-,,US,US,pass,unknown,industry unknown
Malene,Hammer Andersen,Malene Hammer Andersen,Co-Owner & Senior Director,Hammer Andersen,hammerandersen.com,linkedin.com/in/malenehammer,,C-Team,blitz,https://www.linkedin.com/company/hammerandersenrecruitment,,DK,DK,pass,unknown,industry unknown
Malgorzata,Malinowska,Malgorzata Malinowska,Markietamerica. unfrenchise owner,Unfranchise Owner,,linkedin.com/in/malgorzata-malinowska-3b192881,,C-Team,blitz,https://www.linkedin.com/company/unfranchise-owner,Staffing and Recruiting,US,US,pass,unknown,industry unknown
Małgorzata,Sułkowska,Małgorzata Sułkowska,Executive Search | Partner Finance & Accounting,Wyser,wyser-search.com,linkedin.com/in/malgorzatasulkowska,,C-Team,blitz,https://www.linkedin.com/company/wyser,,PL,IT,pass,unknown,industry unknown
Mallory,Burton,Mallory Burton,Director of Host Employer Relations SWT,Alliance Abroad,allianceabroad.com,linkedin.com/in/mallory-burton-10715812,,Director,blitz,https://www.linkedin.com/company/allianceabroad,,US,US,pass,unknown,industry unknown
Mandi,Johnson,Mandi Johnson,"Vice President, Strategic Growth",NextPath Workforce Solutions,nextpathcp.com,linkedin.com/in/mandi-johnson-tampa,,VP,blitz,https://www.linkedin.com/company/nextpathcp,,US,US,pass,unknown,industry unknown
Manish,Verma,Manish Verma,Owner,Surlin Solutions,,linkedin.com/in/manish-verma-a8a7ba2,,C-Team,blitz,https://www.linkedin.com/company/surlin-solutions,Human Resources,GB,US,pass,unknown,industry unknown
Manon,Huard,Manon Huard,Chief Freelance Officer,Cherry Pick,cherry-pick.io,linkedin.com/in/manon-huard-2b2b4b189,,C-Team,blitz,https://www.linkedin.com/company/cherry-pick-freelances,,FR,FR,pass,unknown,industry unknown
Mar,Moreno,Mar Moreno,"Senior Partner: Healthcare & Life Sciences, Assessment & Transformation",Wyser,wyser-search.com,linkedin.com/in/mar-moreno-796b81151,,C-Team,blitz,https://www.linkedin.com/company/wyser,,ES,IT,pass,unknown,industry unknown
Marc,Bertrand,Marc Bertrand,"Director, Drug Testing Services",Asurint,asurint.com,linkedin.com/in/marc-bertrand-5120b382,,Director,blitz,https://www.linkedin.com/company/asurint,,US,US,pass,unknown,industry unknown
Marcell,Demeter,Marcell Demeter,Recruitment Partner (Philip Morris),IDBC Group,idbc.hu,linkedin.com/in/marcell-demeter,,C-Team,blitz,https://www.linkedin.com/company/idbc-group-talent-projects-go,,HU,HU,pass,unknown,industry unknown
Marcia,Sartori,Marcia Sartori,Vice President HR Services,AsmaraHR,,linkedin.com/in/marcia-sartori-924819,,VP,blitz,https://www.linkedin.com/company/asmarahr,Human Resources Services,US,US,pass,unknown,industry unknown
Marcin,Pawłowski,Marcin Pawłowski,Executive Director,Devire,devire.pl,linkedin.com/in/marcin-pawłowski-8684a823,,Director,blitz,https://www.linkedin.com/company/devire,,PL,PL,pass,unknown,industry unknown
Marco,Ditzel,Marco Ditzel,Owner,Ditro,,linkedin.com/in/marco-ditzel-34a1336,,C-Team,blitz,https://www.linkedin.com/company/ditro,Staffing and Recruiting,NL,NL,pass,unknown,industry unknown
Maria,Lankenau,Maria Lankenau,CEO & Founder,Temporary Staffing Professionals,,linkedin.com/in/maria-lankenau-002904b,,C-Team,blitz,https://www.linkedin.com/company/temporary-staffing-professionals,Staffing and Recruiting,US,US,pass,unknown,industry unknown
Maria,Navarro-Rosa,Maria Navarro-Rosa,Director of Operations,"Tryfacta, Inc.",tryfacta.com,linkedin.com/in/maria-navarro-rosa-17b80a6b,,Director,blitz,https://www.linkedin.com/company/tryfactainc,,US,US,pass,unknown,industry unknown
maria,roquete,maria roquete,directora,EGT Human Resources,,linkedin.com/in/maria-roquete-44453663,,Director,blitz,https://www.linkedin.com/company/egt-human-resources,Human Resources Services,PT,US,pass,unknown,industry unknown
Mariana,S.,Mariana S.,Head of Client Success,NIR-YU,nir-yu.com,linkedin.com/in/marianasavic,,Director,blitz,https://www.linkedin.com/company/nir-yu,,CH,US,pass,unknown,industry unknown
Marianna,Lemire,Marianna Lemire,"Director, Host Employer Relations",Alliance Abroad,allianceabroad.com,linkedin.com/in/marianna-lemire,,Director,blitz,https://www.linkedin.com/company/allianceabroad,,US,US,pass,unknown,industry unknown
Marianna,Duarte,Marianna Duarte,Director of Operations,ARSAN International Consulting Group,arsanintlgroup.com,linkedin.com/in/mariannaduarte,,Director,blitz,https://www.linkedin.com/company/arsan-consulting-group,,US,US,pass,unknown,industry unknown
Marie,Maranz,Marie Maranz,Director of Search,Howroyd Group,,linkedin.com/in/marie-maranz-30b15a1,,Director,blitz,https://www.linkedin.com/company/howroyd-group,Staffing and Recruiting,US,US,pass,unknown,industry unknown
Marielza,Almeida,Marielza Almeida,Human Resources Director,Unique On The Go Corp,,linkedin.com/in/marielza-almeida,,Director,blitz,https://www.linkedin.com/company/unique-on-the-go-corp,Staffing and Recruiting,US,US,pass,unknown,industry unknown
Marika,Grimaldi,Marika Grimaldi,Socio,MGM SRL,,linkedin.com/in/marika-grimaldi-6a019813,,C-Team,blitz,https://www.linkedin.com/company/mgmsrltradate,Staffing and Recruiting,IT,IT,pass,unknown,industry unknown
Marilynn,"Irvine, Ph.D.","Marilynn Irvine, Ph.D.","Owner, Human Resources and OD/Management Consultant",Executive Management,,linkedin.com/in/marilynn-irvine-ph-d-45baba3,,C-Team,blitz,https://www.linkedin.com/company/executive-management,Staffing and Recruiting,US,US,pass,unknown,industry unknown
Marine,Ditzler,Marine Ditzler,Co-Chief Executive Officer,GOLDEN PENNY LIMITED,,linkedin.com/in/marine-ditzler-b17939179,,C-Team,blitz,https://www.linkedin.com/company/golden-penny-limited,Human Resources Services,US,GB,pass,unknown,industry unknown
Marisa,Jiménez Bilbao,Marisa Jiménez Bilbao,Directora de RR. HH.,FASTER EMPLEO ETT SA,,linkedin.com/in/marisa-jiménez-bilbao-820a6021a,,Director,blitz,https://www.linkedin.com/company/faster-empleo-ett-sa,Human Resources Services,ES,ES,pass,unknown,industry unknown
Mark,Dace,Mark Dace,Managing Director,Accounting Options,,linkedin.com/in/mark-dace-3656639,,C-Team,blitz,https://www.linkedin.com/company/accounting-options,Staffing and Recruiting,US,US,pass,unknown,industry unknown
Mark,Elrick,Mark Elrick,Managing Director,Beauty Consultants Bureau (UK) LLP,,linkedin.com/in/mark-elrick-22640ba7,,C-Team,blitz,https://www.linkedin.com/company/beauty-consultants-bureau,Staffing and Recruiting,GB,GB,pass,unknown,industry unknown
Mark,Hayes,Mark Hayes,CEO,K and G Recruiting,,linkedin.com/in/mark-hayes-7340114a,,C-Team,blitz,https://www.linkedin.com/company/k-and-g-recruiting,Staffing and Recruiting,US,US,pass,unknown,industry unknown
Mark,Peffer,Mark Peffer,President & Founder,RightClick,findtherightclick.com,linkedin.com/in/mark-peffer-163534b,,C-Team,blitz,https://www.linkedin.com/company/rightclick,,US,US,pass,unknown,industry unknown
mark,poolos,mark poolos,president,Forefront Staffing,,linkedin.com/in/mark-poolos-7753944,,C-Team,blitz,https://www.linkedin.com/company/forefront-staffing,Staffing and Recruiting,US,US,pass,unknown,industry unknown
Mark,Templeton,Mark Templeton,President,EGT Human Resources,,linkedin.com/in/mark-templeton-66864866,,C-Team,blitz,https://www.linkedin.com/company/egt-human-resources,Human Resources Services,US,US,pass,unknown,industry unknown
Mark,Waniewski,Mark Waniewski,CEO,"Personnel Management, Inc.",,linkedin.com/in/mark-waniewski-60841373,,C-Team,blitz,https://www.linkedin.com/company/personnel-management-inc.,Staffing and Recruiting,US,US,pass,unknown,industry unknown
Mark,Hancock,Mark Hancock,Sr. Vice President,NextPath Workforce Solutions,nextpathcp.com,linkedin.com/in/markhancocknextpath,,VP,blitz,https://www.linkedin.com/company/nextpathcp,,US,US,pass,unknown,industry unknown
Markus,Humpert,Markus Humpert,Geschäftsführer,avitea group,avitea.de,linkedin.com/in/markus-humpert,,C-Team,blitz,https://www.linkedin.com/company/avitea-group-lippstadt,,DE,DE,pass,unknown,industry unknown
Marlin,Schroeder,Marlin Schroeder,owner,ACR,,linkedin.com/in/marlin-schroeder-2684a4b1,,C-Team,blitz,https://www.linkedin.com/company/acr,Human Resources Services,US,US,pass,unknown,industry unknown
Marta,Sanz,Marta Sanz,Partner - Tax & Legal,Wyser,wyser-search.com,linkedin.com/in/marta-sanz,,C-Team,blitz,https://www.linkedin.com/company/wyser,,ES,IT,pass,unknown,industry unknown
Martha,Spiegel,Martha Spiegel,Managing Director,Associates of Westport,,linkedin.com/in/martha-spiegel-b605345,,C-Team,blitz,https://www.linkedin.com/company/associates-of-westport,Staffing and Recruiting,US,US,pass,unknown,industry unknown
Martin,CERBELLE,Martin CERBELLE,Digital Recruiter -  CEO,pasteque.io,pasteque.io,linkedin.com/in/martin-cerbelle,,C-Team,blitz,https://www.linkedin.com/company/pasteque-io,,FR,FR,pass,unknown,industry unknown
"Martin,",John,"Martin, John",Owner,K and G Recruiting,,linkedin.com/in/martin-john-924ba14,,C-Team,blitz,https://www.linkedin.com/company/k-and-g-recruiting,Staffing and Recruiting,US,US,pass,unknown,industry unknown
Martin,Kneepkens,Martin Kneepkens,Business Manager / Owner,FC Finance,fcfinance.nl,linkedin.com/in/martin-kneepkens-9738795a,,C-Team,blitz,https://www.linkedin.com/company/fc-finance,,NL,NL,pass,unknown,industry unknown
Martin,Lea,Martin Lea,Owner,People Management,,linkedin.com/in/martin-lea-82b3642,,C-Team,blitz,https://www.linkedin.com/company/people-management,Human Resources Services,GB,US,pass,unknown,industry unknown
Martin,Luise,Martin Luise,Managing Director,Charles Fellowes,,linkedin.com/in/martin-luise-8616831,,C-Team,blitz,https://www.linkedin.com/company/charles-fellowes,Staffing and Recruiting,GB,GB,pass,unknown,industry unknown
Marty,McCoy,Marty McCoy,Managing Director,Salter Grange,saltergrange.com,linkedin.com/in/martysaltergrange,,C-Team,blitz,https://www.linkedin.com/company/saltergrange,,GB,GB,pass,unknown,industry unknown
Mary,Fornek,Mary Fornek,Owner,IC Consulting,,linkedin.com/in/mary-fornek-94088915,,C-Team,blitz,https://www.linkedin.com/company/ic-consulting,Human Resources Services,US,US,pass,unknown,industry unknown
Mary,Fuentes,Mary Fuentes,Exec Asst to CEO/CFO,Platinum HRM,,linkedin.com/in/mary-fuentes-7ba78a23,,C-Team,blitz,https://www.linkedin.com/company/platinum-hrm,Human Resources,US,US,pass,unknown,industry unknown
Mary,Johnson,Mary Johnson,Director of Operations,Entech Personnel Services,,linkedin.com/in/mary-johnson-29114b4,,Director,blitz,https://www.linkedin.com/company/entech-personnel-services,Staffing and Recruiting,US,US,pass,unknown,industry unknown
Mathieu,Meex,Mathieu Meex,Owner,ACR,,linkedin.com/in/mathieumeex,,C-Team,blitz,https://www.linkedin.com/company/acr,Human Resources Services,NL,US,pass,unknown,industry unknown
Matko,Ercegovic,Matko Ercegovic,CEO,EGT Human Resources,,linkedin.com/in/matko-ercegovic-84329171,,C-Team,blitz,https://www.linkedin.com/company/egt-human-resources,Human Resources Services,HR,US,pass,unknown,industry unknown
Matt,Howard,Matt Howard,VP Business Development and Talent Acquistion,Oar Staffing,,linkedin.com/in/matt-howard-9298491,,VP,blitz,https://www.linkedin.com/company/oar-staffing,Staffing and Recruiting,US,US,pass,unknown,industry unknown
Matt,Mitchell,Matt Mitchell,Director of Strategic Partnerships,Kake,kake.co,linkedin.com/in/matt-mitchell-19390a47,,Director,blitz,https://www.linkedin.com/company/kake,,US,US,pass,unknown,industry unknown
Matthew,Ackerman,Matthew Ackerman,VP Finance and Operations,WorkMetro,,linkedin.com/in/matthew-ackerman-125a203,,VP,blitz,https://www.linkedin.com/company/workmetro,Staffing and Recruiting,US,US,pass,unknown,industry unknown
Matthew,Alfieri,Matthew Alfieri,Investor; Board Director,Benepass,getbenepass.com,linkedin.com/in/matthew-alfieri-50555113,,Director,blitz,https://www.linkedin.com/company/benepass,,US,US,pass,unknown,industry unknown
Matthew,Baron,Matthew Baron,Internet Entrepreneur,The Empower Network,,linkedin.com/in/matthew-baron-73998330,,C-Team,blitz,https://www.linkedin.com/company/the-empower-network,Staffing and Recruiting,US,US,pass,unknown,industry unknown
Matthew,Howard,Matthew Howard,Vice President,Oar Staffing,,linkedin.com/in/matthew-howard-992b8931b,,VP,blitz,https://www.linkedin.com/company/oar-staffing,Staffing and Recruiting,US,US,pass,unknown,industry unknown
Matthew P.,Kerle,Matthew P. Kerle,Vice President of Engineering,Benepass,getbenepass.com,linkedin.com/in/matthew-kerle,,VP,blitz,https://www.linkedin.com/company/benepass,,US,US,pass,unknown,industry unknown
Matthew,Murphy,Matthew Murphy,Owner,Foursquare Group,,linkedin.com/in/matthew-murphy-186ba65,,C-Team,blitz,https://www.linkedin.com/company/foursquare-group,Human Resources Services,US,US,pass,unknown,industry unknown
Matthew,Rinehart,Matthew Rinehart,"Partner - Executive Search, Accounting & Finance",CI Search Group,cisearchgroup.com,linkedin.com/in/matthew-rinehart-5593aa92,,C-Team,blitz,https://www.linkedin.com/company/ci-search-group,,US,US,pass,unknown,industry unknown
Matthew,Taylor,Matthew Taylor,Head of FM & Mechanical/ Electrical Recruitment,Stride Recruitment,,linkedin.com/in/matthew-taylor-289206ab,,Director,blitz,https://www.linkedin.com/company/stride-recruitment77,Staffing and Recruiting,GB,US,pass,unknown,industry unknown
Matthew,Townend,Matthew Townend,Director,BHW,,linkedin.com/in/matthew-townend-828666308,,Director,blitz,https://www.linkedin.com/company/bighandworks-limited,Staffing and Recruiting,GB,GB,pass,unknown,industry unknown
MATÍAS,RAMON GUILLEM,MATÍAS RAMON GUILLEM,Director responsable de equipo,GEXTIOM PLUS GROUP SERVICIOS GENERALES SL,,linkedin.com/in/matías-ramon-guillem-38434a177,,Director,blitz,https://www.linkedin.com/company/gextiom-plus-group-servicios-generales-sl,Human Resources Services,FR,ES,pass,unknown,industry unknown
Maureen,Barry,Maureen Barry,Chief Commercial Officer,Alliance Abroad,allianceabroad.com,linkedin.com/in/maureen-barry-b1305122,,C-Team,blitz,https://www.linkedin.com/company/allianceabroad,,US,US,pass,unknown,industry unknown
Maureen,Little,Maureen Little,Founder and President,MicroStaff Corporation,,linkedin.com/in/maureen-little-b09431,,C-Team,blitz,https://www.linkedin.com/company/microstaff-corporation,Staffing and Recruiting,US,US,pass,unknown,industry unknown
maureen,roarty,maureen roarty,Executive Director,"STAFFCO OF BROOKLYN, LLC",,linkedin.com/in/maureen-roarty-0019b0217,,Director,blitz,https://www.linkedin.com/company/staffco-of-brooklyn-llc,Human Resources Services,US,US,pass,unknown,industry unknown
Maureen,Roarty,Maureen Roarty,Executive Director,"STAFFCO OF BROOKLYN, LLC",,linkedin.com/in/maureen-roarty-86b6201a,,Director,blitz,https://www.linkedin.com/company/staffco-of-brooklyn-llc,Human Resources Services,US,US,pass,unknown,industry unknown
Max-Emre,Ateser,Max-Emre Ateser,Partner,Eurosearch Consultants GmbH,eurosearch.de,linkedin.com/in/max-emre-ateser,,C-Team,blitz,https://www.linkedin.com/company/eurosearch-consultants-gmbh,,DE,DE,pass,unknown,industry unknown
Max,Wallow,Max Wallow,Partner,Effection Network GmbH,,linkedin.com/in/max-wallow-ba2a291a4,,C-Team,blitz,https://www.linkedin.com/company/effection-network-gmbh,Staffing and Recruiting,DE,US,pass,unknown,industry unknown
Mayeul,Chollet,Mayeul Chollet,Head of Permanent Contract Recruitment Department,Cherry Pick,cherry-pick.io,linkedin.com/in/mayeul-chollet-b975b0156,,Director,blitz,https://www.linkedin.com/company/cherry-pick-freelances,,FR,FR,pass,unknown,industry unknown
Małgorzata,Ratyńska,Małgorzata Ratyńska,Client Partner,Devire,devire.pl,linkedin.com/in/małgorzata-ratyńska,,C-Team,blitz,https://www.linkedin.com/company/devire,,PL,PL,pass,unknown,industry unknown
Melanie,Ford,Melanie Ford,"VP, OPERATIONS",Sigma Staffing,,linkedin.com/in/melanie-ford-611b764,,VP,blitz,https://www.linkedin.com/company/sigma-staffing,Staffing and Recruiting,US,US,pass,unknown,industry unknown
Melanie,Vest,Melanie Vest,"Vice President, Client Management",The Sage Group,thesagegroup.com,linkedin.com/in/melanie-vest-2239196,,VP,blitz,https://www.linkedin.com/company/the-sage-group-formerly-sage-consulting-associates-,,US,US,pass,unknown,industry unknown
Melinda,Aguilar,Melinda Aguilar,Vice President of Business Development,Oar Staffing,,linkedin.com/in/melinda-aguilar-3279021b3,,VP,blitz,https://www.linkedin.com/company/oar-staffing,Staffing and Recruiting,US,US,pass,unknown,industry unknown
Gian Matteo,Mellerio,Gian Matteo Mellerio,Founder & Executive Partner,MGM SRL,,linkedin.com/in/mellerio,,C-Team,blitz,https://www.linkedin.com/company/mgmsrltradate,Staffing and Recruiting,IT,IT,pass,unknown,industry unknown
Melvin D. (Mel),Nelson,Melvin D. (Mel) Nelson,President & CEO,Executive Management,,linkedin.com/in/melvin-d-mel-nelson-384369,,C-Team,blitz,https://www.linkedin.com/company/executive-management,Staffing and Recruiting,US,US,pass,unknown,industry unknown
Mark,Fischer,Mark Fischer,Co-Founder,Benepass,getbenepass.com,linkedin.com/in/mfischer-f7,,C-Team,blitz,https://www.linkedin.com/company/benepass,,US,US,pass,unknown,industry unknown
Michael,Anderson,Michael Anderson,Director of Business Development,Team One Employment Specialists,,linkedin.com/in/michael-anderson-6a917b2,,Director,blitz,https://www.linkedin.com/company/team-one-employment-specialists,Staffing and Recruiting,US,US,pass,unknown,industry unknown
Michael,Austin,Michael Austin,Owner,Prime Spot,,linkedin.com/in/michael-austin-661b4a,,C-Team,blitz,https://www.linkedin.com/company/prime-spot,Staffing and Recruiting,US,US,pass,unknown,industry unknown
Michael,Chevalier,Michael Chevalier,CEO,ref,,linkedin.com/in/michael-chevalier-3558867,,C-Team,blitz,https://www.linkedin.com/company/ref,Human Resources Services,US,IT,pass,unknown,industry unknown
Michael,D.,Michael D.,Human Resource and Operations Director,LVLS Integration,lvlstech.com,linkedin.com/in/michael-d-4083b818,,Director,blitz,https://www.linkedin.com/company/lvls-integration,,US,US,pass,unknown,industry unknown
Michael,Embly,Michael Embly,Managing Director,Accounting Options,,linkedin.com/in/michael-embly-2248766,,C-Team,blitz,https://www.linkedin.com/company/accounting-options,Staffing and Recruiting,US,US,pass,unknown,industry unknown
Michael,Farrell,Michael Farrell,Vice President,KYYBA Inc,kyyba.com,linkedin.com/in/michael-farrell-b114592,,VP,blitz,https://www.linkedin.com/company/kyyba-inc,,US,US,pass,unknown,industry unknown
Michael,"Harvey, CTS","Michael Harvey, CTS",Managing Partner,Stewart Staffing,,linkedin.com/in/michael-harvey-cts-4541748,,C-Team,blitz,https://www.linkedin.com/company/stewart-staffing,Human Resources,US,US,pass,unknown,industry unknown
Michael J. (Jerry),Korbol,Michael J. (Jerry) Korbol,Partner,Omni Associates,,linkedin.com/in/michael-j-jerry-korbol-635ab45,,C-Team,blitz,https://www.linkedin.com/company/omni-associates,Staffing and Recruiting,US,US,pass,unknown,industry unknown
Michael,Kane,Michael Kane,Owner,Kane & Associates,,linkedin.com/in/michael-kane-0870925,,C-Team,blitz,https://www.linkedin.com/company/kane-&-associates,Staffing and Recruiting,US,US,pass,unknown,industry unknown
Michael,McManaman,Michael McManaman,SVP,The Westminster Group,,linkedin.com/in/michael-mcmanaman-7370512,,VP,blitz,https://www.linkedin.com/company/the-westminster-group,Staffing and Recruiting,US,US,pass,unknown,industry unknown
Michael,NOUGUIER,Michael NOUGUIER,Directeur,E-Keep,,linkedin.com/in/michael-nouguier-8072b5154,,Director,blitz,https://www.linkedin.com/company/e-keep,Staffing and Recruiting,FR,FR,pass,unknown,industry unknown
Michael,"Oprishko, CSHM","Michael Oprishko, CSHM",Chief Operations Officer,Signature Services,,linkedin.com/in/michael-oprishko-cshm-093b614b,,C-Team,blitz,https://www.linkedin.com/company/signaturesvcs,Staffing and Recruiting,US,US,pass,unknown,industry unknown
Michael,Ott,Michael Ott,Chief Information Security Officer,Asurint,asurint.com,linkedin.com/in/michael-ott-9bb9b382,,C-Team,blitz,https://www.linkedin.com/company/asurint,,US,US,pass,unknown,industry unknown
Michael,Parry,Michael Parry,Director,GCS Associates,gcsassociates.com,linkedin.com/in/michael-parry-b409bb28,,Director,blitz,https://www.linkedin.com/company/gcs-associates-recruitment,,GB,GB,pass,unknown,industry unknown
Michael,York,Michael York,Director,Quantum Resources,,linkedin.com/in/michael-york-1350221,,Director,blitz,https://www.linkedin.com/company/quantum-resources,Staffing and Recruiting,US,US,pass,unknown,industry unknown
Michael,Watts,Michael Watts,Head of Sales,Benepass,getbenepass.com,linkedin.com/in/michaeldwatts,,Director,blitz,https://www.linkedin.com/company/benepass,,US,US,pass,unknown,industry unknown
Michal,Hatina,Michal Hatina,Owner,HR GURU,,linkedin.com/in/michal-hatina-03010a,,C-Team,blitz,https://www.linkedin.com/company/hr-guru,Human Resources Services,CZ,US,pass,unknown,industry unknown
Michal,Janiak,Michal Janiak,Board Member,Devire,devire.pl,linkedin.com/in/michal-janiak,,Director,blitz,https://www.linkedin.com/company/devire,,PL,PL,pass,unknown,industry unknown
Michalle,Arciszewska,Michalle Arciszewska,Director of Accounting,Benepass,getbenepass.com,linkedin.com/in/michalle-arciszewska,,Director,blitz,https://www.linkedin.com/company/benepass,,US,US,pass,unknown,industry unknown
Michal,Mlynarczyk,Michal Mlynarczyk,Group CEO,Devire,devire.pl,linkedin.com/in/michalmlynarczyk,,C-Team,blitz,https://www.linkedin.com/company/devire,,PL,PL,pass,unknown,industry unknown
Micheal,Tatum,Micheal Tatum,Director OF Information Tech,US Personnel,,linkedin.com/in/micheal-tatum-a99b463,,Director,blitz,https://www.linkedin.com/company/us-personnel,Human Resources,US,US,pass,unknown,industry unknown
Michel,Dumont,Michel Dumont,Owner,EURO CONSULTING PARTNERS,,linkedin.com/in/michel-dumont-1a88098,,C-Team,blitz,https://www.linkedin.com/company/euro-consulting-partners,Human Resources Services,FR,FR,pass,unknown,industry unknown
Michel,ROCHAS,Michel ROCHAS,Directeur,ACR,,linkedin.com/in/michel-rochas-4a262a182,,Director,blitz,https://www.linkedin.com/company/acr,Human Resources Services,FR,US,pass,unknown,industry unknown
Michele Bar-Pereg,Michele Bar-Pereg,Michele Bar-Pereg Michele Bar-Pereg,president,Foursquare Group,,linkedin.com/in/michele-bar-pereg-michele-bar-pereg-b3b5b71,,C-Team,blitz,https://www.linkedin.com/company/foursquare-group,Human Resources Services,NL,US,pass,unknown,industry unknown
Michele,Lawson,Michele Lawson,Vice President,Business Recruiting Network LLC,,linkedin.com/in/michele-lawson-4571165,,VP,blitz,https://www.linkedin.com/company/business-recruiting-network-llc,Human Resources Services,US,US,pass,unknown,industry unknown
Michele,Lawson,Michele Lawson,Vice President,Business Recruiting Network LLC,,linkedin.com/in/michele-lawson-b366954,,VP,blitz,https://www.linkedin.com/company/business-recruiting-network-llc,Human Resources Services,US,US,pass,unknown,industry unknown
Michelle,Brown,Michelle Brown,Partner,Critical Path Advisors,criticalpathadvisors.com,linkedin.com/in/michelle-brown-328a457,,C-Team,blitz,https://www.linkedin.com/company/criticalpathadvisors,,US,US,pass,unknown,industry unknown
Michel,Vanhoonacker,Michel Vanhoonacker,Co-Founder,Eximium Talent,eximium.io,linkedin.com/in/michelvanhoonacker,,C-Team,blitz,https://www.linkedin.com/company/eximiumtalent,,GB,BE,pass,unknown,industry unknown
Mikael,Jensen,Mikael Jensen,Director,Executive Management,,linkedin.com/in/mikael-jensen-b669a9,,Director,blitz,https://www.linkedin.com/company/executive-management,Staffing and Recruiting,SE,US,pass,unknown,industry unknown
Mike,Dodds,Mike Dodds,Head of Practice,AshtonPenney,,linkedin.com/in/mike-dodds-036a8a1,,Director,blitz,https://www.linkedin.com/company/ashtonpenney,Staffing and Recruiting,GB,GB,pass,unknown,industry unknown
Mike,Dodds,Mike Dodds,Head of Practice,AshtonPenney,,linkedin.com/in/mike-dodds-308762b,,Director,blitz,https://www.linkedin.com/company/ashtonpenney,Staffing and Recruiting,GB,GB,pass,unknown,industry unknown
Mike,Giallanza,Mike Giallanza,Founding Partner / Owner,StellarMettle Placements,stellarmettle.com,linkedin.com/in/mike-giallanza,,C-Team,blitz,https://www.linkedin.com/company/stellarmettleplacements,,US,US,pass,unknown,industry unknown
Mike,Harmon,Mike Harmon,President of Gaming Sales,Ditro,,linkedin.com/in/mike-harmon-61054b2,,C-Team,blitz,https://www.linkedin.com/company/ditro,Staffing and Recruiting,US,NL,pass,unknown,industry unknown
Mike,Hershey,Mike Hershey,Vice President of Sales,The Murphy Group,,linkedin.com/in/mike-hershey-8b59a5,,VP,blitz,https://www.linkedin.com/company/the-murphy-group,Staffing and Recruiting,US,US,pass,unknown,industry unknown
Mike,Herwig,Mike Herwig,"VP, Talent Solutions",The Sage Group,thesagegroup.com,linkedin.com/in/mike-herwig-7105488,,VP,blitz,https://www.linkedin.com/company/the-sage-group-formerly-sage-consulting-associates-,,US,US,pass,unknown,industry unknown
Mike,Rish,Mike Rish,President Horizons Product Identification Group,Horizons HR,,linkedin.com/in/mike-rish-977b355,,C-Team,blitz,https://www.linkedin.com/company/horizons-hr,Human Resources Services,US,US,pass,unknown,industry unknown
Mike,Roosen,Mike Roosen,Director of Client Development,Spektrum,spektrum-group.com,linkedin.com/in/mike-roosen-917792161,,Director,blitz,https://www.linkedin.com/company/spektrumgrp,,NL,ES,pass,unknown,industry unknown
Mike,Sage,Mike Sage,Sr VP/Partner & Owner,The Sales Group,,linkedin.com/in/mike-sage-25b2373,,C-Team,blitz,https://www.linkedin.com/company/the-sales-group,Staffing and Recruiting,US,US,pass,unknown,industry unknown
Mike,Stewart,Mike Stewart,Owner,Stewart Staffing,,linkedin.com/in/mike-stewart-8434b27,,C-Team,blitz,https://www.linkedin.com/company/stewart-staffing,Human Resources,US,US,pass,unknown,industry unknown
Mike,Talian,Mike Talian,Director of Sales - Major Accounts,LaSalle Network,thelasallenetwork.com,linkedin.com/in/mike-talian-b7825943,,Director,blitz,https://www.linkedin.com/company/lasalle-network,,US,US,pass,unknown,industry unknown
Mike,Wooten,Mike Wooten,President,Russell and Miller,,linkedin.com/in/mike-wooten-28663,,C-Team,blitz,https://www.linkedin.com/company/russell-and-miller,Human Resources Services,US,US,pass,unknown,industry unknown
Mike,Williams,Mike Williams,President / Founder,Carnegie Search,,linkedin.com/in/mikewilliamscarnegiesearch,,C-Team,blitz,https://www.linkedin.com/company/carnegie-search,Staffing and Recruiting,US,US,pass,unknown,industry unknown
mikko,Haavisto,mikko Haavisto,Head of human resources,EGT Human Resources,,linkedin.com/in/mikko-haavisto-16a1a172,,Director,blitz,https://www.linkedin.com/company/egt-human-resources,Human Resources Services,FI,US,pass,unknown,industry unknown
Mikko,Ruokanen,Mikko Ruokanen,Owner,The Sales Group,,linkedin.com/in/mikko-ruokanen-7783462,,C-Team,blitz,https://www.linkedin.com/company/the-sales-group,Staffing and Recruiting,FI,US,pass,unknown,industry unknown
Mikołaj,Makowski,Mikołaj Makowski,Managing Director Devire Poland,Devire,devire.pl,linkedin.com/in/mikołaj-makowski-2239b037,,C-Team,blitz,https://www.linkedin.com/company/devire,,PL,PL,pass,unknown,industry unknown
Miles,Greenslade,Miles Greenslade,Owner & Managing Director,Adjacency Recruitment Group,adjacency.co.uk,linkedin.com/in/milesgreenslade,,C-Team,blitz,https://www.linkedin.com/company/adjacency-recruitment,,GB,GB,pass,unknown,industry unknown
Mimi,Burch,Mimi Burch,Owner/Trainer  Blue Moon Farm,People Helper.,,linkedin.com/in/mimi-burch-2b08014b,,C-Team,blitz,https://www.linkedin.com/company/people-helper.,Human Resources Services,US,US,pass,unknown,industry unknown
Miriam,Merens,Miriam Merens,"Director, Major Accounts & Talent Solutions",LaSalle Network,thelasallenetwork.com,linkedin.com/in/mimi-merens-191010104,,Director,blitz,https://www.linkedin.com/company/lasalle-network,,US,US,pass,unknown,industry unknown
Mitchell,Meijer,Mitchell Meijer,Directeur,Audit Professionals,,linkedin.com/in/mitchell-meijer-0ab4b693,,Director,blitz,https://www.linkedin.com/company/audit-professionals,Staffing and Recruiting,NL,GB,pass,unknown,industry unknown
Ashleigh,Mitchell,Ashleigh Mitchell,Vice President of Contingent Staffing Solutions,NextPath Workforce Solutions,nextpathcp.com,linkedin.com/in/mitchellashleigh,,VP,blitz,https://www.linkedin.com/company/nextpathcp,,US,US,pass,unknown,industry unknown
Miz.,DeSire,Miz. DeSire,Chief Executive Officer,Media Southwest Inc,,linkedin.com/in/miz-desire-48bb3087,,C-Team,blitz,https://www.linkedin.com/company/media-southwest-inc,Human Resources Services,US,US,pass,unknown,industry unknown
Mj,Clacko,Mj Clacko,Director of Business Development,PaySource Inc.,,linkedin.com/in/mj-clacko-9b231410,,Director,blitz,https://www.linkedin.com/company/paysource-inc.,Human Resources Services,US,US,pass,unknown,industry unknown
Maciek,Kościjański,Maciek Kościjański,Prezes zarządu,FINTALENT,fintalent.pl,linkedin.com/in/mkoscijanski,,C-Team,blitz,https://www.linkedin.com/company/fintalent-pl,,PL,PL,pass,unknown,industry unknown
Mark L.,"Heinlein, Ed.S","Mark L. Heinlein, Ed.S",Principal and Owner,Leo,,linkedin.com/in/mlheinlein,,C-Team,blitz,https://www.linkedin.com/company/leohrconsulting,Human Resources,US,US,pass,unknown,industry unknown
Mo,Lucker,Mo Lucker,CEO,EGT Human Resources,,linkedin.com/in/mo-lucker-6336ba6a,,C-Team,blitz,https://www.linkedin.com/company/egt-human-resources,Human Resources Services,US,US,pass,unknown,industry unknown
Molly Parker,Tapias (she/her),Molly Parker Tapias (she/her),VP Client Services,The Sage Group,thesagegroup.com,linkedin.com/in/mollytapias,,VP,blitz,https://www.linkedin.com/company/the-sage-group-formerly-sage-consulting-associates-,,US,US,pass,unknown,industry unknown
Monika,Kulewicz,Monika Kulewicz,Director of Recruitment and Job Market Relations,D&I Recruitment,,linkedin.com/in/monika-kulewicz-0049204,,Director,blitz,https://www.linkedin.com/company/d&i-recruitment,Human Resources Services,PL,PL,pass,unknown,industry unknown
Morris,Davis,Morris Davis,Owner,People Helper.,,linkedin.com/in/morris-davis-a1ab6313,,C-Team,blitz,https://www.linkedin.com/company/people-helper.,Human Resources Services,US,US,pass,unknown,industry unknown
Murat,Ablakan,Murat Ablakan,Head of Books,EGT Human Resources,,linkedin.com/in/murat-ablakan-23bba262,,Director,blitz,https://www.linkedin.com/company/egt-human-resources,Human Resources Services,DE,US,pass,unknown,industry unknown
Murphy,Dorn,Murphy Dorn,Director of Sales,LaSalle Network,thelasallenetwork.com,linkedin.com/in/murphy-dorn-84574625,,Director,blitz,https://www.linkedin.com/company/lasalle-network,,US,US,pass,unknown,industry unknown
Nabin,B.,Nabin B.,Co-Founder & COO,Niural AI,niural.com,linkedin.com/in/nabinbanskota,,C-Team,blitz,https://www.linkedin.com/company/niural,,US,US,pass,unknown,industry unknown
Nadia,Spagnoli,Nadia Spagnoli,Titolare negozio,Individuale Consultoria,,linkedin.com/in/nadia-spagnoli-806427117,,C-Team,blitz,https://www.linkedin.com/company/individuale-consultoria,Human Resources,IT,IT,pass,unknown,industry unknown
Naeem,Ahmad,Naeem Ahmad,"Senior Delivery Partner | Custom Software & AI Solutions for Startups, Agencies, and Companies",Self Employed,,linkedin.com/in/naeem-ahmad-2aa7b1167,,C-Team,blitz,https://www.linkedin.com/company/summit-county-alcohol-drug-addiction-&-mental-health-services-board,Human Resources Services,IT,US,pass,unknown,industry unknown
Nami,Baral,Nami Baral,Founder & CEO,Niural AI,niural.com,linkedin.com/in/namibaral,,C-Team,blitz,https://www.linkedin.com/company/niural,,US,US,pass,unknown,industry unknown
Nanci,Dixon,Nanci Dixon,CEO,"Starr Recruiting, Incorporated",,linkedin.com/in/nanci-dixon-56621942,,C-Team,blitz,https://www.linkedin.com/company/starr-recruiting-incorporated,Staffing and Recruiting,US,US,pass,unknown,industry unknown
Nancy,Clabots,Nancy Clabots,Owner,Exclaim Recruiting Agency,,linkedin.com/in/nancy-clabots-98243b4,,C-Team,blitz,https://www.linkedin.com/company/exclaim-recruiting-agency,Staffing and Recruiting,US,US,pass,unknown,industry unknown
Nancy,Nolan,Nancy Nolan,Owner,The Nolan Group,,linkedin.com/in/nancy-nolan-67b133,,C-Team,blitz,https://www.linkedin.com/company/the-nolan-group,Staffing and Recruiting,US,US,pass,unknown,industry unknown
Nancy,Quinn,Nancy Quinn,Western Region Director of Business Development,Tandem Staffing,,linkedin.com/in/nancy-quinn-2146253,,Director,blitz,https://www.linkedin.com/company/tandem-staffing,Staffing and Recruiting,US,US,pass,unknown,industry unknown
Nancy,Ratemo,Nancy Ratemo,Director of Rehabilitation,"ROCK RIVER VALLEY SELF HELP ENTERPRISES, INC",,linkedin.com/in/nancy-ratemo-1a59a0204,,Director,blitz,https://www.linkedin.com/company/rock-river-valley-self-help-enterprises-inc,Staffing and Recruiting,US,US,pass,unknown,industry unknown
Naoual,ElJaouhari-Chebani,Naoual ElJaouhari-Chebani,Auto entrepreneur psychologue,Psychologue libéral,,linkedin.com/in/naoual-eljaouhari-chebani-b4877448,,C-Team,blitz,https://www.linkedin.com/company/psychologue-lib%c3%a9ral,Human Resources Services,FR,FR,pass,unknown,industry unknown
Natacha,Knaepen,Natacha Knaepen,Co-founder,Novelles,,linkedin.com/in/natachaknaepen,,C-Team,blitz,https://www.linkedin.com/company/novelles,Human Resources Services,BE,BE,pass,unknown,industry unknown
Natalia,de Isidoro Martin,Natalia de Isidoro Martin,Director regional,Alliance Abroad,allianceabroad.com,linkedin.com/in/natalia-de-isidoro-martin-04700a263,,Director,blitz,https://www.linkedin.com/company/allianceabroad,,ES,US,pass,unknown,industry unknown
Natalia,Wasiak,Natalia Wasiak,Client Partner,Devire,devire.pl,linkedin.com/in/natalia-wasiak-295107183,,C-Team,blitz,https://www.linkedin.com/company/devire,,PL,PL,pass,unknown,industry unknown
Nathan,Ruston,Nathan Ruston,Director,Classroom Recruiters,,linkedin.com/in/nathan-ruston-69ba46b2,,Director,blitz,https://www.linkedin.com/company/classroom-recruiters,Staffing and Recruiting,GB,GB,pass,unknown,industry unknown
Nauman Khan,(Azeemi),Nauman Khan (Azeemi),Vice President,Alrek Business Solutions Inc,absli.com,linkedin.com/in/naumanazeemi,,VP,blitz,https://www.linkedin.com/company/alrek-business-solutions-inc,,US,US,pass,unknown,industry unknown
Neil,Candeland,Neil Candeland,Managing Director,Carlisle Staffing,,linkedin.com/in/neil-candeland-90b5541,,C-Team,blitz,https://www.linkedin.com/company/carlisle-staffing,Staffing and Recruiting,GB,GB,pass,unknown,industry unknown
Neil,McCay,Neil McCay,Creative Director & Project Manager,Self Employed,,linkedin.com/in/neil-mccay-4976012bb,,Director,blitz,https://www.linkedin.com/company/summit-county-alcohol-drug-addiction-&-mental-health-services-board,Human Resources Services,US,US,pass,unknown,industry unknown
Neil,Watts,Neil Watts,Director,GRTS,,linkedin.com/in/neil-watts-0303ab235,,Director,blitz,https://www.linkedin.com/company/grtsltd,Staffing and Recruiting,GB,US,pass,unknown,industry unknown
Neli,"Petkova, PhD","Neli Petkova, PhD","Founder and CEO, Talent Partner, Executive and Talent Search",EvolveTalent®,evolvetalent.eu,linkedin.com/in/nelipetkova,,C-Team,blitz,https://www.linkedin.com/company/evolvetalent1,,DE,DE,pass,unknown,industry unknown
Neli,Petkova,Neli Petkova,Talent Partner / Leadership Coach / Culture Assessment Consultant / Managing Founder,EvolveTalent®,evolvetalent.eu,linkedin.com/in/nelipetkovacoaching,,C-Team,blitz,https://www.linkedin.com/company/evolvetalent1,,DE,DE,pass,unknown,industry unknown
Nelleke (Neeltje),Maxwell,Nelleke (Neeltje) Maxwell,Owner/Operations,Neeljym Search Group,neeljym.com,linkedin.com/in/nellekemaxwell,,C-Team,blitz,https://www.linkedin.com/company/neeljym,,US,US,pass,unknown,industry unknown
Ngo,Hang,Ngo Hang,Founder and writer,https://www.facebook.com/profile.php?id=100041290429237,,linkedin.com/in/ngo-hang-42753235,,C-Team,blitz,https://www.linkedin.com/company/https-www-facebook-com-profile-php-id-100041290429237,Staffing and Recruiting,US,US,pass,unknown,industry unknown
Nancy,Gollinger,Nancy Gollinger,Partner,TWG Talent Solutions,twgtalentsolutions.com,linkedin.com/in/ngollinger,,C-Team,blitz,https://www.linkedin.com/company/encore-time,,US,US,pass,unknown,industry unknown
Nic,Smeets,Nic Smeets,owner/consultant,Intermediate,,linkedin.com/in/nic-smeets-b91652,,C-Team,blitz,https://www.linkedin.com/company/intermediate,Human Resources Services,NL,US,pass,unknown,industry unknown
Nick,Bailey,Nick Bailey,Chairman,dormant page not used,,linkedin.com/in/nick-bailey-33531837,,C-Team,blitz,https://www.linkedin.com/company/bailey-employment-services,Staffing and Recruiting,GB,GB,pass,unknown,industry unknown
Nick,Howard,Nick Howard,CIO / COO,Executive Search Associates,,linkedin.com/in/nick-howard-977b372,,C-Team,blitz,https://www.linkedin.com/company/executive-search-associates,Staffing and Recruiting,US,US,pass,unknown,industry unknown
Nick,Sheridan,Nick Sheridan,Business Owner,Elite Recruitment,,linkedin.com/in/nick-sheridan-a55434140,,C-Team,blitz,https://www.linkedin.com/company/elite-recruitment,Human Resources Services,GB,GB,pass,unknown,industry unknown
Nick,Williamson,Nick Williamson,Owner GrossandWilliamson Financial Services,People Helper.,,linkedin.com/in/nick-williamson-03b8027b,,C-Team,blitz,https://www.linkedin.com/company/people-helper.,Human Resources Services,US,US,pass,unknown,industry unknown
Nick,Rich,Nick Rich,"Director, Technical Recruiter",RightClick,findtherightclick.com,linkedin.com/in/nickrichrecruit,,Director,blitz,https://www.linkedin.com/company/rightclick,,US,US,pass,unknown,industry unknown
Nico,Giordano,Nico Giordano,HR Director,DIE,,linkedin.com/in/nico-giordano-268441104,,Director,blitz,https://www.linkedin.com/company/die,Human Resources Services,DE,NL,pass,unknown,industry unknown
Nicolas,Hurlin,Nicolas Hurlin,Partner,Tomorrow Jobs,tomorrowjobs.fr,linkedin.com/in/nicolashurlin,,C-Team,blitz,https://www.linkedin.com/company/tomorrow-jobs,,LU,FR,pass,unknown,industry unknown
Nicole,Antich,Nicole Antich,"Marketing Program Manager, Partner Demand Center, Google Cloud",The Sage Group,thesagegroup.com,linkedin.com/in/nicole-antich,,C-Team,blitz,https://www.linkedin.com/company/the-sage-group-formerly-sage-consulting-associates-,,US,US,pass,unknown,industry unknown
Nicole,Drigoda,Nicole Drigoda,"Geschäftsführerin, Inhaberin und Beraterin",TSURU Consulting GmbH,tsuru-consulting.de,linkedin.com/in/nicole-drigoda,,C-Team,blitz,https://www.linkedin.com/company/tsuru-consulting,,DE,DE,pass,unknown,industry unknown
Nicole,Greene,Nicole Greene,"VP, Business Development & Client Services",The Sage Group,thesagegroup.com,linkedin.com/in/nicolemgreene,,VP,blitz,https://www.linkedin.com/company/the-sage-group-formerly-sage-consulting-associates-,,US,US,pass,unknown,industry unknown
Nicole,S.,Nicole S.,Head of Operations,Albany Growth,albanygrowth.co.uk,linkedin.com/in/nicolersschneider,,Director,blitz,https://www.linkedin.com/company/albany-engineering-search,,GB,GB,pass,unknown,industry unknown
Nigel,B.,Nigel B.,Managing Director,Blue Triangle,,linkedin.com/in/nigel-b-67519198,,C-Team,blitz,https://www.linkedin.com/company/blue-triangle,Human Resources Services,GB,US,pass,unknown,industry unknown
Nikki,Ogilvie,Nikki Ogilvie,managing director,Ogilvie & Associates,,linkedin.com/in/nikki-ogilvie-033475,,C-Team,blitz,https://www.linkedin.com/company/ogilvie-&-associates,Staffing and Recruiting,GB,US,pass,unknown,industry unknown
Nikki,Pope,Nikki Pope,Owner,ATOLL,,linkedin.com/in/nikki-pope-6b91a86,,C-Team,blitz,https://www.linkedin.com/company/atoll,Staffing and Recruiting,GB,BE,pass,unknown,industry unknown
Niklas,Kruschwitz,Niklas Kruschwitz,Partner,Effection Network GmbH,,linkedin.com/in/niklas-kruschwitz-65a68524b,,C-Team,blitz,https://www.linkedin.com/company/effection-network-gmbh,Staffing and Recruiting,DE,US,pass,unknown,industry unknown
Nils,Janßen,Nils Janßen,Head of Recruiting,me - mylife.myjob.,mylifemyjob.de,linkedin.com/in/nils-janßen-8b3262192,,Director,blitz,https://www.linkedin.com/company/me-mylife-myjob,,DE,DE,pass,unknown,industry unknown
Nina,Richter,Nina Richter,Director of Client HR Services and Benefits,Professional Employer Plans,,linkedin.com/in/nina-richter-91031b1,,Director,blitz,https://www.linkedin.com/company/professional-employer-plans,Human Resources Services,US,US,pass,unknown,industry unknown
Noelia,Hamilton,Noelia Hamilton,Owner,Kenda Systems,,linkedin.com/in/noelia-hamilton-86851a2,,C-Team,blitz,https://www.linkedin.com/company/kenda-systems,Staffing and Recruiting,US,US,pass,unknown,industry unknown
Nora,Muller,Nora Muller,VP of Sales,IPS Consulting,,linkedin.com/in/nora-muller-268903173,,VP,blitz,https://www.linkedin.com/company/ips-consulting,Staffing and Recruiting,US,US,pass,unknown,industry unknown
NORRIS,STEWART,NORRIS STEWART,owner,People Helper.,,linkedin.com/in/norris-stewart-53144a9b,,C-Team,blitz,https://www.linkedin.com/company/people-helper.,Human Resources Services,US,US,pass,unknown,industry unknown
Nathan,Eads,Nathan Eads,Chief Operating Officer,Asurint,asurint.com,linkedin.com/in/nseads,,C-Team,blitz,https://www.linkedin.com/company/asurint,,US,US,pass,unknown,industry unknown
Oddvar,Kvåle,Oddvar Kvåle,Owner,Executive Management,,linkedin.com/in/oddvar-kvåle-04841b6,,C-Team,blitz,https://www.linkedin.com/company/executive-management,Staffing and Recruiting,NO,US,pass,unknown,industry unknown
Oddvar,Kvåle,Oddvar Kvåle,Owner,Executive Management,,linkedin.com/in/oddvar-kvåle-23b6902,,C-Team,blitz,https://www.linkedin.com/company/executive-management,Staffing and Recruiting,NO,US,pass,unknown,industry unknown
Oddvar,Kvåle,Oddvar Kvåle,Owner,Executive Management,,linkedin.com/in/oddvar-kvåle-a25943,,C-Team,blitz,https://www.linkedin.com/company/executive-management,Staffing and Recruiting,NO,US,pass,unknown,industry unknown
Ole Martin,Farsethås,Ole Martin Farsethås,Personnel Sourcing Director,Dovre Solutions,dovregroup.com,linkedin.com/in/ole-martin-farsethås-201ab427,,Director,blitz,https://www.linkedin.com/company/dovre-solutions,,NO,NO,pass,unknown,industry unknown
Olga,Mendes,Olga Mendes,Diretora de RH,OTJ - Empresa de Trabalho Temporário Lda,,linkedin.com/in/olga-mendes-280123298,,Director,blitz,https://www.linkedin.com/company/otj-empresa-de-trabalho-tempor%c3%a1rio-lda,Staffing and Recruiting,PT,PT,pass,unknown,industry unknown
Oli,Rodriguez,Oli Rodriguez,Director,Staff One Search,,linkedin.com/in/oli-rodriguez-b2b5a711,,Director,blitz,https://www.linkedin.com/company/staff-one-search,Staffing and Recruiting,US,US,pass,unknown,industry unknown
Olivia,Vaunaize Fillon,Olivia Vaunaize Fillon,"Co-founder Recruitment, Talent Development & Management - Banking & Financial Services",Beyond Potentials,beyondpotentials.com,linkedin.com/in/olivia-vaunaize-fillon-a38bba63,,C-Team,blitz,https://www.linkedin.com/company/beyondpotentials,,MC,CH,pass,unknown,industry unknown
Olivier,Martin,Olivier Martin,Président directeur général,ACR,,linkedin.com/in/olivier-martin-19926a124,,C-Team,blitz,https://www.linkedin.com/company/acr,Human Resources Services,FR,US,pass,unknown,industry unknown
Olya,Lutsyk,Olya Lutsyk,Head of Recruitment,SOHINA GLOBAL RECRUITMENT,,linkedin.com/in/olya-lutsyk,,Director,blitz,https://www.linkedin.com/company/sohina,Staffing and Recruiting,UA,UA,pass,unknown,industry unknown
Omar,Khan,Omar Khan,Managing Director,M3 Group,,linkedin.com/in/omar-khan-4a40b32,,C-Team,blitz,https://www.linkedin.com/company/m3-group,Staffing and Recruiting,GB,GB,pass,unknown,industry unknown
Oren,Gabriel,Oren Gabriel,Founder & CEO,NextPlayU,nextplayu.io,linkedin.com/in/oren-gabriel-4a93631a,,C-Team,blitz,https://www.linkedin.com/company/nextplayu,,US,US,pass,unknown,industry unknown
Csaba,Orosz,Csaba Orosz,Group CFO,IDBC Group,idbc.hu,linkedin.com/in/oroszcsaba,,C-Team,blitz,https://www.linkedin.com/company/idbc-group-talent-projects-go,,HU,HU,pass,unknown,industry unknown
osama,bin laden,osama bin laden,president,EGT Human Resources,,linkedin.com/in/osama-bin-laden-164bb974,,C-Team,blitz,https://www.linkedin.com/company/egt-human-resources,Human Resources Services,ES,US,pass,unknown,industry unknown
Osama,Kamal,Osama Kamal,Global Head of Sales,Elliott Ross Associates,,linkedin.com/in/osama-kamal-775b2b3,,Director,blitz,https://www.linkedin.com/company/elliott-ross-associates,Staffing and Recruiting,GB,GB,pass,unknown,industry unknown
Ovidiu,Terejanu,Ovidiu Terejanu,Sr Director of Finance and Accounting,Niural AI,niural.com,linkedin.com/in/ovidiuterejanu,,Director,blitz,https://www.linkedin.com/company/niural,,US,US,pass,unknown,industry unknown
Pablo,Ibáñez Cienfuegos-Jovellanos,Pablo Ibáñez Cienfuegos-Jovellanos,Managing Partner - Madrid,Wyser,wyser-search.com,linkedin.com/in/pabloibañezcienfuegos,,C-Team,blitz,https://www.linkedin.com/company/wyser,,ES,IT,pass,unknown,industry unknown
Pat,Bhangu,Pat Bhangu,Restaurant Owner,Pizza Time Restaurant,,linkedin.com/in/pat-bhangu-b8a24411a,,C-Team,blitz,https://www.linkedin.com/company/pizza-time-restaurant,Staffing and Recruiting,US,US,pass,unknown,industry unknown
Pat,Marrujo,Pat Marrujo,Head of Talent Acquisition,Benepass,getbenepass.com,linkedin.com/in/pat-marrujo,,Director,blitz,https://www.linkedin.com/company/benepass,,US,US,pass,unknown,industry unknown
Pat,Tuell,Pat Tuell,President,"Starr Recruiting, Incorporated",,linkedin.com/in/pat-tuell-7a098088,,C-Team,blitz,https://www.linkedin.com/company/starr-recruiting-incorporated,Staffing and Recruiting,US,US,pass,unknown,industry unknown
Patricia,Camino Ortega,Patricia Camino Ortega,Director responsable de equipo,"Atlas Servicios Empresariales, S.A.U.",,linkedin.com/in/patricia-camino-ortega-983297200,,Director,blitz,https://www.linkedin.com/company/atlas-servicios-empresariales-s.a.u.,Human Resources,ES,ES,pass,unknown,industry unknown
Patricia,Santo,Patricia Santo,Partner,SDO,,linkedin.com/in/patricia-santo-16206a2,,C-Team,blitz,https://www.linkedin.com/company/sdo,Human Resources,PT,US,pass,unknown,industry unknown
Patricio,Mendes,Patricio Mendes,Director of Operations - Global Director for nearshore/offshore,Aptonet,aptonet.com,linkedin.com/in/patricio-mendes-70069046,,Director,blitz,https://www.linkedin.com/company/aptonet-inc,,US,US,pass,unknown,industry unknown
Patrick,G.,Patrick G.,Principal CEO,Orion Agency,,linkedin.com/in/patrick-g-164224179,,C-Team,blitz,https://www.linkedin.com/company/orion-agency,Human Resources Services,US,US,pass,unknown,industry unknown
Patrick,Gallagher,Patrick Gallagher,Owner,The Gallagher Group,,linkedin.com/in/patrick-gallagher-260a55,,C-Team,blitz,https://www.linkedin.com/company/the-gallagher-group,Staffing and Recruiting,US,US,pass,unknown,industry unknown
Patrick,K,Patrick K,VD,Oops!,,linkedin.com/in/patrick-k-93a922114,,C-Team,blitz,https://www.linkedin.com/company/aps-source,Staffing and Recruiting,SE,US,pass,unknown,industry unknown
Patrick,Lyrio Guimarães,Patrick Lyrio Guimarães,"Director CPLP Markets - Portugal, Brasil and Mercosur",Alliance Abroad,allianceabroad.com,linkedin.com/in/patrick-lyrio-guimarães-17608942,,Director,blitz,https://www.linkedin.com/company/allianceabroad,,PT,US,pass,unknown,industry unknown
Patrick,Salerno,Patrick Salerno,Small Business Owner,Startline,,linkedin.com/in/patrick-salerno-0727431b1,,C-Team,blitz,https://www.linkedin.com/company/startline-us,Staffing and Recruiting,US,US,pass,unknown,industry unknown
Patrick,Dougherty,Patrick Dougherty,Senior Vice President & Head of Relationships,hyrUP,hyrup.co,linkedin.com/in/patrickdougherty3,,VP,blitz,https://www.linkedin.com/company/hyrup,,US,US,pass,unknown,industry unknown
Patrick,van der Tuin 🚀,Patrick van der Tuin 🚀,Partner,The Impact Group,impactgroup.nl,linkedin.com/in/patrickvandertuin,,C-Team,blitz,https://www.linkedin.com/company/theimpactgroupbv,,NL,NL,pass,unknown,industry unknown
patrizia,oberti,patrizia oberti,titolare,Individuale Consultoria,,linkedin.com/in/patrizia-oberti-a1966ba1,,C-Team,blitz,https://www.linkedin.com/company/individuale-consultoria,Human Resources,IT,IT,pass,unknown,industry unknown
Patsy,Shors,Patsy Shors,President,Sage Associates,,linkedin.com/in/patsyshors,,C-Team,blitz,https://www.linkedin.com/company/sage-associates,Staffing and Recruiting,US,US,pass,unknown,industry unknown
Paul,Benfield,Paul Benfield,Director,Voyage Staffing,,linkedin.com/in/paul-benfield-30128511,,Director,blitz,https://www.linkedin.com/company/voyage-staffing,Staffing and Recruiting,US,US,pass,unknown,industry unknown
Paul,Dorsey,Paul Dorsey,Owner,Roch Resources,,linkedin.com/in/paul-dorsey-b303a15,,C-Team,blitz,https://www.linkedin.com/company/roch-resources,Staffing and Recruiting,US,US,pass,unknown,industry unknown
Paul,"Hamm SPHR, CBP, CCP","Paul Hamm SPHR, CBP, CCP",VP - Human Resources,Asgard Resources,,linkedin.com/in/paul-hamm-sphr-cbp-ccp-99b833,,VP,blitz,https://www.linkedin.com/company/asgard-resources,Staffing and Recruiting,US,US,pass,unknown,industry unknown
Paul,Hoffman,Paul Hoffman,Owner,H&S Consulting,,linkedin.com/in/paul-hoffman-2a99685,,C-Team,blitz,https://www.linkedin.com/company/h&s-consulting,Staffing and Recruiting,US,US,pass,unknown,industry unknown
Paul,Sanders,Paul Sanders,Director,First Choice Nursing Group,,linkedin.com/in/paul-sanders-80011225,,Director,blitz,https://www.linkedin.com/company/first-choice-nursing-group,Staffing and Recruiting,GB,GB,pass,unknown,industry unknown
Paul,Sartori,Paul Sartori,President,Positions Inc.,,linkedin.com/in/paul-sartori-440757a,,C-Team,blitz,https://www.linkedin.com/company/positions-inc.,Staffing and Recruiting,US,US,pass,unknown,industry unknown
Paul,Sartori,Paul Sartori,President,Positions Inc.,,linkedin.com/in/paul-sartori-996ab711,,C-Team,blitz,https://www.linkedin.com/company/positions-inc.,Staffing and Recruiting,US,US,pass,unknown,industry unknown
Paul,Spears,Paul Spears,Senior Partner,Small Business Solutions,,linkedin.com/in/paul-spears-30847a18,,C-Team,blitz,https://www.linkedin.com/company/small-business-solutions_4,Staffing and Recruiting,GB,GB,pass,unknown,industry unknown
Paul,Werlin,Paul Werlin,president,Human Capital Resources,,linkedin.com/in/paul-werlin-2310545,,C-Team,blitz,https://www.linkedin.com/company/human-capital-resources,Staffing and Recruiting,US,US,pass,unknown,industry unknown
Paul,Werlin,Paul Werlin,President,Human Capital Resources,,linkedin.com/in/paul-werlin-7a084b5,,C-Team,blitz,https://www.linkedin.com/company/human-capital-resources,Staffing and Recruiting,US,US,pass,unknown,industry unknown
Paulina,Rzepiel,Paulina Rzepiel,Technology Recruitment Partner,FINTALENT,fintalent.pl,linkedin.com/in/paulina-rzepiel,,C-Team,blitz,https://www.linkedin.com/company/fintalent-pl,,GB,PL,pass,unknown,industry unknown
Paul,Wallenberg,Paul Wallenberg,Vice President - Technology Services,LaSalle Network,thelasallenetwork.com,linkedin.com/in/paulwallenberg,,VP,blitz,https://www.linkedin.com/company/lasalle-network,,US,US,pass,unknown,industry unknown
Paul Wm.,"Barrett, Sr., MPA","Paul Wm. Barrett, Sr., MPA",Founder/Manager,Executive Management,,linkedin.com/in/paulwmbarrettsr,,C-Team,blitz,https://www.linkedin.com/company/executive-management,Staffing and Recruiting,US,US,pass,unknown,industry unknown
Pavel,ŠVARC,Pavel ŠVARC,CEO,TPP,,linkedin.com/in/pavel-švarc-4bb22314,,C-Team,blitz,https://www.linkedin.com/company/tpp,Staffing and Recruiting,CZ,GB,pass,unknown,industry unknown
Pawel,Prociak,Pawel Prociak,Managing Director | Board Member | Wyser Poland Country Head,Wyser,wyser-search.com,linkedin.com/in/pawel-prociak,,C-Team,blitz,https://www.linkedin.com/company/wyser,,PL,IT,pass,unknown,industry unknown
Paweł,Bytof,Paweł Bytof,CEO & Founder,SEARCHERS,,linkedin.com/in/paweł-bytof-593ab1176,,C-Team,blitz,https://www.linkedin.com/company/searchershr,Human Resources Services,PL,PL,pass,unknown,industry unknown
Paweł,Jankowski,Paweł Jankowski,Head of IT Research,Devire,devire.pl,linkedin.com/in/paweł-jankowski-74998b51,,Director,blitz,https://www.linkedin.com/company/devire,,PL,PL,pass,unknown,industry unknown
Paweł,Skrzypczyk,Paweł Skrzypczyk,CEO,Wyser,wyser-search.com,linkedin.com/in/paweł-skrzypczyk-8b44a5206,,C-Team,blitz,https://www.linkedin.com/company/wyser,,PL,IT,pass,unknown,industry unknown
Paul,Winchester,Paul Winchester,Founder & Director,Cierti,movement8.co.uk,linkedin.com/in/pawinchester,,C-Team,blitz,https://www.linkedin.com/company/cierti,,GB,GB,pass,unknown,industry unknown
pedro,vasconcelos,pedro vasconcelos,diretor,TAP Personnel,,linkedin.com/in/pedro-vasconcelos-89309a52,,Director,blitz,https://www.linkedin.com/company/tap-personnel,Staffing and Recruiting,PT,US,pass,unknown,industry unknown
Pedro,Zivonni,Pedro Zivonni,CEO,Klimt & Roberts,,linkedin.com/in/pedro-zivonni-856a3365,,C-Team,blitz,https://www.linkedin.com/company/klimt-&-roberts,Human Resources,IT,ES,pass,unknown,industry unknown
Peggy,O'Leary,Peggy O'Leary,President,Premier Staffing Solutions,,linkedin.com/in/peggy-o-leary-16a94911,,C-Team,blitz,https://www.linkedin.com/company/premier-staffing-solutions,Staffing and Recruiting,US,US,pass,unknown,industry unknown
Penny,Murphy,Penny Murphy,Owner Operator,"Encore Staffing, Inc",,linkedin.com/in/penny-murphy-1032b1249,,C-Team,blitz,https://www.linkedin.com/company/encore-staffing-inc,Staffing and Recruiting,US,US,pass,unknown,industry unknown
pepe,papa,pepe papa,CEO,EGT Human Resources,,linkedin.com/in/pepe-papa-9b692372,,C-Team,blitz,https://www.linkedin.com/company/egt-human-resources,Human Resources Services,ES,US,pass,unknown,industry unknown
Perry,Abney,Perry Abney,Senior Vice President of Sales,Andvaris Inc,andvaris.com,linkedin.com/in/perry-abney-6b714127,,VP,blitz,https://www.linkedin.com/company/andvarisinc,,US,US,pass,unknown,industry unknown
Pete,Gwilliam,Pete Gwilliam,Owner,Venatus,,linkedin.com/in/pete-gwilliam-47345b,,C-Team,blitz,https://www.linkedin.com/company/venatus,Human Resources Services,GB,GB,pass,unknown,industry unknown
Peter,Hartley,Peter Hartley,Co-Owner/Coach,Evolutionary Fitness,,linkedin.com/in/peter-hartley-a05aa9136,,C-Team,blitz,https://www.linkedin.com/company/evolutionary-fitness,Staffing and Recruiting,GB,US,pass,unknown,industry unknown
Peter,Lorez,Peter Lorez,Owner,TBL Management,,linkedin.com/in/peter-lorez-2410631,,C-Team,blitz,https://www.linkedin.com/company/tbl-management,Human Resources Services,BE,BE,pass,unknown,industry unknown
Peter,Scatena,Peter Scatena,President & Chief Talent Officer,Executive Management,,linkedin.com/in/peter-scatena-552a2079,,C-Team,blitz,https://www.linkedin.com/company/executive-management,Staffing and Recruiting,US,US,pass,unknown,industry unknown
Peter,Smith,Peter Smith,CEO,"KK Consulting, Inc.",,linkedin.com/in/peter-smith-872abbb2,,C-Team,blitz,https://www.linkedin.com/company/kk-consulting-inc.,Staffing and Recruiting,US,US,pass,unknown,industry unknown
Peter,T.,Peter T.,Managing Director,Phoenix Recruitment,,linkedin.com/in/peter-t-18a690,,C-Team,blitz,https://www.linkedin.com/company/phoenix-recruitment-kft,Staffing and Recruiting,HU,HU,pass,unknown,industry unknown
Pete,Smykowski,Pete Smykowski,"Vice President, Operations","The Imagine Group, An Imagine Company",imaginestaffing.net,linkedin.com/in/petesmykowski,,VP,blitz,https://www.linkedin.com/company/imagine-staffing-technology,,US,US,pass,unknown,industry unknown
Petra,Sharp,Petra Sharp,Director - Sharp Strategy People and Sharp Resources,Sharp Resources,sharpresources.co.uk,linkedin.com/in/petra-sharp-bb551b102,,Director,blitz,https://www.linkedin.com/company/sharp-resources,,GB,GB,pass,unknown,industry unknown
Petras,Sabalys,Petras Sabalys,Partner & Chief Business Officer,GoDoJob,godojob.lt,linkedin.com/in/petrassabalys,,C-Team,blitz,https://www.linkedin.com/company/godojob,,LT,LT,pass,unknown,industry unknown
Petter,Skjelsbæk,Petter Skjelsbæk,Director Business Development,Dovre Solutions,dovregroup.com,linkedin.com/in/petter-skjelsbæk-57b0a72,,Director,blitz,https://www.linkedin.com/company/dovre-solutions,,NO,NO,pass,unknown,industry unknown
Petteri,Pasanen,Petteri Pasanen,director,People Management,,linkedin.com/in/petteri-pasanen-321293,,Director,blitz,https://www.linkedin.com/company/people-management,Human Resources Services,LV,US,pass,unknown,industry unknown
Phil,Rubeck,Phil Rubeck,Owner,D & R Associates Inc.,,linkedin.com/in/phil-rubeck-8858b54,,C-Team,blitz,https://www.linkedin.com/company/d-&-r-associates-inc.,Staffing and Recruiting,US,US,pass,unknown,industry unknown
Philip,Guy,Philip Guy,Head of HR Practice,AshtonPenney,,linkedin.com/in/philip-guy-46006a4,,Director,blitz,https://www.linkedin.com/company/ashtonpenney,Staffing and Recruiting,GB,GB,pass,unknown,industry unknown
philippe,DARRET,philippe DARRET,Directeur commercial,ONEPI,,linkedin.com/in/philippe-darret-4919b0245,,Director,blitz,https://www.linkedin.com/company/onepi,Staffing and Recruiting,FR,FR,pass,unknown,industry unknown
phillip,key,phillip key,marketing director,Gabriel & Associates,,linkedin.com/in/phillip-key-5893a238,,Director,blitz,https://www.linkedin.com/company/gabriel-&-associates,Staffing and Recruiting,US,US,pass,unknown,industry unknown
Phillip,LeBlanc,Phillip LeBlanc,Area Vice President,Tandem Staffing,,linkedin.com/in/phillip-leblanc-1688915,,VP,blitz,https://www.linkedin.com/company/tandem-staffing,Staffing and Recruiting,US,US,pass,unknown,industry unknown
Phillip,Wilcox,Phillip Wilcox,Owner,Huntington Group,,linkedin.com/in/phillip-wilcox-b96640,,C-Team,blitz,https://www.linkedin.com/company/huntington-group,Staffing and Recruiting,US,US,pass,unknown,industry unknown
Phil,Eldergill,Phil Eldergill,Business Development Director,Intuition IT Solutions,intuition-it.com,linkedin.com/in/phillipeldergill,,Director,blitz,https://www.linkedin.com/company/intuition-it-intuitive-technology-recruitment,,GB,GB,pass,unknown,industry unknown
Phoebe,(Hyde) Goldsberry,Phoebe (Hyde) Goldsberry,Chief Relationship Officer,The Hollister Group,hollistergroup.com,linkedin.com/in/phoebegoldsberry,,C-Team,blitz,https://www.linkedin.com/company/hollistergroup,,US,US,pass,unknown,industry unknown
pieter,post,pieter post,postal director,EGT Human Resources,,linkedin.com/in/pieter-post-14a39a6b,,Director,blitz,https://www.linkedin.com/company/egt-human-resources,Human Resources Services,NL,US,pass,unknown,industry unknown
Pino,Lino,Pino Lino,CEO,EGT Human Resources,,linkedin.com/in/pino-lino-65919278,,C-Team,blitz,https://www.linkedin.com/company/egt-human-resources,Human Resources Services,IT,US,pass,unknown,industry unknown
Matt,Pitters,Matt Pitters,"Executive Director, Client Partnerships & Brand Strategy",Walker Healthforce,walkerhealthforce.com,linkedin.com/in/pitters,,Director,blitz,https://www.linkedin.com/company/walkerhealthforce,,US,US,pass,unknown,industry unknown
Polly,Sheppard,Polly Sheppard,CEO,Sheppard Consulting,,linkedin.com/in/polly-sheppard-b64ba3a,,C-Team,blitz,https://www.linkedin.com/company/sheppard-consulting,Human Resources Services,US,US,pass,unknown,industry unknown
Pompe,Kos,Pompe Kos,CEO,Executive Management,,linkedin.com/in/pompe-kos-01207b151,,C-Team,blitz,https://www.linkedin.com/company/executive-management,Staffing and Recruiting,NL,US,pass,unknown,industry unknown
Pradeep,Talreja,Pradeep Talreja,Senior Director - Talent Acquisition,Apidel Technologies,apideltech.com,linkedin.com/in/pradeeptalreja,,Director,blitz,https://www.linkedin.com/company/apidel-technologies,,US,US,pass,unknown,industry unknown
Prasad,Raja,Prasad Raja,Vice President,Lekha Inc,,linkedin.com/in/prasad-raja-93266215,,VP,blitz,https://www.linkedin.com/company/lekha-inc,Staffing and Recruiting,US,US,pass,unknown,industry unknown
Pratap,Gunna,Pratap Gunna,Owner,Sourceone Solutions,,linkedin.com/in/pratap-gunna-8ba4921,,C-Team,blitz,https://www.linkedin.com/company/sourceone-solutions,Staffing and Recruiting,US,US,pass,unknown,industry unknown
Prathhap,Reddy,Prathhap Reddy,President,Sourceone Solutions,,linkedin.com/in/prathhap-reddy-5887083,,C-Team,blitz,https://www.linkedin.com/company/sourceone-solutions,Staffing and Recruiting,US,US,pass,unknown,industry unknown
Prateek,Modi,Prateek Modi,Healthcare Director - Delivery and Recruitment,Digitive,godigitive.com,linkedin.com/in/pratikmodi07,,Director,blitz,https://www.linkedin.com/company/digitivellc,,US,US,pass,unknown,industry unknown
PRAVEEN,BANDI,PRAVEEN BANDI,Vice President of Business Development,"Tryfacta, Inc.",tryfacta.com,linkedin.com/in/praveen-bandi-9161642a,,VP,blitz,https://www.linkedin.com/company/tryfactainc,,US,US,pass,unknown,industry unknown
Praveen,Padala,Praveen Padala,President,Alrek Business Solutions Inc,absli.com,linkedin.com/in/praveen-padala-7b4b633,,C-Team,blitz,https://www.linkedin.com/company/alrek-business-solutions-inc,,US,US,pass,unknown,industry unknown
Preethi,Bhansali,Preethi Bhansali,Vice President Operations,Benepass,getbenepass.com,linkedin.com/in/preethibhansali,,VP,blitz,https://www.linkedin.com/company/benepass,,US,US,pass,unknown,industry unknown
Prem,Singh,Prem Singh,President and CEO,Rescon IT,,linkedin.com/in/prem-singh-b99ab71,,C-Team,blitz,https://www.linkedin.com/company/rescon-it,Staffing and Recruiting,US,IE,pass,unknown,industry unknown
Jason,Price,Jason Price,Founder | COO,NextPlayU,nextplayu.io,linkedin.com/in/pricejasonw,,C-Team,blitz,https://www.linkedin.com/company/nextplayu,,US,US,pass,unknown,industry unknown
Prince J John,Swanko II,Prince J John Swanko II,Chairman and Chief Executive Officer,Bell South Telecommunications,,linkedin.com/in/prince-j-john-swanko-ii-8b577446,,C-Team,blitz,https://www.linkedin.com/company/bell-south-telecommunications,Staffing and Recruiting,US,US,pass,unknown,industry unknown
Quentin,Warren,Quentin Warren,Commercial Director,Tactical,,linkedin.com/in/quentin-warren-8a24687,,Director,blitz,https://www.linkedin.com/company/tactical,Staffing and Recruiting,GB,US,pass,unknown,industry unknown
R.W.,Holleman,R.W. Holleman,Owner,Roch Resources,,linkedin.com/in/r-w-holleman-7938b96,,C-Team,blitz,https://www.linkedin.com/company/roch-resources,Staffing and Recruiting,US,US,pass,unknown,industry unknown
Rachel,Quinn 🌱,Rachel Quinn 🌱,Managing Partner,3P Partners,3ppartners.com,linkedin.com/in/rachelquinn3ppartners,,C-Team,blitz,https://www.linkedin.com/company/3p-partners1,,US,US,pass,unknown,industry unknown
Rachel,Slowey,Rachel Slowey,Director of Client Services,Apidel Technologies,apideltech.com,linkedin.com/in/rachelslowey,,Director,blitz,https://www.linkedin.com/company/apidel-technologies,,US,US,pass,unknown,industry unknown
Rade,Bogdanovic,Rade Bogdanovic,Direktor,Deltagroup,,linkedin.com/in/rade-bogdanovic-b8b4a6b4,,Director,blitz,https://www.linkedin.com/company/deltagroup,Human Resources Services,RS,US,pass,unknown,industry unknown
Rafael,Meza Vidales,Rafael Meza Vidales,Technology Director,GOODWILL INDUSTRIES SERVING SOUTHEAST NEBRASKA INC,,linkedin.com/in/rafael-meza-vidales-134a6017a,,Director,blitz,https://www.linkedin.com/company/goodwill-industries-serving-southeast-nebraska-inc,Staffing and Recruiting,US,US,pass,unknown,industry unknown
Rafał,Mikołajczak,Rafał Mikołajczak,Dyrektor ds. rozwoju,JANPOL Sp. z o.o.,,linkedin.com/in/rafał-mikołajczak-981bab221,,Director,blitz,https://www.linkedin.com/company/janpol-sp.-z-o.o.,Staffing and Recruiting,PL,NL,pass,unknown,industry unknown
Raizy,Jaffa,Raizy Jaffa,Director of Payroll,Platinum HRM,,linkedin.com/in/raizy-jaffa-25351654,,Director,blitz,https://www.linkedin.com/company/platinum-hrm,Human Resources,US,US,pass,unknown,industry unknown
Raj,Mohhammed,Raj Mohhammed,Owner,EGT Human Resources,,linkedin.com/in/raj-mohhammed-08491563,,C-Team,blitz,https://www.linkedin.com/company/egt-human-resources,Human Resources Services,US,US,pass,unknown,industry unknown
Rajkumar,Jayapaul,Rajkumar Jayapaul,SVP - Growth,KYYBA Inc,kyyba.com,linkedin.com/in/rajkumar-jayapaul-5383ba2,,VP,blitz,https://www.linkedin.com/company/kyyba-inc,,US,US,pass,unknown,industry unknown
ralph,lewis,ralph lewis,vp,JSB Consulting,,linkedin.com/in/ralph-lewis-b671401b,,VP,blitz,https://www.linkedin.com/company/jsb-consulting,Human Resources Services,US,GB,pass,unknown,industry unknown
Rana,"Barclay, MBA","Rana Barclay, MBA",Consultant * Marketer * Board Member * BarclayWorks.net,Self Employed,,linkedin.com/in/ranapbarclay,,Director,blitz,https://www.linkedin.com/company/summit-county-alcohol-drug-addiction-&-mental-health-services-board,Human Resources Services,US,US,pass,unknown,industry unknown
Randi,Monaco,Randi Monaco,Small Business Owner,Village Bagels,,linkedin.com/in/randi-monaco-8702b0222,,C-Team,blitz,https://www.linkedin.com/company/village-bagels,Human Resources Services,US,US,pass,unknown,industry unknown
Randy,Brown,Randy Brown,Managing Director,LaSalle Network,thelasallenetwork.com,linkedin.com/in/randy-brown-0402582a8,,C-Team,blitz,https://www.linkedin.com/company/lasalle-network,,US,US,pass,unknown,industry unknown
Randy,Neuringer,Randy Neuringer,vp,Alden Staffing,,linkedin.com/in/randy-neuringer-aa33a5,,VP,blitz,https://www.linkedin.com/company/alden-staffing,Staffing and Recruiting,US,US,pass,unknown,industry unknown
Raphaël,MELET,Raphaël MELET,Directeur agence,GROUPE INDIBAT,,linkedin.com/in/raphaël-melet-785b12217,,Director,blitz,https://www.linkedin.com/company/groupe-indibat,Human Resources Services,FR,FR,pass,unknown,industry unknown
Ratika,Bhasin,Ratika Bhasin,Executive Chairwoman,"Tryfacta, Inc.",tryfacta.com,linkedin.com/in/ratika-bhasin-44437716,,C-Team,blitz,https://www.linkedin.com/company/tryfactainc,,US,US,pass,unknown,industry unknown
Ravinder Singh,Rawat,Ravinder Singh Rawat,Director - Account Management & Operations,"Tryfacta, Inc.",tryfacta.com,linkedin.com/in/ravinder-singh-rawat-728ab0138,,Director,blitz,https://www.linkedin.com/company/tryfactainc,,US,US,pass,unknown,industry unknown
Ray,Faulkner,Ray Faulkner,ceo,ref,,linkedin.com/in/ray-faulkner-435818b,,C-Team,blitz,https://www.linkedin.com/company/ref,Human Resources Services,US,IT,pass,unknown,industry unknown
ray,Williams,ray Williams,Chief Executive Officer,Human Capital Resources,,linkedin.com/in/ray-williams-43777a198,,C-Team,blitz,https://www.linkedin.com/company/human-capital-resources,Staffing and Recruiting,US,US,pass,unknown,industry unknown
Raymond,Stone,Raymond Stone,IT Director,Stone Partners,,linkedin.com/in/raymond-stone-4141932,,Director,blitz,https://www.linkedin.com/company/stone-partners,Human Resources Services,US,US,pass,unknown,industry unknown
Raymond,Stone,Raymond Stone,IT Director,Stone Partners,,linkedin.com/in/raymond-stone-a4982120,,Director,blitz,https://www.linkedin.com/company/stone-partners,Human Resources Services,US,US,pass,unknown,industry unknown
Raymond,Stone,Raymond Stone,IT Director,Stone Partners,,linkedin.com/in/raymond-stone-a4a77352,,Director,blitz,https://www.linkedin.com/company/stone-partners,Human Resources Services,US,US,pass,unknown,industry unknown
Rebecca,Biehler,Rebecca Biehler,Vice President of Operations,Kake,kake.co,linkedin.com/in/rebecca-biehler,,VP,blitz,https://www.linkedin.com/company/kake,,US,US,pass,unknown,industry unknown
Rebecca,El-Shanawany,Rebecca El-Shanawany,Director of Research and Delivery,STOIX | B Corp™,stoix.co.uk,linkedin.com/in/rebecca-el-shanawany-413631a,,Director,blitz,https://www.linkedin.com/company/stoix,,GB,GB,pass,unknown,industry unknown
Rebecca,"Garger, CPA","Rebecca Garger, CPA",CFO,NextPath Workforce Solutions,nextpathcp.com,linkedin.com/in/rebecca-garger-cpa,,C-Team,blitz,https://www.linkedin.com/company/nextpathcp,,US,US,pass,unknown,industry unknown
Rebecca,Reed,Rebecca Reed,Enterprise Sales Director,Benepass,getbenepass.com,linkedin.com/in/rebecca-reed-1b00366,,Director,blitz,https://www.linkedin.com/company/benepass,,US,US,pass,unknown,industry unknown
Becky,Bower,Becky Bower,Director of Risk Management,Asurint,asurint.com,linkedin.com/in/rebeccabower1,,Director,blitz,https://www.linkedin.com/company/asurint,,US,US,pass,unknown,industry unknown
Rebecca,Jones,Rebecca Jones,Managing Director,Zeal Recruitment Ltd - “Newcomer of the Year 2023” COBBA23,zealrecruitment.co.uk,linkedin.com/in/rebeccajones1,,C-Team,blitz,https://www.linkedin.com/company/zealrecruitment,,GB,GB,pass,unknown,industry unknown
Rebecca,"Wanchisen, MBA","Rebecca Wanchisen, MBA",VP of Finance,LaSalle Network,thelasallenetwork.com,linkedin.com/in/rebeccawanchisen,,VP,blitz,https://www.linkedin.com/company/lasalle-network,,US,US,pass,unknown,industry unknown
Rebeka,Mancsiczky,Rebeka Mancsiczky,Head of Permanent Recruitment,IDBC Group,idbc.hu,linkedin.com/in/rebeka-mancsiczky-9b6aa4129,,Director,blitz,https://www.linkedin.com/company/idbc-group-talent-projects-go,,HU,HU,pass,unknown,industry unknown
Barry,Collins,Barry Collins,Founder at Collins Property Recruitment,Collins Property Recruitment,collinspropertyrecruitment.com,linkedin.com/in/recruiter-at-collins-property-recruitment,,C-Team,blitz,https://www.linkedin.com/company/collins-property-recruitment,,GB,GB,pass,unknown,industry unknown
Recruiter,Confidential,Recruiter Confidential,President,Private Confidential Executive Talent Acquisition Recruiter,,linkedin.com/in/recruiter-confidential-a221b3170,,C-Team,blitz,https://www.linkedin.com/company/private-confidential-executive-talent-acquisition-recruiter,Human Resources Services,US,US,pass,unknown,industry unknown
Reka,Balassa,Reka Balassa,Head of IT Contracting and Permanent Recruitment BU,IDBC Group,idbc.hu,linkedin.com/in/rekaszorenyi,,Director,blitz,https://www.linkedin.com/company/idbc-group-talent-projects-go,,HU,HU,pass,unknown,industry unknown
remi,demeron,remi demeron,Owner,IAGE,,linkedin.com/in/remi-demeron-84972013,,C-Team,blitz,https://www.linkedin.com/company/iage,Staffing and Recruiting,FR,US,pass,unknown,industry unknown
Renato,Imboden,Renato Imboden,Head of Life Sciences,edp personalberatung gmbh,edp-basel.ch,linkedin.com/in/renato-imboden-64a91929,,Director,blitz,https://www.linkedin.com/company/edp-personalberatung-gmbh1,,CH,CH,pass,unknown,industry unknown
Renato,Silva,Renato Silva,CEO,Zenith Devotion,,linkedin.com/in/renato-silva-107539a9,,C-Team,blitz,https://www.linkedin.com/company/zenith-devotion,Staffing and Recruiting,PT,PT,pass,unknown,industry unknown
Renee,Johnson,Renee Johnson,"Director, Service Delivery & Fulfillment","The Imagine Group, An Imagine Company",imaginestaffing.net,linkedin.com/in/renee-johnson-99663398,,Director,blitz,https://www.linkedin.com/company/imagine-staffing-technology,,US,US,pass,unknown,industry unknown
John,Rose,John Rose,Advisor / Co-Owner,Your Source,your-source.se,linkedin.com/in/resourcefuljohn,,C-Team,blitz,https://www.linkedin.com/company/your-source-ab,,SE,SE,pass,unknown,industry unknown
Reyyan,Ozdil,Reyyan Ozdil,"Vice President, Operations",InfoCurrent,,linkedin.com/in/reyyan-ozdil-041abab,,VP,blitz,https://www.linkedin.com/company/infocurrent,Staffing and Recruiting,US,US,pass,unknown,industry unknown
Michael,Rhodes,Michael Rhodes,Chief Information Officer,Asurint,asurint.com,linkedin.com/in/rhodesmichaele,,C-Team,blitz,https://www.linkedin.com/company/asurint,,US,US,pass,unknown,industry unknown
Rich,Irwin,Rich Irwin,VP-Owner,People Helper.,,linkedin.com/in/rich-irwin-22387566,,C-Team,blitz,https://www.linkedin.com/company/people-helper.,Human Resources Services,US,US,pass,unknown,industry unknown
Richard,JUST,Richard JUST,Directeur associé,Time Recrutement,time-recrutement.com,linkedin.com/in/richard-just-50a39b14,,Director,blitz,https://www.linkedin.com/company/time-recrutement,,FR,FR,pass,unknown,industry unknown
Richard,Kalcznski,Richard Kalcznski,Executive Director,WATERBURY ARC INC,,linkedin.com/in/richard-kalcznski-b074ab51,,Director,blitz,https://www.linkedin.com/company/waterbury-arc-inc,Staffing and Recruiting,US,US,pass,unknown,industry unknown
Richard,Landman,Richard Landman,Managing Partner,Carrabbas Italian Grill,,linkedin.com/in/richard-landman-71b31910a,,C-Team,blitz,https://www.linkedin.com/company/carrabbas-italian-grill,Staffing and Recruiting,US,US,pass,unknown,industry unknown
Richard,M.,Richard M.,Director,JAM Staffing Solutions Ltd,,linkedin.com/in/richard-m-a6976811,,Director,blitz,https://www.linkedin.com/company/jam-staffing-solutions-ltd,Staffing and Recruiting,GB,GB,pass,unknown,industry unknown
Richard,Scott,Richard Scott,Managing Director,Search International,,linkedin.com/in/richard-scott-6959419a,,C-Team,blitz,https://www.linkedin.com/company/search-international,Staffing and Recruiting,GB,US,pass,unknown,industry unknown
Richard,Wilson,Richard Wilson,Director,AshtonPenney,,linkedin.com/in/richard-wilson-5987185,,Director,blitz,https://www.linkedin.com/company/ashtonpenney,Staffing and Recruiting,GB,GB,pass,unknown,industry unknown
Richard,Seldon,Richard Seldon,Board Member|Background Screening Industry|Advisor to Growth Companies,Asurint,asurint.com,linkedin.com/in/richardseldon,,Director,blitz,https://www.linkedin.com/company/asurint,,US,US,pass,unknown,industry unknown
Richard,Walker,Richard Walker,Owner/Consultant,Self Employed,,linkedin.com/in/richwalkerjr,,C-Team,blitz,https://www.linkedin.com/company/summit-county-alcohol-drug-addiction-&-mental-health-services-board,Human Resources Services,US,US,pass,unknown,industry unknown
Rick,Herbert,Rick Herbert,Director of Admissions,Career Quest - Company,,linkedin.com/in/rick-herbert-a775a7b,,Director,blitz,https://www.linkedin.com/company/career-quest-cp,Staffing and Recruiting,US,US,pass,unknown,industry unknown
Rick,Lang,Rick Lang,President/CEO,LMC Resources,,linkedin.com/in/rick-lang-b5a202,,C-Team,blitz,https://www.linkedin.com/company/lmc-resources,Human Resources,US,US,pass,unknown,industry unknown
Rick,Larson,Rick Larson,Chief Operating Officer,Knowledge Workers,,linkedin.com/in/rick-larson-086194,,C-Team,blitz,https://www.linkedin.com/company/knowledge-workers,Staffing and Recruiting,US,US,pass,unknown,industry unknown
Rick,Peters,Rick Peters,vice president,Masters & Associates,,linkedin.com/in/rick-peters-6115097,,VP,blitz,https://www.linkedin.com/company/masters-&-associates,Staffing and Recruiting,US,US,pass,unknown,industry unknown
Ricky,Lea,Ricky Lea,Owner,M3 Group,,linkedin.com/in/ricky-lea-91ba6,,C-Team,blitz,https://www.linkedin.com/company/m3-group,Staffing and Recruiting,US,GB,pass,unknown,industry unknown
Rina J.,Lazar,Rina J. Lazar,President,Strategic Workforce Solutions,,linkedin.com/in/rinalazar,,C-Team,blitz,https://www.linkedin.com/company/strategic-workforce-solutions,Staffing and Recruiting,US,US,pass,unknown,industry unknown
Rob,Thompson,Rob Thompson,Director,AxiioTek,axiiotek.com,linkedin.com/in/rob-thompsonaxiiotek,,Director,blitz,https://www.linkedin.com/company/axiiotek,,DE,GB,pass,unknown,industry unknown
Robbie,Turner,Robbie Turner,Partner - Senior Consultant,Spektrum,spektrum-group.com,linkedin.com/in/robbie-turner-04252b30,,C-Team,blitz,https://www.linkedin.com/company/spektrumgrp,,ES,ES,pass,unknown,industry unknown
Robbie,Mackay,Robbie Mackay,Founder & Owner of Varnom Ross,Varnom Ross,varnomross.com,linkedin.com/in/robbiemackay,,C-Team,blitz,https://www.linkedin.com/company/varnom-ross,,GB,GB,pass,unknown,industry unknown
Robert,Andrews,Robert Andrews,Managing Partner,People Management,,linkedin.com/in/robert-andrews-b4823a,,C-Team,blitz,https://www.linkedin.com/company/people-management,Human Resources Services,US,US,pass,unknown,industry unknown
Robert,Aubrey,Robert Aubrey,Director,Smart Associates,,linkedin.com/in/robert-aubrey-72305a66,,Director,blitz,https://www.linkedin.com/company/smart-associates,Human Resources Services,GB,US,pass,unknown,industry unknown
ROBERT,COBB,ROBERT COBB,VP,People Helper.,,linkedin.com/in/robert-cobb-b5aa8120,,VP,blitz,https://www.linkedin.com/company/people-helper.,Human Resources Services,US,US,pass,unknown,industry unknown
Robert,Dwyer,Robert Dwyer,Managing Director,Asgard Resources,,linkedin.com/in/robert-dwyer-b12059139,,C-Team,blitz,https://www.linkedin.com/company/asgard-resources,Staffing and Recruiting,US,US,pass,unknown,industry unknown
Robert,Forbes,Robert Forbes,Contracts Director,Swann Group,,linkedin.com/in/robert-forbes-65161458,,Director,blitz,https://www.linkedin.com/company/swann-group,Staffing and Recruiting,GB,US,pass,unknown,industry unknown
Robert,Forbuss,Robert Forbuss,Owner,Strategic Alliance,,linkedin.com/in/robert-forbuss-6830b82,,C-Team,blitz,https://www.linkedin.com/company/strategic-alliance,Staffing and Recruiting,US,US,pass,unknown,industry unknown
Robert,Grosz,Robert Grosz,Founder & President,ATOLL,,linkedin.com/in/robert-grosz-5416193,,C-Team,blitz,https://www.linkedin.com/company/atoll,Staffing and Recruiting,US,BE,pass,unknown,industry unknown
Robert,Hessel,Robert Hessel,Vice President - Sales,Diversified Communications Group,,linkedin.com/in/robert-hessel-5572823,,VP,blitz,https://www.linkedin.com/company/diversified-communications-group,Staffing and Recruiting,US,US,pass,unknown,industry unknown
Robert,Michel,Robert Michel,Directeur marketing,EGT Human Resources,,linkedin.com/in/robert-michel-2293a965,,Director,blitz,https://www.linkedin.com/company/egt-human-resources,Human Resources Services,FR,US,pass,unknown,industry unknown
Robert,Sharp,Robert Sharp,Vice President- Executive Search,Strategic Workforce Solutions,,linkedin.com/in/robert-sharp-a420534,,VP,blitz,https://www.linkedin.com/company/strategic-workforce-solutions,Staffing and Recruiting,US,US,pass,unknown,industry unknown
Robert,Stevenson,Robert Stevenson,Managing Partner,People Management,,linkedin.com/in/robert-stevenson-694b323,,C-Team,blitz,https://www.linkedin.com/company/people-management,Human Resources Services,US,US,pass,unknown,industry unknown
Stephanie,Rodis,Stephanie Rodis,CEO & Founder,Sustainable Talent,sustainabletalent.com,linkedin.com/in/rodis,,C-Team,blitz,https://www.linkedin.com/company/stalentos.com,,US,US,pass,unknown,industry unknown
Rodney,Fite,Rodney Fite,President,ref,,linkedin.com/in/rodney-fite-5a7b221,,C-Team,blitz,https://www.linkedin.com/company/ref,Human Resources Services,US,IT,pass,unknown,industry unknown
Roger,Tart,Roger Tart,partner,ACR,,linkedin.com/in/roger-tart-13556246,,C-Team,blitz,https://www.linkedin.com/company/acr,Human Resources Services,US,US,pass,unknown,industry unknown
Roger,Trice,Roger Trice,Chief Executive Officer,EPG,,linkedin.com/in/roger-trice-8b136414a,,C-Team,blitz,https://www.linkedin.com/company/epg,Staffing and Recruiting,US,US,pass,unknown,industry unknown
Ron,Kapche,Ron Kapche,"Co-Owner, Chairman",TEI Staffing,,linkedin.com/in/ron-kapche-606243,,C-Team,blitz,https://www.linkedin.com/company/tei-staffing,Staffing and Recruiting,US,US,pass,unknown,industry unknown
Ronald,Page,Ronald Page,President,Human Resource Consultants,,linkedin.com/in/ronald-page-033b733,,C-Team,blitz,https://www.linkedin.com/company/human-resource-consultants,Human Resources Services,US,US,pass,unknown,industry unknown
Ron,"Lippitt, CCWP","Ron Lippitt, CCWP",Chief Strategy Officer (CSO),Apidel Technologies,apideltech.com,linkedin.com/in/ronlippitt,,C-Team,blitz,https://www.linkedin.com/company/apidel-technologies,,US,US,pass,unknown,industry unknown
Ronnie,Sanford,Ronnie Sanford,Owner,Sanford Group,,linkedin.com/in/ronnie-sanford-38a5a5,,C-Team,blitz,https://www.linkedin.com/company/sanford-group,Staffing and Recruiting,US,US,pass,unknown,industry unknown
Ronny,Prince,Ronny Prince,MD,Prince & Associates,,linkedin.com/in/ronny-prince-170a2a6,,C-Team,blitz,https://www.linkedin.com/company/prince-&-associates,Human Resources Services,GB,US,pass,unknown,industry unknown
Roohi,"Sandhu, CPA, CFE","Roohi Sandhu, CPA, CFE",Board Member,"Tryfacta, Inc.",tryfacta.com,linkedin.com/in/roohi-sandhu-cpa-cfe-79120b7,,Director,blitz,https://www.linkedin.com/company/tryfactainc,,US,US,pass,unknown,industry unknown
Rory,McDermott,Rory McDermott,Co-Founder & Coach,STOIX | B Corp™,stoix.co.uk,linkedin.com/in/rorymcdermott,,C-Team,blitz,https://www.linkedin.com/company/stoix,,ES,GB,pass,unknown,industry unknown
Rory,Meyers,Rory Meyers,Business Owner,St. Louis Staffing Solutions,,linkedin.com/in/rorymeyers,,C-Team,blitz,https://www.linkedin.com/company/st-louis-staffing-solutions,Staffing and Recruiting,US,US,pass,unknown,industry unknown
Rosemary,Beck,Rosemary Beck,Director of Business Development,AccountAbilities,,linkedin.com/in/rosemary-beck-02379812,,Director,blitz,https://www.linkedin.com/company/accountabilities,Staffing and Recruiting,US,US,pass,unknown,industry unknown
Rosie,Escobar,Rosie Escobar,MARKETING DIRECTOR,The Gallagher Group,,linkedin.com/in/rosie-escobar-132123b,,Director,blitz,https://www.linkedin.com/company/the-gallagher-group,Staffing and Recruiting,US,US,pass,unknown,industry unknown
Ross,W.,Ross W.,Finance Director,First Choice Nursing Group,,linkedin.com/in/ross-w-a9956912a,,Director,blitz,https://www.linkedin.com/company/first-choice-nursing-group,Staffing and Recruiting,GB,GB,pass,unknown,industry unknown
Rossana,Martucci,Rossana Martucci,Director,AxiioTek,axiiotek.com,linkedin.com/in/rossanamartucci,,Director,blitz,https://www.linkedin.com/company/axiiotek,,GB,GB,pass,unknown,industry unknown
Rozalia,Kovacs,Rozalia Kovacs,Owner,HR Vision,,linkedin.com/in/rozalia-kovacs-4797a44,,C-Team,blitz,https://www.linkedin.com/company/hr-vision,Human Resources Services,HU,US,pass,unknown,industry unknown
Ryan,Green,Ryan Green,Vice President of Tenant Screening,Asurint,asurint.com,linkedin.com/in/rrmgreen87,,VP,blitz,https://www.linkedin.com/company/asurint,,US,US,pass,unknown,industry unknown
Ruchi(Joshi),Anand,Ruchi(Joshi) Anand,Co-Founder/Sr VP - Technical Services,Resourcesys Inc,resourcesys.com,linkedin.com/in/ruchiatresourcesys,,C-Team,blitz,https://www.linkedin.com/company/resourcesys-inc,,US,US,pass,unknown,industry unknown
Rudolf,hender,Rudolf hender,CEO,EGT Human Resources,,linkedin.com/in/rudolf-hender-72ba7a68,,C-Team,blitz,https://www.linkedin.com/company/egt-human-resources,Human Resources Services,ES,US,pass,unknown,industry unknown
Rui,Jorge,Rui Jorge,CEO,EGT Human Resources,,linkedin.com/in/rui-jorge-0ba23466,,C-Team,blitz,https://www.linkedin.com/company/egt-human-resources,Human Resources Services,PT,US,pass,unknown,industry unknown
Rui,de Sousa,Rui de Sousa,Head of Marketing & Commercial Growth | Driving Revenue & Market Expansion,Career Transition,,linkedin.com/in/ruicaladosousa,,Director,blitz,https://www.linkedin.com/company/career-transition2022,Human Resources Services,PT,US,pass,unknown,industry unknown
Russ,Jones,Russ Jones,VP Mechanical Division,Peterson Consulting Group,,linkedin.com/in/russ-jones-58400a1,,VP,blitz,https://www.linkedin.com/company/peterson-consulting-group,Staffing and Recruiting,US,US,pass,unknown,industry unknown
Ruth,Bulger,Ruth Bulger,Head of Reserach,Gow & Partners,,linkedin.com/in/ruth-bulger-a87499,,Director,blitz,https://www.linkedin.com/company/gow-&-partners,Staffing and Recruiting,GB,US,pass,unknown,industry unknown
Ruth,Lloyd,Ruth Lloyd,Head of Research,Gow & Partners,,linkedin.com/in/ruth-lloyd-3b31a21,,Director,blitz,https://www.linkedin.com/company/gow-&-partners,Staffing and Recruiting,GB,US,pass,unknown,industry unknown
Ruth,Zanes,Ruth Zanes,President,Unlimited Resources,,linkedin.com/in/ruth-zanes-145621,,C-Team,blitz,https://www.linkedin.com/company/unlimited-resources,Human Resources Services,US,US,pass,unknown,industry unknown
Ryan,Herzenberg,Ryan Herzenberg,Low Voltage Director of Sales,LVLS Integration,lvlstech.com,linkedin.com/in/ryan-herzenberg-2ba87717b,,Director,blitz,https://www.linkedin.com/company/lvls-integration,,US,US,pass,unknown,industry unknown
Ryan,Kelley,Ryan Kelley,VP Business Development,iplacement,,linkedin.com/in/ryan-kelley-12a5401,,VP,blitz,https://www.linkedin.com/company/iplacement,Staffing and Recruiting,US,US,pass,unknown,industry unknown
Ryan,Levy,Ryan Levy,Managing Partner,Cruit Group,cruitgroup.com,linkedin.com/in/ryanlevy,,C-Team,blitz,https://www.linkedin.com/company/cruit-group,,US,US,pass,unknown,industry unknown
Sabine,Pynebrouck,Sabine Pynebrouck,managing director,Salto,,linkedin.com/in/sabine-pynebrouck-3bb4254,,C-Team,blitz,https://www.linkedin.com/company/salto,Human Resources Services,BE,NL,pass,unknown,industry unknown
Sacha,Milojevic,Sacha Milojevic,Managing Director,Intuition IT Solutions,intuition-it.com,linkedin.com/in/sacha-milojevic-3115a41b0,,C-Team,blitz,https://www.linkedin.com/company/intuition-it-intuitive-technology-recruitment,,GB,GB,pass,unknown,industry unknown
Sacha,Milojevic,Sacha Milojevic,Managing Director,Intuition IT Solutions,intuition-it.com,linkedin.com/in/sachamilojevic,,C-Team,blitz,https://www.linkedin.com/company/intuition-it-intuitive-technology-recruitment,,GB,GB,pass,unknown,industry unknown
sai,P.,sai P.,Chief Executive Officer,IntegraCore LLC,,linkedin.com/in/sai-p-a872021bb,,C-Team,blitz,https://www.linkedin.com/company/integracore-llc,Staffing and Recruiting,US,US,pass,unknown,industry unknown
Saikat,Das,Saikat Das,Managing Director,Ali&Das Limited,,linkedin.com/in/saikat-das-022074241,,C-Team,blitz,https://www.linkedin.com/company/ali-das-limited,Staffing and Recruiting,HR,MT,pass,unknown,industry unknown
Salem,Sharp,Salem Sharp,Energy Development Partner,Confidential Global,,linkedin.com/in/salemsharp,,C-Team,blitz,https://www.linkedin.com/company/confidential-global,Staffing and Recruiting,US,US,pass,unknown,industry unknown
Sam,Base,Sam Base,VP,EGT Human Resources,,linkedin.com/in/sam-base-88291467,,VP,blitz,https://www.linkedin.com/company/egt-human-resources,Human Resources Services,US,US,pass,unknown,industry unknown
Sam,Day,Sam Day,Head of Commercial & Residential Property Maintenance,Stride Recruitment,,linkedin.com/in/sam-day-762603200,,Director,blitz,https://www.linkedin.com/company/stride-recruitment77,Staffing and Recruiting,GB,US,pass,unknown,industry unknown
Sam,Gabriel,Sam Gabriel,Attorney/Owner,Gabriel & Associates,,linkedin.com/in/sam-gabriel-61269918,,C-Team,blitz,https://www.linkedin.com/company/gabriel-&-associates,Staffing and Recruiting,US,US,pass,unknown,industry unknown
Sam,Garg,Sam Garg,Chief Operating Officer,HRize LLC,hrize.us,linkedin.com/in/sam-garg-41b023186,,C-Team,blitz,https://www.linkedin.com/company/hrize-llc,,US,US,pass,unknown,industry unknown
sam,kim,sam kim,CEO,Nexien Inc.,nexien.com,linkedin.com/in/sam-kim-36a409139,,C-Team,blitz,https://www.linkedin.com/company/nexien-inc,,US,US,pass,unknown,industry unknown
Sam,Petersby,Sam Petersby,MD,EGT Human Resources,,linkedin.com/in/sam-petersby-45168a67,,C-Team,blitz,https://www.linkedin.com/company/egt-human-resources,Human Resources Services,GR,US,pass,unknown,industry unknown
Sam,S,Sam S,founder,Stealth Consulting,,linkedin.com/in/sam-s-40ba3554,,C-Team,blitz,https://www.linkedin.com/company/stealth-consulting,Human Resources,US,FR,pass,unknown,industry unknown
Samantha,Gonzales,Samantha Gonzales,Business Owner,"Marketing Resources Solutions, Inc.",,linkedin.com/in/samantha-gonzales-7241bbb5,,C-Team,blitz,https://www.linkedin.com/company/marketing-resources-solutions-inc,Staffing and Recruiting,US,US,pass,unknown,industry unknown
Samuel,Slama,Samuel Slama,Managing Director,DC Invest,,linkedin.com/in/samuelslama,,C-Team,blitz,https://www.linkedin.com/company/dc-invest,Human Resources Services,FR,US,pass,unknown,industry unknown
Sam,Brayley-Small,Sam Brayley-Small,Founder,NetZero,net-z.co.uk,linkedin.com/in/samuelsmall,,C-Team,blitz,https://www.linkedin.com/company/net-zero-ltd,,GB,GB,pass,unknown,industry unknown
Sandra,Mezghini,Sandra Mezghini,Head of Marketing & Growth,Cherry Pick,cherry-pick.io,linkedin.com/in/sandra-mezghini,,Director,blitz,https://www.linkedin.com/company/cherry-pick-freelances,,FR,FR,pass,unknown,industry unknown
Sandra,Swab,Sandra Swab,Owner,Clearpoint Solutions Inc.,,linkedin.com/in/sandra-swab-7b82011,,C-Team,blitz,https://www.linkedin.com/company/clearpoint-solutions-inc.,Staffing and Recruiting,US,US,pass,unknown,industry unknown
Sandra,Pelayo,Sandra Pelayo,"Senior Principal- Head of FMCG, Retail, Fashion and Luxury",Wyser,wyser-search.com,linkedin.com/in/sandrapelayo,,Director,blitz,https://www.linkedin.com/company/wyser,,ES,IT,pass,unknown,industry unknown
sandrine,eleuterio,sandrine eleuterio,Présidente,WEFIND INTER,,linkedin.com/in/sandrine-eleuterio-abab35157,,C-Team,blitz,https://www.linkedin.com/company/wefind-inter,Staffing and Recruiting,FR,FR,pass,unknown,industry unknown
Sandy,Roldos,Sandy Roldos,Owner,Career Quest - Company,,linkedin.com/in/sandy-roldos-375b481,,C-Team,blitz,https://www.linkedin.com/company/career-quest-cp,Staffing and Recruiting,US,US,pass,unknown,industry unknown
Sandy,Minella (she/her),Sandy Minella (she/her),"Vice President, Client Services | Team Lead",The Sage Group,thesagegroup.com,linkedin.com/in/sandyminella,,VP,blitz,https://www.linkedin.com/company/the-sage-group-formerly-sage-consulting-associates-,,US,US,pass,unknown,industry unknown
Santiago,De Urbina,Santiago De Urbina,Consulting Director,IPS Consulting,,linkedin.com/in/santiago-de-urbina-5909b85,,Director,blitz,https://www.linkedin.com/company/ips-consulting,Staffing and Recruiting,US,US,pass,unknown,industry unknown
Santiago,De Urbina,Santiago De Urbina,Director,IPS Consulting,,linkedin.com/in/santiago-de-urbina-8210158,,Director,blitz,https://www.linkedin.com/company/ips-consulting,Staffing and Recruiting,US,US,pass,unknown,industry unknown
Sara,Irwin,Sara Irwin,Director of Content Operations at Oracle,The Sage Group,thesagegroup.com,linkedin.com/in/sara-irwin-b8232717,,Director,blitz,https://www.linkedin.com/company/the-sage-group-formerly-sage-consulting-associates-,,US,US,pass,unknown,industry unknown
Sarah,Nickell,Sarah Nickell,Owner,Human Capital Resources,,linkedin.com/in/sarah-nickell-a517993a,,C-Team,blitz,https://www.linkedin.com/company/human-capital-resources,Staffing and Recruiting,US,US,pass,unknown,industry unknown
Sarah,Salisbury,Sarah Salisbury,Director of Key Accounts,"The Imagine Group, An Imagine Company",imaginestaffing.net,linkedin.com/in/sarah-salisbury-b907b582,,Director,blitz,https://www.linkedin.com/company/imagine-staffing-technology,,US,US,pass,unknown,industry unknown
Sarah,Wilkinson,Sarah Wilkinson,Head of Legal Recruitment,Stride Recruitment,,linkedin.com/in/sarah-wilkinson-18a281b4,,Director,blitz,https://www.linkedin.com/company/stride-recruitment77,Staffing and Recruiting,GB,US,pass,unknown,industry unknown
Sareen,Aujla,Sareen Aujla,Head of Research and Delivery,STOIX | B Corp™,stoix.co.uk,linkedin.com/in/sareen-aujla-7ba26a20,,Director,blitz,https://www.linkedin.com/company/stoix,,GB,GB,pass,unknown,industry unknown
Saul,Gamoran,Saul Gamoran,President,Gamoran Legal Consulting,gamoranlegal.com,linkedin.com/in/saul-gamoran-77b4811,,C-Team,blitz,https://www.linkedin.com/company/gamoran-legal-consulting,,US,US,pass,unknown,industry unknown
Gina,P.,Gina P.,Partner Marketing at Google Home,The Sage Group,thesagegroup.com,linkedin.com/in/scarletbeetle,,C-Team,blitz,https://www.linkedin.com/company/the-sage-group-formerly-sage-consulting-associates-,,US,US,pass,unknown,industry unknown
Scarlett,"M. Diaz, MBA","Scarlett M. Diaz, MBA","Director of Client Strategy, Healthcare",Connext,connextglobal.com,linkedin.com/in/scarlett-m-diaz,,Director,blitz,https://www.linkedin.com/company/connextglobalsolutions,,US,US,pass,unknown,industry unknown
James,Kynaston,James Kynaston,Co-Owner,Symmetry Recruitment,symmetryrecruitment.co.uk,linkedin.com/in/scissorlift,,C-Team,blitz,https://www.linkedin.com/company/symmetry-recruitment,,GB,GB,pass,unknown,industry unknown
Scott,Higginson,Scott Higginson,Owner,Foursquare Group,,linkedin.com/in/scott-higginson-aa0a96,,C-Team,blitz,https://www.linkedin.com/company/foursquare-group,Human Resources Services,US,US,pass,unknown,industry unknown
Scott,Hunt,Scott Hunt,Vice President,Aloha HR,,linkedin.com/in/scott-hunt-04ab1b11b,,VP,blitz,https://www.linkedin.com/company/aloha-hr,Human Resources,US,US,pass,unknown,industry unknown
Scott,Zeller,Scott Zeller,Co-Owner,LVLS Integration,lvlstech.com,linkedin.com/in/scottzeller705,,C-Team,blitz,https://www.linkedin.com/company/lvls-integration,,US,US,pass,unknown,industry unknown
Sean,Barry,Sean Barry,Managing Director,hyrUP,hyrup.co,linkedin.com/in/sean-barry-314143a,,C-Team,blitz,https://www.linkedin.com/company/hyrup,,US,US,pass,unknown,industry unknown
SearchTech,Solutions,SearchTech Solutions,COO,SearchTech Solutions,,linkedin.com/in/searchtech-solutions-0052863,,C-Team,blitz,https://www.linkedin.com/company/searchtech-solutions,Staffing and Recruiting,US,US,pass,unknown,industry unknown
Sekhar,Chandra,Sekhar Chandra,Vice President,Lekha Inc,,linkedin.com/in/sekhar-chandra-5852453,,VP,blitz,https://www.linkedin.com/company/lekha-inc,Staffing and Recruiting,US,US,pass,unknown,industry unknown
Serge,Clement,Serge Clement,CFO,ATOLL,,linkedin.com/in/serge-clement-2955a65,,C-Team,blitz,https://www.linkedin.com/company/atoll,Staffing and Recruiting,BE,BE,pass,unknown,industry unknown
sergio,maldonado,sergio maldonado,CEO/Owner,MJ's Staffing,,linkedin.com/in/sergio-maldonado-a46274278,,C-Team,blitz,https://www.linkedin.com/company/mjs-staffing,Staffing and Recruiting,US,US,pass,unknown,industry unknown
Seung Cheol,Choi,Seung Cheol Choi,Director of London Korean Language school,Korean Language School,,linkedin.com/in/seung-cheol-choi-a13a397b,,Director,blitz,https://www.linkedin.com/company/korean-language-school,Staffing and Recruiting,GB,US,pass,unknown,industry unknown
Shamika,Bernardin,Shamika Bernardin,Owner,PHR Group,,linkedin.com/in/shamika-bernardin-6b3b511,,C-Team,blitz,https://www.linkedin.com/company/phr-group,Staffing and Recruiting,US,US,pass,unknown,industry unknown
shanna,ferguson,shanna ferguson,Partner,Carrabbas Italian Grill,,linkedin.com/in/shanna-ferguson-062773103,,C-Team,blitz,https://www.linkedin.com/company/carrabbas-italian-grill,Staffing and Recruiting,US,US,pass,unknown,industry unknown
Shannon,McCormack,Shannon McCormack,CEO,IAGE,,linkedin.com/in/shannon-mccormack-b242461,,C-Team,blitz,https://www.linkedin.com/company/iage,Staffing and Recruiting,US,US,pass,unknown,industry unknown
Shari,Balker,Shari Balker,Operations Director,Intuition IT Solutions,intuition-it.com,linkedin.com/in/shari-balker,,Director,blitz,https://www.linkedin.com/company/intuition-it-intuitive-technology-recruitment,,NL,GB,pass,unknown,industry unknown
Sharon,Ball,Sharon Ball,Executive Vice President,iplacement,,linkedin.com/in/sharon-ball-a7a7a16,,VP,blitz,https://www.linkedin.com/company/iplacement,Staffing and Recruiting,US,US,pass,unknown,industry unknown
Sharon,Lewis,Sharon Lewis,Owner,HR Vision,,linkedin.com/in/sharon-lewis-4265605,,C-Team,blitz,https://www.linkedin.com/company/hr-vision,Human Resources Services,US,US,pass,unknown,industry unknown
Shawn,Mahoney,Shawn Mahoney,President,The Mahoney Group LLC,,linkedin.com/in/shawnmahoney-president-tmg,,C-Team,blitz,https://www.linkedin.com/company/the-mahoney-group-llc,Staffing and Recruiting,US,US,pass,unknown,industry unknown
Sheerly,Cohen,Sheerly Cohen,Founder & CEO,Innovative People Solutions,,linkedin.com/in/sheerly-cohen-4a8ab477,,C-Team,blitz,https://www.linkedin.com/company/innovative-people-solutions,Human Resources Services,US,US,pass,unknown,industry unknown
Shelia,Prince,Shelia Prince,Owner,Prince & Associates,,linkedin.com/in/shelia-prince-35a7984,,C-Team,blitz,https://www.linkedin.com/company/prince-&-associates,Human Resources Services,US,US,pass,unknown,industry unknown
Sheri,Evey,Sheri Evey,Owner,Search Smart,,linkedin.com/in/sheri-evey-11123,,C-Team,blitz,https://www.linkedin.com/company/search-smart,Staffing and Recruiting,US,US,pass,unknown,industry unknown
Sherri McGimsey,Sherri's School of Dance,Sherri McGimsey Sherri's School of Dance,Owner & instructor,"Carolinas Human Resource Consultants, Inc.",,linkedin.com/in/sherri-mcgimsey-sherri-s-school-of-dance-1a407468,,C-Team,blitz,https://www.linkedin.com/company/carolinas-human-resource-consultants-inc.,Human Resources Services,US,US,pass,unknown,industry unknown
Sherrie,Laporta,Sherrie Laporta,CEO,Integrated Staffing Solutions,,linkedin.com/in/sherrie-laporta-512677b,,C-Team,blitz,https://www.linkedin.com/company/integrated-staffing-solutions,Staffing and Recruiting,US,US,pass,unknown,industry unknown
Shubhangi,Sethi,Shubhangi Sethi,Director of Finance,KYYBA Inc,kyyba.com,linkedin.com/in/shubhangi-sethi-131b6036,,Director,blitz,https://www.linkedin.com/company/kyyba-inc,,US,US,pass,unknown,industry unknown
Sia,Fasuluku,Sia Fasuluku,Partner,Divine Hands,,linkedin.com/in/sia-fasuluku-74821a2b,,C-Team,blitz,https://www.linkedin.com/company/divine-hands,Staffing and Recruiting,NL,US,pass,unknown,industry unknown
Silvio,Mejia,Silvio Mejia,Environmental Director for housekeeping,"HCSG STAFF LEASING SOLUTIONS, LLC",,linkedin.com/in/silvio-mejia-29a7592ba,,Director,blitz,https://www.linkedin.com/company/hcsg-staff-leasing-solutions-llc,Human Resources Services,US,US,pass,unknown,industry unknown
Simon,Ens,Simon Ens,Partner,Effection Network GmbH,,linkedin.com/in/simon-ens-a080a6233,,C-Team,blitz,https://www.linkedin.com/company/effection-network-gmbh,Staffing and Recruiting,DE,US,pass,unknown,industry unknown
Simon,Fellowes,Simon Fellowes,Owner,Futuro Group,,linkedin.com/in/simon-fellowes-4373402,,C-Team,blitz,https://www.linkedin.com/company/futuro-group,Staffing and Recruiting,GB,NL,pass,unknown,industry unknown
Simon,Fellowes,Simon Fellowes,Owner,Futuro Group,,linkedin.com/in/simon-fellowes-648626,,C-Team,blitz,https://www.linkedin.com/company/futuro-group,Staffing and Recruiting,GB,NL,pass,unknown,industry unknown
Simon,Pavey,Simon Pavey,Director,The London Sash Window Company Limited,,linkedin.com/in/simon-pavey-03013a149,,Director,blitz,https://www.linkedin.com/company/the-london-sash-window-company-limited,Staffing and Recruiting,GB,GB,pass,unknown,industry unknown
Simon,Smith,Simon Smith,Executive Director,Venatus,,linkedin.com/in/simon-smith-33578,,Director,blitz,https://www.linkedin.com/company/venatus,Human Resources Services,GB,GB,pass,unknown,industry unknown
Simon,Cannon,Simon Cannon,Co-Founder & Director,Nobul Resourcing Solutions,nobulrs.com,linkedin.com/in/simoncannon,,C-Team,blitz,https://www.linkedin.com/company/nobul-resourcing-solutions,,GB,GB,pass,unknown,industry unknown
Sofie,Kruse Møller,Sofie Kruse Møller,Head of Search,SORTH & CO,sorthco.dk,linkedin.com/in/sofiekrusemøller,,Director,blitz,https://www.linkedin.com/company/sorth-&-co,,DK,DK,pass,unknown,industry unknown
Solange,RILOS LETOURNEUR,Solange RILOS LETOURNEUR,Présidente,Groupe ECS,,linkedin.com/in/solange-rilos-letourneur-23b882a5,,C-Team,blitz,https://www.linkedin.com/company/groupe-ecs,Human Resources Services,FR,FR,pass,unknown,industry unknown
Sonja,Schleser,Sonja Schleser,Head of Undivi Leadership,Undivi,undivi.at,linkedin.com/in/sonja-schleser-ba500476,,Director,blitz,https://www.linkedin.com/company/undivi,,AT,AT,pass,unknown,industry unknown
Sonny,Gupta,Sonny Gupta,Director of Operations,Prime Spot,,linkedin.com/in/sonny-gupta-a483a61,,Director,blitz,https://www.linkedin.com/company/prime-spot,Staffing and Recruiting,US,US,pass,unknown,industry unknown
Sonya,Curley,Sonya Curley,Director,Rescon IT,,linkedin.com/in/sonya-curley-85b1714,,Director,blitz,https://www.linkedin.com/company/rescon-it,Staffing and Recruiting,IE,IE,pass,unknown,industry unknown
Sophie,Taylor,Sophie Taylor,Head of Research and Business Devlopment,Adjacency Recruitment Group,adjacency.co.uk,linkedin.com/in/sophie-taylor-8b9371233,,Director,blitz,https://www.linkedin.com/company/adjacency-recruitment,,GB,GB,pass,unknown,industry unknown
Søren Kjærgaard,Kristiansen,Søren Kjærgaard Kristiansen,Partner,SORTH & CO,sorthco.dk,linkedin.com/in/sorenkristiansen,,C-Team,blitz,https://www.linkedin.com/company/sorth-&-co,,DK,DK,pass,unknown,industry unknown
Srinivas,Yerram,Srinivas Yerram,Director - Operations and Delivery,Intuition IT Solutions,intuition-it.com,linkedin.com/in/srini82,,Director,blitz,https://www.linkedin.com/company/intuition-it-intuitive-technology-recruitment,,GB,GB,pass,unknown,industry unknown
Stefania,Castagnoli,Stefania Castagnoli,Titolare,STUDIO PROFESSIONSALE PROPRIO,,linkedin.com/in/stefania-castagnoli-2a319738,,C-Team,blitz,https://www.linkedin.com/company/studio-professionsale-proprio,Human Resources Services,IT,IT,pass,unknown,industry unknown
Stefano,Cocchini,Stefano Cocchini,Amministratore delegato,.,,linkedin.com/in/stefano-cocchini-b42990172,,C-Team,blitz,https://www.linkedin.com/company/samp-asesor-a-laboral,Human Resources Services,IT,ES,pass,unknown,industry unknown
Stefanos,Alkidis,Stefanos Alkidis,Co-Founder & CCO,linq,collegelink.gr,linkedin.com/in/stefanos-alkidis-143714a4,,C-Team,blitz,https://www.linkedin.com/company/linqgreece,,GR,GR,pass,unknown,industry unknown
Stefan,Pieters,Stefan Pieters,Oprichter,Work@Projects,workatprojects.nl,linkedin.com/in/stefanpietersfooq,,C-Team,blitz,https://www.linkedin.com/company/workatprojects,,NL,NL,pass,unknown,industry unknown
Steffen,Sørensen,Steffen Sørensen,Business Unit Director,Hammer Andersen,hammerandersen.com,linkedin.com/in/steffen-sørensen-141aa756,,Director,blitz,https://www.linkedin.com/company/hammerandersenrecruitment,,DK,DK,pass,unknown,industry unknown
Martin,Stemeseder,Martin Stemeseder,Co-Founder,Undivi,undivi.at,linkedin.com/in/stemes,,C-Team,blitz,https://www.linkedin.com/company/undivi,,AT,AT,pass,unknown,industry unknown
Steph,Frost,Steph Frost,cfo,Hall Kinion,,linkedin.com/in/steph-frost-04212240,,C-Team,blitz,https://www.linkedin.com/company/hall-kinion,Staffing and Recruiting,US,US,pass,unknown,industry unknown
Stephan,Detry,Stephan Detry,Owner,H&S Consulting,,linkedin.com/in/stephan-detry-16849128,,C-Team,blitz,https://www.linkedin.com/company/h&s-consulting,Staffing and Recruiting,BE,US,pass,unknown,industry unknown
Stephanie,Chesson,Stephanie Chesson,Chief Executive Officer,Technical Source,technicalsource.com,linkedin.com/in/stephanie-chesson-bb99772ba,,C-Team,blitz,https://www.linkedin.com/company/technical-source-llc,,US,US,pass,unknown,industry unknown
Stephanie,Marin,Stephanie Marin,Director of Client Relations,"Tryfacta, Inc.",tryfacta.com,linkedin.com/in/stephanie-marin,,Director,blitz,https://www.linkedin.com/company/tryfactainc,,US,US,pass,unknown,industry unknown
Stephanie,Markese,Stephanie Markese,VP/Co-Founder,NextPath Workforce Solutions,nextpathcp.com,linkedin.com/in/stephanie-markese-81ba792b1,,C-Team,blitz,https://www.linkedin.com/company/nextpathcp,,US,US,pass,unknown,industry unknown
Stephanie,Markese,Stephanie Markese,Co-Founder/SVP of Sales & Operations,NextPath Workforce Solutions,nextpathcp.com,linkedin.com/in/stephaniemookas,,C-Team,blitz,https://www.linkedin.com/company/nextpathcp,,US,US,pass,unknown,industry unknown
Stephany,Bebout,Stephany Bebout,Director of Nursing,Risen Son Christian Village,,linkedin.com/in/stephany-bebout-9415412b3,,Director,blitz,https://www.linkedin.com/company/risen-son-christian-village,Staffing and Recruiting,US,US,pass,unknown,industry unknown
Stephen,Rideout,Stephen Rideout,Account Director,NextPath Workforce Solutions,nextpathcp.com,linkedin.com/in/stephenrideout,,Director,blitz,https://www.linkedin.com/company/nextpathcp,,US,US,pass,unknown,industry unknown
Steve,Cox,Steve Cox,Recruitment Director,Walker Healthforce,walkerhealthforce.com,linkedin.com/in/steve-cox-39429220,,Director,blitz,https://www.linkedin.com/company/walkerhealthforce,,US,US,pass,unknown,industry unknown
Steve,Hallam,Steve Hallam,Director,Accountancy Additions,,linkedin.com/in/steve-hallam-a33a6516,,Director,blitz,https://www.linkedin.com/company/accountancy-additions,Staffing and Recruiting,GB,GB,pass,unknown,industry unknown
Steve,Hinchliffe,Steve Hinchliffe,Owner,ASH Consulting,,linkedin.com/in/steve-hinchliffe-685930,,C-Team,blitz,https://www.linkedin.com/company/ash-consulting,Staffing and Recruiting,GB,US,pass,unknown,industry unknown
Steve,Horowitz,Steve Horowitz,Owner,Strategic Workforce Solutions,,linkedin.com/in/steve-horowitz-222425,,C-Team,blitz,https://www.linkedin.com/company/strategic-workforce-solutions,Staffing and Recruiting,US,US,pass,unknown,industry unknown
Steve,Kane,Steve Kane,President,Kane & Associates,,linkedin.com/in/steve-kane-28aa3b40,,C-Team,blitz,https://www.linkedin.com/company/kane-&-associates,Staffing and Recruiting,US,US,pass,unknown,industry unknown
Steve,Lowit,Steve Lowit,Owner,iSymetry,,linkedin.com/in/steve-lowit-3a61b42,,C-Team,blitz,https://www.linkedin.com/company/isymetry,Staffing and Recruiting,US,US,pass,unknown,industry unknown
steve,moore,steve moore,president,ACR,,linkedin.com/in/steve-moore-0447a8a4,,C-Team,blitz,https://www.linkedin.com/company/acr,Human Resources Services,US,US,pass,unknown,industry unknown
Steve,Pansky,Steve Pansky,Director of Risk Management,AccountAbilities,,linkedin.com/in/steve-pansky-8898377,,Director,blitz,https://www.linkedin.com/company/accountabilities,Staffing and Recruiting,US,US,pass,unknown,industry unknown
Steve,Popper,Steve Popper,Partner,Sextant Search Partners,,linkedin.com/in/steve-popper-b39230,,C-Team,blitz,https://www.linkedin.com/company/sextant-search-partners,Staffing and Recruiting,US,US,pass,unknown,industry unknown
Steve,Rynton,Steve Rynton,director,Esprit People,,linkedin.com/in/steve-rynton-5a4b6b8,,Director,blitz,https://www.linkedin.com/company/esprit-people,Staffing and Recruiting,GB,US,pass,unknown,industry unknown
Steve,Vasilakos,Steve Vasilakos,VP of Technology,Ditro,,linkedin.com/in/steve-vasilakos-7487206,,VP,blitz,https://www.linkedin.com/company/ditro,Staffing and Recruiting,US,NL,pass,unknown,industry unknown
Steven,Bernardin,Steven Bernardin,Owner,PHR Group,,linkedin.com/in/steven-bernardin-3a07ab3,,C-Team,blitz,https://www.linkedin.com/company/phr-group,Staffing and Recruiting,US,US,pass,unknown,industry unknown
Steven,Irvine,Steven Irvine,Director,Cierti,movement8.co.uk,linkedin.com/in/steven-irvine-9977b6b8,,Director,blitz,https://www.linkedin.com/company/cierti,,GB,GB,pass,unknown,industry unknown
Steven J.,Siegel,Steven J. Siegel,President,Siegel & Associates,,linkedin.com/in/steven-j-siegel-2b210a20,,C-Team,blitz,https://www.linkedin.com/company/siegel-&-associates,Staffing and Recruiting,US,US,pass,unknown,industry unknown
Steven,Moran,Steven Moran,Vice President of Sales,Supportwave,supportwave.com,linkedin.com/in/steven-moran-a58254109,,VP,blitz,https://www.linkedin.com/company/supportwave,,IE,GB,pass,unknown,industry unknown
Stijn,Reinders,Stijn Reinders,Founder,Clean Sheet!,,linkedin.com/in/stijn-reinders-ab41781a2,,C-Team,blitz,https://www.linkedin.com/company/cleansheet,Staffing and Recruiting,NL,NL,pass,unknown,industry unknown
stuart,leung,stuart leung,art director,Ogilvie & Associates,,linkedin.com/in/stuart-leung-783b4422,,Director,blitz,https://www.linkedin.com/company/ogilvie-&-associates,Staffing and Recruiting,GB,US,pass,unknown,industry unknown
Stuart,Vincent,Stuart Vincent,Director of London,Core3 | B Corp™,core3.co.uk,linkedin.com/in/stuart-vincent-58548610b,,Director,blitz,https://www.linkedin.com/company/core3-uk,,GB,GB,pass,unknown,industry unknown
Stuart,Ringland,Stuart Ringland,Director,Lusona Consultancy,lusona.co.uk,linkedin.com/in/stuartringland,,Director,blitz,https://www.linkedin.com/company/lusona-consultancy-group-limited,,GB,GB,pass,unknown,industry unknown
Sujith,Kurup,Sujith Kurup,Vice President - Client Services,Apidel Technologies,apideltech.com,linkedin.com/in/stukurup,,VP,blitz,https://www.linkedin.com/company/apidel-technologies,,US,US,pass,unknown,industry unknown
Sue,Johnson,Sue Johnson,"Director, Human Resources",Business Recruiting Network LLC,,linkedin.com/in/sue-johnson-8471255,,Director,blitz,https://www.linkedin.com/company/business-recruiting-network-llc,Human Resources Services,US,US,pass,unknown,industry unknown
Sue,Seitz,Sue Seitz,Business Owner,Nail Salons,,linkedin.com/in/sue-seitz-665b46109,,C-Team,blitz,https://www.linkedin.com/company/nail-salons,Staffing and Recruiting,US,US,pass,unknown,industry unknown
Suhail,Shaikh,Suhail Shaikh,Head of Recruiting Operations,Andvaris Inc,andvaris.com,linkedin.com/in/suhail-shaikh,,Director,blitz,https://www.linkedin.com/company/andvarisinc,,US,US,pass,unknown,industry unknown
Sumin,An,Sumin An,Regional Sales & Operation Director,Nexien Inc.,nexien.com,linkedin.com/in/sumin-an-2728a750,,Director,blitz,https://www.linkedin.com/company/nexien-inc,,US,US,pass,unknown,industry unknown
Sunil,D,Sunil D,Senior Director,"Tryfacta, Inc.",tryfacta.com,linkedin.com/in/sunil-d-345775170,,Director,blitz,https://www.linkedin.com/company/tryfactainc,,US,US,pass,unknown,industry unknown
Sunil,Johnson,Sunil Johnson,Director - Enterprise Partnerships,CultureMonkey,culturemonkey.io,linkedin.com/in/sunil-johnson-83755767,,Director,blitz,https://www.linkedin.com/company/culturemonkeyhq,,US,US,pass,unknown,industry unknown
Susan,Edwards,Susan Edwards,Director,K and G Recruiting,,linkedin.com/in/susan-edwards-677aaba,,Director,blitz,https://www.linkedin.com/company/k-and-g-recruiting,Staffing and Recruiting,US,US,pass,unknown,industry unknown
Susan,Redge MD,Susan Redge MD,Executive Director of Recruiting Operations,USA Jobs,,linkedin.com/in/susan-redge-md-32403a44,,Director,blitz,https://www.linkedin.com/company/jobs-in-usaaaaaa,Staffing and Recruiting,US,US,pass,unknown,industry unknown
Susan,Tomchek,Susan Tomchek,Co-owner,People Management,,linkedin.com/in/susan-tomchek-99442a7,,C-Team,blitz,https://www.linkedin.com/company/people-management,Human Resources Services,US,US,pass,unknown,industry unknown
Sylvain,Cambon,Sylvain Cambon,Fondateur & CEO,Intonae,challenge-recrutement.fr,linkedin.com/in/sylvain-cambon-5ba2b035,,C-Team,blitz,https://www.linkedin.com/company/intonae,,FR,FR,pass,unknown,industry unknown
Marc,Sylvester,Marc Sylvester,Vice President & Business Line Manager,Connext,connextglobal.com,linkedin.com/in/sylvestermarc,,VP,blitz,https://www.linkedin.com/company/connextglobalsolutions,,US,US,pass,unknown,industry unknown
Ádám,S.,Ádám S.,SAP & ECM Business Development Director,IDBC Group,idbc.hu,linkedin.com/in/szalaiadam,,Director,blitz,https://www.linkedin.com/company/idbc-group-talent-projects-go,,HU,HU,pass,unknown,industry unknown
Szeles,Janos,Szeles Janos,Head of Department,MIS Consulting Group,,linkedin.com/in/szeles-janos-b729996,,Director,blitz,https://www.linkedin.com/company/mis-consulting-group,Staffing and Recruiting,HU,US,pass,unknown,industry unknown
Szymon,Ciesiółka,Szymon Ciesiółka,Prezes Zarządu,STAFFing Spółka Z O.O.,,linkedin.com/in/szymon-ciesiółka-8246a0b5,,C-Team,blitz,https://www.linkedin.com/company/staffing-sp%c3%b3%c5%82ka-z-o-o,Human Resources,PL,PL,pass,unknown,industry unknown
T,Shackle,T Shackle,President / CEO,Performance Personnel,,linkedin.com/in/t-shackle-4a77b515,,C-Team,blitz,https://www.linkedin.com/company/performance-personnel,Staffing and Recruiting,US,US,pass,unknown,industry unknown
Tae Joon,Song,Tae Joon Song,Senior Director of Product Management,Nexien Inc.,nexien.com,linkedin.com/in/taejoonsong,,Director,blitz,https://www.linkedin.com/company/nexien-inc,,US,US,pass,unknown,industry unknown
Tammy,Edgar,Tammy Edgar,Marketing Director,Environaire Corp,,linkedin.com/in/tammy-edgar-408245310,,Director,blitz,https://www.linkedin.com/company/environaire-corp,Human Resources Services,US,US,pass,unknown,industry unknown
Tanya,womble,Tanya womble,Director,Independent Recuriter and HR Professional,,linkedin.com/in/tanya-womble-5534128,,Director,blitz,https://www.linkedin.com/company/independent-recuriter-and-hr-professional,Human Resources Services,US,US,pass,unknown,industry unknown
Taylor,Goucher,Taylor Goucher,Vice President of Sales and Marketing,Connext,connextglobal.com,linkedin.com/in/taylorgoucher,,VP,blitz,https://www.linkedin.com/company/connextglobalsolutions,,US,US,pass,unknown,industry unknown
Tccoc,Paul Snyder,Tccoc Paul Snyder,Executive Director,People Helper.,,linkedin.com/in/tccoc-paul-snyder-2707603b,,Director,blitz,https://www.linkedin.com/company/people-helper.,Human Resources Services,US,US,pass,unknown,industry unknown
Tel,Ganesan,Tel Ganesan,Founder & Executive Chairman,KYYBA Inc,kyyba.com,linkedin.com/in/telkganesan,,C-Team,blitz,https://www.linkedin.com/company/kyyba-inc,,US,US,pass,unknown,industry unknown
Teodora,V.,Teodora V.,Organisational Growth & Talent Search Partner / Future of Work & People Solutions,EvolveTalent®,evolvetalent.eu,linkedin.com/in/teodoravalentino,,C-Team,blitz,https://www.linkedin.com/company/evolvetalent1,,IT,DE,pass,unknown,industry unknown
Terry,Cooper,Terry Cooper,VP,BrokerHunter,brokerhunter.com,linkedin.com/in/terry-cooper-a76a444,,VP,blitz,https://www.linkedin.com/company/brokerhunter.com,,US,US,pass,unknown,industry unknown
Eric,Murphy,Eric Murphy,President,The Murphy Group,,linkedin.com/in/themurphygroup,,C-Team,blitz,https://www.linkedin.com/company/the-murphy-group,Staffing and Recruiting,US,US,pass,unknown,industry unknown
Theo,Baines,Theo Baines,Internet Entrepreneur,The Empower Network,,linkedin.com/in/theo-baines-16a0ab5b,,C-Team,blitz,https://www.linkedin.com/company/the-empower-network,Staffing and Recruiting,US,US,pass,unknown,industry unknown
Theo,Kitchen,Theo Kitchen,Director,Alliance Abroad,allianceabroad.com,linkedin.com/in/theo-kitchen-91142b2,,Director,blitz,https://www.linkedin.com/company/allianceabroad,,US,US,pass,unknown,industry unknown
Theodore,Kitsos,Theodore Kitsos,"Board Member, Investor",linq,collegelink.gr,linkedin.com/in/theodore-kitsos-1115336,,Director,blitz,https://www.linkedin.com/company/linqgreece,,GR,GR,pass,unknown,industry unknown
Thierry,Bohn,Thierry Bohn,Owner,EURO CONSULTING PARTNERS,,linkedin.com/in/thierry-bohn-98091a,,C-Team,blitz,https://www.linkedin.com/company/euro-consulting-partners,Human Resources Services,ES,FR,pass,unknown,industry unknown
Thierry,Boquet,Thierry Boquet,Owner,IAGE,,linkedin.com/in/thierry-boquet-2a1b038,,C-Team,blitz,https://www.linkedin.com/company/iage,Staffing and Recruiting,FR,US,pass,unknown,industry unknown
Thiru,Ganesan,Thiru Ganesan,President & CEO,KYYBA Inc,kyyba.com,linkedin.com/in/thiruganesan,,C-Team,blitz,https://www.linkedin.com/company/kyyba-inc,,US,US,pass,unknown,industry unknown
Thomas,Ace,Thomas Ace,business owner,EGT Human Resources,,linkedin.com/in/thomas-ace-74754362,,C-Team,blitz,https://www.linkedin.com/company/egt-human-resources,Human Resources Services,US,US,pass,unknown,industry unknown
Thomas,Ackerson,Thomas Ackerson,"Managing Director, Technology Services",LaSalle Network,thelasallenetwork.com,linkedin.com/in/thomas-ackerson-4b220b7,,C-Team,blitz,https://www.linkedin.com/company/lasalle-network,,US,US,pass,unknown,industry unknown
Thomas,Seavey,Thomas Seavey,"National Managing Director, Professional Services",AccountAbilities,,linkedin.com/in/thomas-seavey-ba7a665b,,C-Team,blitz,https://www.linkedin.com/company/accountabilities,Staffing and Recruiting,US,US,pass,unknown,industry unknown
Thomas,Hansen,Thomas Hansen,Partner,SORTH & CO,sorthco.dk,linkedin.com/in/thomashansensorthco,,C-Team,blitz,https://www.linkedin.com/company/sorth-&-co,,DK,DK,pass,unknown,industry unknown
Tifiany,Walker,Tifiany Walker,Chief Executive Officer,Walker Healthforce,walkerhealthforce.com,linkedin.com/in/tifiany,,C-Team,blitz,https://www.linkedin.com/company/walkerhealthforce,,US,US,pass,unknown,industry unknown
Tim,Boitano,Tim Boitano,President,Masters & Associates,,linkedin.com/in/tim-boitano-1854393a,,C-Team,blitz,https://www.linkedin.com/company/masters-&-associates,Staffing and Recruiting,US,US,pass,unknown,industry unknown
Tim,Gheysen,Tim Gheysen,Managing Partner,Austin Bright,austinbright.com,linkedin.com/in/tim-gheysen-austinbright,,C-Team,blitz,https://www.linkedin.com/company/austin-bright,,BE,LU,pass,unknown,industry unknown
Tim,Jacobs,Tim Jacobs,Vice President,Oar Staffing,,linkedin.com/in/tim-jacobs-04673016a,,VP,blitz,https://www.linkedin.com/company/oar-staffing,Staffing and Recruiting,US,US,pass,unknown,industry unknown
Tim,M,Tim M,Owner,https://www.facebook.com/profile.php?id=100041290429237,,linkedin.com/in/tim-m-378556299,,C-Team,blitz,https://www.linkedin.com/company/https-www-facebook-com-profile-php-id-100041290429237,Staffing and Recruiting,US,US,pass,unknown,industry unknown
tim,morris,tim morris,Owner,Applause IT Recruitment,applauseit.co.uk,linkedin.com/in/tim-morris-5a134,,C-Team,blitz,https://www.linkedin.com/company/applause-it,,GB,GB,pass,unknown,industry unknown
Tim,Rohrer,Tim Rohrer,Director of Outside Sales,WorkMetro,,linkedin.com/in/tim-rohrer-3035702,,Director,blitz,https://www.linkedin.com/company/workmetro,Staffing and Recruiting,US,US,pass,unknown,industry unknown
Tim,Mobley,Tim Mobley,President,Connext,connextglobal.com,linkedin.com/in/timmobleyatconnext,,C-Team,blitz,https://www.linkedin.com/company/connextglobalsolutions,,US,US,pass,unknown,industry unknown
Tim,Smith,Tim Smith,"Managing Director, Growth & Strategy","The Imagine Group, An Imagine Company",imaginestaffing.net,linkedin.com/in/timosmith,,C-Team,blitz,https://www.linkedin.com/company/imagine-staffing-technology,,US,US,pass,unknown,industry unknown
Tito,Caceres,Tito Caceres,Founder and CEO,Bloom Talent Solutions,getbloomtalent.com,linkedin.com/in/tito-caceres,,C-Team,blitz,https://www.linkedin.com/company/bloom-talent-solutions,,US,US,pass,unknown,industry unknown
Todd,Carnevale,Todd Carnevale,entrepreneur,TMC CONSULTANTS,,linkedin.com/in/todd-carnevale-b04b0b91,,C-Team,blitz,https://www.linkedin.com/company/tmc-consultants-llc,Human Resources Services,US,US,pass,unknown,industry unknown
Todd,Pomerenke,Todd Pomerenke,Owner,Old Fashion Cleaning,,linkedin.com/in/todd-pomerenke-bb3035121,,C-Team,blitz,https://www.linkedin.com/company/old-fashion-cleaning,Human Resources Services,US,US,pass,unknown,industry unknown
Todd,Richards,Todd Richards,"Director, Workday Integration and Technology",Intuition IT Solutions,intuition-it.com,linkedin.com/in/toddrrichards,,Director,blitz,https://www.linkedin.com/company/intuition-it-intuitive-technology-recruitment,,US,GB,pass,unknown,industry unknown
Tom,Finn,Tom Finn,Vice President,The Hollister Group,hollistergroup.com,linkedin.com/in/tom-finn-32aa8a,,VP,blitz,https://www.linkedin.com/company/hollistergroup,,US,US,pass,unknown,industry unknown
Tom,Gimbel,Tom Gimbel,Board Member,LaSalle Network,thelasallenetwork.com,linkedin.com/in/tom-gimbel-1b0b8,,Director,blitz,https://www.linkedin.com/company/lasalle-network,,US,US,pass,unknown,industry unknown
Tom,Loopez,Tom Loopez,cfo,EGT Human Resources,,linkedin.com/in/tom-loopez-039a0563,,C-Team,blitz,https://www.linkedin.com/company/egt-human-resources,Human Resources Services,US,US,pass,unknown,industry unknown
Tom,Manning,Tom Manning,Vice President of Sales,Asurint,asurint.com,linkedin.com/in/tom-manning-195b2110,,VP,blitz,https://www.linkedin.com/company/asurint,,US,US,pass,unknown,industry unknown
Tom,Watkins,Tom Watkins,Owner,Veritas Consulting Group,,linkedin.com/in/tom-watkins-a95985,,C-Team,blitz,https://www.linkedin.com/company/veritas-consulting-group,Human Resources Services,US,US,pass,unknown,industry unknown
Tom and Bobbi,Best,Tom and Bobbi Best,Director,Best Resources,,linkedin.com/in/tombest,,Director,blitz,https://www.linkedin.com/company/best-resources,Staffing and Recruiting,US,US,pass,unknown,industry unknown
Tommy,Barsky,Tommy Barsky,Director of Talent Acquisition,Orion Agency,,linkedin.com/in/tommy-barsky-9008b4180,,Director,blitz,https://www.linkedin.com/company/orion-agency,Human Resources Services,CH,US,pass,unknown,industry unknown
Tony,Strickland,Tony Strickland,Vice President,Diversified Communications Group,,linkedin.com/in/tony-strickland-0652051,,VP,blitz,https://www.linkedin.com/company/diversified-communications-group,Staffing and Recruiting,US,US,pass,unknown,industry unknown
tony,tomkins,tony tomkins,Owner,Charles Fellowes,,linkedin.com/in/tony-tomkins-07236b4,,C-Team,blitz,https://www.linkedin.com/company/charles-fellowes,Staffing and Recruiting,GB,GB,pass,unknown,industry unknown
Tony,Tomkins,Tony Tomkins,Owner,Charles Fellowes,,linkedin.com/in/tony-tomkins-43092a7,,C-Team,blitz,https://www.linkedin.com/company/charles-fellowes,Staffing and Recruiting,GB,GB,pass,unknown,industry unknown
tony,torres,tony torres,Owner,Sales Force Search,,linkedin.com/in/tony-torres-24784838,,C-Team,blitz,https://www.linkedin.com/company/sales-force-search,Human Resources,US,US,pass,unknown,industry unknown
top,Top,top Top,Proprietario di azienda,Autista,,linkedin.com/in/top-top-ba3098225,,C-Team,blitz,https://www.linkedin.com/company/autista,Staffing and Recruiting,AT,US,pass,unknown,industry unknown
Traci,Matthews,Traci Matthews,Deputy Director,"Correctional Alternatives, Inc.",,linkedin.com/in/traci-matthews-aa845218,,Director,blitz,https://www.linkedin.com/company/correctional-alternatives-inc.,Human Resources,US,US,pass,unknown,industry unknown
Traci,"Williams, CPP","Traci Williams, CPP",Director of PEO Operations,Niural AI,niural.com,linkedin.com/in/traci-williams,,Director,blitz,https://www.linkedin.com/company/niural,,US,US,pass,unknown,industry unknown
Tracy,McCullom,Tracy McCullom,President & CEO,The Nolan Group,,linkedin.com/in/tracy-mccullom-534ab1,,C-Team,blitz,https://www.linkedin.com/company/the-nolan-group,Staffing and Recruiting,US,US,pass,unknown,industry unknown
Travis,Funk,Travis Funk,"COO/DAD -  Head of Logistics, Transportation, & Foodservice",Stay at Home Dad,,linkedin.com/in/travis-funk-6284146,,C-Team,blitz,https://www.linkedin.com/company/stay-at-home-dad7,Human Resources Services,US,US,pass,unknown,industry unknown
Travis,Walker,Travis Walker,VP Recruiting,The Carlisle Group,,linkedin.com/in/travis-walker-9700a46,,VP,blitz,https://www.linkedin.com/company/the-carlisle-group,Staffing and Recruiting,US,US,pass,unknown,industry unknown
Travis,Worley,Travis Worley,Director of Systems Management,Alliance Abroad,allianceabroad.com,linkedin.com/in/travis-worley,,Director,blitz,https://www.linkedin.com/company/allianceabroad,,US,US,pass,unknown,industry unknown
Tricia,Masi,Tricia Masi,Director,hyrUP,hyrup.co,linkedin.com/in/tricia-masi-a9b52416,,Director,blitz,https://www.linkedin.com/company/hyrup,,US,US,pass,unknown,industry unknown
Trisha,Nord,Trisha Nord,Head of Mid Market Sales,Benepass,getbenepass.com,linkedin.com/in/trisha-nord,,Director,blitz,https://www.linkedin.com/company/benepass,,US,US,pass,unknown,industry unknown
Troy,Jaklich,Troy Jaklich,Director of Sales and Marketing,LMC Resources,,linkedin.com/in/troy-jaklich-6931b9,,Director,blitz,https://www.linkedin.com/company/lmc-resources,Human Resources,US,US,pass,unknown,industry unknown
Robert C.,Trzcinski,Robert C. Trzcinski,Director of Sales,LaSalle Network,thelasallenetwork.com,linkedin.com/in/trzcinskirobert,,Director,blitz,https://www.linkedin.com/company/lasalle-network,,US,US,pass,unknown,industry unknown
.Naftuly (Tuli),Kraus,.Naftuly (Tuli) Kraus,CEO,Blackbird Recruiting,,linkedin.com/in/tuli-kraus,,C-Team,blitz,https://www.linkedin.com/company/blackbird-recruiting,Staffing and Recruiting,US,US,pass,unknown,industry unknown
Thomas,Watson,Thomas Watson,Founder & Managing Partner,TWG Talent Solutions,twgtalentsolutions.com,linkedin.com/in/twgtalentsolutions,,C-Team,blitz,https://www.linkedin.com/company/encore-time,,US,US,pass,unknown,industry unknown
Tyrance,Tyrance Jacobs,Tyrance Tyrance Jacobs,Owner of TRJ Properties and Construction,People Helper.,,linkedin.com/in/tyrance-tyrance-jacobs-82930640,,C-Team,blitz,https://www.linkedin.com/company/people-helper.,Human Resources Services,US,US,pass,unknown,industry unknown
Udo,Müller,Udo Müller,Direktor,N.O.E RH,,linkedin.com/in/udo-müller-96830528,,Director,blitz,https://www.linkedin.com/company/n.o.e-rh,Human Resources Services,HU,FR,pass,unknown,industry unknown
Ulla,Hansen,Ulla Hansen,CFO,Belle Balance,,linkedin.com/in/ulla-hansen-015b1b5,,C-Team,blitz,https://www.linkedin.com/company/belle-balance,Human Resources Services,DK,DK,pass,unknown,industry unknown
Vandana,Rajput,Vandana Rajput,Senior Director of Client Engagement,Sustainable Talent,sustainabletalent.com,linkedin.com/in/vandanarajput,,Director,blitz,https://www.linkedin.com/company/stalentos.com,,US,US,pass,unknown,industry unknown
Vanessa,Cobb,Vanessa Cobb,Environmental Services Director,Phenix City Health Care,,linkedin.com/in/vanessa-cobb-b91964249,,Director,blitz,https://www.linkedin.com/company/phenix-city-health-care,Human Resources Services,US,US,pass,unknown,industry unknown
Vanessa,Durant,Vanessa Durant,Vice-président exécutif,Chef Talent Agency,,linkedin.com/in/vanessa-durant-140605108,,VP,blitz,https://www.linkedin.com/company/chefjobs,Staffing and Recruiting,FR,US,pass,unknown,industry unknown
Vanessa,Russell,Vanessa Russell,Management Director,Agape Global,,linkedin.com/in/vanessa-russell-42161427a,,Director,blitz,https://www.linkedin.com/company/agape-global,Staffing and Recruiting,IE,IE,pass,unknown,industry unknown
Vasantha,Madasu,Vasantha Madasu,Chief Executive Officer,QvalFocus Inc.,qvalfocus.com,linkedin.com/in/vasanthamadasu,,C-Team,blitz,https://www.linkedin.com/company/qvalfocus,,US,US,pass,unknown,industry unknown
Vasil,Uzunov,Vasil Uzunov,Owner,.,,linkedin.com/in/vasil-uzunov-5b611617a,,C-Team,blitz,https://www.linkedin.com/company/samp-asesor-a-laboral,Human Resources Services,MK,ES,pass,unknown,industry unknown
Vasily,Kuznetsov,Vasily Kuznetsov,VP,EGT Human Resources,,linkedin.com/in/vasily-kuznetsov-a3061765,,VP,blitz,https://www.linkedin.com/company/egt-human-resources,Human Resources Services,US,US,pass,unknown,industry unknown
Vernay,Green,Vernay Green,Director Of Environmental Services,"HCSG STAFF LEASING SOLUTIONS, LLC",,linkedin.com/in/vernay-green-614a53217,,Director,blitz,https://www.linkedin.com/company/hcsg-staff-leasing-solutions-llc,Human Resources Services,US,US,pass,unknown,industry unknown
Victoria,G.,Victoria G.,Chief Marketing Officer,Orion Agency,,linkedin.com/in/victoria-g-a5814a17a,,C-Team,blitz,https://www.linkedin.com/company/orion-agency,Human Resources Services,CH,US,pass,unknown,industry unknown
VICTORIA,KOSTAKIS,VICTORIA KOSTAKIS,MARKETING DIRECTOR,Globel,,linkedin.com/in/victoria-kostakis-8978b455,,Director,blitz,https://www.linkedin.com/company/globel,Staffing and Recruiting,US,DK,pass,unknown,industry unknown
Viktor,Ilievski,Viktor Ilievski,Owner,.,,linkedin.com/in/viktor-ilievski-3a7798138,,C-Team,blitz,https://www.linkedin.com/company/samp-asesor-a-laboral,Human Resources Services,MK,ES,pass,unknown,industry unknown
Viktor,Pap,Viktor Pap,Head of Marketing,IDBC Group,idbc.hu,linkedin.com/in/viktor-pap,,Director,blitz,https://www.linkedin.com/company/idbc-group-talent-projects-go,,HU,HU,pass,unknown,industry unknown
Viktorija,Griciuvienė,Viktorija Griciuvienė,"Vice-President, President 2015-2016",Personalo vadovų klubas,,linkedin.com/in/viktorija-griciuvienė-12593330,,C-Team,blitz,https://www.linkedin.com/company/lietuvos-personalo-vadov%c5%b3-klubas,Human Resources,LT,US,pass,unknown,industry unknown
Vim,Matharu,Vim Matharu,Operations Director,Andrew Farr Associates,,linkedin.com/in/vim-matharu-b73b5a9,,Director,blitz,https://www.linkedin.com/company/andrew-farr-associates,Staffing and Recruiting,GB,GB,pass,unknown,industry unknown
Vina,O.,Vina O.,People & Culture Consultant / Fractional Head of People,Self Employed,,linkedin.com/in/vina-ortiz,,Director,blitz,https://www.linkedin.com/company/summit-county-alcohol-drug-addiction-&-mental-health-services-board,Human Resources Services,US,US,pass,unknown,industry unknown
Vinayak,Hegde,Vinayak Hegde,President and CTO,Sage Associates,,linkedin.com/in/vinayakhegde,,C-Team,blitz,https://www.linkedin.com/company/sage-associates,Staffing and Recruiting,US,US,pass,unknown,industry unknown
Vincent,Tarroja,Vincent Tarroja,Director,"Starr Recruiting, Incorporated",,linkedin.com/in/vincent-tarroja-5507581a,,Director,blitz,https://www.linkedin.com/company/starr-recruiting-incorporated,Staffing and Recruiting,US,US,pass,unknown,industry unknown
Vincent,Valentino,Vincent Valentino,VP,Executive Management,,linkedin.com/in/vincent-valentino-4224223,,VP,blitz,https://www.linkedin.com/company/executive-management,Staffing and Recruiting,US,US,pass,unknown,industry unknown
Virginija,Šležaitė,Virginija Šležaitė,CEO,GoDoJob,godojob.lt,linkedin.com/in/virginija-šležaitė-0b0552134,,C-Team,blitz,https://www.linkedin.com/company/godojob,,LT,LT,pass,unknown,industry unknown
Vishal,Gandhi,Vishal Gandhi,Finance Director,Intuition IT Solutions,intuition-it.com,linkedin.com/in/vishal-gandhi-09209a4,,Director,blitz,https://www.linkedin.com/company/intuition-it-intuitive-technology-recruitment,,GB,GB,pass,unknown,industry unknown
Warren,Gauthier,Warren Gauthier,Director of Quality,Asgard Resources,,linkedin.com/in/warren-gauthier-0940617,,Director,blitz,https://www.linkedin.com/company/asgard-resources,Staffing and Recruiting,US,US,pass,unknown,industry unknown
Wilke,Schütte,Wilke Schütte,Geschäftsführer,Peter Braun Personalberatung,pbp-bremen.de,linkedin.com/in/wilkeschütteelbhunter,,C-Team,blitz,https://www.linkedin.com/company/peter-braun-personalberatung,,DE,DE,pass,unknown,industry unknown
Will,Oliver,Will Oliver,Board Member,Connext,connextglobal.com,linkedin.com/in/will-oliver-55576271,,Director,blitz,https://www.linkedin.com/company/connextglobalsolutions,,US,US,pass,unknown,industry unknown
Will,Shipley,Will Shipley,Director,Varnom Ross,varnomross.com,linkedin.com/in/will-shipley-847713bb,,Director,blitz,https://www.linkedin.com/company/varnom-ross,,GB,GB,pass,unknown,industry unknown
William,Malenzi,William Malenzi,"Partner, Benefits Consulting",Critical Path Advisors,criticalpathadvisors.com,linkedin.com/in/william-malenzi-08000a18,,C-Team,blitz,https://www.linkedin.com/company/criticalpathadvisors,,US,US,pass,unknown,industry unknown
Willie A,Farrow,Willie A Farrow,Managing Partner,Human Resource Consultants,,linkedin.com/in/williefarrow,,C-Team,blitz,https://www.linkedin.com/company/human-resource-consultants,Human Resources Services,US,US,pass,unknown,industry unknown
Will,Morris,Will Morris,Founder,Profectus Recruitment,profectusrecruitment.co.uk,linkedin.com/in/willmorris,,C-Team,blitz,https://www.linkedin.com/company/profectusrecruitment,,GB,GB,pass,unknown,industry unknown
Wojciech,Bartz,Wojciech Bartz,Partner - Head of Business Services Practice,Wyser,wyser-search.com,linkedin.com/in/wojciech-bartz-14b21150,,C-Team,blitz,https://www.linkedin.com/company/wyser,,PL,IT,pass,unknown,industry unknown
Wolfgang,Bach,Wolfgang Bach,Geschäftsführer,Eigener,,linkedin.com/in/wolfgang-bach-4592a22b0,,C-Team,blitz,https://www.linkedin.com/company/eigener,Human Resources Services,DE,NL,pass,unknown,industry unknown
Wolfgang,Mayer,Wolfgang Mayer,HR - Geschäftsführer,MAYER Personalmanagement,mayer.co.at,linkedin.com/in/wolfgang-mayer-68b388a6,,C-Team,blitz,https://www.linkedin.com/company/mayer-personalmanagement,,AT,AT,pass,unknown,industry unknown
Wolfgang,Schaa,Wolfgang Schaa,COO & Co-Founder,Qwantix Recruitment GmbH,qwantix.de,linkedin.com/in/wolfgangschaa,,C-Team,blitz,https://www.linkedin.com/company/qwantix,,DE,DE,pass,unknown,industry unknown
Won-Young,AHN,Won-Young AHN,"Director, Talent Solution Service",Nexien Inc.,nexien.com,linkedin.com/in/won-young-ahn-83291925,,Director,blitz,https://www.linkedin.com/company/nexien-inc,,US,US,pass,unknown,industry unknown
Wooyoung,Lim,Wooyoung Lim,Senior Managing Director / Head of Sales,Nexien Inc.,nexien.com,linkedin.com/in/wooyoung-lim-23130ba8,,C-Team,blitz,https://www.linkedin.com/company/nexien-inc,,US,US,pass,unknown,industry unknown
Xavier,ROLLAND,Xavier ROLLAND,Co-fondateur,Ludwig,,linkedin.com/in/xavier-rolland-850014a4,,C-Team,blitz,https://www.linkedin.com/company/ludwig-conseil,Human Resources,FR,FR,pass,unknown,industry unknown
Yannis,Imelos,Yannis Imelos,Co-Founder & CEO,linq,collegelink.gr,linkedin.com/in/yannis-imelos,,C-Team,blitz,https://www.linkedin.com/company/linqgreece,,GR,GR,pass,unknown,industry unknown
Yassine,K.,Yassine K.,Head of Growth,Cherry Pick,cherry-pick.io,linkedin.com/in/yassine-khacham,,Director,blitz,https://www.linkedin.com/company/cherry-pick-freelances,,FR,FR,pass,unknown,industry unknown
Yolanda,Castillo,Yolanda Castillo,UK Director,Talents First - Executive Search & Selection,talentsfirst.com,linkedin.com/in/yolanda-castillo-0b7178bb,,Director,blitz,https://www.linkedin.com/company/talents-first,,GB,FR,pass,unknown,industry unknown
Youssef,A.,Youssef A.,Directeur des opérations,Cherry Pick,cherry-pick.io,linkedin.com/in/youa,,Director,blitz,https://www.linkedin.com/company/cherry-pick-freelances,,FR,FR,pass,unknown,industry unknown
Young H.,Kwon,Young H. Kwon,President,Nexien Inc.,nexien.com,linkedin.com/in/young-h-kwon-a38782275,,C-Team,blitz,https://www.linkedin.com/company/nexien-inc,,US,US,pass,unknown,industry unknown
Young,Kwon,Young Kwon,President,Nexien Inc.,nexien.com,linkedin.com/in/young-kwon-9271102b,,C-Team,blitz,https://www.linkedin.com/company/nexien-inc,,US,US,pass,unknown,industry unknown
Yvette,Rosales,Yvette Rosales,Director of Finance,Cameron Tucker Consulting,,linkedin.com/in/yvette-rosales-a6b985a,,Director,blitz,https://www.linkedin.com/company/cameron-tucker-consulting,Staffing and Recruiting,US,US,pass,unknown,industry unknown
Zach,Vogel,Zach Vogel,Chief Executive Officer,LaSalle Network,thelasallenetwork.com,linkedin.com/in/zacharyvogel,,C-Team,blitz,https://www.linkedin.com/company/lasalle-network,,US,US,pass,unknown,industry unknown
zain,sena,zain sena,Chief Executive Officer,Office Team Interim BE,,linkedin.com/in/zain-sena-497167168,,C-Team,blitz,https://www.linkedin.com/company/office-team-interim-be,Staffing and Recruiting,US,US,pass,unknown,industry unknown
Zamir,Wheeler CertRP,Zamir Wheeler CertRP,Recruitment Partner,Collins Property Recruitment,collinspropertyrecruitment.com,linkedin.com/in/zamir-wheeler-certrp-b75462277,,C-Team,blitz,https://www.linkedin.com/company/collins-property-recruitment,,GB,GB,pass,unknown,industry unknown
Zedrick,Gilo Roca,Zedrick Gilo Roca,Chief Executive Officer,Andvaris Inc,andvaris.com,linkedin.com/in/zedrick-gilo-roca-bb6b52b1,,C-Team,blitz,https://www.linkedin.com/company/andvarisinc,,US,US,pass,unknown,industry unknown
Zhanna,Saparova,Zhanna Saparova,Vice President of Participant Experience and Compliance,Alliance Abroad,allianceabroad.com,linkedin.com/in/zhanna-saparova-34a26947,,VP,blitz,https://www.linkedin.com/company/allianceabroad,,US,US,pass,unknown,industry unknown
Zsófia,Éles,Zsófia Éles,Head of Experts & Developers Business Unit,IDBC Group,idbc.hu,linkedin.com/in/zsofiaeles,,Director,blitz,https://www.linkedin.com/company/idbc-group-talent-projects-go,,HU,HU,pass,unknown,industry unknown
Сергей,Брюханков,Сергей Брюханков,CEO,MBS Ltd,,linkedin.com/in/сергей-брюханков-b8953083,,C-Team,blitz,https://www.linkedin.com/company/mbs-ltd,Staffing and Recruiting,UA,GB,pass,unknown,industry unknown
飞扬,云,飞扬 云,COO,CC International,,linkedin.com/in/飞扬-云-b903b8167,,C-Team,blitz,https://www.linkedin.com/company/cc-international,Human Resources Services,DE,NL,pass,unknown,industry unknown
