company_name,domain,linkedin_url,hq_city,hq_country,employee_count,estimated_revenue,industry,signal(s),qualified (yes/no),notes
200 Proof Inc,https://200proofstaffing.com,https://www.linkedin.com/company/200-proof-inc,West Hollywood,US,35,">=$1,000,000 (revenue.min filter, exact value not returned by Blitz company-search)",Staffing and Recruiting,,yes,"Round 3: Blitz Find People scoped to company.linkedin_url (final batch of previously-unsourced companies); 2 obvious non-company/government entries (US Army, a UK district council) manually excluded post-hoc"
3d Medical Staffing,https://www.3dmedicalstaffing.com,https://www.linkedin.com/company/3d-medical-staffing-llc,Salt Lake City,US,33,">=$1,000,000 (revenue.min filter, exact value not returned by Blitz company-search)",Staffing and Recruiting,,yes,"Round 3: Blitz Find People scoped to company.linkedin_url (final batch of previously-unsourced companies); 2 obvious non-company/government entries (US Army, a UK district council) manually excluded post-hoc"
A.N.D. Staffing,https://www.andstaffing.com,https://www.linkedin.com/company/a-n-d-staffing-solutions,Elgin,US,11,">=$1,000,000 (revenue.min filter, exact value not returned by Blitz company-search)",Staffing and Recruiting,,yes,"Round 3: Blitz Find People scoped to company.linkedin_url (final batch of previously-unsourced companies); 2 obvious non-company/government entries (US Army, a UK district council) manually excluded post-hoc"
A Nanny For U,https://www.anannyforu.com,https://www.linkedin.com/company/a-nanny-for-u,Seattle,US,200,">=$1,000,000 (revenue.min filter, exact value not returned by Blitz company-search)",Staffing and Recruiting,,yes,"Round 3: Blitz Find People scoped to company.linkedin_url (final batch of previously-unsourced companies); 2 obvious non-company/government entries (US Army, a UK district council) manually excluded post-hoc"
Accountants To You,https://www.accountantstoyou.com,https://www.linkedin.com/company/accountants-to-you,Cincinnati,US,23,">=$1,000,000 (revenue.min filter, exact value not returned by Blitz company-search)",Staffing and Recruiting,,yes,"Round 3: Blitz Find People scoped to company.linkedin_url (final batch of previously-unsourced companies); 2 obvious non-company/government entries (US Army, a UK district council) manually excluded post-hoc"
Action Labor and Staffing Connection,https://www.actionlabor.com,https://www.linkedin.com/company/action-labor-and-staffing-connection,West Palm Beach,US,257,">=$1,000,000 (revenue.min filter, exact value not returned by Blitz company-search)",Staffing and Recruiting,,yes,"Round 3: Blitz Find People scoped to company.linkedin_url (final batch of previously-unsourced companies); 2 obvious non-company/government entries (US Army, a UK district council) manually excluded post-hoc"
Adams & Garth Staffing,https://www.agstaffing.com/index.html,https://www.linkedin.com/company/adams-&-garth-staffing,Charlottesville,US,63,">=$1,000,000 (revenue.min filter, exact value not returned by Blitz company-search)",Staffing and Recruiting,,yes,"Round 3: Blitz Find People scoped to company.linkedin_url (final batch of previously-unsourced companies); 2 obvious non-company/government entries (US Army, a UK district council) manually excluded post-hoc"
"Advanced Employment, Inc",https://www.advemp.org,https://www.linkedin.com/company/advanced-employment-inc,Madison,US,39,">=$1,000,000 (revenue.min filter, exact value not returned by Blitz company-search)",Staffing and Recruiting,,yes,"Round 3: Blitz Find People scoped to company.linkedin_url (final batch of previously-unsourced companies); 2 obvious non-company/government entries (US Army, a UK district council) manually excluded post-hoc"
Advanced Staffing,https://www.advancedstaffing.net,https://www.linkedin.com/company/advanced-staffing,New Castle,US,36,">=$1,000,000 (revenue.min filter, exact value not returned by Blitz company-search)",Staffing and Recruiting,,yes,"Round 3: Blitz Find People scoped to company.linkedin_url (final batch of previously-unsourced companies); 2 obvious non-company/government entries (US Army, a UK district council) manually excluded post-hoc"
Aegistech,https://aegistech.com,https://www.linkedin.com/company/aegistech,New York,US,64,">=$1,000,000 (revenue.min filter, exact value not returned by Blitz company-search)",Staffing and Recruiting,,yes,"Round 3: Blitz Find People scoped to company.linkedin_url (final batch of previously-unsourced companies); 2 obvious non-company/government entries (US Army, a UK district council) manually excluded post-hoc"
Affinity Personnel Solutions,https://www.affinitypersonnel.com,https://www.linkedin.com/company/affinity-personnel-solutions,Kenmore,US,13,">=$1,000,000 (revenue.min filter, exact value not returned by Blitz company-search)",Staffing and Recruiting,,yes,"Round 3: Blitz Find People scoped to company.linkedin_url (final batch of previously-unsourced companies); 2 obvious non-company/government entries (US Army, a UK district council) manually excluded post-hoc"
"Aim Staffing, Inc",https://aimstaffinginc.net,https://www.linkedin.com/company/aim-staffing-inc.,Houston,US,16,">=$1,000,000 (revenue.min filter, exact value not returned by Blitz company-search)",Staffing and Recruiting,,yes,"Round 3: Blitz Find People scoped to company.linkedin_url (final batch of previously-unsourced companies); 2 obvious non-company/government entries (US Army, a UK district council) manually excluded post-hoc"
Aktiv Personal-Service Gmbh,https://www.aktivpersonalservice.de,https://www.linkedin.com/company/aktivpersonal-service-gmbh,Berlin,DE,61,">=$1,000,000 (revenue.min filter, exact value not returned by Blitz company-search)",Staffing and Recruiting,,yes,"Round 3: Blitz Find People scoped to company.linkedin_url (final batch of previously-unsourced companies); 2 obvious non-company/government entries (US Army, a UK district council) manually excluded post-hoc"
Alden Lane Nursery,https://www.aldenlane.com,https://www.linkedin.com/company/alden-lane-nursery,Livermore,US,36,">=$1,000,000 (revenue.min filter, exact value not returned by Blitz company-search)",Human Resources Services,,yes,"Round 3: Blitz Find People scoped to company.linkedin_url (final batch of previously-unsourced companies); 2 obvious non-company/government entries (US Army, a UK district council) manually excluded post-hoc"
Altus Recruiting,https://www.altusrecruiting.com,https://www.linkedin.com/company/altus-recruiting,Tustin,US,18,">=$1,000,000 (revenue.min filter, exact value not returned by Blitz company-search)",Staffing and Recruiting,,yes,"Round 3: Blitz Find People scoped to company.linkedin_url (final batch of previously-unsourced companies); 2 obvious non-company/government entries (US Army, a UK district council) manually excluded post-hoc"
American Partners,https://www.americanpartnersinc.com,https://www.linkedin.com/company/american-partners-inc-,Lincoln,US,19,">=$1,000,000 (revenue.min filter, exact value not returned by Blitz company-search)",Staffing and Recruiting,,yes,"Round 3: Blitz Find People scoped to company.linkedin_url (final batch of previously-unsourced companies); 2 obvious non-company/government entries (US Army, a UK district council) manually excluded post-hoc"
Ameriresource Group,https://ameriresource.com,https://www.linkedin.com/company/ameriresource-group,Oklahoma City,US,16,">=$1,000,000 (revenue.min filter, exact value not returned by Blitz company-search)",Staffing and Recruiting,,yes,"Round 3: Blitz Find People scoped to company.linkedin_url (final batch of previously-unsourced companies); 2 obvious non-company/government entries (US Army, a UK district council) manually excluded post-hoc"
Apac Solution,https://apacsolution.com,https://www.linkedin.com/company/apacsolution,Redmond,US,10,">=$1,000,000 (revenue.min filter, exact value not returned by Blitz company-search)",Staffing and Recruiting,,yes,"Round 3: Blitz Find People scoped to company.linkedin_url (final batch of previously-unsourced companies); 2 obvious non-company/government entries (US Army, a UK district council) manually excluded post-hoc"
Apollo Technical,https://www.apollotechnical.com,https://www.linkedin.com/company/apollo-technical,Smyrna,US,28,">=$1,000,000 (revenue.min filter, exact value not returned by Blitz company-search)",Staffing and Recruiting,,yes,"Round 3: Blitz Find People scoped to company.linkedin_url (final batch of previously-unsourced companies); 2 obvious non-company/government entries (US Army, a UK district council) manually excluded post-hoc"
Applocum,https://www.applocum.com,https://www.linkedin.com/company/applocum-specialist-in-healthcare-recruitment,Manchester,GB,72,">=$1,000,000 (revenue.min filter, exact value not returned by Blitz company-search)",Staffing and Recruiting,,yes,"Round 3: Blitz Find People scoped to company.linkedin_url (final batch of previously-unsourced companies); 2 obvious non-company/government entries (US Army, a UK district council) manually excluded post-hoc"
Ascend Personnel Services,https://www.ascendtalent.com,https://www.linkedin.com/company/ascend-personnel-services,Phoenix,US,12,">=$1,000,000 (revenue.min filter, exact value not returned by Blitz company-search)",Staffing and Recruiting,,yes,"Round 3: Blitz Find People scoped to company.linkedin_url (final batch of previously-unsourced companies); 2 obvious non-company/government entries (US Army, a UK district council) manually excluded post-hoc"
Atlantic City Public Library,https://www.acfpl.org,https://www.linkedin.com/company/atlantic-city-public-library,Atlantic City,US,14,">=$1,000,000 (revenue.min filter, exact value not returned by Blitz company-search)",Human Resources Services,,yes,"Round 3: Blitz Find People scoped to company.linkedin_url (final batch of previously-unsourced companies); 2 obvious non-company/government entries (US Army, a UK district council) manually excluded post-hoc"
Atlas Employment Services,https://www.atlasemployment.com,https://www.linkedin.com/company/atlas-employment-services,Schiller Park,US,17,">=$1,000,000 (revenue.min filter, exact value not returned by Blitz company-search)",Staffing and Recruiting,,yes,"Round 3: Blitz Find People scoped to company.linkedin_url (final batch of previously-unsourced companies); 2 obvious non-company/government entries (US Army, a UK district council) manually excluded post-hoc"
Automation Experts Ltd,https://www.automationexperts.co.uk,https://www.linkedin.com/company/automation-experts-ltd,Shifnal,GB,18,">=$1,000,000 (revenue.min filter, exact value not returned by Blitz company-search)",Staffing and Recruiting,,yes,"Round 3: Blitz Find People scoped to company.linkedin_url (final batch of previously-unsourced companies); 2 obvious non-company/government entries (US Army, a UK district council) manually excluded post-hoc"
Axeo,https://www.axeohr.com,https://www.linkedin.com/company/axeo,Reston,US,20,">=$1,000,000 (revenue.min filter, exact value not returned by Blitz company-search)",Human Resources Services,,yes,"Round 3: Blitz Find People scoped to company.linkedin_url (final batch of previously-unsourced companies); 2 obvious non-company/government entries (US Army, a UK district council) manually excluded post-hoc"
Barton Healthcare Staffing,https://www.bartonhealthcarestaffing.com,https://www.linkedin.com/company/barton-healthcare-staffing,Peabody,US,156,">=$1,000,000 (revenue.min filter, exact value not returned by Blitz company-search)",Staffing and Recruiting,,yes,"Round 3: Blitz Find People scoped to company.linkedin_url (final batch of previously-unsourced companies); 2 obvious non-company/government entries (US Army, a UK district council) manually excluded post-hoc"
Benson Executive Search,https://www.bensonsearch.com,https://www.linkedin.com/company/benson-search-group,Waltham,US,10,">=$1,000,000 (revenue.min filter, exact value not returned by Blitz company-search)",Executive Search Services,,yes,"Round 3: Blitz Find People scoped to company.linkedin_url (final batch of previously-unsourced companies); 2 obvious non-company/government entries (US Army, a UK district council) manually excluded post-hoc"
Best Driver Resources,https://www.bestdriverresources.com,https://www.linkedin.com/company/best-driver-resources,Miami Lakes,US,15,">=$1,000,000 (revenue.min filter, exact value not returned by Blitz company-search)",Staffing and Recruiting,,yes,"Round 3: Blitz Find People scoped to company.linkedin_url (final batch of previously-unsourced companies); 2 obvious non-company/government entries (US Army, a UK district council) manually excluded post-hoc"
Bluecoders,https://bluecoders.com,https://www.linkedin.com/company/bluecoders,Paris,FR,28,">=$1,000,000 (revenue.min filter, exact value not returned by Blitz company-search)",Executive Search Services,,yes,"Round 3: Blitz Find People scoped to company.linkedin_url (final batch of previously-unsourced companies); 2 obvious non-company/government entries (US Army, a UK district council) manually excluded post-hoc"
Boardwalk Staffing,https://boardwalkstaffing.com,https://www.linkedin.com/company/boardwalk-staffing,Charlotte,US,14,">=$1,000,000 (revenue.min filter, exact value not returned by Blitz company-search)",Staffing and Recruiting,,yes,"Round 3: Blitz Find People scoped to company.linkedin_url (final batch of previously-unsourced companies); 2 obvious non-company/government entries (US Army, a UK district council) manually excluded post-hoc"
Brandon Consulting Associates,https://brandonconsulting.com/index.html,https://www.linkedin.com/company/brandon-consulting-associates,North Brunswick,US,32,">=$1,000,000 (revenue.min filter, exact value not returned by Blitz company-search)",Staffing and Recruiting,,yes,"Round 3: Blitz Find People scoped to company.linkedin_url (final batch of previously-unsourced companies); 2 obvious non-company/government entries (US Army, a UK district council) manually excluded post-hoc"
Brookwoods Group,https://www.brookwoods.com,https://www.linkedin.com/company/brookwoods-group,Houston,US,18,">=$1,000,000 (revenue.min filter, exact value not returned by Blitz company-search)",Staffing and Recruiting,,yes,"Round 3: Blitz Find People scoped to company.linkedin_url (final batch of previously-unsourced companies); 2 obvious non-company/government entries (US Army, a UK district council) manually excluded post-hoc"
Building Team Solutions Inc,https://btsjobs.com/contact-us,https://www.linkedin.com/company/building-team-solutions-inc,Austin,US,20,">=$1,000,000 (revenue.min filter, exact value not returned by Blitz company-search)",Staffing and Recruiting,,yes,"Round 3: Blitz Find People scoped to company.linkedin_url (final batch of previously-unsourced companies); 2 obvious non-company/government entries (US Army, a UK district council) manually excluded post-hoc"
California Payroll,https://www.californiapayroll.com,https://www.linkedin.com/company/california-payroll,Brentwood,US,22,">=$1,000,000 (revenue.min filter, exact value not returned by Blitz company-search)",Human Resources Services,,yes,"Round 3: Blitz Find People scoped to company.linkedin_url (final batch of previously-unsourced companies); 2 obvious non-company/government entries (US Army, a UK district council) manually excluded post-hoc"
Cambridge Professional Group,https://www.cambridgeprofessionals.com,https://www.linkedin.com/company/cambridge-professional-group,Atlanta,US,45,">=$1,000,000 (revenue.min filter, exact value not returned by Blitz company-search)",Staffing and Recruiting,,yes,"Round 3: Blitz Find People scoped to company.linkedin_url (final batch of previously-unsourced companies); 2 obvious non-company/government entries (US Army, a UK district council) manually excluded post-hoc"
"Cancer Carepoint, Inc",https://www.cancercarepoint.com,https://www.linkedin.com/company/cancer-carepoint-inc-,Atlanta,US,25,">=$1,000,000 (revenue.min filter, exact value not returned by Blitz company-search)",Staffing and Recruiting,,yes,"Round 3: Blitz Find People scoped to company.linkedin_url (final batch of previously-unsourced companies); 2 obvious non-company/government entries (US Army, a UK district council) manually excluded post-hoc"
Capstone Search Group,https://www.csgrecruiting.com,https://www.linkedin.com/company/capstone-search-group_2,Urbandale,US,19,">=$1,000,000 (revenue.min filter, exact value not returned by Blitz company-search)",Staffing and Recruiting,,yes,"Round 3: Blitz Find People scoped to company.linkedin_url (final batch of previously-unsourced companies); 2 obvious non-company/government entries (US Army, a UK district council) manually excluded post-hoc"
Cardea Group,https://www.thecardeagroup.com,https://www.linkedin.com/company/cardea-group,New York,US,10,">=$1,000,000 (revenue.min filter, exact value not returned by Blitz company-search)",Staffing and Recruiting,,yes,"Round 3: Blitz Find People scoped to company.linkedin_url (final batch of previously-unsourced companies); 2 obvious non-company/government entries (US Army, a UK district council) manually excluded post-hoc"
Career Resources,https://www.career-resources.com,https://www.linkedin.com/company/career-resources,Redwood City,US,36,">=$1,000,000 (revenue.min filter, exact value not returned by Blitz company-search)",Staffing and Recruiting,,yes,"Round 3: Blitz Find People scoped to company.linkedin_url (final batch of previously-unsourced companies); 2 obvious non-company/government entries (US Army, a UK district council) manually excluded post-hoc"
Cavalier Workforce Inc,https://cavalierworkforce.com,https://www.linkedin.com/company/cavalier-workforce-inc,Edison,US,32,">=$1,000,000 (revenue.min filter, exact value not returned by Blitz company-search)",Staffing and Recruiting,,yes,"Round 3: Blitz Find People scoped to company.linkedin_url (final batch of previously-unsourced companies); 2 obvious non-company/government entries (US Army, a UK district council) manually excluded post-hoc"
Centerforce,https://www.centerforce.net,https://www.linkedin.com/company/centerforcelakewood,Lakewood,US,14,">=$1,000,000 (revenue.min filter, exact value not returned by Blitz company-search)",Staffing and Recruiting,,yes,"Round 3: Blitz Find People scoped to company.linkedin_url (final batch of previously-unsourced companies); 2 obvious non-company/government entries (US Army, a UK district council) manually excluded post-hoc"
Cfc Consult Limited,https://www.cfcconsult.co.uk,https://www.linkedin.com/company/chef-for-chefs,Aldershot,GB,11,">=$1,000,000 (revenue.min filter, exact value not returned by Blitz company-search)",Staffing and Recruiting,,yes,"Round 3: Blitz Find People scoped to company.linkedin_url (final batch of previously-unsourced companies); 2 obvious non-company/government entries (US Army, a UK district council) manually excluded post-hoc"
Chirpish,https://chirpish.co,https://www.linkedin.com/company/chirpish,Miami,US,25,">=$1,000,000 (revenue.min filter, exact value not returned by Blitz company-search)",Staffing and Recruiting,,yes,"Round 3: Blitz Find People scoped to company.linkedin_url (final batch of previously-unsourced companies); 2 obvious non-company/government entries (US Army, a UK district council) manually excluded post-hoc"
Choice One Recruiting,https://www.choice1recruiting.com,https://www.linkedin.com/company/choice-one-recruiting,Nashville,US,23,">=$1,000,000 (revenue.min filter, exact value not returned by Blitz company-search)",Staffing and Recruiting,,yes,"Round 3: Blitz Find People scoped to company.linkedin_url (final batch of previously-unsourced companies); 2 obvious non-company/government entries (US Army, a UK district council) manually excluded post-hoc"
CIB Group Services LLC,https://www.thecibgroup.com,https://www.linkedin.com/company/cibgroupservicesllc,Little Silver,US,16,">=$1,000,000 (revenue.min filter, exact value not returned by Blitz company-search)",Staffing and Recruiting,,yes,"Round 3: Blitz Find People scoped to company.linkedin_url (final batch of previously-unsourced companies); 2 obvious non-company/government entries (US Army, a UK district council) manually excluded post-hoc"
City & National Employment,https://www.citynatl.com,https://www.linkedin.com/company/city-&-national-employment,Waterloo,US,23,">=$1,000,000 (revenue.min filter, exact value not returned by Blitz company-search)",Staffing and Recruiting,,yes,"Round 3: Blitz Find People scoped to company.linkedin_url (final batch of previously-unsourced companies); 2 obvious non-company/government entries (US Army, a UK district council) manually excluded post-hoc"
"Clear Investigative Advantage, Llc",https://ciaresearch.com,https://www.linkedin.com/company/clear-investigative-advantage-llc,Frisco,US,10,">=$1,000,000 (revenue.min filter, exact value not returned by Blitz company-search)",Human Resources Services,,yes,"Round 3: Blitz Find People scoped to company.linkedin_url (final batch of previously-unsourced companies); 2 obvious non-company/government entries (US Army, a UK district council) manually excluded post-hoc"
ClientMind Recruiting Inc.,https://www.clientmindrecruiting.com,https://www.linkedin.com/company/clientmind-recruiting,New Market,US,15,">=$1,000,000 (revenue.min filter, exact value not returned by Blitz company-search)",Staffing and Recruiting,,yes,"Round 3: Blitz Find People scoped to company.linkedin_url (final batch of previously-unsourced companies); 2 obvious non-company/government entries (US Army, a UK district council) manually excluded post-hoc"
Cns Search Group,https://www.cnssearchgroup.com,https://www.linkedin.com/company/cns-search-group,Ormond Beach,US,13,">=$1,000,000 (revenue.min filter, exact value not returned by Blitz company-search)",Staffing and Recruiting,,yes,"Round 3: Blitz Find People scoped to company.linkedin_url (final batch of previously-unsourced companies); 2 obvious non-company/government entries (US Army, a UK district council) manually excluded post-hoc"
"Communiqué USA, Inc.",https://www.communique-usa.com,https://www.linkedin.com/company/communiqu%c3%a9-usa-inc-,Atlanta,US,15,">=$1,000,000 (revenue.min filter, exact value not returned by Blitz company-search)",Staffing and Recruiting,,yes,"Round 3: Blitz Find People scoped to company.linkedin_url (final batch of previously-unsourced companies); 2 obvious non-company/government entries (US Army, a UK district council) manually excluded post-hoc"
Community Health Connection,https://communityhealthconnection.org,https://www.linkedin.com/company/community-health-connection,Ansonia,US,12,">=$1,000,000 (revenue.min filter, exact value not returned by Blitz company-search)",Human Resources Services,,yes,"Round 3: Blitz Find People scoped to company.linkedin_url (final batch of previously-unsourced companies); 2 obvious non-company/government entries (US Army, a UK district council) manually excluded post-hoc"
Connections Of New York,https://www.connectionsny.com,https://www.linkedin.com/company/connections-of-new-york,,US,30,">=$1,000,000 (revenue.min filter, exact value not returned by Blitz company-search)",Staffing and Recruiting,,yes,"Round 3: Blitz Find People scoped to company.linkedin_url (final batch of previously-unsourced companies); 2 obvious non-company/government entries (US Army, a UK district council) manually excluded post-hoc"
Construction Mechanics Inc,https://www.constructionmechanics.com,https://www.linkedin.com/company/construction-mechanics,Akron,US,26,">=$1,000,000 (revenue.min filter, exact value not returned by Blitz company-search)",Staffing and Recruiting,,yes,"Round 3: Blitz Find People scoped to company.linkedin_url (final batch of previously-unsourced companies); 2 obvious non-company/government entries (US Army, a UK district council) manually excluded post-hoc"
"Critical Health Connection, Llc",https://www.chcmedstaff.com,https://www.linkedin.com/company/criticalhealthconnection,San Angelo,US,22,">=$1,000,000 (revenue.min filter, exact value not returned by Blitz company-search)",Staffing and Recruiting,,yes,"Round 3: Blitz Find People scoped to company.linkedin_url (final batch of previously-unsourced companies); 2 obvious non-company/government entries (US Army, a UK district council) manually excluded post-hoc"
Cross Country Workforce Solutions Group,https://crosscountry.com/wsg,https://www.linkedin.com/company/cross-country-workforce-solutions-group,Aliso Viejo,US,158,">=$1,000,000 (revenue.min filter, exact value not returned by Blitz company-search)",Staffing and Recruiting,,yes,"Round 3: Blitz Find People scoped to company.linkedin_url (final batch of previously-unsourced companies); 2 obvious non-company/government entries (US Army, a UK district council) manually excluded post-hoc"
Ctrust Staffing Llc,https://www.ctruststaffing.com,https://www.linkedin.com/company/ctrust-staffing-llc,Visalia,US,10,">=$1,000,000 (revenue.min filter, exact value not returned by Blitz company-search)",Staffing and Recruiting,,yes,"Round 3: Blitz Find People scoped to company.linkedin_url (final batch of previously-unsourced companies); 2 obvious non-company/government entries (US Army, a UK district council) manually excluded post-hoc"
Data Bridge Consultants,https://www.databridgeconsultants.com,https://www.linkedin.com/company/data-bridge-consultants,Charlotte,US,24,">=$1,000,000 (revenue.min filter, exact value not returned by Blitz company-search)",Staffing and Recruiting,,yes,"Round 3: Blitz Find People scoped to company.linkedin_url (final batch of previously-unsourced companies); 2 obvious non-company/government entries (US Army, a UK district council) manually excluded post-hoc"
Dekra Event & Logistic Services Gmbh,https://www.dekra-els.de,https://www.linkedin.com/company/dekra-event-logistic-services-gmbh,Düsseldorf,DE,13,">=$1,000,000 (revenue.min filter, exact value not returned by Blitz company-search)",Staffing and Recruiting,,yes,"Round 3: Blitz Find People scoped to company.linkedin_url (final batch of previously-unsourced companies); 2 obvious non-company/government entries (US Army, a UK district council) manually excluded post-hoc"
"Delmet Services, Llc",https://www.delmetservices.com,https://www.linkedin.com/company/delmet-services-llc,Houston,US,13,">=$1,000,000 (revenue.min filter, exact value not returned by Blitz company-search)",Staffing and Recruiting,,yes,"Round 3: Blitz Find People scoped to company.linkedin_url (final batch of previously-unsourced companies); 2 obvious non-company/government entries (US Army, a UK district council) manually excluded post-hoc"
"Digerati Search, Inc",https://www.digeratisearch.com,https://www.linkedin.com/company/digerati-search-inc.,Lagrange,US,10,">=$1,000,000 (revenue.min filter, exact value not returned by Blitz company-search)",Staffing and Recruiting,,yes,"Round 3: Blitz Find People scoped to company.linkedin_url (final batch of previously-unsourced companies); 2 obvious non-company/government entries (US Army, a UK district council) manually excluded post-hoc"
Directed Educational Services,https://www.crosscountryeducation.com,https://www.linkedin.com/company/direct-ed-educational-services,Woodland Hills,US,76,">=$1,000,000 (revenue.min filter, exact value not returned by Blitz company-search)",Staffing and Recruiting,,yes,"Round 3: Blitz Find People scoped to company.linkedin_url (final batch of previously-unsourced companies); 2 obvious non-company/government entries (US Army, a UK district council) manually excluded post-hoc"
DKMRBH Inc,https://www.dkmrbh.com,https://www.linkedin.com/company/dkmrbhinc,Wilmington,US,21,">=$1,000,000 (revenue.min filter, exact value not returned by Blitz company-search)",Staffing and Recruiting,,yes,"Round 3: Blitz Find People scoped to company.linkedin_url (final batch of previously-unsourced companies); 2 obvious non-company/government entries (US Army, a UK district council) manually excluded post-hoc"
East End Resources,https://www.eastendresources.com,https://www.linkedin.com/company/east-end-resources,New York,US,13,">=$1,000,000 (revenue.min filter, exact value not returned by Blitz company-search)",Staffing and Recruiting,,yes,"Round 3: Blitz Find People scoped to company.linkedin_url (final batch of previously-unsourced companies); 2 obvious non-company/government entries (US Army, a UK district council) manually excluded post-hoc"
ECA Recruiters,https://www.ecarecruiters.com,https://www.linkedin.com/company/eca-recruiters,Plymouth Meeting,US,75,">=$1,000,000 (revenue.min filter, exact value not returned by Blitz company-search)",Staffing and Recruiting,,yes,"Round 3: Blitz Find People scoped to company.linkedin_url (final batch of previously-unsourced companies); 2 obvious non-company/government entries (US Army, a UK district council) manually excluded post-hoc"
"Edp Recruiting Services, Inc",https://edp-recruiting.com,https://www.linkedin.com/company/edp-recruiting-services-inc.,Englewood,US,16,">=$1,000,000 (revenue.min filter, exact value not returned by Blitz company-search)",Staffing and Recruiting,,yes,"Round 3: Blitz Find People scoped to company.linkedin_url (final batch of previously-unsourced companies); 2 obvious non-company/government entries (US Army, a UK district council) manually excluded post-hoc"
Elite Staffing Partners,https://www.elitestaffingpartners.com,https://www.linkedin.com/company/elite-staffing-partners-inc,Tampa,US,30,">=$1,000,000 (revenue.min filter, exact value not returned by Blitz company-search)",Staffing and Recruiting,,yes,"Round 3: Blitz Find People scoped to company.linkedin_url (final batch of previously-unsourced companies); 2 obvious non-company/government entries (US Army, a UK district council) manually excluded post-hoc"
Emergent365,https://www.emergent365.com,https://www.linkedin.com/company/emergent365,Caldwell,US,21,">=$1,000,000 (revenue.min filter, exact value not returned by Blitz company-search)",Staffing and Recruiting,,yes,"Round 3: Blitz Find People scoped to company.linkedin_url (final batch of previously-unsourced companies); 2 obvious non-company/government entries (US Army, a UK district council) manually excluded post-hoc"
Employee Solutions,https://www.employeesolutions.com,https://www.linkedin.com/company/employeesolutions,Frisco,US,156,">=$1,000,000 (revenue.min filter, exact value not returned by Blitz company-search)",Staffing and Recruiting,,yes,"Round 3: Blitz Find People scoped to company.linkedin_url (final batch of previously-unsourced companies); 2 obvious non-company/government entries (US Army, a UK district council) manually excluded post-hoc"
"Employment Practices Group, Llc",https://www.employmentpracticesgroup.com,https://www.linkedin.com/company/epgnyldn-llc,New York,US,18,">=$1,000,000 (revenue.min filter, exact value not returned by Blitz company-search)",Human Resources Services,,yes,"Round 3: Blitz Find People scoped to company.linkedin_url (final batch of previously-unsourced companies); 2 obvious non-company/government entries (US Army, a UK district council) manually excluded post-hoc"
"Essential Solutions, Inc",https://www.esiweb.com,https://www.linkedin.com/company/essential-solutions-inc-,Cupertino,US,14,">=$1,000,000 (revenue.min filter, exact value not returned by Blitz company-search)",Staffing and Recruiting,,yes,"Round 3: Blitz Find People scoped to company.linkedin_url (final batch of previously-unsourced companies); 2 obvious non-company/government entries (US Army, a UK district council) manually excluded post-hoc"
Essyca,https://essyca.com,https://www.linkedin.com/company/essyca,,FR,25,">=$1,000,000 (revenue.min filter, exact value not returned by Blitz company-search)",Human Resources Services,,yes,"Round 3: Blitz Find People scoped to company.linkedin_url (final batch of previously-unsourced companies); 2 obvious non-company/government entries (US Army, a UK district council) manually excluded post-hoc"
"Etech Hi, Inc",https://www.etechhi.com,https://www.linkedin.com/company/etech-hi-inc,Temecula,US,17,">=$1,000,000 (revenue.min filter, exact value not returned by Blitz company-search)",Staffing and Recruiting,,yes,"Round 3: Blitz Find People scoped to company.linkedin_url (final batch of previously-unsourced companies); 2 obvious non-company/government entries (US Army, a UK district council) manually excluded post-hoc"
Eureka Infotech Inc,https://www.eurekainfotech.com,https://www.linkedin.com/company/eureka-infotech-inc,Hicksville,US,84,">=$1,000,000 (revenue.min filter, exact value not returned by Blitz company-search)",Staffing and Recruiting,,yes,"Round 3: Blitz Find People scoped to company.linkedin_url (final batch of previously-unsourced companies); 2 obvious non-company/government entries (US Army, a UK district council) manually excluded post-hoc"
"Express Employment Professionals - Corning, Ny",https://www.expresspros.com/corningny,https://www.linkedin.com/company/express-employment-professionals-corning-ny,Corning,US,10,">=$1,000,000 (revenue.min filter, exact value not returned by Blitz company-search)",Staffing and Recruiting,,yes,"Round 3: Blitz Find People scoped to company.linkedin_url (final batch of previously-unsourced companies); 2 obvious non-company/government entries (US Army, a UK district council) manually excluded post-hoc"
"Express Employment Professionals - Red Bluff, Ca",https://www.expresspros.com/redbluff,https://www.linkedin.com/company/expressredbluffca,Red Bluff,US,17,">=$1,000,000 (revenue.min filter, exact value not returned by Blitz company-search)",Staffing and Recruiting,,yes,"Round 3: Blitz Find People scoped to company.linkedin_url (final batch of previously-unsourced companies); 2 obvious non-company/government entries (US Army, a UK district council) manually excluded post-hoc"
Fern Valley,https://www.fern-valley.com,https://www.linkedin.com/company/fern-valley,Kontich,BE,22,">=$1,000,000 (revenue.min filter, exact value not returned by Blitz company-search)",Staffing and Recruiting,,yes,"Round 3: Blitz Find People scoped to company.linkedin_url (final batch of previously-unsourced companies); 2 obvious non-company/government entries (US Army, a UK district council) manually excluded post-hoc"
Finezi Inc.,https://www.finezi.com,https://www.linkedin.com/company/finezi-inc,Palm Beach Gardens,US,42,">=$1,000,000 (revenue.min filter, exact value not returned by Blitz company-search)",Staffing and Recruiting,,yes,"Round 3: Blitz Find People scoped to company.linkedin_url (final batch of previously-unsourced companies); 2 obvious non-company/government entries (US Army, a UK district council) manually excluded post-hoc"
Fit Staffing,https://www.fitstaffingsolutions.com,https://www.linkedin.com/company/fit-solutions-llc,Northampton,US,12,">=$1,000,000 (revenue.min filter, exact value not returned by Blitz company-search)",Staffing and Recruiting,,yes,"Round 3: Blitz Find People scoped to company.linkedin_url (final batch of previously-unsourced companies); 2 obvious non-company/government entries (US Army, a UK district council) manually excluded post-hoc"
Foodemployment.Com,https://www.foodemployment.com,https://www.linkedin.com/company/foodemployment,Bradenton,US,10,">=$1,000,000 (revenue.min filter, exact value not returned by Blitz company-search)",Staffing and Recruiting,,yes,"Round 3: Blitz Find People scoped to company.linkedin_url (final batch of previously-unsourced companies); 2 obvious non-company/government entries (US Army, a UK district council) manually excluded post-hoc"
"FPC of Greensboro, NC",https://www.fpcgboro.com,https://www.linkedin.com/company/fpc-of-greensboro-nc,Greensboro,US,15,">=$1,000,000 (revenue.min filter, exact value not returned by Blitz company-search)",Staffing and Recruiting,,yes,"Round 3: Blitz Find People scoped to company.linkedin_url (final batch of previously-unsourced companies); 2 obvious non-company/government entries (US Army, a UK district council) manually excluded post-hoc"
Fss Staffing,https://fssstaffing.biz,https://www.linkedin.com/company/fssstaffing,Dover,US,26,">=$1,000,000 (revenue.min filter, exact value not returned by Blitz company-search)",Staffing and Recruiting,,yes,"Round 3: Blitz Find People scoped to company.linkedin_url (final batch of previously-unsourced companies); 2 obvious non-company/government entries (US Army, a UK district council) manually excluded post-hoc"
Full Steam Staffing NJ LLC,https://www.fullsteamstaffingnj.com,https://www.linkedin.com/company/full-steam-staffing-nj-llc,Clark,US,14,">=$1,000,000 (revenue.min filter, exact value not returned by Blitz company-search)",Staffing and Recruiting,,yes,"Round 3: Blitz Find People scoped to company.linkedin_url (final batch of previously-unsourced companies); 2 obvious non-company/government entries (US Army, a UK district council) manually excluded post-hoc"
Career Professionals,https://www.gocpi.com,https://www.linkedin.com/company/gocpi,Edina,US,13,">=$1,000,000 (revenue.min filter, exact value not returned by Blitz company-search)",Staffing and Recruiting,,yes,"Round 3: Blitz Find People scoped to company.linkedin_url (final batch of previously-unsourced companies); 2 obvious non-company/government entries (US Army, a UK district council) manually excluded post-hoc"
GroupOne Background Screening Services,https://www.gp1.com,https://www.linkedin.com/company/groupone-services,Irving,US,34,">=$1,000,000 (revenue.min filter, exact value not returned by Blitz company-search)",Human Resources Services,,yes,"Round 3: Blitz Find People scoped to company.linkedin_url (final batch of previously-unsourced companies); 2 obvious non-company/government entries (US Army, a UK district council) manually excluded post-hoc"
Hansen Agri-Placement,https://www.hansenagriplacement.com,https://www.linkedin.com/company/hansen-agri-placement,Grand Island,US,15,">=$1,000,000 (revenue.min filter, exact value not returned by Blitz company-search)",Staffing and Recruiting,,yes,"Round 3: Blitz Find People scoped to company.linkedin_url (final batch of previously-unsourced companies); 2 obvious non-company/government entries (US Army, a UK district council) manually excluded post-hoc"
Harris Global,https://www.harris-global.com,https://www.linkedin.com/company/harris-global,Oxted,GB,22,">=$1,000,000 (revenue.min filter, exact value not returned by Blitz company-search)",Staffing and Recruiting,,yes,"Round 3: Blitz Find People scoped to company.linkedin_url (final batch of previously-unsourced companies); 2 obvious non-company/government entries (US Army, a UK district council) manually excluded post-hoc"
"Health And Science Center, Inc",https://www.healthandsciencecenter.com,https://www.linkedin.com/company/health-and-science-center,Lima,US,12,">=$1,000,000 (revenue.min filter, exact value not returned by Blitz company-search)",Staffing and Recruiting,,yes,"Round 3: Blitz Find People scoped to company.linkedin_url (final batch of previously-unsourced companies); 2 obvious non-company/government entries (US Army, a UK district council) manually excluded post-hoc"
HireSource Solutions,https://www.hire-source.com,https://www.linkedin.com/company/hiresource-solutions,Cherry Hill,US,10,">=$1,000,000 (revenue.min filter, exact value not returned by Blitz company-search)",Staffing and Recruiting,,yes,"Round 3: Blitz Find People scoped to company.linkedin_url (final batch of previously-unsourced companies); 2 obvious non-company/government entries (US Army, a UK district council) manually excluded post-hoc"
Hiretech,https://hiretech.us,https://www.linkedin.com/company/hiretech_2,San Diego,US,44,">=$1,000,000 (revenue.min filter, exact value not returned by Blitz company-search)",Staffing and Recruiting,,yes,"Round 3: Blitz Find People scoped to company.linkedin_url (final batch of previously-unsourced companies); 2 obvious non-company/government entries (US Army, a UK district council) manually excluded post-hoc"
Howard Lee And Associates,https://howardlee1.com,https://www.linkedin.com/company/howard-lee-and-associates,Irvine,US,19,">=$1,000,000 (revenue.min filter, exact value not returned by Blitz company-search)",Staffing and Recruiting,,yes,"Round 3: Blitz Find People scoped to company.linkedin_url (final batch of previously-unsourced companies); 2 obvious non-company/government entries (US Army, a UK district council) manually excluded post-hoc"
Hr Choice,https://www.hrchoice.com,https://www.linkedin.com/company/hr-choice,Centennial,US,13,">=$1,000,000 (revenue.min filter, exact value not returned by Blitz company-search)",Human Resources Services,,yes,"Round 3: Blitz Find People scoped to company.linkedin_url (final batch of previously-unsourced companies); 2 obvious non-company/government entries (US Army, a UK district council) manually excluded post-hoc"
"Hr Consultants, Inc",https://www.hrconsults.com,https://www.linkedin.com/company/hr-consultants-inc-,Johnstown,US,12,">=$1,000,000 (revenue.min filter, exact value not returned by Blitz company-search)",Human Resources Services,,yes,"Round 3: Blitz Find People scoped to company.linkedin_url (final batch of previously-unsourced companies); 2 obvious non-company/government entries (US Army, a UK district council) manually excluded post-hoc"
Hr Inspire Ltd,https://hrinspire.co.uk,https://www.linkedin.com/company/hr-inspire-resourcing,Tring,GB,32,">=$1,000,000 (revenue.min filter, exact value not returned by Blitz company-search)",Human Resources Services,,yes,"Round 3: Blitz Find People scoped to company.linkedin_url (final batch of previously-unsourced companies); 2 obvious non-company/government entries (US Army, a UK district council) manually excluded post-hoc"
"HRBoost, LLC.",https://www.hrboost.com,https://www.linkedin.com/company/hrboost-llc.,Libertyville,US,19,">=$1,000,000 (revenue.min filter, exact value not returned by Blitz company-search)",Human Resources Services,,yes,"Round 3: Blitz Find People scoped to company.linkedin_url (final batch of previously-unsourced companies); 2 obvious non-company/government entries (US Army, a UK district council) manually excluded post-hoc"
HR Recruiting Services,https://www.hrrecruitingservices.com,https://www.linkedin.com/company/hrrecruitingservices,Palm Desert,US,13,">=$1,000,000 (revenue.min filter, exact value not returned by Blitz company-search)",Human Resources Services,,yes,"Round 3: Blitz Find People scoped to company.linkedin_url (final batch of previously-unsourced companies); 2 obvious non-company/government entries (US Army, a UK district council) manually excluded post-hoc"
Hughes And Associates,https://www.haallc.com,https://www.linkedin.com/company/hughes-and-associates,Charlotte,US,27,">=$1,000,000 (revenue.min filter, exact value not returned by Blitz company-search)",Staffing and Recruiting,,yes,"Round 3: Blitz Find People scoped to company.linkedin_url (final batch of previously-unsourced companies); 2 obvious non-company/government entries (US Army, a UK district council) manually excluded post-hoc"
Humanworks Affiliates Inc,https://humanworksaffiliates.com,https://www.linkedin.com/company/humanworks-affiliates-inc,Allentown,US,20,">=$1,000,000 (revenue.min filter, exact value not returned by Blitz company-search)",Human Resources Services,,yes,"Round 3: Blitz Find People scoped to company.linkedin_url (final batch of previously-unsourced companies); 2 obvious non-company/government entries (US Army, a UK district council) manually excluded post-hoc"
"I-Tek Solutions, Llc",https://i-teksolutions.com,https://www.linkedin.com/company/i-tek-solutions-llc,Scottsdale,US,11,">=$1,000,000 (revenue.min filter, exact value not returned by Blitz company-search)",Staffing and Recruiting,,yes,"Round 3: Blitz Find People scoped to company.linkedin_url (final batch of previously-unsourced companies); 2 obvious non-company/government entries (US Army, a UK district council) manually excluded post-hoc"
Insearch Recruiting,https://www.insearchrecruiting.com,https://www.linkedin.com/company/insearch-inc.,Omaha,US,15,">=$1,000,000 (revenue.min filter, exact value not returned by Blitz company-search)",Staffing and Recruiting,,yes,"Round 3: Blitz Find People scoped to company.linkedin_url (final batch of previously-unsourced companies); 2 obvious non-company/government entries (US Army, a UK district council) manually excluded post-hoc"
Integra Staffing,https://www.integrastaffing.com,https://www.linkedin.com/company/integra-staffing,Charlotte,US,44,">=$1,000,000 (revenue.min filter, exact value not returned by Blitz company-search)",Human Resources Services,,yes,"Round 3: Blitz Find People scoped to company.linkedin_url (final batch of previously-unsourced companies); 2 obvious non-company/government entries (US Army, a UK district council) manually excluded post-hoc"
Island Staffing,https://www.islandstaffing.us,https://www.linkedin.com/company/island-staffing,Oceanside,US,19,">=$1,000,000 (revenue.min filter, exact value not returned by Blitz company-search)",Staffing and Recruiting,,yes,"Round 3: Blitz Find People scoped to company.linkedin_url (final batch of previously-unsourced companies); 2 obvious non-company/government entries (US Army, a UK district council) manually excluded post-hoc"
Itecco Limited,https://www.itecco.co.uk,https://www.linkedin.com/company/iteccorecruitment,Didsbury,GB,47,">=$1,000,000 (revenue.min filter, exact value not returned by Blitz company-search)",Staffing and Recruiting,,yes,"Round 3: Blitz Find People scoped to company.linkedin_url (final batch of previously-unsourced companies); 2 obvious non-company/government entries (US Army, a UK district council) manually excluded post-hoc"
J. Patrick & Associates,https://www.jpatrick.com,https://www.linkedin.com/company/j--patrick-&-associates,Kingston,US,27,">=$1,000,000 (revenue.min filter, exact value not returned by Blitz company-search)",Staffing and Recruiting,,yes,"Round 3: Blitz Find People scoped to company.linkedin_url (final batch of previously-unsourced companies); 2 obvious non-company/government entries (US Army, a UK district council) manually excluded post-hoc"
J. Kent Staffing,https://www.jkentstaffing.com,https://www.linkedin.com/company/jkentstaffinginc,Denver,US,13,">=$1,000,000 (revenue.min filter, exact value not returned by Blitz company-search)",Staffing and Recruiting,,yes,"Round 3: Blitz Find People scoped to company.linkedin_url (final batch of previously-unsourced companies); 2 obvious non-company/government entries (US Army, a UK district council) manually excluded post-hoc"
Job Nexus,https://jobnexus.com,https://www.linkedin.com/company/jobnexus,Lewes,US,12,">=$1,000,000 (revenue.min filter, exact value not returned by Blitz company-search)",Human Resources Services,,yes,"Round 3: Blitz Find People scoped to company.linkedin_url (final batch of previously-unsourced companies); 2 obvious non-company/government entries (US Army, a UK district council) manually excluded post-hoc"
Judson Group,https://www.judson-group.com,https://www.linkedin.com/company/judson-group,Grand Rapids,US,13,">=$1,000,000 (revenue.min filter, exact value not returned by Blitz company-search)",Staffing and Recruiting,,yes,"Round 3: Blitz Find People scoped to company.linkedin_url (final batch of previously-unsourced companies); 2 obvious non-company/government entries (US Army, a UK district council) manually excluded post-hoc"
Cour Consultants Inc,https://courconsultants.com,https://www.linkedin.com/company/kesha-courville-2a54503,Dallas,US,11,">=$1,000,000 (revenue.min filter, exact value not returned by Blitz company-search)",Executive Search Services,,yes,"Round 3: Blitz Find People scoped to company.linkedin_url (final batch of previously-unsourced companies); 2 obvious non-company/government entries (US Army, a UK district council) manually excluded post-hoc"
"Kinetic Staffing, LLC",https://www.kineticstaffing.com,https://www.linkedin.com/company/kinetic-staffing-llc,Madison,US,19,">=$1,000,000 (revenue.min filter, exact value not returned by Blitz company-search)",Staffing and Recruiting,,yes,"Round 3: Blitz Find People scoped to company.linkedin_url (final batch of previously-unsourced companies); 2 obvious non-company/government entries (US Army, a UK district council) manually excluded post-hoc"
Kirby Partners,https://www.kirbypartners.com,https://www.linkedin.com/company/kirby-partners,Orlando,US,11,">=$1,000,000 (revenue.min filter, exact value not returned by Blitz company-search)",Executive Search Services,,yes,"Round 3: Blitz Find People scoped to company.linkedin_url (final batch of previously-unsourced companies); 2 obvious non-company/government entries (US Army, a UK district council) manually excluded post-hoc"
Kofi Group,https://www.kofi-group.com,https://www.linkedin.com/company/kofi-group,Houston,US,39,">=$1,000,000 (revenue.min filter, exact value not returned by Blitz company-search)",Staffing and Recruiting,,yes,"Round 3: Blitz Find People scoped to company.linkedin_url (final batch of previously-unsourced companies); 2 obvious non-company/government entries (US Army, a UK district council) manually excluded post-hoc"
"Labor Connections, Llc",https://www.laborconnectionsllc.com,https://www.linkedin.com/company/laborconnectionsllc,Conover,US,53,">=$1,000,000 (revenue.min filter, exact value not returned by Blitz company-search)",Staffing and Recruiting,,yes,"Round 3: Blitz Find People scoped to company.linkedin_url (final batch of previously-unsourced companies); 2 obvious non-company/government entries (US Army, a UK district council) manually excluded post-hoc"
"Law Dawgs, Inc",https://www.lawdawgs.com,https://www.linkedin.com/company/law-dawgs-inc-,Seattle,US,23,">=$1,000,000 (revenue.min filter, exact value not returned by Blitz company-search)",Staffing and Recruiting,,yes,"Round 3: Blitz Find People scoped to company.linkedin_url (final batch of previously-unsourced companies); 2 obvious non-company/government entries (US Army, a UK district council) manually excluded post-hoc"
Linda Hertz Group,https://lindahertz.com,https://www.linkedin.com/company/linda-hertz-group,Los Angeles,US,10,">=$1,000,000 (revenue.min filter, exact value not returned by Blitz company-search)",Staffing and Recruiting,,yes,"Round 3: Blitz Find People scoped to company.linkedin_url (final batch of previously-unsourced companies); 2 obvious non-company/government entries (US Army, a UK district council) manually excluded post-hoc"
Local 53,https://ibewlocal53.org/home/home.asp,https://www.linkedin.com/company/local-53,Dallas,US,16,">=$1,000,000 (revenue.min filter, exact value not returned by Blitz company-search)",Staffing and Recruiting,,yes,"Round 3: Blitz Find People scoped to company.linkedin_url (final batch of previously-unsourced companies); 2 obvious non-company/government entries (US Army, a UK district council) manually excluded post-hoc"
Lorelei Staffing,https://www.loreleistaffing.com,https://www.linkedin.com/company/lorelei-personnel,East Brunswick,US,23,">=$1,000,000 (revenue.min filter, exact value not returned by Blitz company-search)",Staffing and Recruiting,,yes,"Round 3: Blitz Find People scoped to company.linkedin_url (final batch of previously-unsourced companies); 2 obvious non-company/government entries (US Army, a UK district council) manually excluded post-hoc"
Margolin,https://www.margolin.nl,https://www.linkedin.com/company/margolin_2,Utrecht,NL,81,">=$1,000,000 (revenue.min filter, exact value not returned by Blitz company-search)",Human Resources Services,,yes,"Round 3: Blitz Find People scoped to company.linkedin_url (final batch of previously-unsourced companies); 2 obvious non-company/government entries (US Army, a UK district council) manually excluded post-hoc"
Marketplace Professional Staffing,https://www.marketplacestaffing.com,https://www.linkedin.com/company/marketplacestaffing,Greenville,US,28,">=$1,000,000 (revenue.min filter, exact value not returned by Blitz company-search)",Staffing and Recruiting,,yes,"Round 3: Blitz Find People scoped to company.linkedin_url (final batch of previously-unsourced companies); 2 obvious non-company/government entries (US Army, a UK district council) manually excluded post-hoc"
The Mcsweeney Group,https://www.mcsweeneygroup.com,https://www.linkedin.com/company/mcsweeney-miller-executive-career-consulting,Salt Lake City,US,13,">=$1,000,000 (revenue.min filter, exact value not returned by Blitz company-search)",Human Resources Services,,yes,"Round 3: Blitz Find People scoped to company.linkedin_url (final batch of previously-unsourced companies); 2 obvious non-company/government entries (US Army, a UK district council) manually excluded post-hoc"
"Medical Contracting Services, Inc",https://www.medicalcontracting.com,https://www.linkedin.com/company/medical-contracting-services,Dallas,US,21,">=$1,000,000 (revenue.min filter, exact value not returned by Blitz company-search)",Staffing and Recruiting,,yes,"Round 3: Blitz Find People scoped to company.linkedin_url (final batch of previously-unsourced companies); 2 obvious non-company/government entries (US Army, a UK district council) manually excluded post-hoc"
Medtemps,https://www.nuwestgroup.com,https://www.linkedin.com/company/medtemps,Bellevue,US,52,">=$1,000,000 (revenue.min filter, exact value not returned by Blitz company-search)",Staffing and Recruiting,,yes,"Round 3: Blitz Find People scoped to company.linkedin_url (final batch of previously-unsourced companies); 2 obvious non-company/government entries (US Army, a UK district council) manually excluded post-hoc"
Mentour Corporation,https://mentourcorp.com,https://www.linkedin.com/company/mentourcorp,Edison,US,20,">=$1,000,000 (revenue.min filter, exact value not returned by Blitz company-search)",Staffing and Recruiting,,yes,"Round 3: Blitz Find People scoped to company.linkedin_url (final batch of previously-unsourced companies); 2 obvious non-company/government entries (US Army, a UK district council) manually excluded post-hoc"
Merlino Fine Foods,https://www.merlino.com,https://www.linkedin.com/company/merlino-fine-foods,Seattle,US,22,">=$1,000,000 (revenue.min filter, exact value not returned by Blitz company-search)",Human Resources Services,,yes,"Round 3: Blitz Find People scoped to company.linkedin_url (final batch of previously-unsourced companies); 2 obvious non-company/government entries (US Army, a UK district council) manually excluded post-hoc"
Mid-Cumberland Human Resource Agency,https://www.mchra.com,https://www.linkedin.com/company/mid-cumberland-human-resource-agency,Nashville,US,55,">=$1,000,000 (revenue.min filter, exact value not returned by Blitz company-search)",Human Resources Services,,yes,"Round 3: Blitz Find People scoped to company.linkedin_url (final batch of previously-unsourced companies); 2 obvious non-company/government entries (US Army, a UK district council) manually excluded post-hoc"
Mis En Place,https://misenpl.com,https://www.linkedin.com/company/mis-en-place,Philadelphia,US,10,">=$1,000,000 (revenue.min filter, exact value not returned by Blitz company-search)",Staffing and Recruiting,,yes,"Round 3: Blitz Find People scoped to company.linkedin_url (final batch of previously-unsourced companies); 2 obvious non-company/government entries (US Army, a UK district council) manually excluded post-hoc"
Mixed Staffing And Recruiting,https://www.mixedmi.com,https://www.linkedin.com/company/mixedmi,Grand Rapids,US,37,">=$1,000,000 (revenue.min filter, exact value not returned by Blitz company-search)",Staffing and Recruiting,,yes,"Round 3: Blitz Find People scoped to company.linkedin_url (final batch of previously-unsourced companies); 2 obvious non-company/government entries (US Army, a UK district council) manually excluded post-hoc"
Monarch Recruiters,https://monarchrecruiters.com,https://www.linkedin.com/company/monarchrecruiters,New York,US,17,">=$1,000,000 (revenue.min filter, exact value not returned by Blitz company-search)",Staffing and Recruiting,,yes,"Round 3: Blitz Find People scoped to company.linkedin_url (final batch of previously-unsourced companies); 2 obvious non-company/government entries (US Army, a UK district council) manually excluded post-hoc"
Moore Staffing Services,https://www.moorestaffing.com,https://www.linkedin.com/company/moore-staffing-services,Methuen,US,31,">=$1,000,000 (revenue.min filter, exact value not returned by Blitz company-search)",Staffing and Recruiting,,yes,"Round 3: Blitz Find People scoped to company.linkedin_url (final batch of previously-unsourced companies); 2 obvious non-company/government entries (US Army, a UK district council) manually excluded post-hoc"
Motoplex Of Norfolk,https://www.motoplexofnorfolk.com,https://www.linkedin.com/company/motoplex-of-norfolk,Norfolk,US,10,">=$1,000,000 (revenue.min filter, exact value not returned by Blitz company-search)",Staffing and Recruiting,,yes,"Round 3: Blitz Find People scoped to company.linkedin_url (final batch of previously-unsourced companies); 2 obvious non-company/government entries (US Army, a UK district council) manually excluded post-hoc"
"Moulton & Hardin, Inc. M&h Onesource",https://www.mh1s.com,https://www.linkedin.com/company/moulton-&-hardin-inc--m&h-one-source,Athens,US,12,">=$1,000,000 (revenue.min filter, exact value not returned by Blitz company-search)",Human Resources Services,,yes,"Round 3: Blitz Find People scoped to company.linkedin_url (final batch of previously-unsourced companies); 2 obvious non-company/government entries (US Army, a UK district council) manually excluded post-hoc"
Msm Healthcare Ltd,https://msmhealthcare.co.uk,https://www.linkedin.com/company/msm-healthcare-ltd,Cambridge,GB,15,">=$1,000,000 (revenue.min filter, exact value not returned by Blitz company-search)",Staffing and Recruiting,,yes,"Round 3: Blitz Find People scoped to company.linkedin_url (final batch of previously-unsourced companies); 2 obvious non-company/government entries (US Army, a UK district council) manually excluded post-hoc"
"Mulvey International, Inc",https://www.mulveyinternational.com,https://www.linkedin.com/company/mulvey-internationa-recruiting,Coronado,US,13,">=$1,000,000 (revenue.min filter, exact value not returned by Blitz company-search)",Staffing and Recruiting,,yes,"Round 3: Blitz Find People scoped to company.linkedin_url (final batch of previously-unsourced companies); 2 obvious non-company/government entries (US Army, a UK district council) manually excluded post-hoc"
My People Person,https://mypeopleperson.com,https://www.linkedin.com/company/my-people-person,Dallas,US,34,">=$1,000,000 (revenue.min filter, exact value not returned by Blitz company-search)",Staffing and Recruiting,,yes,"Round 3: Blitz Find People scoped to company.linkedin_url (final batch of previously-unsourced companies); 2 obvious non-company/government entries (US Army, a UK district council) manually excluded post-hoc"
"Naturaldata, Inc",https://naturaldatainc.com,https://www.linkedin.com/company/naturaldata-inc-,Scottsdale,US,10,">=$1,000,000 (revenue.min filter, exact value not returned by Blitz company-search)",Staffing and Recruiting,,yes,"Round 3: Blitz Find People scoped to company.linkedin_url (final batch of previously-unsourced companies); 2 obvious non-company/government entries (US Army, a UK district council) manually excluded post-hoc"
"Nease Personnel Services, Inc",https://www.neasepersonnel.com,https://www.linkedin.com/company/nease-personnel-services-inc-,Greenville,US,25,">=$1,000,000 (revenue.min filter, exact value not returned by Blitz company-search)",Staffing and Recruiting,,yes,"Round 3: Blitz Find People scoped to company.linkedin_url (final batch of previously-unsourced companies); 2 obvious non-company/government entries (US Army, a UK district council) manually excluded post-hoc"
"Network ESC A Division of Network Temps, Inc.",https://www.networkesc.com,https://www.linkedin.com/company/network-esc-a-division-of-network-temps-inc,New York,US,30,">=$1,000,000 (revenue.min filter, exact value not returned by Blitz company-search)",Staffing and Recruiting,,yes,"Round 3: Blitz Find People scoped to company.linkedin_url (final batch of previously-unsourced companies); 2 obvious non-company/government entries (US Army, a UK district council) manually excluded post-hoc"
New Life Staffing,https://www.newlifestaffing.com,https://www.linkedin.com/company/new-life-staffing,Pottstown,US,22,">=$1,000,000 (revenue.min filter, exact value not returned by Blitz company-search)",Staffing and Recruiting,,yes,"Round 3: Blitz Find People scoped to company.linkedin_url (final batch of previously-unsourced companies); 2 obvious non-company/government entries (US Army, a UK district council) manually excluded post-hoc"
"Npps, Inc",https://www.npps1.com,https://www.linkedin.com/company/npps-inc.,Tampa,US,66,">=$1,000,000 (revenue.min filter, exact value not returned by Blitz company-search)",Staffing and Recruiting,,yes,"Round 3: Blitz Find People scoped to company.linkedin_url (final batch of previously-unsourced companies); 2 obvious non-company/government entries (US Army, a UK district council) manually excluded post-hoc"
Office Recruiters,https://www.officerecruiters.com,https://www.linkedin.com/company/office-recruiters-usa,Hot Springs,US,16,">=$1,000,000 (revenue.min filter, exact value not returned by Blitz company-search)",Staffing and Recruiting,,yes,"Round 3: Blitz Find People scoped to company.linkedin_url (final batch of previously-unsourced companies); 2 obvious non-company/government entries (US Army, a UK district council) manually excluded post-hoc"
OmegaHires,https://www.omegahires.com,https://www.linkedin.com/company/omegahires,Herndon,US,39,">=$1,000,000 (revenue.min filter, exact value not returned by Blitz company-search)",Staffing and Recruiting,,yes,"Round 3: Blitz Find People scoped to company.linkedin_url (final batch of previously-unsourced companies); 2 obvious non-company/government entries (US Army, a UK district council) manually excluded post-hoc"
Opalstaff,https://www.opalstaff.com,https://www.linkedin.com/company/opalstaff,Millersville,US,20,">=$1,000,000 (revenue.min filter, exact value not returned by Blitz company-search)",Staffing and Recruiting,,yes,"Round 3: Blitz Find People scoped to company.linkedin_url (final batch of previously-unsourced companies); 2 obvious non-company/government entries (US Army, a UK district council) manually excluded post-hoc"
Operating Systems Inc,https://www.osihouston.com,https://www.linkedin.com/company/operating-systems-inc-,Houston,US,10,">=$1,000,000 (revenue.min filter, exact value not returned by Blitz company-search)",Staffing and Recruiting,,yes,"Round 3: Blitz Find People scoped to company.linkedin_url (final batch of previously-unsourced companies); 2 obvious non-company/government entries (US Army, a UK district council) manually excluded post-hoc"
Optime Pro Gmbh,https://www.optime-pro.eu,https://www.linkedin.com/company/optime-pro-gmbh,Langen Hessen,DE,10,">=$1,000,000 (revenue.min filter, exact value not returned by Blitz company-search)",Staffing and Recruiting,,yes,"Round 3: Blitz Find People scoped to company.linkedin_url (final batch of previously-unsourced companies); 2 obvious non-company/government entries (US Army, a UK district council) manually excluded post-hoc"
Origin Staffing,https://originstaff.com,https://www.linkedin.com/company/originstaffing-bostonrecruitingagency,Boston,US,10,">=$1,000,000 (revenue.min filter, exact value not returned by Blitz company-search)",Staffing and Recruiting,,yes,"Round 3: Blitz Find People scoped to company.linkedin_url (final batch of previously-unsourced companies); 2 obvious non-company/government entries (US Army, a UK district council) manually excluded post-hoc"
Ossanna Consulting,https://www.ossanna.com,https://www.linkedin.com/company/ossanna-consulting,Barrington,US,12,">=$1,000,000 (revenue.min filter, exact value not returned by Blitz company-search)",Human Resources Services,,yes,"Round 3: Blitz Find People scoped to company.linkedin_url (final batch of previously-unsourced companies); 2 obvious non-company/government entries (US Army, a UK district council) manually excluded post-hoc"
Parker and Associates Recruiting,https://www.parkerrecruiting.com,https://www.linkedin.com/company/parker-and-associates-recruiting,Fort Worth,US,10,">=$1,000,000 (revenue.min filter, exact value not returned by Blitz company-search)",Staffing and Recruiting,,yes,"Round 3: Blitz Find People scoped to company.linkedin_url (final batch of previously-unsourced companies); 2 obvious non-company/government entries (US Army, a UK district council) manually excluded post-hoc"
"Partners In Diversity, Inc.",https://partnersindiversity.com,https://www.linkedin.com/company/partners-in-diversity,Pasadena,US,29,">=$1,000,000 (revenue.min filter, exact value not returned by Blitz company-search)",Staffing and Recruiting,,yes,"Round 3: Blitz Find People scoped to company.linkedin_url (final batch of previously-unsourced companies); 2 obvious non-company/government entries (US Army, a UK district council) manually excluded post-hoc"
Payroll Resource Group,https://www.prgonline.com,https://www.linkedin.com/company/payroll-resource-group,San Francisco,US,16,">=$1,000,000 (revenue.min filter, exact value not returned by Blitz company-search)",Human Resources Services,,yes,"Round 3: Blitz Find People scoped to company.linkedin_url (final batch of previously-unsourced companies); 2 obvious non-company/government entries (US Army, a UK district council) manually excluded post-hoc"
Penguin Recruitment,https://www.penguinrecruitment.co.uk,https://www.linkedin.com/company/penguin-recruitment,Birmingham,GB,62,">=$1,000,000 (revenue.min filter, exact value not returned by Blitz company-search)",Staffing and Recruiting,,yes,"Round 3: Blitz Find People scoped to company.linkedin_url (final batch of previously-unsourced companies); 2 obvious non-company/government entries (US Army, a UK district council) manually excluded post-hoc"
Personahr,https://www.personahr.com,https://www.linkedin.com/company/personahr,Rancho Cucamonga,US,25,">=$1,000,000 (revenue.min filter, exact value not returned by Blitz company-search)",Staffing and Recruiting,,yes,"Round 3: Blitz Find People scoped to company.linkedin_url (final batch of previously-unsourced companies); 2 obvious non-company/government entries (US Army, a UK district council) manually excluded post-hoc"
Personnel Placements,https://www.personnel-placements.co.uk,https://www.linkedin.com/company/personnel-placements,Salisbury,GB,11,">=$1,000,000 (revenue.min filter, exact value not returned by Blitz company-search)",Staffing and Recruiting,,yes,"Round 3: Blitz Find People scoped to company.linkedin_url (final batch of previously-unsourced companies); 2 obvious non-company/government entries (US Army, a UK district council) manually excluded post-hoc"
Personnel Services Unlimited,https://www.psuhasjobs.com,https://www.linkedin.com/company/personnel-services-unlimited,Shelby,US,31,">=$1,000,000 (revenue.min filter, exact value not returned by Blitz company-search)",Staffing and Recruiting,,yes,"Round 3: Blitz Find People scoped to company.linkedin_url (final batch of previously-unsourced companies); 2 obvious non-company/government entries (US Army, a UK district council) manually excluded post-hoc"
Phoenix Labor Group,https://phoenixlaborgroup.com,https://www.linkedin.com/company/phoenix-labor-group,Ocean Springs,US,17,">=$1,000,000 (revenue.min filter, exact value not returned by Blitz company-search)",Staffing and Recruiting,,yes,"Round 3: Blitz Find People scoped to company.linkedin_url (final batch of previously-unsourced companies); 2 obvious non-company/government entries (US Army, a UK district council) manually excluded post-hoc"
Phr Staffing Solutions,https://phrservices.com,https://www.linkedin.com/company/phr-staffing-solutions,Lakeland,US,19,">=$1,000,000 (revenue.min filter, exact value not returned by Blitz company-search)",Staffing and Recruiting,,yes,"Round 3: Blitz Find People scoped to company.linkedin_url (final batch of previously-unsourced companies); 2 obvious non-company/government entries (US Army, a UK district council) manually excluded post-hoc"
Pindi Solutions,https://www.pindisolutions.com,https://www.linkedin.com/company/pindi-solutions,King Of Prussia,US,18,">=$1,000,000 (revenue.min filter, exact value not returned by Blitz company-search)",Staffing and Recruiting,,yes,"Round 3: Blitz Find People scoped to company.linkedin_url (final batch of previously-unsourced companies); 2 obvious non-company/government entries (US Army, a UK district council) manually excluded post-hoc"
Planet Forward,https://www.theplanetforward.com,https://www.linkedin.com/company/planet-forward,Western Springs,US,172,">=$1,000,000 (revenue.min filter, exact value not returned by Blitz company-search)",Staffing and Recruiting,,yes,"Round 3: Blitz Find People scoped to company.linkedin_url (final batch of previously-unsourced companies); 2 obvious non-company/government entries (US Army, a UK district council) manually excluded post-hoc"
Pmb Transfer Gmbh,https://www.pmb-international.de,https://www.linkedin.com/company/pmb-transfer-gmbh,Boblingen,DE,169,">=$1,000,000 (revenue.min filter, exact value not returned by Blitz company-search)",Staffing and Recruiting,,yes,"Round 3: Blitz Find People scoped to company.linkedin_url (final batch of previously-unsourced companies); 2 obvious non-company/government entries (US Army, a UK district council) manually excluded post-hoc"
Positive Mental Health,https://www.positivementalhealth.co.uk,https://www.linkedin.com/company/positivementalhealth,Silsoe,GB,32,">=$1,000,000 (revenue.min filter, exact value not returned by Blitz company-search)",Staffing and Recruiting,,yes,"Round 3: Blitz Find People scoped to company.linkedin_url (final batch of previously-unsourced companies); 2 obvious non-company/government entries (US Army, a UK district council) manually excluded post-hoc"
People Solutions Center,https://www.peoplesolutionscenter.com,https://www.linkedin.com/company/pplsolutionsctr,Saint Louis,US,11,">=$1,000,000 (revenue.min filter, exact value not returned by Blitz company-search)",Human Resources Services,,yes,"Round 3: Blitz Find People scoped to company.linkedin_url (final batch of previously-unsourced companies); 2 obvious non-company/government entries (US Army, a UK district council) manually excluded post-hoc"
PrideNow,https://www.pridenow.com,https://www.linkedin.com/company/pride-now,Erlanger,US,33,">=$1,000,000 (revenue.min filter, exact value not returned by Blitz company-search)",Staffing and Recruiting,,yes,"Round 3: Blitz Find People scoped to company.linkedin_url (final batch of previously-unsourced companies); 2 obvious non-company/government entries (US Army, a UK district council) manually excluded post-hoc"
Prime21 AG,https://www.prime21.ch,https://www.linkedin.com/company/prime21-ag,Zug,CH,15,">=$1,000,000 (revenue.min filter, exact value not returned by Blitz company-search)",Staffing and Recruiting,,yes,"Round 3: Blitz Find People scoped to company.linkedin_url (final batch of previously-unsourced companies); 2 obvious non-company/government entries (US Army, a UK district council) manually excluded post-hoc"
Princess Dental Staffing,https://www.princessdentalstaffing.com,https://www.linkedin.com/company/princess-dental-staffing,Scottsdale,US,156,">=$1,000,000 (revenue.min filter, exact value not returned by Blitz company-search)",Staffing and Recruiting,,yes,"Round 3: Blitz Find People scoped to company.linkedin_url (final batch of previously-unsourced companies); 2 obvious non-company/government entries (US Army, a UK district council) manually excluded post-hoc"
Profexa Consulting,https://www.profexa.it,https://www.linkedin.com/company/profexa,Bologna,IT,33,">=$1,000,000 (revenue.min filter, exact value not returned by Blitz company-search)",Human Resources Services,,yes,"Round 3: Blitz Find People scoped to company.linkedin_url (final batch of previously-unsourced companies); 2 obvious non-company/government entries (US Army, a UK district council) manually excluded post-hoc"
Prohire,https://www.prohire.com,https://www.linkedin.com/company/prohire,Loma Linda,US,37,">=$1,000,000 (revenue.min filter, exact value not returned by Blitz company-search)",Staffing and Recruiting,,yes,"Round 3: Blitz Find People scoped to company.linkedin_url (final batch of previously-unsourced companies); 2 obvious non-company/government entries (US Army, a UK district council) manually excluded post-hoc"
Provenir Healthcare,https://provenirusa.com,https://www.linkedin.com/company/provenir-llc,San Antonio,US,27,">=$1,000,000 (revenue.min filter, exact value not returned by Blitz company-search)",Staffing and Recruiting,,yes,"Round 3: Blitz Find People scoped to company.linkedin_url (final batch of previously-unsourced companies); 2 obvious non-company/government entries (US Army, a UK district council) manually excluded post-hoc"
Provisional Recruiting + Staffing,https://www.provisional.com,https://www.linkedin.com/company/provisional-recruiting-and-staffing,Spokane,US,22,">=$1,000,000 (revenue.min filter, exact value not returned by Blitz company-search)",Staffing and Recruiting,,yes,"Round 3: Blitz Find People scoped to company.linkedin_url (final batch of previously-unsourced companies); 2 obvious non-company/government entries (US Army, a UK district council) manually excluded post-hoc"
"Psinapse Technology, Ltd",https://www.psinapse.com,https://www.linkedin.com/company/psinapse,Livermore,US,13,">=$1,000,000 (revenue.min filter, exact value not returned by Blitz company-search)",Staffing and Recruiting,,yes,"Round 3: Blitz Find People scoped to company.linkedin_url (final batch of previously-unsourced companies); 2 obvious non-company/government entries (US Army, a UK district council) manually excluded post-hoc"
Pvr Technologies Inc,https://pvrtech.com,https://www.linkedin.com/company/pvr-technology-inc,Philadelphia,US,45,">=$1,000,000 (revenue.min filter, exact value not returned by Blitz company-search)",Staffing and Recruiting,,yes,"Round 3: Blitz Find People scoped to company.linkedin_url (final batch of previously-unsourced companies); 2 obvious non-company/government entries (US Army, a UK district council) manually excluded post-hoc"
"Quality Support Services, Inc",https://qualitysupportservices.com,https://www.linkedin.com/company/qualitysupportservices,New Orleans,US,21,">=$1,000,000 (revenue.min filter, exact value not returned by Blitz company-search)",Staffing and Recruiting,,yes,"Round 3: Blitz Find People scoped to company.linkedin_url (final batch of previously-unsourced companies); 2 obvious non-company/government entries (US Army, a UK district council) manually excluded post-hoc"
Qualstaff Resources,https://www.qualstaff.com,https://www.linkedin.com/company/qualstaff-resources,Grapevine,US,17,">=$1,000,000 (revenue.min filter, exact value not returned by Blitz company-search)",Staffing and Recruiting,,yes,"Round 3: Blitz Find People scoped to company.linkedin_url (final batch of previously-unsourced companies); 2 obvious non-company/government entries (US Army, a UK district council) manually excluded post-hoc"
"R&l Associates, Inc",https://www.rlassociatesinc.net,https://www.linkedin.com/company/r&l-associates-inc.,Beverly,US,11,">=$1,000,000 (revenue.min filter, exact value not returned by Blitz company-search)",Staffing and Recruiting,,yes,"Round 3: Blitz Find People scoped to company.linkedin_url (final batch of previously-unsourced companies); 2 obvious non-company/government entries (US Army, a UK district council) manually excluded post-hoc"
Rainmakers,https://www.rainmakers.co,https://www.linkedin.com/company/rainmakers-inc.,San Francisco,US,10,">=$1,000,000 (revenue.min filter, exact value not returned by Blitz company-search)",Staffing and Recruiting,,yes,"Round 3: Blitz Find People scoped to company.linkedin_url (final batch of previously-unsourced companies); 2 obvious non-company/government entries (US Army, a UK district council) manually excluded post-hoc"
Ralph Andersen & Associates,https://www.ralphandersen.com,https://www.linkedin.com/company/ralph-andersen-&-associates,Rocklin,US,25,">=$1,000,000 (revenue.min filter, exact value not returned by Blitz company-search)",Staffing and Recruiting,,yes,"Round 3: Blitz Find People scoped to company.linkedin_url (final batch of previously-unsourced companies); 2 obvious non-company/government entries (US Army, a UK district council) manually excluded post-hoc"
"Razzino Associates, Inc",https://www.razzinoassociates.com,https://www.linkedin.com/company/razzino-associates,Westwood,US,10,">=$1,000,000 (revenue.min filter, exact value not returned by Blitz company-search)",Staffing and Recruiting,,yes,"Round 3: Blitz Find People scoped to company.linkedin_url (final batch of previously-unsourced companies); 2 obvious non-company/government entries (US Army, a UK district council) manually excluded post-hoc"
"RedRiver Systems, LLC",https://www.redriversystems.com,https://www.linkedin.com/company/redriver-systems-llc,Addison,US,43,">=$1,000,000 (revenue.min filter, exact value not returned by Blitz company-search)",Staffing and Recruiting,,yes,"Round 3: Blitz Find People scoped to company.linkedin_url (final batch of previously-unsourced companies); 2 obvious non-company/government entries (US Army, a UK district council) manually excluded post-hoc"
Redstone Partners Llc,https://www.redstonepartners.com,https://www.linkedin.com/company/redstone-partners-llc,Cambridge,US,11,">=$1,000,000 (revenue.min filter, exact value not returned by Blitz company-search)",Staffing and Recruiting,,yes,"Round 3: Blitz Find People scoped to company.linkedin_url (final batch of previously-unsourced companies); 2 obvious non-company/government entries (US Army, a UK district council) manually excluded post-hoc"
RedStream Technology,https://www.redstreamtechnology.com,https://www.linkedin.com/company/redstream-technology,New York,US,41,">=$1,000,000 (revenue.min filter, exact value not returned by Blitz company-search)",Staffing and Recruiting,,yes,"Round 3: Blitz Find People scoped to company.linkedin_url (final batch of previously-unsourced companies); 2 obvious non-company/government entries (US Army, a UK district council) manually excluded post-hoc"
Rekruiting Advisors,https://www.rekruitingadvisors.com,https://www.linkedin.com/company/rekruiting-advisors-llc,Miami,US,14,">=$1,000,000 (revenue.min filter, exact value not returned by Blitz company-search)",Staffing and Recruiting,,yes,"Round 3: Blitz Find People scoped to company.linkedin_url (final batch of previously-unsourced companies); 2 obvious non-company/government entries (US Army, a UK district council) manually excluded post-hoc"
"ResourceTek, LLC",https://www.resource-tek.com,https://www.linkedin.com/company/resourcetek-llc,Nashville,US,45,">=$1,000,000 (revenue.min filter, exact value not returned by Blitz company-search)",Staffing and Recruiting,,yes,"Round 3: Blitz Find People scoped to company.linkedin_url (final batch of previously-unsourced companies); 2 obvious non-company/government entries (US Army, a UK district council) manually excluded post-hoc"
AGRI-SEARCH,https://www.agri-search.com,https://www.linkedin.com/company/rich-connell-agri-search-inc,Arthur,US,15,">=$1,000,000 (revenue.min filter, exact value not returned by Blitz company-search)",Staffing and Recruiting,,yes,"Round 3: Blitz Find People scoped to company.linkedin_url (final batch of previously-unsourced companies); 2 obvious non-company/government entries (US Army, a UK district council) manually excluded post-hoc"
Richard & Associates Hr,https://www.richardandassociateshr.com,https://www.linkedin.com/company/richardandassociateshr,Houston,US,10,">=$1,000,000 (revenue.min filter, exact value not returned by Blitz company-search)",Staffing and Recruiting,,yes,"Round 3: Blitz Find People scoped to company.linkedin_url (final batch of previously-unsourced companies); 2 obvious non-company/government entries (US Army, a UK district council) manually excluded post-hoc"
Rm Medics,https://www.rmmedics.co.uk,https://www.linkedin.com/company/rm-medics,Bedford,GB,30,">=$1,000,000 (revenue.min filter, exact value not returned by Blitz company-search)",Staffing and Recruiting,,yes,"Round 3: Blitz Find People scoped to company.linkedin_url (final batch of previously-unsourced companies); 2 obvious non-company/government entries (US Army, a UK district council) manually excluded post-hoc"
Rmg Staffing,https://www.rmgstaffing.com,https://www.linkedin.com/company/rmg-staffing,Miami,US,26,">=$1,000,000 (revenue.min filter, exact value not returned by Blitz company-search)",Staffing and Recruiting,,yes,"Round 3: Blitz Find People scoped to company.linkedin_url (final batch of previously-unsourced companies); 2 obvious non-company/government entries (US Army, a UK district council) manually excluded post-hoc"
Robbins Staffing Solutions Inc,https://www.robbinsstaffing.com,https://www.linkedin.com/company/robbins-staffing-solutions-inc-,Charlottesville,US,14,">=$1,000,000 (revenue.min filter, exact value not returned by Blitz company-search)",Staffing and Recruiting,,yes,"Round 3: Blitz Find People scoped to company.linkedin_url (final batch of previously-unsourced companies); 2 obvious non-company/government entries (US Army, a UK district council) manually excluded post-hoc"
"Rome Staffing, Llc",https://www.romestaffing.com,https://www.linkedin.com/company/rome-staffing-llc,Harvey,US,17,">=$1,000,000 (revenue.min filter, exact value not returned by Blitz company-search)",Staffing and Recruiting,,yes,"Round 3: Blitz Find People scoped to company.linkedin_url (final batch of previously-unsourced companies); 2 obvious non-company/government entries (US Army, a UK district council) manually excluded post-hoc"
"Ross Staffing, LLC",https://www.rossllc.net,https://www.linkedin.com/company/ross-staffing-solutions-llc,Pittsburgh,US,18,">=$1,000,000 (revenue.min filter, exact value not returned by Blitz company-search)",Staffing and Recruiting,,yes,"Round 3: Blitz Find People scoped to company.linkedin_url (final batch of previously-unsourced companies); 2 obvious non-company/government entries (US Army, a UK district council) manually excluded post-hoc"
Rubicon Consulting Uk Limited,https://www.rubiconconsulting.co.uk,https://www.linkedin.com/company/rubicon-consulting-uk-limited,Hockley Heath,GB,24,">=$1,000,000 (revenue.min filter, exact value not returned by Blitz company-search)",Staffing and Recruiting,,yes,"Round 3: Blitz Find People scoped to company.linkedin_url (final batch of previously-unsourced companies); 2 obvious non-company/government entries (US Army, a UK district council) manually excluded post-hoc"
Sage Staffing,https://www.sagestaffing.com,https://www.linkedin.com/company/sage-staffing,Santa Clarita,US,13,">=$1,000,000 (revenue.min filter, exact value not returned by Blitz company-search)",Staffing and Recruiting,,yes,"Round 3: Blitz Find People scoped to company.linkedin_url (final batch of previously-unsourced companies); 2 obvious non-company/government entries (US Army, a UK district council) manually excluded post-hoc"
Sakonnet,https://www.saksys.com,https://www.linkedin.com/company/sakonnet,San Francisco,US,20,">=$1,000,000 (revenue.min filter, exact value not returned by Blitz company-search)",Staffing and Recruiting,,yes,"Round 3: Blitz Find People scoped to company.linkedin_url (final batch of previously-unsourced companies); 2 obvious non-company/government entries (US Army, a UK district council) manually excluded post-hoc"
Savant Consulting,https://www.savantconsulting.com,https://www.linkedin.com/company/savant,San Francisco,US,12,">=$1,000,000 (revenue.min filter, exact value not returned by Blitz company-search)",Staffing and Recruiting,,yes,"Round 3: Blitz Find People scoped to company.linkedin_url (final batch of previously-unsourced companies); 2 obvious non-company/government entries (US Army, a UK district council) manually excluded post-hoc"
Search Recruitment Ltd,https://www.searchrecruitment.jobs,https://www.linkedin.com/company/search-recruitment,Farnborough,GB,55,">=$1,000,000 (revenue.min filter, exact value not returned by Blitz company-search)",Staffing and Recruiting,,yes,"Round 3: Blitz Find People scoped to company.linkedin_url (final batch of previously-unsourced companies); 2 obvious non-company/government entries (US Army, a UK district council) manually excluded post-hoc"
Seattle Search Group,https://www.seattlesearchgroup.com,https://www.linkedin.com/company/seattle-search-group,Bellevue,US,19,">=$1,000,000 (revenue.min filter, exact value not returned by Blitz company-search)",Staffing and Recruiting,,yes,"Round 3: Blitz Find People scoped to company.linkedin_url (final batch of previously-unsourced companies); 2 obvious non-company/government entries (US Army, a UK district council) manually excluded post-hoc"
Sequence Systems,https://www.sequencestaffing.com,https://www.linkedin.com/company/sequence-systems,Roseville,US,10,">=$1,000,000 (revenue.min filter, exact value not returned by Blitz company-search)",Staffing and Recruiting,,yes,"Round 3: Blitz Find People scoped to company.linkedin_url (final batch of previously-unsourced companies); 2 obvious non-company/government entries (US Army, a UK district council) manually excluded post-hoc"
Shyft6,https://www.shyft6.com,https://www.linkedin.com/company/shyft6,Maitland,US,31,">=$1,000,000 (revenue.min filter, exact value not returned by Blitz company-search)",Staffing and Recruiting,,yes,"Round 3: Blitz Find People scoped to company.linkedin_url (final batch of previously-unsourced companies); 2 obvious non-company/government entries (US Army, a UK district council) manually excluded post-hoc"
Simone & Associates,https://www.simone-group.com,https://www.linkedin.com/company/simone-&-associates-ny-ltd-,New York,US,26,">=$1,000,000 (revenue.min filter, exact value not returned by Blitz company-search)",Human Resources Services,,yes,"Round 3: Blitz Find People scoped to company.linkedin_url (final batch of previously-unsourced companies); 2 obvious non-company/government entries (US Army, a UK district council) manually excluded post-hoc"
Simplehr,https://www.simplehr.com,https://www.linkedin.com/company/simplehr,Destin,US,33,">=$1,000,000 (revenue.min filter, exact value not returned by Blitz company-search)",Human Resources Services,,yes,"Round 3: Blitz Find People scoped to company.linkedin_url (final batch of previously-unsourced companies); 2 obvious non-company/government entries (US Army, a UK district council) manually excluded post-hoc"
"Sitters In A Second, Inc",https://www.sittersinasecond.com,https://www.linkedin.com/company/sitters-in-a-second-inc-,Palm Beach,US,10,">=$1,000,000 (revenue.min filter, exact value not returned by Blitz company-search)",Staffing and Recruiting,,yes,"Round 3: Blitz Find People scoped to company.linkedin_url (final batch of previously-unsourced companies); 2 obvious non-company/government entries (US Army, a UK district council) manually excluded post-hoc"
Sky Recruitment Solutions,https://www.skyrecruitmentsolutions.co.uk,https://www.linkedin.com/company/skyrecruitmentsolutions,Derby,GB,41,">=$1,000,000 (revenue.min filter, exact value not returned by Blitz company-search)",Staffing and Recruiting,,yes,"Round 3: Blitz Find People scoped to company.linkedin_url (final batch of previously-unsourced companies); 2 obvious non-company/government entries (US Army, a UK district council) manually excluded post-hoc"
Smart-Tek,https://www.smart-tek.net,https://www.linkedin.com/company/smart-tek,Foxboro,US,35,">=$1,000,000 (revenue.min filter, exact value not returned by Blitz company-search)",Staffing and Recruiting,,yes,"Round 3: Blitz Find People scoped to company.linkedin_url (final batch of previously-unsourced companies); 2 obvious non-company/government entries (US Army, a UK district council) manually excluded post-hoc"
Smart Top Services,https://www.smartts.es,https://www.linkedin.com/company/smart-top-service,Jerez De La Frontera,ES,11,">=$1,000,000 (revenue.min filter, exact value not returned by Blitz company-search)",Human Resources Services,,yes,"Round 3: Blitz Find People scoped to company.linkedin_url (final batch of previously-unsourced companies); 2 obvious non-company/government entries (US Army, a UK district council) manually excluded post-hoc"
"Snelling Staffing Services Of Mobile, Alabama",https://www.snellingmobile.com,https://www.linkedin.com/company/snelling-staffing-of-mobile-alabama,Mobile,US,20,">=$1,000,000 (revenue.min filter, exact value not returned by Blitz company-search)",Staffing and Recruiting,,yes,"Round 3: Blitz Find People scoped to company.linkedin_url (final batch of previously-unsourced companies); 2 obvious non-company/government entries (US Army, a UK district council) manually excluded post-hoc"
Soluzione Lavoro SpA,https://www.soluzionelavoro.com,https://www.linkedin.com/company/soluzione-lavoro-spa,Perugia,IT,11,">=$1,000,000 (revenue.min filter, exact value not returned by Blitz company-search)",Staffing and Recruiting,,yes,"Round 3: Blitz Find People scoped to company.linkedin_url (final batch of previously-unsourced companies); 2 obvious non-company/government entries (US Army, a UK district council) manually excluded post-hoc"
Staff It Solutions Inc,https://staffitsol.com,https://www.linkedin.com/company/staff-it-solutions-inc,Rolling Meadows,US,45,">=$1,000,000 (revenue.min filter, exact value not returned by Blitz company-search)",Staffing and Recruiting,,yes,"Round 3: Blitz Find People scoped to company.linkedin_url (final batch of previously-unsourced companies); 2 obvious non-company/government entries (US Army, a UK district council) manually excluded post-hoc"
"Staff Matters, Llc",https://www.staffmattersinc.com,https://www.linkedin.com/company/staff-matters---tucson-owned-&-operated,Tucson,US,18,">=$1,000,000 (revenue.min filter, exact value not returned by Blitz company-search)",Staffing and Recruiting,,yes,"Round 3: Blitz Find People scoped to company.linkedin_url (final batch of previously-unsourced companies); 2 obvious non-company/government entries (US Army, a UK district council) manually excluded post-hoc"
"Staff Smart, Inc",https://www.staffsmart.net,https://www.linkedin.com/company/staff-smart-inc-,San Diego,US,13,">=$1,000,000 (revenue.min filter, exact value not returned by Blitz company-search)",Staffing and Recruiting,,yes,"Round 3: Blitz Find People scoped to company.linkedin_url (final batch of previously-unsourced companies); 2 obvious non-company/government entries (US Army, a UK district council) manually excluded post-hoc"
"Staffing One, Inc",https://www.staffingone.com,https://www.linkedin.com/company/staffing-one-inc.,Tucker,US,47,">=$1,000,000 (revenue.min filter, exact value not returned by Blitz company-search)",Staffing and Recruiting,,yes,"Round 3: Blitz Find People scoped to company.linkedin_url (final batch of previously-unsourced companies); 2 obvious non-company/government entries (US Army, a UK district council) manually excluded post-hoc"
Staffmarket,https://www.staffmarket.com,https://www.linkedin.com/company/staffmarket,Bradenton,US,16,">=$1,000,000 (revenue.min filter, exact value not returned by Blitz company-search)",Human Resources Services,,yes,"Round 3: Blitz Find People scoped to company.linkedin_url (final batch of previously-unsourced companies); 2 obvious non-company/government entries (US Army, a UK district council) manually excluded post-hoc"
Stage Monkey Resources Inc,https://stagemonkeys.com,https://www.linkedin.com/company/stage-monkey-resources-inc,Stockton,US,33,">=$1,000,000 (revenue.min filter, exact value not returned by Blitz company-search)",Human Resources Services,,yes,"Round 3: Blitz Find People scoped to company.linkedin_url (final batch of previously-unsourced companies); 2 obvious non-company/government entries (US Army, a UK district council) manually excluded post-hoc"
"Star Wards, Inc",https://www.starwardsinc.com,https://www.linkedin.com/company/starwardsinc,Orlando,US,12,">=$1,000,000 (revenue.min filter, exact value not returned by Blitz company-search)",Staffing and Recruiting,,yes,"Round 3: Blitz Find People scoped to company.linkedin_url (final batch of previously-unsourced companies); 2 obvious non-company/government entries (US Army, a UK district council) manually excluded post-hoc"
Strategic Recruitment Solutions,https://www.strategicrecruitmentsolutions.com,https://www.linkedin.com/company/strategic-recruitment-solutions,New Orleans,US,23,">=$1,000,000 (revenue.min filter, exact value not returned by Blitz company-search)",Staffing and Recruiting,,yes,"Round 3: Blitz Find People scoped to company.linkedin_url (final batch of previously-unsourced companies); 2 obvious non-company/government entries (US Army, a UK district council) manually excluded post-hoc"
Stratus Staffing,https://www.stratusstaffing.com,https://www.linkedin.com/company/stratus-staffing,San Juan Capistrano,US,10,">=$1,000,000 (revenue.min filter, exact value not returned by Blitz company-search)",Staffing and Recruiting,,yes,"Round 3: Blitz Find People scoped to company.linkedin_url (final batch of previously-unsourced companies); 2 obvious non-company/government entries (US Army, a UK district council) manually excluded post-hoc"
Stss Inc,https://www.stssinc.com,https://www.linkedin.com/company/stss-inc,Cary,US,16,">=$1,000,000 (revenue.min filter, exact value not returned by Blitz company-search)",Staffing and Recruiting,,yes,"Round 3: Blitz Find People scoped to company.linkedin_url (final batch of previously-unsourced companies); 2 obvious non-company/government entries (US Army, a UK district council) manually excluded post-hoc"
Sun-It Solutions Inc,https://sun-itsolutions.com,https://www.linkedin.com/company/sun-it-solutionsinc,Jacksonville,US,32,">=$1,000,000 (revenue.min filter, exact value not returned by Blitz company-search)",Staffing and Recruiting,,yes,"Round 3: Blitz Find People scoped to company.linkedin_url (final batch of previously-unsourced companies); 2 obvious non-company/government entries (US Army, a UK district council) manually excluded post-hoc"
Sunshine Employment Resources,https://sunshineemployment.com,https://www.linkedin.com/company/sunshine-employment,Asheville,US,13,">=$1,000,000 (revenue.min filter, exact value not returned by Blitz company-search)",Staffing and Recruiting,,yes,"Round 3: Blitz Find People scoped to company.linkedin_url (final batch of previously-unsourced companies); 2 obvious non-company/government entries (US Army, a UK district council) manually excluded post-hoc"
Surveyor Placement Services,https://surveyorplacement.com,https://www.linkedin.com/company/surveyor-placement-services,Arvada,US,43,">=$1,000,000 (revenue.min filter, exact value not returned by Blitz company-search)",Staffing and Recruiting,,yes,"Round 3: Blitz Find People scoped to company.linkedin_url (final batch of previously-unsourced companies); 2 obvious non-company/government entries (US Army, a UK district council) manually excluded post-hoc"
Synergie Nederland,https://www.synergiejobs.nl,https://www.linkedin.com/company/synergienederland,Schijndel,NL,62,">=$1,000,000 (revenue.min filter, exact value not returned by Blitz company-search)",Staffing and Recruiting,,yes,"Round 3: Blitz Find People scoped to company.linkedin_url (final batch of previously-unsourced companies); 2 obvious non-company/government entries (US Army, a UK district council) manually excluded post-hoc"
Synergy Staffing,https://www.synergystaffing.com,https://www.linkedin.com/company/synergystaffing,Pittsburgh,US,51,">=$1,000,000 (revenue.min filter, exact value not returned by Blitz company-search)",Staffing and Recruiting,,yes,"Round 3: Blitz Find People scoped to company.linkedin_url (final batch of previously-unsourced companies); 2 obvious non-company/government entries (US Army, a UK district council) manually excluded post-hoc"
Tarvos Talent,https://www.tarvostalent.com,https://www.linkedin.com/company/tarvos-talent-512-828-6700,Austin,US,25,">=$1,000,000 (revenue.min filter, exact value not returned by Blitz company-search)",Staffing and Recruiting,,yes,"Round 3: Blitz Find People scoped to company.linkedin_url (final batch of previously-unsourced companies); 2 obvious non-company/government entries (US Army, a UK district council) manually excluded post-hoc"
"Team Staffing Solutions, Inc",https://www.teamssi.com,https://www.linkedin.com/company/team-staffing-solutions-inc.,Muscatine,US,131,">=$1,000,000 (revenue.min filter, exact value not returned by Blitz company-search)",Staffing and Recruiting,,yes,"Round 3: Blitz Find People scoped to company.linkedin_url (final batch of previously-unsourced companies); 2 obvious non-company/government entries (US Army, a UK district council) manually excluded post-hoc"
"TeamBradley, Inc.",https://www.teambradley.com,https://www.linkedin.com/company/teambradley,Wheaton,US,13,">=$1,000,000 (revenue.min filter, exact value not returned by Blitz company-search)",Staffing and Recruiting,,yes,"Round 3: Blitz Find People scoped to company.linkedin_url (final batch of previously-unsourced companies); 2 obvious non-company/government entries (US Army, a UK district council) manually excluded post-hoc"
"Tekberry, Inc",https://www.tekberry.com,https://www.linkedin.com/company/tekberry,Santa Rosa,US,68,">=$1,000,000 (revenue.min filter, exact value not returned by Blitz company-search)",Staffing and Recruiting,,yes,"Round 3: Blitz Find People scoped to company.linkedin_url (final batch of previously-unsourced companies); 2 obvious non-company/government entries (US Army, a UK district council) manually excluded post-hoc"
Temp Staffing Inc,https://tempstaffinginc.com,https://www.linkedin.com/company/temp-staffing-inc,Indianapolis,US,18,">=$1,000,000 (revenue.min filter, exact value not returned by Blitz company-search)",Staffing and Recruiting,,yes,"Round 3: Blitz Find People scoped to company.linkedin_url (final batch of previously-unsourced companies); 2 obvious non-company/government entries (US Army, a UK district council) manually excluded post-hoc"
TempoPHARMA,https://www.multihealthgroup.com/tempopharma-cabinet-outsourcing-et-de-recrutement,https://www.linkedin.com/company/tempopharma,Velizy-Villacoublay,FR,20,">=$1,000,000 (revenue.min filter, exact value not returned by Blitz company-search)",Human Resources Services,,yes,"Round 3: Blitz Find People scoped to company.linkedin_url (final batch of previously-unsourced companies); 2 obvious non-company/government entries (US Army, a UK district council) manually excluded post-hoc"
The Brooke Group,https://www.thebrookegroup.us,https://www.linkedin.com/company/the-brooke-group,Morgantown,US,10,">=$1,000,000 (revenue.min filter, exact value not returned by Blitz company-search)",Staffing and Recruiting,,yes,"Round 3: Blitz Find People scoped to company.linkedin_url (final batch of previously-unsourced companies); 2 obvious non-company/government entries (US Army, a UK district council) manually excluded post-hoc"
Cannon Project,https://thecannonproject.com,https://www.linkedin.com/company/the-cannon-project,,US,19,">=$1,000,000 (revenue.min filter, exact value not returned by Blitz company-search)",Human Resources Services,,yes,"Round 3: Blitz Find People scoped to company.linkedin_url (final batch of previously-unsourced companies); 2 obvious non-company/government entries (US Army, a UK district council) manually excluded post-hoc"
The Carney Group,https://www.carneyjobs.com,https://www.linkedin.com/company/the-carney-group,Blue Bell,US,65,">=$1,000,000 (revenue.min filter, exact value not returned by Blitz company-search)",Staffing and Recruiting,,yes,"Round 3: Blitz Find People scoped to company.linkedin_url (final batch of previously-unsourced companies); 2 obvious non-company/government entries (US Army, a UK district council) manually excluded post-hoc"
The CSP Group,https://www.thecspgroup.com,https://www.linkedin.com/company/the-csp-group,St. Louis,US,14,">=$1,000,000 (revenue.min filter, exact value not returned by Blitz company-search)",Staffing and Recruiting,,yes,"Round 3: Blitz Find People scoped to company.linkedin_url (final batch of previously-unsourced companies); 2 obvious non-company/government entries (US Army, a UK district council) manually excluded post-hoc"
The French Agency Professional Placement,https://www.frenchagency.biz,https://www.linkedin.com/company/the-french-agency-tfa,Scottsdale,US,10,">=$1,000,000 (revenue.min filter, exact value not returned by Blitz company-search)",Staffing and Recruiting,,yes,"Round 3: Blitz Find People scoped to company.linkedin_url (final batch of previously-unsourced companies); 2 obvious non-company/government entries (US Army, a UK district council) manually excluded post-hoc"
The Jameson Group,https://www.thejamesongroup.com,https://www.linkedin.com/company/the-jameson-group,Beverly Hills,US,12,">=$1,000,000 (revenue.min filter, exact value not returned by Blitz company-search)",Staffing and Recruiting,,yes,"Round 3: Blitz Find People scoped to company.linkedin_url (final batch of previously-unsourced companies); 2 obvious non-company/government entries (US Army, a UK district council) manually excluded post-hoc"
The Orsus Group,https://www.theorsusgroup.com,https://www.linkedin.com/company/the-orsus-group,Troy,US,28,">=$1,000,000 (revenue.min filter, exact value not returned by Blitz company-search)",Human Resources Services,,yes,"Round 3: Blitz Find People scoped to company.linkedin_url (final batch of previously-unsourced companies); 2 obvious non-company/government entries (US Army, a UK district council) manually excluded post-hoc"
"The River Group, Inc",https://www.therivergroupinc.com,https://www.linkedin.com/company/the-river-group-inc.,Hilton Head Island,US,30,">=$1,000,000 (revenue.min filter, exact value not returned by Blitz company-search)",Staffing and Recruiting,,yes,"Round 3: Blitz Find People scoped to company.linkedin_url (final batch of previously-unsourced companies); 2 obvious non-company/government entries (US Army, a UK district council) manually excluded post-hoc"
The RMN Agency,https://www.thermnagency.com,https://www.linkedin.com/company/the-rmn-agency,Atlanta,US,22,">=$1,000,000 (revenue.min filter, exact value not returned by Blitz company-search)",Staffing and Recruiting,,yes,"Round 3: Blitz Find People scoped to company.linkedin_url (final batch of previously-unsourced companies); 2 obvious non-company/government entries (US Army, a UK district council) manually excluded post-hoc"
The Rosen Group,https://www.rosengroup.com,https://www.linkedin.com/company/the-rosen-group,Cherry Hill,US,37,">=$1,000,000 (revenue.min filter, exact value not returned by Blitz company-search)",Human Resources Services,,yes,"Round 3: Blitz Find People scoped to company.linkedin_url (final batch of previously-unsourced companies); 2 obvious non-company/government entries (US Army, a UK district council) manually excluded post-hoc"
The Stewart Group,https://www.stewartgroup.net,https://www.linkedin.com/company/the-stewart-group,Ponte Vedra Beach,US,23,">=$1,000,000 (revenue.min filter, exact value not returned by Blitz company-search)",Staffing and Recruiting,,yes,"Round 3: Blitz Find People scoped to company.linkedin_url (final batch of previously-unsourced companies); 2 obvious non-company/government entries (US Army, a UK district council) manually excluded post-hoc"
The Stoller Group,https://www.expresspros.com/us,https://www.linkedin.com/company/the-stoller-group_2,Tualatin,US,35,">=$1,000,000 (revenue.min filter, exact value not returned by Blitz company-search)",Staffing and Recruiting,,yes,"Round 3: Blitz Find People scoped to company.linkedin_url (final batch of previously-unsourced companies); 2 obvious non-company/government entries (US Army, a UK district council) manually excluded post-hoc"
The Tinsley Group,https://www.tinsleygroup.com,https://www.linkedin.com/company/the-tinsley-group,Austin,US,10,">=$1,000,000 (revenue.min filter, exact value not returned by Blitz company-search)",Staffing and Recruiting,,yes,"Round 3: Blitz Find People scoped to company.linkedin_url (final batch of previously-unsourced companies); 2 obvious non-company/government entries (US Army, a UK district council) manually excluded post-hoc"
"The Waters Consulting Group, Inc",https://www.watersconsulting.com,https://www.linkedin.com/company/the-waters-consulting-group-inc.,Dallas,US,11,">=$1,000,000 (revenue.min filter, exact value not returned by Blitz company-search)",Human Resources Services,,yes,"Round 3: Blitz Find People scoped to company.linkedin_url (final batch of previously-unsourced companies); 2 obvious non-company/government entries (US Army, a UK district council) manually excluded post-hoc"
The Grapevine Agency,https://www.thegrapevineagency.com/blog,https://www.linkedin.com/company/thegrapevineagency,Los Angeles,US,16,">=$1,000,000 (revenue.min filter, exact value not returned by Blitz company-search)",Staffing and Recruiting,,yes,"Round 3: Blitz Find People scoped to company.linkedin_url (final batch of previously-unsourced companies); 2 obvious non-company/government entries (US Army, a UK district council) manually excluded post-hoc"
The Staffing Alliance,https://www.thestaffingalliance.com,https://www.linkedin.com/company/thestaffingalliance,Lumberton,US,59,">=$1,000,000 (revenue.min filter, exact value not returned by Blitz company-search)",Staffing and Recruiting,,yes,"Round 3: Blitz Find People scoped to company.linkedin_url (final batch of previously-unsourced companies); 2 obvious non-company/government entries (US Army, a UK district council) manually excluded post-hoc"
Thomas Legrand Consultants,https://www.thomas-legrand-consultants.fr,https://www.linkedin.com/company/thomas-legrand-consultants,Joué-lès-tours,FR,18,">=$1,000,000 (revenue.min filter, exact value not returned by Blitz company-search)",Human Resources Services,,yes,"Round 3: Blitz Find People scoped to company.linkedin_url (final batch of previously-unsourced companies); 2 obvious non-company/government entries (US Army, a UK district council) manually excluded post-hoc"
ThreePDS Inc.,https://www.threepds.com,https://www.linkedin.com/company/threepds-inc.,Dallas,US,12,">=$1,000,000 (revenue.min filter, exact value not returned by Blitz company-search)",Staffing and Recruiting,,yes,"Round 3: Blitz Find People scoped to company.linkedin_url (final batch of previously-unsourced companies); 2 obvious non-company/government entries (US Army, a UK district council) manually excluded post-hoc"
Tlp Consultancy Ltd,https://www.tlpco.com,https://www.linkedin.com/company/tlp,Nutfield,GB,18,">=$1,000,000 (revenue.min filter, exact value not returned by Blitz company-search)",Staffing and Recruiting,,yes,"Round 3: Blitz Find People scoped to company.linkedin_url (final batch of previously-unsourced companies); 2 obvious non-company/government entries (US Army, a UK district council) manually excluded post-hoc"
Top Choice Staffing Solutions Corp,https://tcsscorp.com,https://www.linkedin.com/company/top-choice-staffing-solutions,Englewood,US,10,">=$1,000,000 (revenue.min filter, exact value not returned by Blitz company-search)",Staffing and Recruiting,,yes,"Round 3: Blitz Find People scoped to company.linkedin_url (final batch of previously-unsourced companies); 2 obvious non-company/government entries (US Army, a UK district council) manually excluded post-hoc"
Top Personal Partner Gmbh,https://www.top-pp.de,https://www.linkedin.com/company/top-personal-partner-gmbh,Offenbach Am Main,DE,20,">=$1,000,000 (revenue.min filter, exact value not returned by Blitz company-search)",Human Resources Services,,yes,"Round 3: Blitz Find People scoped to company.linkedin_url (final batch of previously-unsourced companies); 2 obvious non-company/government entries (US Army, a UK district council) manually excluded post-hoc"
Transcend Solutions,https://www.transcend-solutions.com,https://www.linkedin.com/company/transcendsolutionsllc,Bellevue,US,21,">=$1,000,000 (revenue.min filter, exact value not returned by Blitz company-search)",Staffing and Recruiting,,yes,"Round 3: Blitz Find People scoped to company.linkedin_url (final batch of previously-unsourced companies); 2 obvious non-company/government entries (US Army, a UK district council) manually excluded post-hoc"
Trinau,https://www.trinau.com,https://www.linkedin.com/company/trinau-inc-,North Brunswick,US,24,">=$1,000,000 (revenue.min filter, exact value not returned by Blitz company-search)",Staffing and Recruiting,,yes,"Round 3: Blitz Find People scoped to company.linkedin_url (final batch of previously-unsourced companies); 2 obvious non-company/government entries (US Army, a UK district council) manually excluded post-hoc"
"Trison Business Solutions, Inc",https://www.trisonbusinesssolutions.com,https://www.linkedin.com/company/trison-business-solutions-inc.,Le Roy,US,13,">=$1,000,000 (revenue.min filter, exact value not returned by Blitz company-search)",Staffing and Recruiting,,yes,"Round 3: Blitz Find People scoped to company.linkedin_url (final batch of previously-unsourced companies); 2 obvious non-company/government entries (US Army, a UK district council) manually excluded post-hoc"
"Unistaff, Inc. Temporary Staffing",https://www.unistaffjobs.com,https://www.linkedin.com/company/unistaff-inc-temporary-staffing,Northlake,US,73,">=$1,000,000 (revenue.min filter, exact value not returned by Blitz company-search)",Staffing and Recruiting,,yes,"Round 3: Blitz Find People scoped to company.linkedin_url (final batch of previously-unsourced companies); 2 obvious non-company/government entries (US Army, a UK district council) manually excluded post-hoc"
Vater Pcs Gmbh,https://www.vater-personal.de,https://www.linkedin.com/company/vater-pcs-gmbh,Kiel,DE,10,">=$1,000,000 (revenue.min filter, exact value not returned by Blitz company-search)",Staffing and Recruiting,,yes,"Round 3: Blitz Find People scoped to company.linkedin_url (final batch of previously-unsourced companies); 2 obvious non-company/government entries (US Army, a UK district council) manually excluded post-hoc"
Verbanen,https://www.verbanen.nl,https://www.linkedin.com/company/verbanen,Rotterdam,NL,39,">=$1,000,000 (revenue.min filter, exact value not returned by Blitz company-search)",Human Resources Services,,yes,"Round 3: Blitz Find People scoped to company.linkedin_url (final batch of previously-unsourced companies); 2 obvious non-company/government entries (US Army, a UK district council) manually excluded post-hoc"
Vero Travel Nursing,https://www.verorn.com,https://www.linkedin.com/company/vero-travel-nurse,Cincinnati,US,11,">=$1,000,000 (revenue.min filter, exact value not returned by Blitz company-search)",Staffing and Recruiting,,yes,"Round 3: Blitz Find People scoped to company.linkedin_url (final batch of previously-unsourced companies); 2 obvious non-company/government entries (US Army, a UK district council) manually excluded post-hoc"
Voestalpine Hr Services Gmbh,https://www.voestalpine.com/hr-services,https://www.linkedin.com/company/voestalpine-hr-services-gmbh,Linz,AT,95,">=$1,000,000 (revenue.min filter, exact value not returned by Blitz company-search)",Human Resources Services,,yes,"Round 3: Blitz Find People scoped to company.linkedin_url (final batch of previously-unsourced companies); 2 obvious non-company/government entries (US Army, a UK district council) manually excluded post-hoc"
Whitaker Companies,https://www.whitakercompanies.com,https://www.linkedin.com/company/whitaker-companies,Houston,US,26,">=$1,000,000 (revenue.min filter, exact value not returned by Blitz company-search)",Staffing and Recruiting,,yes,"Round 3: Blitz Find People scoped to company.linkedin_url (final batch of previously-unsourced companies); 2 obvious non-company/government entries (US Army, a UK district council) manually excluded post-hoc"
Work Force On Line S.P.A,https://www.workforceonline.it,https://www.linkedin.com/company/work-force-on-line-s.p.a.,Milano Mi,IT,10,">=$1,000,000 (revenue.min filter, exact value not returned by Blitz company-search)",Staffing and Recruiting,,yes,"Round 3: Blitz Find People scoped to company.linkedin_url (final batch of previously-unsourced companies); 2 obvious non-company/government entries (US Army, a UK district council) manually excluded post-hoc"
Workers Temporary Staffing,https://www.workerstemp.com,https://www.linkedin.com/company/workers-temporary-staffing,,US,43,">=$1,000,000 (revenue.min filter, exact value not returned by Blitz company-search)",Staffing and Recruiting,,yes,"Round 3: Blitz Find People scoped to company.linkedin_url (final batch of previously-unsourced companies); 2 obvious non-company/government entries (US Army, a UK district council) manually excluded post-hoc"
Working Spirit,https://www.working-spirit.fr,https://www.linkedin.com/company/working-spirit,Mulhouse,FR,42,">=$1,000,000 (revenue.min filter, exact value not returned by Blitz company-search)",Staffing and Recruiting,,yes,"Round 3: Blitz Find People scoped to company.linkedin_url (final batch of previously-unsourced companies); 2 obvious non-company/government entries (US Army, a UK district council) manually excluded post-hoc"
World Networking Services Inc Dba Wonese,https://www.wonese.com,https://www.linkedin.com/company/world-networking-services,Fort Lee,US,84,">=$1,000,000 (revenue.min filter, exact value not returned by Blitz company-search)",Staffing and Recruiting,,yes,"Round 3: Blitz Find People scoped to company.linkedin_url (final batch of previously-unsourced companies); 2 obvious non-company/government entries (US Army, a UK district council) manually excluded post-hoc"
Yeatman Executive Search,https://www.yeatmansearch.com,https://www.linkedin.com/company/yeatman-executive-search,Arnold,US,11,">=$1,000,000 (revenue.min filter, exact value not returned by Blitz company-search)",Staffing and Recruiting,,yes,"Round 3: Blitz Find People scoped to company.linkedin_url (final batch of previously-unsourced companies); 2 obvious non-company/government entries (US Army, a UK district council) manually excluded post-hoc"
Young & Ambitious,https://www.youngandambitious.nl,https://www.linkedin.com/company/youngandambitious,Amsterdam,NL,11,">=$1,000,000 (revenue.min filter, exact value not returned by Blitz company-search)",Staffing and Recruiting,,yes,"Round 3: Blitz Find People scoped to company.linkedin_url (final batch of previously-unsourced companies); 2 obvious non-company/government entries (US Army, a UK district council) manually excluded post-hoc"
SoCal Orioles,,,,,,">=$1,000,000 (filter-qualified)",,,yes,Round 3: no resolvable company_linkedin_url/domain returned by Blitz for this person's employer
Bear Claw,,,,,,">=$1,000,000 (filter-qualified)",,,yes,Round 3: no resolvable company_linkedin_url/domain returned by Blitz for this person's employer
Bear Claw,,,,,,">=$1,000,000 (filter-qualified)",,,yes,Round 3: no resolvable company_linkedin_url/domain returned by Blitz for this person's employer
Mitek Analytics,,,,,,">=$1,000,000 (filter-qualified)",,,yes,Round 3: no resolvable company_linkedin_url/domain returned by Blitz for this person's employer
"SOAL Technologies - Perfect Hire, Guaranteed!",,,,,,">=$1,000,000 (filter-qualified)",,,yes,Round 3: no resolvable company_linkedin_url/domain returned by Blitz for this person's employer
THE WHAT ALLIANCE,,,,,,">=$1,000,000 (filter-qualified)",,,yes,Round 3: no resolvable company_linkedin_url/domain returned by Blitz for this person's employer
Option 1 Technology Group,,,,,,">=$1,000,000 (filter-qualified)",,,yes,Round 3: no resolvable company_linkedin_url/domain returned by Blitz for this person's employer
Chief,,,,,,">=$1,000,000 (filter-qualified)",,,yes,Round 3: no resolvable company_linkedin_url/domain returned by Blitz for this person's employer
Option 1 Technology Group,,,,,,">=$1,000,000 (filter-qualified)",,,yes,Round 3: no resolvable company_linkedin_url/domain returned by Blitz for this person's employer
"United Feather & Down, LLC",,,,,,">=$1,000,000 (filter-qualified)",,,yes,Round 3: no resolvable company_linkedin_url/domain returned by Blitz for this person's employer
Cambridge Partners,,,,,,">=$1,000,000 (filter-qualified)",,,yes,Round 3: no resolvable company_linkedin_url/domain returned by Blitz for this person's employer
teiō,,,,,,">=$1,000,000 (filter-qualified)",,,yes,Round 3: no resolvable company_linkedin_url/domain returned by Blitz for this person's employer
The Conduit Group,,,,,,">=$1,000,000 (filter-qualified)",,,yes,Round 3: no resolvable company_linkedin_url/domain returned by Blitz for this person's employer
TRAVEL.JOBS,,,,,,">=$1,000,000 (filter-qualified)",,,yes,Round 3: no resolvable company_linkedin_url/domain returned by Blitz for this person's employer
JobSquad Staffing Solutions,,,,,,">=$1,000,000 (filter-qualified)",,,yes,Round 3: no resolvable company_linkedin_url/domain returned by Blitz for this person's employer
BBSI,,,,,,">=$1,000,000 (filter-qualified)",,,yes,Round 3: no resolvable company_linkedin_url/domain returned by Blitz for this person's employer
Abra,,,,,,">=$1,000,000 (filter-qualified)",,,yes,Round 3: no resolvable company_linkedin_url/domain returned by Blitz for this person's employer
Pemberton & Associates,,,,,,">=$1,000,000 (filter-qualified)",,,yes,Round 3: no resolvable company_linkedin_url/domain returned by Blitz for this person's employer
Oak Hill Ventures,,,,,,">=$1,000,000 (filter-qualified)",,,yes,Round 3: no resolvable company_linkedin_url/domain returned by Blitz for this person's employer
SANINC (MetalJobs Network & PlasticJobs Network),,,,,,">=$1,000,000 (filter-qualified)",,,yes,Round 3: no resolvable company_linkedin_url/domain returned by Blitz for this person's employer
Ignite Human Capital,,,,,,">=$1,000,000 (filter-qualified)",,,yes,Round 3: no resolvable company_linkedin_url/domain returned by Blitz for this person's employer
A-Star Staffing,,,,,,">=$1,000,000 (filter-qualified)",,,yes,Round 3: no resolvable company_linkedin_url/domain returned by Blitz for this person's employer
Pebl,,,,,,">=$1,000,000 (filter-qualified)",,,yes,Round 3: no resolvable company_linkedin_url/domain returned by Blitz for this person's employer
The Arc of San Diego,,,,,,">=$1,000,000 (filter-qualified)",,,yes,Round 3: no resolvable company_linkedin_url/domain returned by Blitz for this person's employer
edgiemethod™,,,,,,">=$1,000,000 (filter-qualified)",,,yes,Round 3: no resolvable company_linkedin_url/domain returned by Blitz for this person's employer
CREATIVE PULSE ACADEMY INTERNATIONAL CHARTER SCHOOL,,,,,,">=$1,000,000 (filter-qualified)",,,yes,Round 3: no resolvable company_linkedin_url/domain returned by Blitz for this person's employer
A-Star Staffing,,,,,,">=$1,000,000 (filter-qualified)",,,yes,Round 3: no resolvable company_linkedin_url/domain returned by Blitz for this person's employer
Brain Corp,,,,,,">=$1,000,000 (filter-qualified)",,,yes,Round 3: no resolvable company_linkedin_url/domain returned by Blitz for this person's employer
Hirewell,,,,,,">=$1,000,000 (filter-qualified)",,,yes,Round 3: no resolvable company_linkedin_url/domain returned by Blitz for this person's employer
Save The Bay,,,,,,">=$1,000,000 (filter-qualified)",,,yes,Round 3: no resolvable company_linkedin_url/domain returned by Blitz for this person's employer
Unique Antiques of Connecticut,,,,,,">=$1,000,000 (filter-qualified)",,,yes,Round 3: no resolvable company_linkedin_url/domain returned by Blitz for this person's employer
Cross Country Healthcare,,,,,,">=$1,000,000 (filter-qualified)",,,yes,Round 3: no resolvable company_linkedin_url/domain returned by Blitz for this person's employer
Sedano Trade,,,,,,">=$1,000,000 (filter-qualified)",,,yes,Round 3: no resolvable company_linkedin_url/domain returned by Blitz for this person's employer
CPA By Choice,,,,,,">=$1,000,000 (filter-qualified)",,,yes,Round 3: no resolvable company_linkedin_url/domain returned by Blitz for this person's employer
Golden Ventures,,,,,,">=$1,000,000 (filter-qualified)",,,yes,Round 3: no resolvable company_linkedin_url/domain returned by Blitz for this person's employer
Google,,,,,,">=$1,000,000 (filter-qualified)",,,yes,Round 3: no resolvable company_linkedin_url/domain returned by Blitz for this person's employer
Waterfield Holdings,,,,,,">=$1,000,000 (filter-qualified)",,,yes,Round 3: no resolvable company_linkedin_url/domain returned by Blitz for this person's employer
"RIT Solutions, Inc.",,,,,,">=$1,000,000 (filter-qualified)",,,yes,Round 3: no resolvable company_linkedin_url/domain returned by Blitz for this person's employer
Express Employment Professionals Cleveland (East),,,,,,">=$1,000,000 (filter-qualified)",,,yes,Round 3: no resolvable company_linkedin_url/domain returned by Blitz for this person's employer
GovCon Secrets,,,,,,">=$1,000,000 (filter-qualified)",,,yes,Round 3: no resolvable company_linkedin_url/domain returned by Blitz for this person's employer
RT6,,,,,,">=$1,000,000 (filter-qualified)",,,yes,Round 3: no resolvable company_linkedin_url/domain returned by Blitz for this person's employer
Image Staffing Services,,,,,,">=$1,000,000 (filter-qualified)",,,yes,Round 3: no resolvable company_linkedin_url/domain returned by Blitz for this person's employer
Woodhaven Recovery,,,,,,">=$1,000,000 (filter-qualified)",,,yes,Round 3: no resolvable company_linkedin_url/domain returned by Blitz for this person's employer
Shenandoah Valley Partnership,,,,,,">=$1,000,000 (filter-qualified)",,,yes,Round 3: no resolvable company_linkedin_url/domain returned by Blitz for this person's employer
"MUSCATINE COUNTY AREA HABITAT FOR HUMANITY, INC.",,,,,,">=$1,000,000 (filter-qualified)",,,yes,Round 3: no resolvable company_linkedin_url/domain returned by Blitz for this person's employer
JobSquad Staffing Solutions,,,,,,">=$1,000,000 (filter-qualified)",,,yes,Round 3: no resolvable company_linkedin_url/domain returned by Blitz for this person's employer
Express Employment Professionals,,,,,,">=$1,000,000 (filter-qualified)",,,yes,Round 3: no resolvable company_linkedin_url/domain returned by Blitz for this person's employer
Tech Talent Project,,,,,,">=$1,000,000 (filter-qualified)",,,yes,Round 3: no resolvable company_linkedin_url/domain returned by Blitz for this person's employer
My Diaspora Nexus,,,,,,">=$1,000,000 (filter-qualified)",,,yes,Round 3: no resolvable company_linkedin_url/domain returned by Blitz for this person's employer
TransGlobal Solutions LLC.,,,,,,">=$1,000,000 (filter-qualified)",,,yes,Round 3: no resolvable company_linkedin_url/domain returned by Blitz for this person's employer
Takacat Americas,,,,,,">=$1,000,000 (filter-qualified)",,,yes,Round 3: no resolvable company_linkedin_url/domain returned by Blitz for this person's employer
District 20 Supply Co.,,,,,,">=$1,000,000 (filter-qualified)",,,yes,Round 3: no resolvable company_linkedin_url/domain returned by Blitz for this person's employer
Noor Staffing Group,,,,,,">=$1,000,000 (filter-qualified)",,,yes,Round 3: no resolvable company_linkedin_url/domain returned by Blitz for this person's employer
Pemba Capital Partners,,,,,,">=$1,000,000 (filter-qualified)",,,yes,Round 3: no resolvable company_linkedin_url/domain returned by Blitz for this person's employer
Latin American Tours,,,,,,">=$1,000,000 (filter-qualified)",,,yes,Round 3: no resolvable company_linkedin_url/domain returned by Blitz for this person's employer
"Audacy, Inc.",,,,,,">=$1,000,000 (filter-qualified)",,,yes,Round 3: no resolvable company_linkedin_url/domain returned by Blitz for this person's employer
SELACO WDB,,,,,,">=$1,000,000 (filter-qualified)",,,yes,Round 3: no resolvable company_linkedin_url/domain returned by Blitz for this person's employer
"Ross Aviation Group, inc.",,,,,,">=$1,000,000 (filter-qualified)",,,yes,Round 3: no resolvable company_linkedin_url/domain returned by Blitz for this person's employer
Merge Associates,,,,,,">=$1,000,000 (filter-qualified)",,,yes,Round 3: no resolvable company_linkedin_url/domain returned by Blitz for this person's employer
University of La Verne,,,,,,">=$1,000,000 (filter-qualified)",,,yes,Round 3: no resolvable company_linkedin_url/domain returned by Blitz for this person's employer
iTech eServices,,,,,,">=$1,000,000 (filter-qualified)",,,yes,Round 3: no resolvable company_linkedin_url/domain returned by Blitz for this person's employer
EM Designs Group,,,,,,">=$1,000,000 (filter-qualified)",,,yes,Round 3: no resolvable company_linkedin_url/domain returned by Blitz for this person's employer
Hip Homeschool Moms,,,,,,">=$1,000,000 (filter-qualified)",,,yes,Round 3: no resolvable company_linkedin_url/domain returned by Blitz for this person's employer
RPM Raceway | Race Play More,,,,,,">=$1,000,000 (filter-qualified)",,,yes,Round 3: no resolvable company_linkedin_url/domain returned by Blitz for this person's employer
Retired,,,,,,">=$1,000,000 (filter-qualified)",,,yes,Round 3: no resolvable company_linkedin_url/domain returned by Blitz for this person's employer
Magneticam,,,,,,">=$1,000,000 (filter-qualified)",,,yes,Round 3: no resolvable company_linkedin_url/domain returned by Blitz for this person's employer
Marvin Recruiter,,,,,,">=$1,000,000 (filter-qualified)",,,yes,Round 3: no resolvable company_linkedin_url/domain returned by Blitz for this person's employer
AIDP Lombardia,,,,,,">=$1,000,000 (filter-qualified)",,,yes,Round 3: no resolvable company_linkedin_url/domain returned by Blitz for this person's employer
ADDVantage Digital Solutions,,,,,,">=$1,000,000 (filter-qualified)",,,yes,Round 3: no resolvable company_linkedin_url/domain returned by Blitz for this person's employer
Capella Professional,,,,,,">=$1,000,000 (filter-qualified)",,,yes,Round 3: no resolvable company_linkedin_url/domain returned by Blitz for this person's employer
Leren Leren - Learning Technologies (Lerenlabs.com),,,,,,">=$1,000,000 (filter-qualified)",,,yes,Round 3: no resolvable company_linkedin_url/domain returned by Blitz for this person's employer
Villepin IT,,,,,,">=$1,000,000 (filter-qualified)",,,yes,Round 3: no resolvable company_linkedin_url/domain returned by Blitz for this person's employer
Working Success,,,,,,">=$1,000,000 (filter-qualified)",,,yes,Round 3: no resolvable company_linkedin_url/domain returned by Blitz for this person's employer
Siamo Group,,,,,,">=$1,000,000 (filter-qualified)",,,yes,Round 3: no resolvable company_linkedin_url/domain returned by Blitz for this person's employer
Absolute Solutions Group,,,,,,">=$1,000,000 (filter-qualified)",,,yes,Round 3: no resolvable company_linkedin_url/domain returned by Blitz for this person's employer
Rotherwood,,,,,,">=$1,000,000 (filter-qualified)",,,yes,Round 3: no resolvable company_linkedin_url/domain returned by Blitz for this person's employer
