company_name,domain,linkedin_url,hq_city,hq_country,employee_count,estimated_revenue,industry,signal(s),qualified (yes/no),notes
"11th Hour Staffing, Inc",https://www.11thhourstaffing.com,https://www.linkedin.com/company/11th-hour-staffing-inc,Tipp City,US,20,">=$1,000,000 (revenue.min filter, exact value not returned by Blitz company-search)",Staffing and Recruiting,,yes,"Sourced via Clay find-and-enrich-contacts-at-company (second source, independent of Blitz -- used after a confirmed Blitz company-resolution bug); company record cross-referenced from the pre-bug Company Search universe"
360 Degree Medicine,https://www.360degreemedicine.com,https://www.linkedin.com/company/360-degree-medicine,Branson,US,27,">=$1,000,000 (revenue.min filter, exact value not returned by Blitz company-search)",Staffing and Recruiting,,yes,"Sourced via Clay find-and-enrich-contacts-at-company (second source, independent of Blitz -- used after a confirmed Blitz company-resolution bug); company record cross-referenced from the pre-bug Company Search universe"
52X Consulting LLC,https://www.52xconsulting.com,https://www.linkedin.com/company/52x-consulting-llc,New York,US,19,">=$1,000,000 (revenue.min filter, exact value not returned by Blitz company-search)",Staffing and Recruiting,,yes,"Sourced via Clay find-and-enrich-contacts-at-company (second source, independent of Blitz -- used after a confirmed Blitz company-resolution bug); company record cross-referenced from the pre-bug Company Search universe"
A.D. Susman & Associates,https://www.adsusman.com,https://www.linkedin.com/company/a-d--susman-&-associates,Houston,US,33,">=$1,000,000 (revenue.min filter, exact value not returned by Blitz company-search)",Staffing and Recruiting,,yes,"Sourced via Clay find-and-enrich-contacts-at-company (second source, independent of Blitz -- used after a confirmed Blitz company-resolution bug); company record cross-referenced from the pre-bug Company Search universe"
A New England Nanny,https://www.anewenglandnanny.com,https://www.linkedin.com/company/a-new-england-nanny,Clifton Park,US,39,">=$1,000,000 (revenue.min filter, exact value not returned by Blitz company-search)",Staffing and Recruiting,,yes,"Sourced via Clay find-and-enrich-contacts-at-company (second source, independent of Blitz -- used after a confirmed Blitz company-resolution bug); company record cross-referenced from the pre-bug Company Search universe"
Aam It Gmbh,https://www.aam-it.eu/index.php/de,https://www.linkedin.com/company/aam-it-gmbh,Wismar,DE,23,">=$1,000,000 (revenue.min filter, exact value not returned by Blitz company-search)",Staffing and Recruiting,,yes,"Sourced via Clay find-and-enrich-contacts-at-company (second source, independent of Blitz -- used after a confirmed Blitz company-resolution bug); company record cross-referenced from the pre-bug Company Search universe"
Abel Hr Services,https://www.abelhr.com,https://www.linkedin.com/company/abel-hr-services,Cranbury,US,40,">=$1,000,000 (revenue.min filter, exact value not returned by Blitz company-search)",Human Resources Services,,yes,"Sourced via Clay find-and-enrich-contacts-at-company (second source, independent of Blitz -- used after a confirmed Blitz company-resolution bug); company record cross-referenced from the pre-bug Company Search universe"
Academic Career & Executive Search,https://acesrch.com,https://www.linkedin.com/company/academic-career-executive-search,West Hartford,US,11,">=$1,000,000 (revenue.min filter, exact value not returned by Blitz company-search)",Staffing and Recruiting,,yes,"Sourced via Clay find-and-enrich-contacts-at-company (second source, independent of Blitz -- used after a confirmed Blitz company-resolution bug); company record cross-referenced from the pre-bug Company Search universe"
Academicis,https://www.academicis.co.uk,https://www.linkedin.com/company/academicis,Cambridge,GB,13,">=$1,000,000 (revenue.min filter, exact value not returned by Blitz company-search)",Staffing and Recruiting,,yes,"Sourced via Clay find-and-enrich-contacts-at-company (second source, independent of Blitz -- used after a confirmed Blitz company-resolution bug); company record cross-referenced from the pre-bug Company Search universe"
Accurate Background,https://www.accurate.com,https://www.linkedin.com/company/accurate-background,Irvine,US,1932,">=$1,000,000 (revenue.min filter, exact value not returned by Blitz company-search)",Human Resources Services,,yes,"Sourced via Clay find-and-enrich-contacts-at-company (second source, independent of Blitz -- used after a confirmed Blitz company-resolution bug); company record cross-referenced from the pre-bug Company Search universe"
Accurate Personnel,https://www.accurateusa.com,https://www.linkedin.com/company/accurate-personnel-llc,Schaumburg,US,569,">=$1,000,000 (revenue.min filter, exact value not returned by Blitz company-search)",Staffing and Recruiting,,yes,"Sourced via Clay find-and-enrich-contacts-at-company (second source, independent of Blitz -- used after a confirmed Blitz company-resolution bug); company record cross-referenced from the pre-bug Company Search universe"
Ace Technologies,https://acetechnologies.com,https://www.linkedin.com/company/acetechnologies,San Jose,US,296,">=$1,000,000 (revenue.min filter, exact value not returned by Blitz company-search)",Staffing and Recruiting,,yes,"Sourced via Clay find-and-enrich-contacts-at-company (second source, independent of Blitz -- used after a confirmed Blitz company-resolution bug); company record cross-referenced from the pre-bug Company Search universe"
Acro Service Corp,https://www.acrocorp.com,https://www.linkedin.com/company/acro-service-corp,Livonia,US,640,">=$1,000,000 (revenue.min filter, exact value not returned by Blitz company-search)",Staffing and Recruiting,,yes,"Sourced via Clay find-and-enrich-contacts-at-company (second source, independent of Blitz -- used after a confirmed Blitz company-resolution bug); company record cross-referenced from the pre-bug Company Search universe"
Action Labor and Staffing Connection,https://www.actionlabor.com,https://www.linkedin.com/company/action-labor-and-staffing-connection,West Palm Beach,US,257,">=$1,000,000 (revenue.min filter, exact value not returned by Blitz company-search)",Staffing and Recruiting,,yes,"Sourced via Clay find-and-enrich-contacts-at-company (second source, independent of Blitz -- used after a confirmed Blitz company-resolution bug); company record cross-referenced from the pre-bug Company Search universe"
"Actuarial Careers, Inc",https://www.actuarialcareers.com,https://www.linkedin.com/company/actuarial-careers-inc-,Boca Raton,US,17,">=$1,000,000 (revenue.min filter, exact value not returned by Blitz company-search)",Staffing and Recruiting,,yes,"Sourced via Clay find-and-enrich-contacts-at-company (second source, independent of Blitz -- used after a confirmed Blitz company-resolution bug); company record cross-referenced from the pre-bug Company Search universe"
"Adams, Inc.",https://www.adams-inc.com,https://www.linkedin.com/company/adams-inc,Omaha,US,16,">=$1,000,000 (revenue.min filter, exact value not returned by Blitz company-search)",Staffing and Recruiting,,yes,"Sourced via Clay find-and-enrich-contacts-at-company (second source, independent of Blitz -- used after a confirmed Blitz company-resolution bug); company record cross-referenced from the pre-bug Company Search universe"
Advanced Care Placement Services,https://www.advanced-care.us,https://www.linkedin.com/company/advanced-care-placement-services,Fort Lee,US,46,">=$1,000,000 (revenue.min filter, exact value not returned by Blitz company-search)",Staffing and Recruiting,,yes,"Sourced via Clay find-and-enrich-contacts-at-company (second source, independent of Blitz -- used after a confirmed Blitz company-resolution bug); company record cross-referenced from the pre-bug Company Search universe"
Advanced Medical Resources,https://www.advmr.net,https://www.linkedin.com/company/advanced-medical-resources,Plainville,US,29,">=$1,000,000 (revenue.min filter, exact value not returned by Blitz company-search)",Staffing and Recruiting,,yes,"Sourced via Clay find-and-enrich-contacts-at-company (second source, independent of Blitz -- used after a confirmed Blitz company-resolution bug); company record cross-referenced from the pre-bug Company Search universe"
Advanced Recruiting Partners,https://www.advancedrecruitingpartners.com,https://www.linkedin.com/company/advanced-recruiting-partners,Raleigh,US,38,">=$1,000,000 (revenue.min filter, exact value not returned by Blitz company-search)",Staffing and Recruiting,,yes,"Sourced via Clay find-and-enrich-contacts-at-company (second source, independent of Blitz -- used after a confirmed Blitz company-resolution bug); company record cross-referenced from the pre-bug Company Search universe"
Aegis Worldwide,https://www.teamaegis.com,https://www.linkedin.com/company/aegis-worldwide,Carmel,US,139,">=$1,000,000 (revenue.min filter, exact value not returned by Blitz company-search)",Staffing and Recruiting,,yes,"Sourced via Clay find-and-enrich-contacts-at-company (second source, independent of Blitz -- used after a confirmed Blitz company-resolution bug); company record cross-referenced from the pre-bug Company Search universe"
Ahead Human Resources,https://www.aheadhr.com,https://www.linkedin.com/company/ahead-human-resources,Louisville,US,35,">=$1,000,000 (revenue.min filter, exact value not returned by Blitz company-search)",Human Resources Services,,yes,"Sourced via Clay find-and-enrich-contacts-at-company (second source, independent of Blitz -- used after a confirmed Blitz company-resolution bug); company record cross-referenced from the pre-bug Company Search universe"
Aires,https://www.aires.com,https://www.linkedin.com/company/aires,Pittsburgh,US,1141,">=$1,000,000 (revenue.min filter, exact value not returned by Blitz company-search)",Human Resources Services,,yes,"Sourced via Clay find-and-enrich-contacts-at-company (second source, independent of Blitz -- used after a confirmed Blitz company-resolution bug); company record cross-referenced from the pre-bug Company Search universe"
Alkar Human Resources,https://www.1alkar.com,https://www.linkedin.com/company/alkar-human-resources,Napa,US,85,">=$1,000,000 (revenue.min filter, exact value not returned by Blitz company-search)",Staffing and Recruiting,,yes,"Sourced via Clay find-and-enrich-contacts-at-company (second source, independent of Blitz -- used after a confirmed Blitz company-resolution bug); company record cross-referenced from the pre-bug Company Search universe"
All Star Consulting,https://ww.all-stars.com,https://www.linkedin.com/company/all-star-consulting,San Francisco,US,63,">=$1,000,000 (revenue.min filter, exact value not returned by Blitz company-search)",Staffing and Recruiting,,yes,"Sourced via Clay find-and-enrich-contacts-at-company (second source, independent of Blitz -- used after a confirmed Blitz company-resolution bug); company record cross-referenced from the pre-bug Company Search universe"
"All Things Hr, Llc",https://www.allthings-hr.com,https://www.linkedin.com/company/all-things-hr-llc,Lynnwood,US,22,">=$1,000,000 (revenue.min filter, exact value not returned by Blitz company-search)",Human Resources Services,,yes,"Sourced via Clay find-and-enrich-contacts-at-company (second source, independent of Blitz -- used after a confirmed Blitz company-resolution bug); company record cross-referenced from the pre-bug Company Search universe"
Allegis Global Solutions,https://www.allegisglobalsolutions.com,https://www.linkedin.com/company/allegis-global-solutions,Hanover,US,3037,">=$1,000,000 (revenue.min filter, exact value not returned by Blitz company-search)",Staffing and Recruiting,,yes,"Sourced via Clay find-and-enrich-contacts-at-company (second source, independent of Blitz -- used after a confirmed Blitz company-resolution bug); company record cross-referenced from the pre-bug Company Search universe"
Allied Personnel Services,https://www.alliedps.com,https://www.linkedin.com/company/allied-personnel-services,Allentown,US,83,">=$1,000,000 (revenue.min filter, exact value not returned by Blitz company-search)",Staffing and Recruiting,,yes,"Sourced via Clay find-and-enrich-contacts-at-company (second source, independent of Blitz -- used after a confirmed Blitz company-resolution bug); company record cross-referenced from the pre-bug Company Search universe"
ALOIS Healthcare,https://www.aloishealthcare.com,https://www.linkedin.com/company/aloishealthcare,San Francisco,US,85,">=$1,000,000 (revenue.min filter, exact value not returned by Blitz company-search)",Staffing and Recruiting,,yes,"Sourced via Clay find-and-enrich-contacts-at-company (second source, independent of Blitz -- used after a confirmed Blitz company-resolution bug); company record cross-referenced from the pre-bug Company Search universe"
Alpha Medical Group,https://www.alphamg.org,https://www.linkedin.com/company/alpha-medical-group,Monroe,US,53,">=$1,000,000 (revenue.min filter, exact value not returned by Blitz company-search)",Staffing and Recruiting,,yes,"Sourced via Clay find-and-enrich-contacts-at-company (second source, independent of Blitz -- used after a confirmed Blitz company-resolution bug); company record cross-referenced from the pre-bug Company Search universe"
Alpha Consulting Corp.,https://www.alphaconsulting.com,https://www.linkedin.com/company/alphaconsultingcorp,East Brunswick,US,161,">=$1,000,000 (revenue.min filter, exact value not returned by Blitz company-search)",Staffing and Recruiting,,yes,"Sourced via Clay find-and-enrich-contacts-at-company (second source, independent of Blitz -- used after a confirmed Blitz company-resolution bug); company record cross-referenced from the pre-bug Company Search universe"
"Alta It Services, Llc",https://www.altaits.com,https://www.linkedin.com/company/altaitservices,Rockville,US,169,">=$1,000,000 (revenue.min filter, exact value not returned by Blitz company-search)",Staffing and Recruiting,,yes,"Sourced via Clay find-and-enrich-contacts-at-company (second source, independent of Blitz -- used after a confirmed Blitz company-resolution bug); company record cross-referenced from the pre-bug Company Search universe"
Altitude Staffing,https://www.altitudestaffing.com,https://www.linkedin.com/company/altitude-staffing,Berkeley Heights,US,14,">=$1,000,000 (revenue.min filter, exact value not returned by Blitz company-search)",Staffing and Recruiting,,yes,"Sourced via Clay find-and-enrich-contacts-at-company (second source, independent of Blitz -- used after a confirmed Blitz company-resolution bug); company record cross-referenced from the pre-bug Company Search universe"
Amberjack Global,https://www.weareamberjack.com,https://www.linkedin.com/company/amberjack-global,West Newbury,GB,127,">=$1,000,000 (revenue.min filter, exact value not returned by Blitz company-search)",Staffing and Recruiting,,yes,"Sourced via Clay find-and-enrich-contacts-at-company (second source, independent of Blitz -- used after a confirmed Blitz company-resolution bug); company record cross-referenced from the pre-bug Company Search universe"
"Anders Group, LLC",https://www.andersgroup.org,https://www.linkedin.com/company/anders-group-llc,Irving,US,166,">=$1,000,000 (revenue.min filter, exact value not returned by Blitz company-search)",Staffing and Recruiting,,yes,"Sourced via Clay find-and-enrich-contacts-at-company (second source, independent of Blitz -- used after a confirmed Blitz company-resolution bug); company record cross-referenced from the pre-bug Company Search universe"
ANDERS CONSULTING & Cie. GmbH,https://andersconsulting.com,https://www.linkedin.com/company/andersconsulting,Munchen,DE,53,">=$1,000,000 (revenue.min filter, exact value not returned by Blitz company-search)",Staffing and Recruiting,,yes,"Sourced via Clay find-and-enrich-contacts-at-company (second source, independent of Blitz -- used after a confirmed Blitz company-resolution bug); company record cross-referenced from the pre-bug Company Search universe"
"Anderson & Associates, Inc",https://www.andersonexecsearch.com,https://www.linkedin.com/company/anderson-&-associates-inc.,Charlotte,US,18,">=$1,000,000 (revenue.min filter, exact value not returned by Blitz company-search)",Staffing and Recruiting,,yes,"Sourced via Clay find-and-enrich-contacts-at-company (second source, independent of Blitz -- used after a confirmed Blitz company-resolution bug); company record cross-referenced from the pre-bug Company Search universe"
Anew Recruit,https://anewrecruit.com,https://www.linkedin.com/company/anew-recruit,Chicago,US,39,">=$1,000,000 (revenue.min filter, exact value not returned by Blitz company-search)",Staffing and Recruiting,,yes,"Sourced via Clay find-and-enrich-contacts-at-company (second source, independent of Blitz -- used after a confirmed Blitz company-resolution bug); company record cross-referenced from the pre-bug Company Search universe"
Anistar Technologies,https://www.anistar.com,https://www.linkedin.com/company/anistar-technologies,Tampa,US,281,">=$1,000,000 (revenue.min filter, exact value not returned by Blitz company-search)",Staffing and Recruiting,,yes,"Sourced via Clay find-and-enrich-contacts-at-company (second source, independent of Blitz -- used after a confirmed Blitz company-resolution bug); company record cross-referenced from the pre-bug Company Search universe"
Apn Staffing & Employment Solutions,https://apnusa.com,https://www.linkedin.com/company/apn-staffing-&-employment-solutions-llc,Phoenix,US,61,">=$1,000,000 (revenue.min filter, exact value not returned by Blitz company-search)",Staffing and Recruiting,,yes,"Sourced via Clay find-and-enrich-contacts-at-company (second source, independent of Blitz -- used after a confirmed Blitz company-resolution bug); company record cross-referenced from the pre-bug Company Search universe"
Arch Hospitality Staffing,https://www.archstaffinggroup.com,https://www.linkedin.com/company/arch-hospitality-staffing,Dallas,US,82,">=$1,000,000 (revenue.min filter, exact value not returned by Blitz company-search)",Staffing and Recruiting,,yes,"Sourced via Clay find-and-enrich-contacts-at-company (second source, independent of Blitz -- used after a confirmed Blitz company-resolution bug); company record cross-referenced from the pre-bug Company Search universe"
Ardor Health Solutions,https://www.ardorhealth.com,https://www.linkedin.com/company/ardor-health-solutions,Tampa,US,225,">=$1,000,000 (revenue.min filter, exact value not returned by Blitz company-search)",Staffing and Recruiting,,yes,"Sourced via Clay find-and-enrich-contacts-at-company (second source, independent of Blitz -- used after a confirmed Blitz company-resolution bug); company record cross-referenced from the pre-bug Company Search universe"
Arrow Strategies,https://www.arrowstrategies.com,https://www.linkedin.com/company/arrow-strategies,Royal Oak,US,188,">=$1,000,000 (revenue.min filter, exact value not returned by Blitz company-search)",Staffing and Recruiting,,yes,"Sourced via Clay find-and-enrich-contacts-at-company (second source, independent of Blitz -- used after a confirmed Blitz company-resolution bug); company record cross-referenced from the pre-bug Company Search universe"
Asa Healthcare Solutions,https://www.asahealthcaresolutions.org,https://www.linkedin.com/company/asa-healthcare-solutions,Albany,US,33,">=$1,000,000 (revenue.min filter, exact value not returned by Blitz company-search)",Staffing and Recruiting,,yes,"Sourced via Clay find-and-enrich-contacts-at-company (second source, independent of Blitz -- used after a confirmed Blitz company-resolution bug); company record cross-referenced from the pre-bug Company Search universe"
Asc Connections,https://www.asc-connections.com,https://www.linkedin.com/company/asc-connections,Birmingham,GB,49,">=$1,000,000 (revenue.min filter, exact value not returned by Blitz company-search)",Staffing and Recruiting,,yes,"Sourced via Clay find-and-enrich-contacts-at-company (second source, independent of Blitz -- used after a confirmed Blitz company-resolution bug); company record cross-referenced from the pre-bug Company Search universe"
Ascend Talent Solutions,https://www.ascendtalent.io,https://www.linkedin.com/company/ascend-talent-solutions,San Francisco,US,12,">=$1,000,000 (revenue.min filter, exact value not returned by Blitz company-search)",Staffing and Recruiting,,yes,"Sourced via Clay find-and-enrich-contacts-at-company (second source, independent of Blitz -- used after a confirmed Blitz company-resolution bug); company record cross-referenced from the pre-bug Company Search universe"
Ascendo Resources,https://www.ascendo.com,https://www.linkedin.com/company/ascendoresources,Coral Gables,US,317,">=$1,000,000 (revenue.min filter, exact value not returned by Blitz company-search)",Staffing and Recruiting,,yes,"Sourced via Clay find-and-enrich-contacts-at-company (second source, independent of Blitz -- used after a confirmed Blitz company-resolution bug); company record cross-referenced from the pre-bug Company Search universe"
Ascension Global Staffing And Executive Search,https://ascensionsearch.com,https://www.linkedin.com/company/ascension-global-staffing-and-executive-search,Miami,US,22,">=$1,000,000 (revenue.min filter, exact value not returned by Blitz company-search)",Staffing and Recruiting,,yes,"Sourced via Clay find-and-enrich-contacts-at-company (second source, independent of Blitz -- used after a confirmed Blitz company-resolution bug); company record cross-referenced from the pre-bug Company Search universe"
Aspen Worldwide,https://aspen-worldwide.com,https://www.linkedin.com/company/aspen-worldwide,Marlow,GB,15,">=$1,000,000 (revenue.min filter, exact value not returned by Blitz company-search)",Executive Search Services,,yes,"Sourced via Clay find-and-enrich-contacts-at-company (second source, independent of Blitz -- used after a confirmed Blitz company-resolution bug); company record cross-referenced from the pre-bug Company Search universe"
APSCo,https://uk.apsco.org,https://www.linkedin.com/company/association-of-professional-staffing-companies---apsco,London,GB,85,">=$1,000,000 (revenue.min filter, exact value not returned by Blitz company-search)",Staffing and Recruiting,,yes,"Sourced via Clay find-and-enrich-contacts-at-company (second source, independent of Blitz -- used after a confirmed Blitz company-resolution bug); company record cross-referenced from the pre-bug Company Search universe"
"Astron Solutions, Llc",https://astronsolutions.com/index.asp,https://www.linkedin.com/company/astron-solutions-llc,New York,US,12,">=$1,000,000 (revenue.min filter, exact value not returned by Blitz company-search)",Human Resources Services,,yes,"Sourced via Clay find-and-enrich-contacts-at-company (second source, independent of Blitz -- used after a confirmed Blitz company-resolution bug); company record cross-referenced from the pre-bug Company Search universe"
"Atlas Healthcare, Llc",https://www.atlashealthcare.com,https://www.linkedin.com/company/atlas-healthcare-llc,Birmingham,US,23,">=$1,000,000 (revenue.min filter, exact value not returned by Blitz company-search)",Staffing and Recruiting,,yes,"Sourced via Clay find-and-enrich-contacts-at-company (second source, independent of Blitz -- used after a confirmed Blitz company-resolution bug); company record cross-referenced from the pre-bug Company Search universe"
Avanoo,https://www.avanoo.com,https://www.linkedin.com/company/avanoo,Boulder,US,13,">=$1,000,000 (revenue.min filter, exact value not returned by Blitz company-search)",Human Resources Services,,yes,"Sourced via Clay find-and-enrich-contacts-at-company (second source, independent of Blitz -- used after a confirmed Blitz company-resolution bug); company record cross-referenced from the pre-bug Company Search universe"
Avres,https://www.avres.nl,https://www.linkedin.com/company/avres,Gorinchem,NL,225,">=$1,000,000 (revenue.min filter, exact value not returned by Blitz company-search)",Human Resources Services,,yes,"Sourced via Clay find-and-enrich-contacts-at-company (second source, independent of Blitz -- used after a confirmed Blitz company-resolution bug); company record cross-referenced from the pre-bug Company Search universe"
Bacon Work,https://www.baconwork.com,https://www.linkedin.com/company/bacon-inc,Provo,US,127,">=$1,000,000 (revenue.min filter, exact value not returned by Blitz company-search)",Staffing and Recruiting,,yes,"Sourced via Clay find-and-enrich-contacts-at-company (second source, independent of Blitz -- used after a confirmed Blitz company-resolution bug); company record cross-referenced from the pre-bug Company Search universe"
"Banner Personnel Service, Inc",https://www.bannerpersonnel.com,https://www.linkedin.com/company/banner-personnel,Naperville,US,74,">=$1,000,000 (revenue.min filter, exact value not returned by Blitz company-search)",Staffing and Recruiting,,yes,"Sourced via Clay find-and-enrich-contacts-at-company (second source, independent of Blitz -- used after a confirmed Blitz company-resolution bug); company record cross-referenced from the pre-bug Company Search universe"
Barclay Simpson,https://www.barclaysimpson.com,https://www.linkedin.com/company/barclay-simpson,London,GB,51,">=$1,000,000 (revenue.min filter, exact value not returned by Blitz company-search)",Staffing and Recruiting,,yes,"Sourced via Clay find-and-enrich-contacts-at-company (second source, independent of Blitz -- used after a confirmed Blitz company-resolution bug); company record cross-referenced from the pre-bug Company Search universe"
"Bas Healthcare, Inc",https://www.bashealthcare.com,https://www.linkedin.com/company/bas-healthcare-inc,Chantilly,US,34,">=$1,000,000 (revenue.min filter, exact value not returned by Blitz company-search)",Staffing and Recruiting,,yes,"Sourced via Clay find-and-enrich-contacts-at-company (second source, independent of Blitz -- used after a confirmed Blitz company-resolution bug); company record cross-referenced from the pre-bug Company Search universe"
Bemore Staffing,https://www.bemorestaffing.com,https://www.linkedin.com/company/bemore-staffing,Glen Burnie,US,35,">=$1,000,000 (revenue.min filter, exact value not returned by Blitz company-search)",Staffing and Recruiting,,yes,"Sourced via Clay find-and-enrich-contacts-at-company (second source, independent of Blitz -- used after a confirmed Blitz company-resolution bug); company record cross-referenced from the pre-bug Company Search universe"
Bergen County Job Center,https://bergenjobcenter.com,https://www.linkedin.com/company/bergenjobcenter,Hackensack,US,11,">=$1,000,000 (revenue.min filter, exact value not returned by Blitz company-search)",Staffing and Recruiting,,yes,"Sourced via Clay find-and-enrich-contacts-at-company (second source, independent of Blitz -- used after a confirmed Blitz company-resolution bug); company record cross-referenced from the pre-bug Company Search universe"
Bestica Inc.,https://www.bestica.com,https://www.linkedin.com/company/bestica-inc-,San Antonio,US,151,">=$1,000,000 (revenue.min filter, exact value not returned by Blitz company-search)",Staffing and Recruiting,,yes,"Sourced via Clay find-and-enrich-contacts-at-company (second source, independent of Blitz -- used after a confirmed Blitz company-resolution bug); company record cross-referenced from the pre-bug Company Search universe"
Biddle Consulting Group,https://biddle.com,https://www.linkedin.com/company/biddle-consulting-group,Folsom,US,43,">=$1,000,000 (revenue.min filter, exact value not returned by Blitz company-search)",Human Resources Services,,yes,"Sourced via Clay find-and-enrich-contacts-at-company (second source, independent of Blitz -- used after a confirmed Blitz company-resolution bug); company record cross-referenced from the pre-bug Company Search universe"
Biotech Partners,https://www.biotechexecutivesearch.com,https://www.linkedin.com/company/biotechstaffing,Boston,US,12,">=$1,000,000 (revenue.min filter, exact value not returned by Blitz company-search)",Staffing and Recruiting,,yes,"Sourced via Clay find-and-enrich-contacts-at-company (second source, independent of Blitz -- used after a confirmed Blitz company-resolution bug); company record cross-referenced from the pre-bug Company Search universe"
Bmsl Group,https://www.bmsgroupltd.co.uk,https://www.linkedin.com/company/bmsl-group,London,GB,200,">=$1,000,000 (revenue.min filter, exact value not returned by Blitz company-search)",Staffing and Recruiting,,yes,"Sourced via Clay find-and-enrich-contacts-at-company (second source, independent of Blitz -- used after a confirmed Blitz company-resolution bug); company record cross-referenced from the pre-bug Company Search universe"
BOEG,https://www.boeg.nl,https://www.linkedin.com/company/boeg-werkt,Rotterdam,NL,45,">=$1,000,000 (revenue.min filter, exact value not returned by Blitz company-search)",Staffing and Recruiting,,yes,"Sourced via Clay find-and-enrich-contacts-at-company (second source, independent of Blitz -- used after a confirmed Blitz company-resolution bug); company record cross-referenced from the pre-bug Company Search universe"
Boly:Welch,https://bolywelch.com,https://www.linkedin.com/company/bolywelch,Portland,US,98,">=$1,000,000 (revenue.min filter, exact value not returned by Blitz company-search)",Staffing and Recruiting,,yes,"Sourced via Clay find-and-enrich-contacts-at-company (second source, independent of Blitz -- used after a confirmed Blitz company-resolution bug); company record cross-referenced from the pre-bug Company Search universe"
Boundless Immigration,https://www.boundless.com,https://www.linkedin.com/company/boundless-immigration,Seattle,US,291,">=$1,000,000 (revenue.min filter, exact value not returned by Blitz company-search)",Human Resources Services,,yes,"Sourced via Clay find-and-enrich-contacts-at-company (second source, independent of Blitz -- used after a confirmed Blitz company-resolution bug); company record cross-referenced from the pre-bug Company Search universe"
BrainWorks,https://www.brainworksinc.com,https://www.linkedin.com/company/brainworks,New York,US,141,">=$1,000,000 (revenue.min filter, exact value not returned by Blitz company-search)",Staffing and Recruiting,,yes,"Sourced via Clay find-and-enrich-contacts-at-company (second source, independent of Blitz -- used after a confirmed Blitz company-resolution bug); company record cross-referenced from the pre-bug Company Search universe"
Brickhouse Resources,https://www.brickhouseresources.com,https://www.linkedin.com/company/brick-house-specialty-resources,Alpharetta,US,60,">=$1,000,000 (revenue.min filter, exact value not returned by Blitz company-search)",Staffing and Recruiting,,yes,"Sourced via Clay find-and-enrich-contacts-at-company (second source, independent of Blitz -- used after a confirmed Blitz company-resolution bug); company record cross-referenced from the pre-bug Company Search universe"
Bridgegate Executive Search,https://www.bridgegate.com,https://www.linkedin.com/company/bridgegate,Irvine,US,20,">=$1,000,000 (revenue.min filter, exact value not returned by Blitz company-search)",Staffing and Recruiting,,yes,"Sourced via Clay find-and-enrich-contacts-at-company (second source, independent of Blitz -- used after a confirmed Blitz company-resolution bug); company record cross-referenced from the pre-bug Company Search universe"
Brightdime,https://www.brightdime.com,https://www.linkedin.com/company/brightdime,Charlotte,US,10,">=$1,000,000 (revenue.min filter, exact value not returned by Blitz company-search)",Human Resources Services,,yes,"Sourced via Clay find-and-enrich-contacts-at-company (second source, independent of Blitz -- used after a confirmed Blitz company-resolution bug); company record cross-referenced from the pre-bug Company Search universe"
Brook Street,https://www.brookstreet.co.uk,https://www.linkedin.com/company/brook-street-bureau-plc,Uxbridge,GB,1436,">=$1,000,000 (revenue.min filter, exact value not returned by Blitz company-search)",Staffing and Recruiting,,yes,"Sourced via Clay find-and-enrich-contacts-at-company (second source, independent of Blitz -- used after a confirmed Blitz company-resolution bug); company record cross-referenced from the pre-bug Company Search universe"
BTI Solutions,https://www.btisolutions.com,https://www.linkedin.com/company/btisolutions,Richardson,US,209,">=$1,000,000 (revenue.min filter, exact value not returned by Blitz company-search)",Staffing and Recruiting,,yes,"Sourced via Clay find-and-enrich-contacts-at-company (second source, independent of Blitz -- used after a confirmed Blitz company-resolution bug); company record cross-referenced from the pre-bug Company Search universe"
BTR International,https://www.btrinternational.com,https://www.linkedin.com/company/btr-international,Luton,GB,59,">=$1,000,000 (revenue.min filter, exact value not returned by Blitz company-search)",Human Resources Services,,yes,"Sourced via Clay find-and-enrich-contacts-at-company (second source, independent of Blitz -- used after a confirmed Blitz company-resolution bug); company record cross-referenced from the pre-bug Company Search universe"
C3 Workforce Inc.,https://www.c3workforce.com,https://www.linkedin.com/company/c3-workforce-inc-,Livonia,US,32,">=$1,000,000 (revenue.min filter, exact value not returned by Blitz company-search)",Staffing and Recruiting,,yes,"Sourced via Clay find-and-enrich-contacts-at-company (second source, independent of Blitz -- used after a confirmed Blitz company-resolution bug); company record cross-referenced from the pre-bug Company Search universe"
Calibre One,https://www.calibreone.com,https://www.linkedin.com/company/calibreone,London,GB,73,">=$1,000,000 (revenue.min filter, exact value not returned by Blitz company-search)",Staffing and Recruiting,,yes,"Sourced via Clay find-and-enrich-contacts-at-company (second source, independent of Blitz -- used after a confirmed Blitz company-resolution bug); company record cross-referenced from the pre-bug Company Search universe"
Cannabizteam - Executive Search And Staffing,https://www.cannabizteam.com,https://www.linkedin.com/company/cannabizteam,Cardiff-By-The-Sea,US,53,">=$1,000,000 (revenue.min filter, exact value not returned by Blitz company-search)",Staffing and Recruiting,,yes,"Sourced via Clay find-and-enrich-contacts-at-company (second source, independent of Blitz -- used after a confirmed Blitz company-resolution bug); company record cross-referenced from the pre-bug Company Search universe"
Care4You,https://www.care4youconsult.com,https://www.linkedin.com/company/care4you,Leuven,BE,30,">=$1,000,000 (revenue.min filter, exact value not returned by Blitz company-search)",Human Resources Services,,yes,"Sourced via Clay find-and-enrich-contacts-at-company (second source, independent of Blitz -- used after a confirmed Blitz company-resolution bug); company record cross-referenced from the pre-bug Company Search universe"
"Career Concepts Staffing Services, Inc.",https://www.gocareernow.com,https://www.linkedin.com/company/career-concepts-staffing-services,Erie,US,81,">=$1,000,000 (revenue.min filter, exact value not returned by Blitz company-search)",Staffing and Recruiting,,yes,"Sourced via Clay find-and-enrich-contacts-at-company (second source, independent of Blitz -- used after a confirmed Blitz company-resolution bug); company record cross-referenced from the pre-bug Company Search universe"
Career Prospectors,https://career-prospectors.com,https://www.linkedin.com/company/career-prospectors,Richmond,US,45,">=$1,000,000 (revenue.min filter, exact value not returned by Blitz company-search)",Human Resources Services,,yes,"Sourced via Clay find-and-enrich-contacts-at-company (second source, independent of Blitz -- used after a confirmed Blitz company-resolution bug); company record cross-referenced from the pre-bug Company Search universe"
Careerplus,https://www.careerplus.ch,https://www.linkedin.com/company/careerplus-group,,CH,116,">=$1,000,000 (revenue.min filter, exact value not returned by Blitz company-search)",Human Resources Services,,yes,"Sourced via Clay find-and-enrich-contacts-at-company (second source, independent of Blitz -- used after a confirmed Blitz company-resolution bug); company record cross-referenced from the pre-bug Company Search universe"
"Careersmith, Inc",https://www.careersmith.com,https://www.linkedin.com/company/careersmith,San Clemente,US,10,">=$1,000,000 (revenue.min filter, exact value not returned by Blitz company-search)",Staffing and Recruiting,,yes,"Sourced via Clay find-and-enrich-contacts-at-company (second source, independent of Blitz -- used after a confirmed Blitz company-resolution bug); company record cross-referenced from the pre-bug Company Search universe"
CareerSource Heartland,https://careersourceheartland.com,https://www.linkedin.com/company/careersource-heartland,Sebring,US,27,">=$1,000,000 (revenue.min filter, exact value not returned by Blitz company-search)",Human Resources Services,,yes,"Sourced via Clay find-and-enrich-contacts-at-company (second source, independent of Blitz -- used after a confirmed Blitz company-resolution bug); company record cross-referenced from the pre-bug Company Search universe"
CareerSource Palm Beach County,https://www.careersourcepbc.com,https://www.linkedin.com/company/careersourcepbc,West Palm Beach,US,183,">=$1,000,000 (revenue.min filter, exact value not returned by Blitz company-search)",Human Resources Services,,yes,"Sourced via Clay find-and-enrich-contacts-at-company (second source, independent of Blitz -- used after a confirmed Blitz company-resolution bug); company record cross-referenced from the pre-bug Company Search universe"
Careersource Suncoast,https://www.careersourcesuncoast.com,https://www.linkedin.com/company/careersourcesc,Sarasota,US,124,">=$1,000,000 (revenue.min filter, exact value not returned by Blitz company-search)",Human Resources Services,,yes,"Sourced via Clay find-and-enrich-contacts-at-company (second source, independent of Blitz -- used after a confirmed Blitz company-resolution bug); company record cross-referenced from the pre-bug Company Search universe"
"Careerup, Inc",https://careerup.com,https://www.linkedin.com/company/careerup-inc.,San Francisco,US,109,">=$1,000,000 (revenue.min filter, exact value not returned by Blitz company-search)",Staffing and Recruiting,,yes,"Sourced via Clay find-and-enrich-contacts-at-company (second source, independent of Blitz -- used after a confirmed Blitz company-resolution bug); company record cross-referenced from the pre-bug Company Search universe"
Caroline County Government,https://www.carolinemd.org,https://www.linkedin.com/company/caroline-county-government,Denton,US,21,">=$1,000,000 (revenue.min filter, exact value not returned by Blitz company-search)",Human Resources Services,,yes,"Sourced via Clay find-and-enrich-contacts-at-company (second source, independent of Blitz -- used after a confirmed Blitz company-resolution bug); company record cross-referenced from the pre-bug Company Search universe"
"Carrington & Carrington, Ltd",https://www.carringtonandcarrington.com,https://www.linkedin.com/company/carrington-&-carrington-ltd.,Chicago,US,13,">=$1,000,000 (revenue.min filter, exact value not returned by Blitz company-search)",Staffing and Recruiting,,yes,"Sourced via Clay find-and-enrich-contacts-at-company (second source, independent of Blitz -- used after a confirmed Blitz company-resolution bug); company record cross-referenced from the pre-bug Company Search universe"
Cascade Employers Association,https://www.cascadeemployers.com,https://www.linkedin.com/company/cascade-employers-association,Salem,US,26,">=$1,000,000 (revenue.min filter, exact value not returned by Blitz company-search)",Human Resources Services,,yes,"Sourced via Clay find-and-enrich-contacts-at-company (second source, independent of Blitz -- used after a confirmed Blitz company-resolution bug); company record cross-referenced from the pre-bug Company Search universe"
Cbs Lavoro,https://www.cbslavoro.it,https://www.linkedin.com/company/cbs-lavoro,Rome,IT,43,">=$1,000,000 (revenue.min filter, exact value not returned by Blitz company-search)",Human Resources Services,,yes,"Sourced via Clay find-and-enrich-contacts-at-company (second source, independent of Blitz -- used after a confirmed Blitz company-resolution bug); company record cross-referenced from the pre-bug Company Search universe"
Ccres Educational And Behavioral Health Services,https://www.ccres.org,https://www.linkedin.com/company/ccres-educational-and-behavioral-health-services,Exton,US,562,">=$1,000,000 (revenue.min filter, exact value not returned by Blitz company-search)",Staffing and Recruiting,,yes,"Sourced via Clay find-and-enrich-contacts-at-company (second source, independent of Blitz -- used after a confirmed Blitz company-resolution bug); company record cross-referenced from the pre-bug Company Search universe"
Centra Healthcare Solutions,https://www.centrahealthcare.com,https://www.linkedin.com/company/centra-healthcare-solutions,Fort Lauderdale,US,112,">=$1,000,000 (revenue.min filter, exact value not returned by Blitz company-search)",Staffing and Recruiting,,yes,"Sourced via Clay find-and-enrich-contacts-at-company (second source, independent of Blitz -- used after a confirmed Blitz company-resolution bug); company record cross-referenced from the pre-bug Company Search universe"
"Central Staff Services, Inc",https://www.centralstaffservicesinc.com,https://www.linkedin.com/company/centralstaffservicesinc,Mount Sinai,US,14,">=$1,000,000 (revenue.min filter, exact value not returned by Blitz company-search)",Human Resources Services,,yes,"Sourced via Clay find-and-enrich-contacts-at-company (second source, independent of Blitz -- used after a confirmed Blitz company-resolution bug); company record cross-referenced from the pre-bug Company Search universe"
Century International Arms,https://www.centuryarms.biz,https://www.linkedin.com/company/century-international-arms,Delray Beach,US,15,">=$1,000,000 (revenue.min filter, exact value not returned by Blitz company-search)",Human Resources Services,,yes,"Sourced via Clay find-and-enrich-contacts-at-company (second source, independent of Blitz -- used after a confirmed Blitz company-resolution bug); company record cross-referenced from the pre-bug Company Search universe"
Chalker Group,https://www.chalkergroup.com,https://www.linkedin.com/company/chalker-group,Birmingham,US,12,">=$1,000,000 (revenue.min filter, exact value not returned by Blitz company-search)",Staffing and Recruiting,,yes,"Sourced via Clay find-and-enrich-contacts-at-company (second source, independent of Blitz -- used after a confirmed Blitz company-resolution bug); company record cross-referenced from the pre-bug Company Search universe"
"Charles Sterling Group, Llc",https://www.charlessterling.com,https://www.linkedin.com/company/charles-sterling-group,Burlington,US,12,">=$1,000,000 (revenue.min filter, exact value not returned by Blitz company-search)",Staffing and Recruiting,,yes,"Sourced via Clay find-and-enrich-contacts-at-company (second source, independent of Blitz -- used after a confirmed Blitz company-resolution bug); company record cross-referenced from the pre-bug Company Search universe"
CitiStaffing,https://www.citistaffing.com,https://www.linkedin.com/company/citistaffing,New York,US,102,">=$1,000,000 (revenue.min filter, exact value not returned by Blitz company-search)",Human Resources Services,,yes,"Sourced via Clay find-and-enrich-contacts-at-company (second source, independent of Blitz -- used after a confirmed Blitz company-resolution bug); company record cross-referenced from the pre-bug Company Search universe"
Clayton Services,https://www.claytonpersonnel.com,https://www.linkedin.com/company/clayton-personnel-services,Houston,US,57,">=$1,000,000 (revenue.min filter, exact value not returned by Blitz company-search)",Staffing and Recruiting,,yes,"Sourced via Clay find-and-enrich-contacts-at-company (second source, independent of Blitz -- used after a confirmed Blitz company-resolution bug); company record cross-referenced from the pre-bug Company Search universe"
Clear Point Group,https://www.clearpoint-group.com,https://www.linkedin.com/company/clear-point-group,,US,23,">=$1,000,000 (revenue.min filter, exact value not returned by Blitz company-search)",Staffing and Recruiting,,yes,"Sourced via Clay find-and-enrich-contacts-at-company (second source, independent of Blitz -- used after a confirmed Blitz company-resolution bug); company record cross-referenced from the pre-bug Company Search universe"
Clearfield Recruitment Ltd,https://www.clear-field.com,https://www.linkedin.com/company/clearfield-ltd,Ipswich,GB,41,">=$1,000,000 (revenue.min filter, exact value not returned by Blitz company-search)",Staffing and Recruiting,,yes,"Sourced via Clay find-and-enrich-contacts-at-company (second source, independent of Blitz -- used after a confirmed Blitz company-resolution bug); company record cross-referenced from the pre-bug Company Search universe"
Clinical Management Consultants,https://www.clinicalmanagementconsultants.com,https://www.linkedin.com/company/clinical-management-consultants,San Francisco,US,153,">=$1,000,000 (revenue.min filter, exact value not returned by Blitz company-search)",Human Resources Services,,yes,"Sourced via Clay find-and-enrich-contacts-at-company (second source, independent of Blitz -- used after a confirmed Blitz company-resolution bug); company record cross-referenced from the pre-bug Company Search universe"
"Clinical Resources, Llc",https://www.clinicalresources.com,https://www.linkedin.com/company/clinical-resources-llc,Atlanta,US,64,">=$1,000,000 (revenue.min filter, exact value not returned by Blitz company-search)",Staffing and Recruiting,,yes,"Sourced via Clay find-and-enrich-contacts-at-company (second source, independent of Blitz -- used after a confirmed Blitz company-resolution bug); company record cross-referenced from the pre-bug Company Search universe"
Columbia Healthcare,https://www.columbiahc.com,https://www.linkedin.com/company/columbia-healthcare,South Jordan,US,32,">=$1,000,000 (revenue.min filter, exact value not returned by Blitz company-search)",Staffing and Recruiting,,yes,"Sourced via Clay find-and-enrich-contacts-at-company (second source, independent of Blitz -- used after a confirmed Blitz company-resolution bug); company record cross-referenced from the pre-bug Company Search universe"
Columbia School District,https://www.myeagles.org,https://www.linkedin.com/company/columbia-school-district,Brooklyn,US,202,">=$1,000,000 (revenue.min filter, exact value not returned by Blitz company-search)",Staffing and Recruiting,,yes,"Sourced via Clay find-and-enrich-contacts-at-company (second source, independent of Blitz -- used after a confirmed Blitz company-resolution bug); company record cross-referenced from the pre-bug Company Search universe"
Comensura,https://www.comensura.com,https://www.linkedin.com/company/comensura,Luton,GB,100,">=$1,000,000 (revenue.min filter, exact value not returned by Blitz company-search)",Staffing and Recruiting,,yes,"Sourced via Clay find-and-enrich-contacts-at-company (second source, independent of Blitz -- used after a confirmed Blitz company-resolution bug); company record cross-referenced from the pre-bug Company Search universe"
Commodore Partners,https://www.commodorepartners.com,https://www.linkedin.com/company/commodore-partners-llc,New York City,US,18,">=$1,000,000 (revenue.min filter, exact value not returned by Blitz company-search)",Staffing and Recruiting,,yes,"Sourced via Clay find-and-enrich-contacts-at-company (second source, independent of Blitz -- used after a confirmed Blitz company-resolution bug); company record cross-referenced from the pre-bug Company Search universe"
Compuforce,https://www.compuforce.com,https://www.linkedin.com/company/compuforce,New York,US,17,">=$1,000,000 (revenue.min filter, exact value not returned by Blitz company-search)",Staffing and Recruiting,,yes,"Sourced via Clay find-and-enrich-contacts-at-company (second source, independent of Blitz -- used after a confirmed Blitz company-resolution bug); company record cross-referenced from the pre-bug Company Search universe"
Concentric Corporation,https://www.concentriccorp.com,https://www.linkedin.com/company/concentric-corporation,Omaha,US,23,">=$1,000,000 (revenue.min filter, exact value not returned by Blitz company-search)",Staffing and Recruiting,,yes,"Sourced via Clay find-and-enrich-contacts-at-company (second source, independent of Blitz -- used after a confirmed Blitz company-resolution bug); company record cross-referenced from the pre-bug Company Search universe"
Confident Staffing Inc,https://www.confidentstaffing.com,https://www.linkedin.com/company/confident-staffing-inc,Medford,US,739,">=$1,000,000 (revenue.min filter, exact value not returned by Blitz company-search)",Staffing and Recruiting,,yes,"Sourced via Clay find-and-enrich-contacts-at-company (second source, independent of Blitz -- used after a confirmed Blitz company-resolution bug); company record cross-referenced from the pre-bug Company Search universe"
Confisa International Group,https://www.confisagroup.com,https://www.linkedin.com/company/confisa-international-group,Pembroke Pines,US,41,">=$1,000,000 (revenue.min filter, exact value not returned by Blitz company-search)",Staffing and Recruiting,,yes,"Sourced via Clay find-and-enrich-contacts-at-company (second source, independent of Blitz -- used after a confirmed Blitz company-resolution bug); company record cross-referenced from the pre-bug Company Search universe"
"Connexion Systems and Engineering, Inc.",https://www.csetalent.com,https://www.linkedin.com/company/connexion-systems-&-engineering,Sudbury,US,44,">=$1,000,000 (revenue.min filter, exact value not returned by Blitz company-search)",Staffing and Recruiting,,yes,"Sourced via Clay find-and-enrich-contacts-at-company (second source, independent of Blitz -- used after a confirmed Blitz company-resolution bug); company record cross-referenced from the pre-bug Company Search universe"
Consultora Free Lance,https://www.dbm.com,https://www.linkedin.com/company/consultora-free-lance,Madrid,ES,343,">=$1,000,000 (revenue.min filter, exact value not returned by Blitz company-search)",Human Resources Services,,yes,"Sourced via Clay find-and-enrich-contacts-at-company (second source, independent of Blitz -- used after a confirmed Blitz company-resolution bug); company record cross-referenced from the pre-bug Company Search universe"
Contact Field Marketing & Solutions,https://www.contactfieldmarketing.com,https://www.linkedin.com/company/contactfieldmarketing,North Shields,GB,19,">=$1,000,000 (revenue.min filter, exact value not returned by Blitz company-search)",Staffing and Recruiting,,yes,"Sourced via Clay find-and-enrich-contacts-at-company (second source, independent of Blitz -- used after a confirmed Blitz company-resolution bug); company record cross-referenced from the pre-bug Company Search universe"
Converge Resources,https://www.convergeresources.com,https://www.linkedin.com/company/convergeresources,Houston,US,18,">=$1,000,000 (revenue.min filter, exact value not returned by Blitz company-search)",Staffing and Recruiting,,yes,"Sourced via Clay find-and-enrich-contacts-at-company (second source, independent of Blitz -- used after a confirmed Blitz company-resolution bug); company record cross-referenced from the pre-bug Company Search universe"
CCA Inc. - Corporate Counseling Associates,https://www.ccainc.com,https://www.linkedin.com/company/corporate-counseling-associates,New York,US,112,">=$1,000,000 (revenue.min filter, exact value not returned by Blitz company-search)",Human Resources Services,,yes,"Sourced via Clay find-and-enrich-contacts-at-company (second source, independent of Blitz -- used after a confirmed Blitz company-resolution bug); company record cross-referenced from the pre-bug Company Search universe"
Coyle Consulting,https://www.coyleconsulting.ie,https://www.linkedin.com/company/coyle-consulting,Naas,IE,11,">=$1,000,000 (revenue.min filter, exact value not returned by Blitz company-search)",Staffing and Recruiting,,yes,"Sourced via Clay find-and-enrich-contacts-at-company (second source, independent of Blitz -- used after a confirmed Blitz company-resolution bug); company record cross-referenced from the pre-bug Company Search universe"
CPS HR Consulting,https://cpshr.us,https://www.linkedin.com/company/cps-hr-consulting,Sacramento,US,233,">=$1,000,000 (revenue.min filter, exact value not returned by Blitz company-search)",Human Resources Services,,yes,"Sourced via Clay find-and-enrich-contacts-at-company (second source, independent of Blitz -- used after a confirmed Blitz company-resolution bug); company record cross-referenced from the pre-bug Company Search universe"
"CPS, Inc.",https://www.cps4jobs.com,https://www.linkedin.com/company/cps4jobs,Westchester,US,615,">=$1,000,000 (revenue.min filter, exact value not returned by Blitz company-search)",Staffing and Recruiting,,yes,"Sourced via Clay find-and-enrich-contacts-at-company (second source, independent of Blitz -- used after a confirmed Blitz company-resolution bug); company record cross-referenced from the pre-bug Company Search universe"
"The Creative Network, Inc",https://www.creativenetworkinc.com,https://www.linkedin.com/company/creativenetworkinc,Vancouver,US,21,">=$1,000,000 (revenue.min filter, exact value not returned by Blitz company-search)",Staffing and Recruiting,,yes,"Sourced via Clay find-and-enrich-contacts-at-company (second source, independent of Blitz -- used after a confirmed Blitz company-resolution bug); company record cross-referenced from the pre-bug Company Search universe"
Crl,https://www.crlglobal.com,https://www.linkedin.com/company/crl,Staines,GB,160,">=$1,000,000 (revenue.min filter, exact value not returned by Blitz company-search)",Staffing and Recruiting,,yes,"Sourced via Clay find-and-enrich-contacts-at-company (second source, independent of Blitz -- used after a confirmed Blitz company-resolution bug); company record cross-referenced from the pre-bug Company Search universe"
Cross Country Locums,https://www.crosscountry.com/locums,https://www.linkedin.com/company/cross-country-locums,Boca Raton,US,158,">=$1,000,000 (revenue.min filter, exact value not returned by Blitz company-search)",Staffing and Recruiting,,yes,"Sourced via Clay find-and-enrich-contacts-at-company (second source, independent of Blitz -- used after a confirmed Blitz company-resolution bug); company record cross-referenced from the pre-bug Company Search universe"
CSS Tec,https://www.css-tec.com,https://www.linkedin.com/company/css-tec,Media,US,30,">=$1,000,000 (revenue.min filter, exact value not returned by Blitz company-search)",Staffing and Recruiting,,yes,"Sourced via Clay find-and-enrich-contacts-at-company (second source, independent of Blitz -- used after a confirmed Blitz company-resolution bug); company record cross-referenced from the pre-bug Company Search universe"
CTS International,https://www.ctsinternational.com,https://www.linkedin.com/company/cts-international,Issaquah,US,173,">=$1,000,000 (revenue.min filter, exact value not returned by Blitz company-search)",Staffing and Recruiting,,yes,"Sourced via Clay find-and-enrich-contacts-at-company (second source, independent of Blitz -- used after a confirmed Blitz company-resolution bug); company record cross-referenced from the pre-bug Company Search universe"
Cube Hub Inc.,https://www.cube-hub.com,https://www.linkedin.com/company/cube-hub,Aurora,US,71,">=$1,000,000 (revenue.min filter, exact value not returned by Blitz company-search)",Staffing and Recruiting,,yes,"Sourced via Clay find-and-enrich-contacts-at-company (second source, independent of Blitz -- used after a confirmed Blitz company-resolution bug); company record cross-referenced from the pre-bug Company Search universe"
"Culinary Staffing Of America, Inc",https://www.staffing-america.com,https://www.linkedin.com/company/culinary-staffing-of-america-inc,Visalia,US,86,">=$1,000,000 (revenue.min filter, exact value not returned by Blitz company-search)",Staffing and Recruiting,,yes,"Sourced via Clay find-and-enrich-contacts-at-company (second source, independent of Blitz -- used after a confirmed Blitz company-resolution bug); company record cross-referenced from the pre-bug Company Search universe"
The Custom Group of Companies,https://www.customgroupofcompanies.com,https://www.linkedin.com/company/custom-staffing-inc-,New York,US,105,">=$1,000,000 (revenue.min filter, exact value not returned by Blitz company-search)",Staffing and Recruiting,,yes,"Sourced via Clay find-and-enrich-contacts-at-company (second source, independent of Blitz -- used after a confirmed Blitz company-resolution bug); company record cross-referenced from the pre-bug Company Search universe"
CyberCoders,https://www.cybercoders.com,https://www.linkedin.com/company/cybercoders,Irvine,US,648,">=$1,000,000 (revenue.min filter, exact value not returned by Blitz company-search)",Staffing and Recruiting,,yes,"Sourced via Clay find-and-enrich-contacts-at-company (second source, independent of Blitz -- used after a confirmed Blitz company-resolution bug); company record cross-referenced from the pre-bug Company Search universe"
Cyberteam,https://www.cyberteam.co.uk,https://www.linkedin.com/company/cyberteamuk,City Of London,GB,51,">=$1,000,000 (revenue.min filter, exact value not returned by Blitz company-search)",Staffing and Recruiting,,yes,"Sourced via Clay find-and-enrich-contacts-at-company (second source, independent of Blitz -- used after a confirmed Blitz company-resolution bug); company record cross-referenced from the pre-bug Company Search universe"
"Cypress Employment Services, Llc",https://www.cypressemployment.com,https://www.linkedin.com/company/cypress-employment-services-llc,Mobile,US,18,">=$1,000,000 (revenue.min filter, exact value not returned by Blitz company-search)",Staffing and Recruiting,,yes,"Sourced via Clay find-and-enrich-contacts-at-company (second source, independent of Blitz -- used after a confirmed Blitz company-resolution bug); company record cross-referenced from the pre-bug Company Search universe"
"David Powell, Inc",https://www.davidpowell.com,https://www.linkedin.com/company/david-powell-inc.,Alamo,US,34,">=$1,000,000 (revenue.min filter, exact value not returned by Blitz company-search)",Staffing and Recruiting,,yes,"Sourced via Clay find-and-enrich-contacts-at-company (second source, independent of Blitz -- used after a confirmed Blitz company-resolution bug); company record cross-referenced from the pre-bug Company Search universe"
Daybreak Staffing,https://daybreakstaffing.com,https://www.linkedin.com/company/daybreak-staffing,New York,US,71,">=$1,000,000 (revenue.min filter, exact value not returned by Blitz company-search)",Staffing and Recruiting,,yes,"Sourced via Clay find-and-enrich-contacts-at-company (second source, independent of Blitz -- used after a confirmed Blitz company-resolution bug); company record cross-referenced from the pre-bug Company Search universe"
Daytona Employment,https://www.daytonaemployment.com,https://www.linkedin.com/company/daytona-employment,Daytona Beach,US,30,">=$1,000,000 (revenue.min filter, exact value not returned by Blitz company-search)",Staffing and Recruiting,,yes,"Sourced via Clay find-and-enrich-contacts-at-company (second source, independent of Blitz -- used after a confirmed Blitz company-resolution bug); company record cross-referenced from the pre-bug Company Search universe"
DeBellis Catherine & Morreale - Corporate Staffing,https://www.dcmstaffing.com,https://www.linkedin.com/company/debellis-catherine-morreale---corporate-staffing,Williamsville,US,18,">=$1,000,000 (revenue.min filter, exact value not returned by Blitz company-search)",Staffing and Recruiting,,yes,"Sourced via Clay find-and-enrich-contacts-at-company (second source, independent of Blitz -- used after a confirmed Blitz company-resolution bug); company record cross-referenced from the pre-bug Company Search universe"
DecisionHR,https://decisionhr.com,https://www.linkedin.com/company/decisionhr,St. Petersburg,US,144,">=$1,000,000 (revenue.min filter, exact value not returned by Blitz company-search)",Human Resources Services,,yes,"Sourced via Clay find-and-enrich-contacts-at-company (second source, independent of Blitz -- used after a confirmed Blitz company-resolution bug); company record cross-referenced from the pre-bug Company Search universe"
Delta Executive Search,https://www.deltaexec.com,https://www.linkedin.com/company/delta-executive-search,London,GB,21,">=$1,000,000 (revenue.min filter, exact value not returned by Blitz company-search)",Staffing and Recruiting,,yes,"Sourced via Clay find-and-enrich-contacts-at-company (second source, independent of Blitz -- used after a confirmed Blitz company-resolution bug); company record cross-referenced from the pre-bug Company Search universe"
Dental Force,https://www.dentalforcetx.com,https://www.linkedin.com/company/dental-force,Spring,US,53,">=$1,000,000 (revenue.min filter, exact value not returned by Blitz company-search)",Staffing and Recruiting,,yes,"Sourced via Clay find-and-enrich-contacts-at-company (second source, independent of Blitz -- used after a confirmed Blitz company-resolution bug); company record cross-referenced from the pre-bug Company Search universe"
"Digerati Search, Inc",https://www.digeratisearch.com,https://www.linkedin.com/company/digerati-search-inc.,Lagrange,US,10,">=$1,000,000 (revenue.min filter, exact value not returned by Blitz company-search)",Staffing and Recruiting,,yes,"Sourced via Clay find-and-enrich-contacts-at-company (second source, independent of Blitz -- used after a confirmed Blitz company-resolution bug); company record cross-referenced from the pre-bug Company Search universe"
DSR Global,https://www.dsr-global.com,https://www.linkedin.com/company/dsr-global,Royal Tunbridge Wells,GB,53,">=$1,000,000 (revenue.min filter, exact value not returned by Blitz company-search)",Staffing and Recruiting,,yes,"Sourced via Clay find-and-enrich-contacts-at-company (second source, independent of Blitz -- used after a confirmed Blitz company-resolution bug); company record cross-referenced from the pre-bug Company Search universe"
DW Simpson Global Actuarial & Analytics Recruitment,https://www.dwsimpson.com,https://www.linkedin.com/company/dwsimpson,Chicago,US,37,">=$1,000,000 (revenue.min filter, exact value not returned by Blitz company-search)",Staffing and Recruiting,,yes,"Sourced via Clay find-and-enrich-contacts-at-company (second source, independent of Blitz -- used after a confirmed Blitz company-resolution bug); company record cross-referenced from the pre-bug Company Search universe"
"EGS, Inc.",https://www.egs-partners.com,https://www.linkedin.com/company/egs-inc.,Englewood,US,128,">=$1,000,000 (revenue.min filter, exact value not returned by Blitz company-search)",Staffing and Recruiting,,yes,"Sourced via Clay find-and-enrich-contacts-at-company (second source, independent of Blitz -- used after a confirmed Blitz company-resolution bug); company record cross-referenced from the pre-bug Company Search universe"
"EKHP Consulting, LLC",https://www.ekhpconsulting.com,https://www.linkedin.com/company/ekhp-consulting-llc,Seguin,US,13,">=$1,000,000 (revenue.min filter, exact value not returned by Blitz company-search)",Staffing and Recruiting,,yes,"Sourced via Clay find-and-enrich-contacts-at-company (second source, independent of Blitz -- used after a confirmed Blitz company-resolution bug); company record cross-referenced from the pre-bug Company Search universe"
ektello,https://www.ektello.com,https://www.linkedin.com/company/ektello,Troy,US,115,">=$1,000,000 (revenue.min filter, exact value not returned by Blitz company-search)",Staffing and Recruiting,,yes,"Sourced via Clay find-and-enrich-contacts-at-company (second source, independent of Blitz -- used after a confirmed Blitz company-resolution bug); company record cross-referenced from the pre-bug Company Search universe"
Element Staffing Services,https://www.element-staffing.com,https://www.linkedin.com/company/element-staffing-services,Houston,US,17,">=$1,000,000 (revenue.min filter, exact value not returned by Blitz company-search)",Staffing and Recruiting,,yes,"Sourced via Clay find-and-enrich-contacts-at-company (second source, independent of Blitz -- used after a confirmed Blitz company-resolution bug); company record cross-referenced from the pre-bug Company Search universe"
"Elevated Resources, Inc",https://www.elevatedresources.com,https://www.linkedin.com/company/elevated-resources-inc,Newport Beach,US,27,">=$1,000,000 (revenue.min filter, exact value not returned by Blitz company-search)",Staffing and Recruiting,,yes,"Sourced via Clay find-and-enrich-contacts-at-company (second source, independent of Blitz -- used after a confirmed Blitz company-resolution bug); company record cross-referenced from the pre-bug Company Search universe"
"Eleventh Hire, Inc",https://hire11.com,https://www.linkedin.com/company/eleventh-hire-inc-,Provo,US,14,">=$1,000,000 (revenue.min filter, exact value not returned by Blitz company-search)",Staffing and Recruiting,,yes,"Sourced via Clay find-and-enrich-contacts-at-company (second source, independent of Blitz -- used after a confirmed Blitz company-resolution bug); company record cross-referenced from the pre-bug Company Search universe"
Elite Network,https://www.enhire.com,https://www.linkedin.com/company/elite-network,,US,781,">=$1,000,000 (revenue.min filter, exact value not returned by Blitz company-search)",Staffing and Recruiting,,yes,"Sourced via Clay find-and-enrich-contacts-at-company (second source, independent of Blitz -- used after a confirmed Blitz company-resolution bug); company record cross-referenced from the pre-bug Company Search universe"
Elite Source,https://www.elitesourcesolutions.com,https://www.linkedin.com/company/elite-source-solutions,Tampa,US,31,">=$1,000,000 (revenue.min filter, exact value not returned by Blitz company-search)",Staffing and Recruiting,,yes,"Sourced via Clay find-and-enrich-contacts-at-company (second source, independent of Blitz -- used after a confirmed Blitz company-resolution bug); company record cross-referenced from the pre-bug Company Search universe"
Elvictor Group Inc. Otcid Elvg,https://www.elvictorgroup.com,https://www.linkedin.com/company/elvictor-group,Varkiza,GR,149,">=$1,000,000 (revenue.min filter, exact value not returned by Blitz company-search)",Human Resources Services,,yes,"Sourced via Clay find-and-enrich-contacts-at-company (second source, independent of Blitz -- used after a confirmed Blitz company-resolution bug); company record cross-referenced from the pre-bug Company Search universe"
Embarq,https://www.embarq.fr,https://www.linkedin.com/company/embarq.fr,Paris,FR,90,">=$1,000,000 (revenue.min filter, exact value not returned by Blitz company-search)",Human Resources Services,,yes,"Sourced via Clay find-and-enrich-contacts-at-company (second source, independent of Blitz -- used after a confirmed Blitz company-resolution bug); company record cross-referenced from the pre-bug Company Search universe"
Emerald Resource Group,https://www.emeraldresourcegroup.com,https://www.linkedin.com/company/emerald-resource-group,Broadview Heights,US,86,">=$1,000,000 (revenue.min filter, exact value not returned by Blitz company-search)",Staffing and Recruiting,,yes,"Sourced via Clay find-and-enrich-contacts-at-company (second source, independent of Blitz -- used after a confirmed Blitz company-resolution bug); company record cross-referenced from the pre-bug Company Search universe"
Employer Flexible,https://www.employerflexible.com,https://www.linkedin.com/company/employer-flexible,Houston,US,348,">=$1,000,000 (revenue.min filter, exact value not returned by Blitz company-search)",Human Resources Services,,yes,"Sourced via Clay find-and-enrich-contacts-at-company (second source, independent of Blitz -- used after a confirmed Blitz company-resolution bug); company record cross-referenced from the pre-bug Company Search universe"
Employers Association of the NorthEast,https://www.eane.org,https://www.linkedin.com/company/employers-association-of-the-northeast,Agawam,US,47,">=$1,000,000 (revenue.min filter, exact value not returned by Blitz company-search)",Human Resources Services,,yes,"Sourced via Clay find-and-enrich-contacts-at-company (second source, independent of Blitz -- used after a confirmed Blitz company-resolution bug); company record cross-referenced from the pre-bug Company Search universe"
Employers Logic,https://www.employerslogic.com,https://www.linkedin.com/company/employers-logic,Spring Grove,US,10,">=$1,000,000 (revenue.min filter, exact value not returned by Blitz company-search)",Human Resources Services,,yes,"Sourced via Clay find-and-enrich-contacts-at-company (second source, independent of Blitz -- used after a confirmed Blitz company-resolution bug); company record cross-referenced from the pre-bug Company Search universe"
Employment Staffing Inc,https://www.employmentstaffing.com,https://www.linkedin.com/company/employment-staffing-inc-,Shelby,US,38,">=$1,000,000 (revenue.min filter, exact value not returned by Blitz company-search)",Staffing and Recruiting,,yes,"Sourced via Clay find-and-enrich-contacts-at-company (second source, independent of Blitz -- used after a confirmed Blitz company-resolution bug); company record cross-referenced from the pre-bug Company Search universe"
Encore Telemedicine,https://www.encoretelemedicine.net,https://www.linkedin.com/company/encoretelemedicine,Johns Creek,US,19,">=$1,000,000 (revenue.min filter, exact value not returned by Blitz company-search)",Staffing and Recruiting,,yes,"Sourced via Clay find-and-enrich-contacts-at-company (second source, independent of Blitz -- used after a confirmed Blitz company-resolution bug); company record cross-referenced from the pre-bug Company Search universe"
EnergeiaWorks,https://www.energeiaworks.com,https://www.linkedin.com/company/energeiaworks,Jersey City,US,11,">=$1,000,000 (revenue.min filter, exact value not returned by Blitz company-search)",Staffing and Recruiting,,yes,"Sourced via Clay find-and-enrich-contacts-at-company (second source, independent of Blitz -- used after a confirmed Blitz company-resolution bug); company record cross-referenced from the pre-bug Company Search universe"
"Entech Network Solutions, LLC.",https://www.entechnetworks.com,https://www.linkedin.com/company/entech-network-solutions,Coral Springs,US,22,">=$1,000,000 (revenue.min filter, exact value not returned by Blitz company-search)",Staffing and Recruiting,,yes,"Sourced via Clay find-and-enrich-contacts-at-company (second source, independent of Blitz -- used after a confirmed Blitz company-resolution bug); company record cross-referenced from the pre-bug Company Search universe"
Enterprise Medical Staffing,https://estaffingagency.com,https://www.linkedin.com/company/enterprise-staffing,Dallas,US,37,">=$1,000,000 (revenue.min filter, exact value not returned by Blitz company-search)",Staffing and Recruiting,,yes,"Sourced via Clay find-and-enrich-contacts-at-company (second source, independent of Blitz -- used after a confirmed Blitz company-resolution bug); company record cross-referenced from the pre-bug Company Search universe"
"Epic Personnel Partners, LLC.",https://www.epicpp.com,https://www.linkedin.com/company/epicpersonnelpartners,Pleasanton,US,215,">=$1,000,000 (revenue.min filter, exact value not returned by Blitz company-search)",Staffing and Recruiting,,yes,"Sourced via Clay find-and-enrich-contacts-at-company (second source, independent of Blitz -- used after a confirmed Blitz company-resolution bug); company record cross-referenced from the pre-bug Company Search universe"
Erevena,https://www.erevena.com,https://www.linkedin.com/company/erevena,London,GB,79,">=$1,000,000 (revenue.min filter, exact value not returned by Blitz company-search)",Staffing and Recruiting,,yes,"Sourced via Clay find-and-enrich-contacts-at-company (second source, independent of Blitz -- used after a confirmed Blitz company-resolution bug); company record cross-referenced from the pre-bug Company Search universe"
Ethical Workforce,https://www.ethicalworkforce.co.uk,https://www.linkedin.com/company/ethical-workforce-ltd,London,GB,14,">=$1,000,000 (revenue.min filter, exact value not returned by Blitz company-search)",Staffing and Recruiting,,yes,"Sourced via Clay find-and-enrich-contacts-at-company (second source, independent of Blitz -- used after a confirmed Blitz company-resolution bug); company record cross-referenced from the pre-bug Company Search universe"
Ethos Medical Staffing,https://ethosmedicalstaffing.com,https://www.linkedin.com/company/ethosmedstaff,Lenexa,US,33,">=$1,000,000 (revenue.min filter, exact value not returned by Blitz company-search)",Staffing and Recruiting,,yes,"Sourced via Clay find-and-enrich-contacts-at-company (second source, independent of Blitz -- used after a confirmed Blitz company-resolution bug); company record cross-referenced from the pre-bug Company Search universe"
"ETS, Inc.",https://www.etsjobs.com,https://www.linkedin.com/company/ets-inc-staffing-consulting-training,Plattsburgh,US,100,">=$1,000,000 (revenue.min filter, exact value not returned by Blitz company-search)",Staffing and Recruiting,,yes,"Sourced via Clay find-and-enrich-contacts-at-company (second source, independent of Blitz -- used after a confirmed Blitz company-resolution bug); company record cross-referenced from the pre-bug Company Search universe"
ETS Recruit,https://etsrecruit.com,https://www.linkedin.com/company/ets-recruit,Roanoke,US,24,">=$1,000,000 (revenue.min filter, exact value not returned by Blitz company-search)",Staffing and Recruiting,,yes,"Sourced via Clay find-and-enrich-contacts-at-company (second source, independent of Blitz -- used after a confirmed Blitz company-resolution bug); company record cross-referenced from the pre-bug Company Search universe"
Example Recruitment Group,https://www.examplerecruitment.co.uk,https://www.linkedin.com/company/example-recruitment-group,Leeds,GB,11,">=$1,000,000 (revenue.min filter, exact value not returned by Blitz company-search)",Staffing and Recruiting,,yes,"Sourced via Clay find-and-enrich-contacts-at-company (second source, independent of Blitz -- used after a confirmed Blitz company-resolution bug); company record cross-referenced from the pre-bug Company Search universe"
Excite Health Partners,https://www.excitehealthpartners.com,https://www.linkedin.com/company/excite-health-partners,Tampa,US,97,">=$1,000,000 (revenue.min filter, exact value not returned by Blitz company-search)",Staffing and Recruiting,,yes,"Sourced via Clay find-and-enrich-contacts-at-company (second source, independent of Blitz -- used after a confirmed Blitz company-resolution bug); company record cross-referenced from the pre-bug Company Search universe"
Execthread,https://execthread.com,https://www.linkedin.com/company/execthread,West Palm Beach,US,15,">=$1,000,000 (revenue.min filter, exact value not returned by Blitz company-search)",Staffing and Recruiting,,yes,"Sourced via Clay find-and-enrich-contacts-at-company (second source, independent of Blitz -- used after a confirmed Blitz company-resolution bug); company record cross-referenced from the pre-bug Company Search universe"
Executive Network Associates,https://www.executivenetwork.us,https://www.linkedin.com/company/executive-network-associates,Farmington,US,15,">=$1,000,000 (revenue.min filter, exact value not returned by Blitz company-search)",Staffing and Recruiting,,yes,"Sourced via Clay find-and-enrich-contacts-at-company (second source, independent of Blitz -- used after a confirmed Blitz company-resolution bug); company record cross-referenced from the pre-bug Company Search universe"
Exemplarits,https://www.exemplarits.com,https://www.linkedin.com/company/exemplarits,Austin,US,30,">=$1,000,000 (revenue.min filter, exact value not returned by Blitz company-search)",Staffing and Recruiting,,yes,"Sourced via Clay find-and-enrich-contacts-at-company (second source, independent of Blitz -- used after a confirmed Blitz company-resolution bug); company record cross-referenced from the pre-bug Company Search universe"
Explore Group,https://www.explore-group.com,https://www.linkedin.com/company/explore-group,London,GB,177,">=$1,000,000 (revenue.min filter, exact value not returned by Blitz company-search)",Staffing and Recruiting,,yes,"Sourced via Clay find-and-enrich-contacts-at-company (second source, independent of Blitz -- used after a confirmed Blitz company-resolution bug); company record cross-referenced from the pre-bug Company Search universe"
"Express Employment Professionals - Red Bluff, Ca",https://www.expresspros.com/redbluff,https://www.linkedin.com/company/expressredbluffca,Red Bluff,US,17,">=$1,000,000 (revenue.min filter, exact value not returned by Blitz company-search)",Staffing and Recruiting,,yes,"Sourced via Clay find-and-enrich-contacts-at-company (second source, independent of Blitz -- used after a confirmed Blitz company-resolution bug); company record cross-referenced from the pre-bug Company Search universe"
"Express Employment Professionals – Springfield, IL",https://expresspros.com/springfieldil,https://www.linkedin.com/company/expressspringfieldil,Springfield,US,24,">=$1,000,000 (revenue.min filter, exact value not returned by Blitz company-search)",Staffing and Recruiting,,yes,"Sourced via Clay find-and-enrich-contacts-at-company (second source, independent of Blitz -- used after a confirmed Blitz company-resolution bug); company record cross-referenced from the pre-bug Company Search universe"
Familymeans,https://www.familymeans.org,https://www.linkedin.com/company/familymeans,Stillwater,US,64,">=$1,000,000 (revenue.min filter, exact value not returned by Blitz company-search)",Human Resources Services,,yes,"Sourced via Clay find-and-enrich-contacts-at-company (second source, independent of Blitz -- used after a confirmed Blitz company-resolution bug); company record cross-referenced from the pre-bug Company Search universe"
Ferra Executive Search,https://www.ferrasearch.com,https://www.linkedin.com/company/ferra-executive-search,Pittsburgh,US,19,">=$1,000,000 (revenue.min filter, exact value not returned by Blitz company-search)",Staffing and Recruiting,,yes,"Sourced via Clay find-and-enrich-contacts-at-company (second source, independent of Blitz -- used after a confirmed Blitz company-resolution bug); company record cross-referenced from the pre-bug Company Search universe"
"Fidelis Partners, Llc",https://www.fidelismp.com,https://www.linkedin.com/company/fidelis-partners-llc,Dallas,US,29,">=$1,000,000 (revenue.min filter, exact value not returned by Blitz company-search)",Staffing and Recruiting,,yes,"Sourced via Clay find-and-enrich-contacts-at-company (second source, independent of Blitz -- used after a confirmed Blitz company-resolution bug); company record cross-referenced from the pre-bug Company Search universe"
First Contact Hr,https://www.firstcontacthr.com,https://www.linkedin.com/company/first-contact-hr,Fort Washington,US,20,">=$1,000,000 (revenue.min filter, exact value not returned by Blitz company-search)",Human Resources Services,,yes,"Sourced via Clay find-and-enrich-contacts-at-company (second source, independent of Blitz -- used after a confirmed Blitz company-resolution bug); company record cross-referenced from the pre-bug Company Search universe"
FirstOption Workforce Solutions,https://www.firstoptionws.com,https://www.linkedin.com/company/firstoption-workforce-solutions,San Antonio,US,30,">=$1,000,000 (revenue.min filter, exact value not returned by Blitz company-search)",Staffing and Recruiting,,yes,"Sourced via Clay find-and-enrich-contacts-at-company (second source, independent of Blitz -- used after a confirmed Blitz company-resolution bug); company record cross-referenced from the pre-bug Company Search universe"
Firstpoint Healthcare,https://www.firstpointhealthcare.com,https://www.linkedin.com/company/firstpoint-healthcare,Birmingham,GB,74,">=$1,000,000 (revenue.min filter, exact value not returned by Blitz company-search)",Staffing and Recruiting,,yes,"Sourced via Clay find-and-enrich-contacts-at-company (second source, independent of Blitz -- used after a confirmed Blitz company-resolution bug); company record cross-referenced from the pre-bug Company Search universe"
Flexcare,https://www.flexcarestaff.com,https://www.linkedin.com/company/flexcare-medical-staffing,Roseville,US,1328,">=$1,000,000 (revenue.min filter, exact value not returned by Blitz company-search)",Staffing and Recruiting,,yes,"Sourced via Clay find-and-enrich-contacts-at-company (second source, independent of Blitz -- used after a confirmed Blitz company-resolution bug); company record cross-referenced from the pre-bug Company Search universe"
Food Management Search,https://www.foodmanagementsearch.com,https://www.linkedin.com/company/food-management-search,Springfield,US,51,">=$1,000,000 (revenue.min filter, exact value not returned by Blitz company-search)",Staffing and Recruiting,,yes,"Sourced via Clay find-and-enrich-contacts-at-company (second source, independent of Blitz -- used after a confirmed Blitz company-resolution bug); company record cross-referenced from the pre-bug Company Search universe"
Fpc Of Raleigh,https://www.fpcraleigh.com,https://www.linkedin.com/company/fpc-of-raleigh,Raleigh,US,15,">=$1,000,000 (revenue.min filter, exact value not returned by Blitz company-search)",Staffing and Recruiting,,yes,"Sourced via Clay find-and-enrich-contacts-at-company (second source, independent of Blitz -- used after a confirmed Blitz company-resolution bug); company record cross-referenced from the pre-bug Company Search universe"
Global Talent Solutions,https://www.gtsrecruiters.com,https://www.linkedin.com/company/franchise-executive-search,Irvine,US,10,">=$1,000,000 (revenue.min filter, exact value not returned by Blitz company-search)",Staffing and Recruiting,,yes,"Sourced via Clay find-and-enrich-contacts-at-company (second source, independent of Blitz -- used after a confirmed Blitz company-resolution bug); company record cross-referenced from the pre-bug Company Search universe"
Frontera Search Partners,https://www.fronterasearch.com,https://www.linkedin.com/company/frontera-search-partners,,US,98,">=$1,000,000 (revenue.min filter, exact value not returned by Blitz company-search)",Staffing and Recruiting,,yes,"Sourced via Clay find-and-enrich-contacts-at-company (second source, independent of Blitz -- used after a confirmed Blitz company-resolution bug); company record cross-referenced from the pre-bug Company Search universe"
Fullcircle Placements,https://www.fullcircleplacements.com,https://www.linkedin.com/company/fullcircle-placements,St Louis,US,46,">=$1,000,000 (revenue.min filter, exact value not returned by Blitz company-search)",Staffing and Recruiting,,yes,"Sourced via Clay find-and-enrich-contacts-at-company (second source, independent of Blitz -- used after a confirmed Blitz company-resolution bug); company record cross-referenced from the pre-bug Company Search universe"
Fuse3 Solutions,https://www.fuse3solutions.com,https://www.linkedin.com/company/fuse3-solutions,,US,33,">=$1,000,000 (revenue.min filter, exact value not returned by Blitz company-search)",Staffing and Recruiting,,yes,"Sourced via Clay find-and-enrich-contacts-at-company (second source, independent of Blitz -- used after a confirmed Blitz company-resolution bug); company record cross-referenced from the pre-bug Company Search universe"
Futuretech Staffing,https://www.futuretechstaffing.com,https://www.linkedin.com/company/futuretech-staffing,Scottsdale,US,12,">=$1,000,000 (revenue.min filter, exact value not returned by Blitz company-search)",Staffing and Recruiting,,yes,"Sourced via Clay find-and-enrich-contacts-at-company (second source, independent of Blitz -- used after a confirmed Blitz company-resolution bug); company record cross-referenced from the pre-bug Company Search universe"
Gabriele & Company,https://www.gabrieleandcompany.com,https://www.linkedin.com/company/gabriele-company,Boston,US,35,">=$1,000,000 (revenue.min filter, exact value not returned by Blitz company-search)",Staffing and Recruiting,,yes,"Sourced via Clay find-and-enrich-contacts-at-company (second source, independent of Blitz -- used after a confirmed Blitz company-resolution bug); company record cross-referenced from the pre-bug Company Search universe"
Gainor Staffing,https://www.gainor.net,https://www.linkedin.com/company/gainor-staffing,New York,US,86,">=$1,000,000 (revenue.min filter, exact value not returned by Blitz company-search)",Staffing and Recruiting,,yes,"Sourced via Clay find-and-enrich-contacts-at-company (second source, independent of Blitz -- used after a confirmed Blitz company-resolution bug); company record cross-referenced from the pre-bug Company Search universe"
Galactic,https://www.galactic-inc.com,https://www.linkedin.com/company/galacticpeo,Vestavia Hills,US,24,">=$1,000,000 (revenue.min filter, exact value not returned by Blitz company-search)",Human Resources Services,,yes,"Sourced via Clay find-and-enrich-contacts-at-company (second source, independent of Blitz -- used after a confirmed Blitz company-resolution bug); company record cross-referenced from the pre-bug Company Search universe"
Gateway Recruiting,https://gatewayrecruiting.com,https://www.linkedin.com/company/gateway-recruiting,New Braunfels,US,94,">=$1,000,000 (revenue.min filter, exact value not returned by Blitz company-search)",Staffing and Recruiting,,yes,"Sourced via Clay find-and-enrich-contacts-at-company (second source, independent of Blitz -- used after a confirmed Blitz company-resolution bug); company record cross-referenced from the pre-bug Company Search universe"
Gattaca,https://www.gattacaplc.com,https://www.linkedin.com/company/gattacaplc,Whiteley,GB,242,">=$1,000,000 (revenue.min filter, exact value not returned by Blitz company-search)",Staffing and Recruiting,,yes,"Sourced via Clay find-and-enrich-contacts-at-company (second source, independent of Blitz -- used after a confirmed Blitz company-resolution bug); company record cross-referenced from the pre-bug Company Search universe"
Gecko Hospitality (Corporate),https://www.geckohospitality.com,https://www.linkedin.com/company/gecko-hospitality,Fort Myers,US,305,">=$1,000,000 (revenue.min filter, exact value not returned by Blitz company-search)",Staffing and Recruiting,,yes,"Sourced via Clay find-and-enrich-contacts-at-company (second source, independent of Blitz -- used after a confirmed Blitz company-resolution bug); company record cross-referenced from the pre-bug Company Search universe"
General Employment Enterprises,https://www.generalemployment.com,https://www.linkedin.com/company/general-employment,Naperville,US,375,">=$1,000,000 (revenue.min filter, exact value not returned by Blitz company-search)",Staffing and Recruiting,,yes,"Sourced via Clay find-and-enrich-contacts-at-company (second source, independent of Blitz -- used after a confirmed Blitz company-resolution bug); company record cross-referenced from the pre-bug Company Search universe"
Genesis Industries,https://gen-ind.com,https://www.linkedin.com/company/genesis-industries,Richardson,US,17,">=$1,000,000 (revenue.min filter, exact value not returned by Blitz company-search)",Staffing and Recruiting,,yes,"Sourced via Clay find-and-enrich-contacts-at-company (second source, independent of Blitz -- used after a confirmed Blitz company-resolution bug); company record cross-referenced from the pre-bug Company Search universe"
GeoSearch,https://www.geosearch.com,https://www.linkedin.com/company/geosearch,Colorado Springs,US,34,">=$1,000,000 (revenue.min filter, exact value not returned by Blitz company-search)",Staffing and Recruiting,,yes,"Sourced via Clay find-and-enrich-contacts-at-company (second source, independent of Blitz -- used after a confirmed Blitz company-resolution bug); company record cross-referenced from the pre-bug Company Search universe"
GHR Healthcare,https://www.ghrhealthcare.com,https://www.linkedin.com/company/ghr-healthcare,Blue Bell,US,1524,">=$1,000,000 (revenue.min filter, exact value not returned by Blitz company-search)",Staffing and Recruiting,,yes,"Sourced via Clay find-and-enrich-contacts-at-company (second source, independent of Blitz -- used after a confirmed Blitz company-resolution bug); company record cross-referenced from the pre-bug Company Search universe"
Gi Group,https://www.gigroup.com,https://www.linkedin.com/company/gi-group,Milan,US,17958,">=$1,000,000 (revenue.min filter, exact value not returned by Blitz company-search)",Staffing and Recruiting,,yes,"Sourced via Clay find-and-enrich-contacts-at-company (second source, independent of Blitz -- used after a confirmed Blitz company-resolution bug); company record cross-referenced from the pre-bug Company Search universe"
Gibson Consultants,https://www.gibson-consultants.com,https://www.linkedin.com/company/gibson-consultants,Wilmington,US,17,">=$1,000,000 (revenue.min filter, exact value not returned by Blitz company-search)",Staffing and Recruiting,,yes,"Sourced via Clay find-and-enrich-contacts-at-company (second source, independent of Blitz -- used after a confirmed Blitz company-resolution bug); company record cross-referenced from the pre-bug Company Search universe"
Gibson Arnold & Associates,https://www.gibsonarnold.com,https://www.linkedin.com/company/gibsonarnold,Denver,US,31,">=$1,000,000 (revenue.min filter, exact value not returned by Blitz company-search)",Staffing and Recruiting,,yes,"Sourced via Clay find-and-enrich-contacts-at-company (second source, independent of Blitz -- used after a confirmed Blitz company-resolution bug); company record cross-referenced from the pre-bug Company Search universe"
"Global Investigative Services, Inc",https://www.gispi.com,https://www.linkedin.com/company/global-investigative-services-inc-,Gaithersburg,US,13,">=$1,000,000 (revenue.min filter, exact value not returned by Blitz company-search)",Human Resources Services,,yes,"Sourced via Clay find-and-enrich-contacts-at-company (second source, independent of Blitz -- used after a confirmed Blitz company-resolution bug); company record cross-referenced from the pre-bug Company Search universe"
Global Personnel Inc,https://www.globalpersonnelinc.com,https://www.linkedin.com/company/global-personnel,Midland,US,46,">=$1,000,000 (revenue.min filter, exact value not returned by Blitz company-search)",Staffing and Recruiting,,yes,"Sourced via Clay find-and-enrich-contacts-at-company (second source, independent of Blitz -- used after a confirmed Blitz company-resolution bug); company record cross-referenced from the pre-bug Company Search universe"
Global Recruiters Network,https://www.grncorp.com,https://www.linkedin.com/company/global-recruiters-network,Chicago,US,242,">=$1,000,000 (revenue.min filter, exact value not returned by Blitz company-search)",Staffing and Recruiting,,yes,"Sourced via Clay find-and-enrich-contacts-at-company (second source, independent of Blitz -- used after a confirmed Blitz company-resolution bug); company record cross-referenced from the pre-bug Company Search universe"
Global Recruiters Of West Palm Beach Grn,https://grnwestpalmbeach.com,https://www.linkedin.com/company/global-recruiters-of-west-palm-beach,Lake Worth,US,28,">=$1,000,000 (revenue.min filter, exact value not returned by Blitz company-search)",Staffing and Recruiting,,yes,"Sourced via Clay find-and-enrich-contacts-at-company (second source, independent of Blitz -- used after a confirmed Blitz company-resolution bug); company record cross-referenced from the pre-bug Company Search universe"
Global Resources Network,https://www.global-resources.co.uk,https://www.linkedin.com/company/globalresourcesnetwork,Dyce,GB,83,">=$1,000,000 (revenue.min filter, exact value not returned by Blitz company-search)",Staffing and Recruiting,,yes,"Sourced via Clay find-and-enrich-contacts-at-company (second source, independent of Blitz -- used after a confirmed Blitz company-resolution bug); company record cross-referenced from the pre-bug Company Search universe"
Glyde Consulting,https://glydeconsulting.com,https://www.linkedin.com/company/glydeconsulting,Atlanta,US,22,">=$1,000,000 (revenue.min filter, exact value not returned by Blitz company-search)",Human Resources Services,,yes,"Sourced via Clay find-and-enrich-contacts-at-company (second source, independent of Blitz -- used after a confirmed Blitz company-resolution bug); company record cross-referenced from the pre-bug Company Search universe"
"Go-Staff, Inc",https://www.go-staff.com,https://www.linkedin.com/company/go-staff-inc,San Diego,US,242,">=$1,000,000 (revenue.min filter, exact value not returned by Blitz company-search)",Staffing and Recruiting,,yes,"Sourced via Clay find-and-enrich-contacts-at-company (second source, independent of Blitz -- used after a confirmed Blitz company-resolution bug); company record cross-referenced from the pre-bug Company Search universe"
Goodwork Staffing A Divison Of Goodwill Industries,https://www.goodworkstaffing.com,https://www.linkedin.com/company/goodwork-staffing-a-divison-of-goodwill-industries,Charlotte,US,26,">=$1,000,000 (revenue.min filter, exact value not returned by Blitz company-search)",Staffing and Recruiting,,yes,"Sourced via Clay find-and-enrich-contacts-at-company (second source, independent of Blitz -- used after a confirmed Blitz company-resolution bug); company record cross-referenced from the pre-bug Company Search universe"
"GovDocs, Inc",https://www.govdocs.com,https://www.linkedin.com/company/govdocs-inc,Eagan,US,86,">=$1,000,000 (revenue.min filter, exact value not returned by Blitz company-search)",Human Resources Services,,yes,"Sourced via Clay find-and-enrich-contacts-at-company (second source, independent of Blitz -- used after a confirmed Blitz company-resolution bug); company record cross-referenced from the pre-bug Company Search universe"
Govig & Associates,https://www.govig.com,https://www.linkedin.com/company/govig-&-associates,Scottsdale,US,96,">=$1,000,000 (revenue.min filter, exact value not returned by Blitz company-search)",Staffing and Recruiting,,yes,"Sourced via Clay find-and-enrich-contacts-at-company (second source, independent of Blitz -- used after a confirmed Blitz company-resolution bug); company record cross-referenced from the pre-bug Company Search universe"
"Globalquest Staffing Solutions, Inc",https://www.gqstaffing.com,https://www.linkedin.com/company/gqstaffing,Williamsville,US,11,">=$1,000,000 (revenue.min filter, exact value not returned by Blitz company-search)",Staffing and Recruiting,,yes,"Sourced via Clay find-and-enrich-contacts-at-company (second source, independent of Blitz -- used after a confirmed Blitz company-resolution bug); company record cross-referenced from the pre-bug Company Search universe"
"Graebel Companies, Inc.",https://www.graebel.com,https://www.linkedin.com/company/graebel-companies,Aurora,US,1466,">=$1,000,000 (revenue.min filter, exact value not returned by Blitz company-search)",Human Resources Services,,yes,"Sourced via Clay find-and-enrich-contacts-at-company (second source, independent of Blitz -- used after a confirmed Blitz company-resolution bug); company record cross-referenced from the pre-bug Company Search universe"
"Grafton, Inc",https://www.graftoncompanies.com,https://www.linkedin.com/company/graftoncompanies-com,Overland Park,US,44,">=$1,000,000 (revenue.min filter, exact value not returned by Blitz company-search)",Staffing and Recruiting,,yes,"Sourced via Clay find-and-enrich-contacts-at-company (second source, independent of Blitz -- used after a confirmed Blitz company-resolution bug); company record cross-referenced from the pre-bug Company Search universe"
Greenstaff Medical USA,https://www.greenstaffmedical.com,https://www.linkedin.com/company/greenstaffus,Plano,US,235,">=$1,000,000 (revenue.min filter, exact value not returned by Blitz company-search)",Staffing and Recruiting,,yes,"Sourced via Clay find-and-enrich-contacts-at-company (second source, independent of Blitz -- used after a confirmed Blitz company-resolution bug); company record cross-referenced from the pre-bug Company Search universe"
"Group Management Services, Inc.",https://www.groupmgmt.com,https://www.linkedin.com/company/group-management-services-inc-,Richfield,US,539,">=$1,000,000 (revenue.min filter, exact value not returned by Blitz company-search)",Human Resources Services,,yes,"Sourced via Clay find-and-enrich-contacts-at-company (second source, independent of Blitz -- used after a confirmed Blitz company-resolution bug); company record cross-referenced from the pre-bug Company Search universe"
Groupe Insearch,https://insearchsf.com,https://www.linkedin.com/company/groupe-insearch,San Francisco,US,11,">=$1,000,000 (revenue.min filter, exact value not returned by Blitz company-search)",Staffing and Recruiting,,yes,"Sourced via Clay find-and-enrich-contacts-at-company (second source, independent of Blitz -- used after a confirmed Blitz company-resolution bug); company record cross-referenced from the pre-bug Company Search universe"
"Global Technology Associates, Ltd",https://gtaprofessionals.com,https://www.linkedin.com/company/gta-professional-staffing,Southfield,US,36,">=$1,000,000 (revenue.min filter, exact value not returned by Blitz company-search)",Staffing and Recruiting,,yes,"Sourced via Clay find-and-enrich-contacts-at-company (second source, independent of Blitz -- used after a confirmed Blitz company-resolution bug); company record cross-referenced from the pre-bug Company Search universe"
"H2r-Solutions, Llc",https://www.h2r-solutions.com,https://www.linkedin.com/company/h2r-solutions-llc,Austin,US,12,">=$1,000,000 (revenue.min filter, exact value not returned by Blitz company-search)",Human Resources Services,,yes,"Sourced via Clay find-and-enrich-contacts-at-company (second source, independent of Blitz -- used after a confirmed Blitz company-resolution bug); company record cross-referenced from the pre-bug Company Search universe"
Hadco Staffing Solutions,https://www.hadcolv.com,https://www.linkedin.com/company/hadco-staffing-solutions,Henderson,US,66,">=$1,000,000 (revenue.min filter, exact value not returned by Blitz company-search)",Staffing and Recruiting,,yes,"Sourced via Clay find-and-enrich-contacts-at-company (second source, independent of Blitz -- used after a confirmed Blitz company-resolution bug); company record cross-referenced from the pre-bug Company Search universe"
"The Hansen Group, Inc",https://hansengroupinc.com,https://www.linkedin.com/company/hansen-group,Jacksonville,US,18,">=$1,000,000 (revenue.min filter, exact value not returned by Blitz company-search)",Staffing and Recruiting,,yes,"Sourced via Clay find-and-enrich-contacts-at-company (second source, independent of Blitz -- used after a confirmed Blitz company-resolution bug); company record cross-referenced from the pre-bug Company Search universe"
"Hardesty, LLC",https://www.hardestyllc.com,https://www.linkedin.com/company/hardesty-llc,Irvine,US,61,">=$1,000,000 (revenue.min filter, exact value not returned by Blitz company-search)",Executive Search Services,,yes,"Sourced via Clay find-and-enrich-contacts-at-company (second source, independent of Blitz -- used after a confirmed Blitz company-resolution bug); company record cross-referenced from the pre-bug Company Search universe"
Harvard Group International,https://www.harvardsearch.com,https://www.linkedin.com/company/harvard-group-international,Marietta,US,34,">=$1,000,000 (revenue.min filter, exact value not returned by Blitz company-search)",Staffing and Recruiting,,yes,"Sourced via Clay find-and-enrich-contacts-at-company (second source, independent of Blitz -- used after a confirmed Blitz company-resolution bug); company record cross-referenced from the pre-bug Company Search universe"
Hatch Staffing Services,https://www.hatchstaff.com,https://www.linkedin.com/company/hatch-staffing-services,Milwaukee,US,75,">=$1,000,000 (revenue.min filter, exact value not returned by Blitz company-search)",Staffing and Recruiting,,yes,"Sourced via Clay find-and-enrich-contacts-at-company (second source, independent of Blitz -- used after a confirmed Blitz company-resolution bug); company record cross-referenced from the pre-bug Company Search universe"
Hawthorne Lane,https://www.hawthornelane.com,https://www.linkedin.com/company/hawthorne-lane,Washington,US,27,">=$1,000,000 (revenue.min filter, exact value not returned by Blitz company-search)",Staffing and Recruiting,,yes,"Sourced via Clay find-and-enrich-contacts-at-company (second source, independent of Blitz -- used after a confirmed Blitz company-resolution bug); company record cross-referenced from the pre-bug Company Search universe"
Heads Adriatic,https://headsadriatic.com,https://www.linkedin.com/company/headsadriatic,Belgrade,RS,102,">=$1,000,000 (revenue.min filter, exact value not returned by Blitz company-search)",Human Resources Services,,yes,"Sourced via Clay find-and-enrich-contacts-at-company (second source, independent of Blitz -- used after a confirmed Blitz company-resolution bug); company record cross-referenced from the pre-bug Company Search universe"
"Healthworks, Inc.",https://www.healthworksonline.com,https://www.linkedin.com/company/healthworks-inc.,Amity Township,US,62,">=$1,000,000 (revenue.min filter, exact value not returned by Blitz company-search)",Staffing and Recruiting,,yes,"Sourced via Clay find-and-enrich-contacts-at-company (second source, independent of Blitz -- used after a confirmed Blitz company-resolution bug); company record cross-referenced from the pre-bug Company Search universe"
"Helix Resources, Llc",https://helixresources.com,https://www.linkedin.com/company/helix-resources,Houma,US,20,">=$1,000,000 (revenue.min filter, exact value not returned by Blitz company-search)",Staffing and Recruiting,,yes,"Sourced via Clay find-and-enrich-contacts-at-company (second source, independent of Blitz -- used after a confirmed Blitz company-resolution bug); company record cross-referenced from the pre-bug Company Search universe"
HIRE Strategies,https://www.hire-strategies.com,https://www.linkedin.com/company/hire-strategies,Raleigh,US,35,">=$1,000,000 (revenue.min filter, exact value not returned by Blitz company-search)",Staffing and Recruiting,,yes,"Sourced via Clay find-and-enrich-contacts-at-company (second source, independent of Blitz -- used after a confirmed Blitz company-resolution bug); company record cross-referenced from the pre-bug Company Search universe"
Hirecall,https://hirecall.com,https://www.linkedin.com/company/hirecall,Tulsa,US,38,">=$1,000,000 (revenue.min filter, exact value not returned by Blitz company-search)",Staffing and Recruiting,,yes,"Sourced via Clay find-and-enrich-contacts-at-company (second source, independent of Blitz -- used after a confirmed Blitz company-resolution bug); company record cross-referenced from the pre-bug Company Search universe"
Hiregy,https://www.hiregy.com,https://www.linkedin.com/company/hiregy,Tampa,US,49,">=$1,000,000 (revenue.min filter, exact value not returned by Blitz company-search)",Staffing and Recruiting,,yes,"Sourced via Clay find-and-enrich-contacts-at-company (second source, independent of Blitz -- used after a confirmed Blitz company-resolution bug); company record cross-referenced from the pre-bug Company Search universe"
HireLevel.,https://www.hirelevel.com,https://www.linkedin.com/company/hirelevel-,Marion,US,290,">=$1,000,000 (revenue.min filter, exact value not returned by Blitz company-search)",Staffing and Recruiting,,yes,"Sourced via Clay find-and-enrich-contacts-at-company (second source, independent of Blitz -- used after a confirmed Blitz company-resolution bug); company record cross-referenced from the pre-bug Company Search universe"
Hire Level,https://www.hrlvl.com,https://www.linkedin.com/company/hireleveldallas,Dallas,US,27,">=$1,000,000 (revenue.min filter, exact value not returned by Blitz company-search)",Human Resources Services,,yes,"Sourced via Clay find-and-enrich-contacts-at-company (second source, independent of Blitz -- used after a confirmed Blitz company-resolution bug); company record cross-referenced from the pre-bug Company Search universe"
HireSparks AV Recruiting,https://www.hiresparks.com,https://www.linkedin.com/company/hiresparks-llc,Ocala,US,11,">=$1,000,000 (revenue.min filter, exact value not returned by Blitz company-search)",Staffing and Recruiting,,yes,"Sourced via Clay find-and-enrich-contacts-at-company (second source, independent of Blitz -- used after a confirmed Blitz company-resolution bug); company record cross-referenced from the pre-bug Company Search universe"
HKA Enterprises,https://www.hkaa.com,https://www.linkedin.com/company/hka_2,Duncan,US,595,">=$1,000,000 (revenue.min filter, exact value not returned by Blitz company-search)",Staffing and Recruiting,,yes,"Sourced via Clay find-and-enrich-contacts-at-company (second source, independent of Blitz -- used after a confirmed Blitz company-resolution bug); company record cross-referenced from the pre-bug Company Search universe"
Hobson Associates,https://www.hobsonassoc.com,https://www.linkedin.com/company/hobsonassociates,Plantsville,US,86,">=$1,000,000 (revenue.min filter, exact value not returned by Blitz company-search)",Staffing and Recruiting,,yes,"Sourced via Clay find-and-enrich-contacts-at-company (second source, independent of Blitz -- used after a confirmed Blitz company-resolution bug); company record cross-referenced from the pre-bug Company Search universe"
I. K. Hofmann GmbH,https://www.hofmann.info,https://www.linkedin.com/company/hofmannpersonal,Nurnberg,DE,633,">=$1,000,000 (revenue.min filter, exact value not returned by Blitz company-search)",Staffing and Recruiting,,yes,"Sourced via Clay find-and-enrich-contacts-at-company (second source, independent of Blitz -- used after a confirmed Blitz company-resolution bug); company record cross-referenced from the pre-bug Company Search universe"
Holden Richardson LLC,https://www.holdenrichardson.com,https://www.linkedin.com/company/holden-richardson,Chicago,US,14,">=$1,000,000 (revenue.min filter, exact value not returned by Blitz company-search)",Staffing and Recruiting,,yes,"Sourced via Clay find-and-enrich-contacts-at-company (second source, independent of Blitz -- used after a confirmed Blitz company-resolution bug); company record cross-referenced from the pre-bug Company Search universe"
Hospitality Staffing Solutions,https://www.hssstaffing.com,https://www.linkedin.com/company/hospitality-staffing-solutions,Atlanta,US,797,">=$1,000,000 (revenue.min filter, exact value not returned by Blitz company-search)",Staffing and Recruiting,,yes,"Sourced via Clay find-and-enrich-contacts-at-company (second source, independent of Blitz -- used after a confirmed Blitz company-resolution bug); company record cross-referenced from the pre-bug Company Search universe"
Workforce Solutions For The Heart Of Texas,https://www.hotworkforce.com,https://www.linkedin.com/company/hotworkforce,Waco,US,51,">=$1,000,000 (revenue.min filter, exact value not returned by Blitz company-search)",Staffing and Recruiting,,yes,"Sourced via Clay find-and-enrich-contacts-at-company (second source, independent of Blitz -- used after a confirmed Blitz company-resolution bug); company record cross-referenced from the pre-bug Company Search universe"
Hr&p Solutions,https://www.hrp.net,https://www.linkedin.com/company/hr&p-solutions,Houston,US,66,">=$1,000,000 (revenue.min filter, exact value not returned by Blitz company-search)",Human Resources Services,,yes,"Sourced via Clay find-and-enrich-contacts-at-company (second source, independent of Blitz -- used after a confirmed Blitz company-resolution bug); company record cross-referenced from the pre-bug Company Search universe"
"Hr Advantage Advisory Llc, Powered By Clark Hill Plc",https://www.hr-aa.com,https://www.linkedin.com/company/hr-aa,Detroit,US,13,">=$1,000,000 (revenue.min filter, exact value not returned by Blitz company-search)",Human Resources Services,,yes,"Sourced via Clay find-and-enrich-contacts-at-company (second source, independent of Blitz -- used after a confirmed Blitz company-resolution bug); company record cross-referenced from the pre-bug Company Search universe"
Hr Inspire Ltd,https://hrinspire.co.uk,https://www.linkedin.com/company/hr-inspire-resourcing,Tring,GB,32,">=$1,000,000 (revenue.min filter, exact value not returned by Blitz company-search)",Human Resources Services,,yes,"Sourced via Clay find-and-enrich-contacts-at-company (second source, independent of Blitz -- used after a confirmed Blitz company-resolution bug); company record cross-referenced from the pre-bug Company Search universe"
Hr Campus Ag,https://www.hr-campus.ch,https://www.linkedin.com/company/hrcampus,Dübendorf,CH,285,">=$1,000,000 (revenue.min filter, exact value not returned by Blitz company-search)",Human Resources Services,,yes,"Sourced via Clay find-and-enrich-contacts-at-company (second source, independent of Blitz -- used after a confirmed Blitz company-resolution bug); company record cross-referenced from the pre-bug Company Search universe"
Hrchitect,https://hrchitect.com,https://www.linkedin.com/company/hrchitect,Frisco,US,146,">=$1,000,000 (revenue.min filter, exact value not returned by Blitz company-search)",Human Resources Services,,yes,"Sourced via Clay find-and-enrich-contacts-at-company (second source, independent of Blitz -- used after a confirmed Blitz company-resolution bug); company record cross-referenced from the pre-bug Company Search universe"
Hr Collaborative,https://hrcollaborative.com,https://www.linkedin.com/company/hrcollaborative,Grand Rapids,US,54,">=$1,000,000 (revenue.min filter, exact value not returned by Blitz company-search)",Human Resources Services,,yes,"Sourced via Clay find-and-enrich-contacts-at-company (second source, independent of Blitz -- used after a confirmed Blitz company-resolution bug); company record cross-referenced from the pre-bug Company Search universe"
Hr Elements,https://www.hrelements.com,https://www.linkedin.com/company/hrelementsllc,Cincinnati,US,15,">=$1,000,000 (revenue.min filter, exact value not returned by Blitz company-search)",Human Resources Services,,yes,"Sourced via Clay find-and-enrich-contacts-at-company (second source, independent of Blitz -- used after a confirmed Blitz company-resolution bug); company record cross-referenced from the pre-bug Company Search universe"
HRU Technical Resources,https://www.hrutech.com,https://www.linkedin.com/company/hru-technical-resources,Lansing,US,95,">=$1,000,000 (revenue.min filter, exact value not returned by Blitz company-search)",Staffing and Recruiting,,yes,"Sourced via Clay find-and-enrich-contacts-at-company (second source, independent of Blitz -- used after a confirmed Blitz company-resolution bug); company record cross-referenced from the pre-bug Company Search universe"
Hrworks,https://www.hrworks.com,https://www.linkedin.com/company/hrworks,Atlanta,US,100,">=$1,000,000 (revenue.min filter, exact value not returned by Blitz company-search)",Staffing and Recruiting,,yes,"Sourced via Clay find-and-enrich-contacts-at-company (second source, independent of Blitz -- used after a confirmed Blitz company-resolution bug); company record cross-referenced from the pre-bug Company Search universe"
HTI,https://www.htijobs.com,https://www.linkedin.com/company/htijobs,Greenville,US,1001,">=$1,000,000 (revenue.min filter, exact value not returned by Blitz company-search)",Staffing and Recruiting,,yes,"Sourced via Clay find-and-enrich-contacts-at-company (second source, independent of Blitz -- used after a confirmed Blitz company-resolution bug); company record cross-referenced from the pre-bug Company Search universe"
Htss Inc,https://www.htss-inc.com,https://www.linkedin.com/company/htss-inc.,Emmaus,US,91,">=$1,000,000 (revenue.min filter, exact value not returned by Blitz company-search)",Staffing and Recruiting,,yes,"Sourced via Clay find-and-enrich-contacts-at-company (second source, independent of Blitz -- used after a confirmed Blitz company-resolution bug); company record cross-referenced from the pre-bug Company Search universe"
Hudson View Network Inc,https://www.hudsonviewnetwork.com,https://www.linkedin.com/company/hudson-view-network-inc-,Nyack,US,39,">=$1,000,000 (revenue.min filter, exact value not returned by Blitz company-search)",Staffing and Recruiting,,yes,"Sourced via Clay find-and-enrich-contacts-at-company (second source, independent of Blitz -- used after a confirmed Blitz company-resolution bug); company record cross-referenced from the pre-bug Company Search universe"
Hueman RPO,https://www.huemanrpo.com,https://www.linkedin.com/company/hueman-rpo,Jacksonville,US,200,">=$1,000,000 (revenue.min filter, exact value not returned by Blitz company-search)",Staffing and Recruiting,,yes,"Sourced via Clay find-and-enrich-contacts-at-company (second source, independent of Blitz -- used after a confirmed Blitz company-resolution bug); company record cross-referenced from the pre-bug Company Search universe"
Human Capital Concepts,https://www.hcchr.com,https://www.linkedin.com/company/human-capital-concepts,Indianapolis,US,23,">=$1,000,000 (revenue.min filter, exact value not returned by Blitz company-search)",Human Resources Services,,yes,"Sourced via Clay find-and-enrich-contacts-at-company (second source, independent of Blitz -- used after a confirmed Blitz company-resolution bug); company record cross-referenced from the pre-bug Company Search universe"
Human Edge,https://human-edge.com,https://www.linkedin.com/company/human-edge-ag,Basel,CH,30,">=$1,000,000 (revenue.min filter, exact value not returned by Blitz company-search)",Human Resources Services,,yes,"Sourced via Clay find-and-enrich-contacts-at-company (second source, independent of Blitz -- used after a confirmed Blitz company-resolution bug); company record cross-referenced from the pre-bug Company Search universe"
Hr Profile Inc. Employment Screening,https://www.hrprofile.com,https://www.linkedin.com/company/human-resource-profile,Cincinnati,US,22,">=$1,000,000 (revenue.min filter, exact value not returned by Blitz company-search)",Human Resources Services,,yes,"Sourced via Clay find-and-enrich-contacts-at-company (second source, independent of Blitz -- used after a confirmed Blitz company-resolution bug); company record cross-referenced from the pre-bug Company Search universe"
Humanix,https://www.humanix.com,https://www.linkedin.com/company/humanix,Spokane Valley,US,63,">=$1,000,000 (revenue.min filter, exact value not returned by Blitz company-search)",Staffing and Recruiting,,yes,"Sourced via Clay find-and-enrich-contacts-at-company (second source, independent of Blitz -- used after a confirmed Blitz company-resolution bug); company record cross-referenced from the pre-bug Company Search universe"
Humanworks Affiliates Inc,https://humanworksaffiliates.com,https://www.linkedin.com/company/humanworks-affiliates-inc,Allentown,US,20,">=$1,000,000 (revenue.min filter, exact value not returned by Blitz company-search)",Human Resources Services,,yes,"Sourced via Clay find-and-enrich-contacts-at-company (second source, independent of Blitz -- used after a confirmed Blitz company-resolution bug); company record cross-referenced from the pre-bug Company Search universe"
Hunt Club,https://www.huntclub.com,https://www.linkedin.com/company/huntclub,Chicago,US,230,">=$1,000,000 (revenue.min filter, exact value not returned by Blitz company-search)",Staffing and Recruiting,,yes,"Sourced via Clay find-and-enrich-contacts-at-company (second source, independent of Blitz -- used after a confirmed Blitz company-resolution bug); company record cross-referenced from the pre-bug Company Search universe"
Information Consulting Services,https://ics4.com,https://www.linkedin.com/company/ics4,Cherry Hill,US,18,">=$1,000,000 (revenue.min filter, exact value not returned by Blitz company-search)",Staffing and Recruiting,,yes,"Sourced via Clay find-and-enrich-contacts-at-company (second source, independent of Blitz -- used after a confirmed Blitz company-resolution bug); company record cross-referenced from the pre-bug Company Search universe"
Icsi,https://www.icsicad.com,https://www.linkedin.com/company/icsi-interactive-cad-services-inc.-,Broken Arrow,US,26,">=$1,000,000 (revenue.min filter, exact value not returned by Blitz company-search)",Staffing and Recruiting,,yes,"Sourced via Clay find-and-enrich-contacts-at-company (second source, independent of Blitz -- used after a confirmed Blitz company-resolution bug); company record cross-referenced from the pre-bug Company Search universe"
Idilus,https://www.idilus.com,https://www.linkedin.com/company/idilus-llc,Warrenville,US,20,">=$1,000,000 (revenue.min filter, exact value not returned by Blitz company-search)",Human Resources Services,,yes,"Sourced via Clay find-and-enrich-contacts-at-company (second source, independent of Blitz -- used after a confirmed Blitz company-resolution bug); company record cross-referenced from the pre-bug Company Search universe"
iiicareer | Interesse International Inc.,https://www.iiicareer.com,https://www.linkedin.com/company/iiicareer,Jersey City,US,46,">=$1,000,000 (revenue.min filter, exact value not returned by Blitz company-search)",Staffing and Recruiting,,yes,"Sourced via Clay find-and-enrich-contacts-at-company (second source, independent of Blitz -- used after a confirmed Blitz company-resolution bug); company record cross-referenced from the pre-bug Company Search universe"
Impactsearch Partners,https://www.impactsearchpartners.com,https://www.linkedin.com/company/impactsearch-partners,Atlanta,US,19,">=$1,000,000 (revenue.min filter, exact value not returned by Blitz company-search)",Staffing and Recruiting,,yes,"Sourced via Clay find-and-enrich-contacts-at-company (second source, independent of Blitz -- used after a confirmed Blitz company-resolution bug); company record cross-referenced from the pre-bug Company Search universe"
Inceed,https://www.inceed.com,https://www.linkedin.com/company/inceed,Tulsa,US,182,">=$1,000,000 (revenue.min filter, exact value not returned by Blitz company-search)",Staffing and Recruiting,,yes,"Sourced via Clay find-and-enrich-contacts-at-company (second source, independent of Blitz -- used after a confirmed Blitz company-resolution bug); company record cross-referenced from the pre-bug Company Search universe"
Inclusioninc,https://inclusion-inc.com,https://www.linkedin.com/company/inclusioninc,Minneapolis,US,22,">=$1,000,000 (revenue.min filter, exact value not returned by Blitz company-search)",Human Resources Services,,yes,"Sourced via Clay find-and-enrich-contacts-at-company (second source, independent of Blitz -- used after a confirmed Blitz company-resolution bug); company record cross-referenced from the pre-bug Company Search universe"
Indotronix Avani Group,https://www.iic.com,https://www.linkedin.com/company/indotronix-avani-group,Rochester,US,1014,">=$1,000,000 (revenue.min filter, exact value not returned by Blitz company-search)",Staffing and Recruiting,,yes,"Sourced via Clay find-and-enrich-contacts-at-company (second source, independent of Blitz -- used after a confirmed Blitz company-resolution bug); company record cross-referenced from the pre-bug Company Search universe"
"Infosoft, Inc.",https://www.infosoft-inc.com,https://www.linkedin.com/company/infosoft-inc.,Gilroy,US,239,">=$1,000,000 (revenue.min filter, exact value not returned by Blitz company-search)",Staffing and Recruiting,,yes,"Sourced via Clay find-and-enrich-contacts-at-company (second source, independent of Blitz -- used after a confirmed Blitz company-resolution bug); company record cross-referenced from the pre-bug Company Search universe"
Instinct Resourcing,https://www.instinct.co.uk,https://www.linkedin.com/company/instinct-resourcing,Manchester,GB,15,">=$1,000,000 (revenue.min filter, exact value not returned by Blitz company-search)",Staffing and Recruiting,,yes,"Sourced via Clay find-and-enrich-contacts-at-company (second source, independent of Blitz -- used after a confirmed Blitz company-resolution bug); company record cross-referenced from the pre-bug Company Search universe"
Insurance Relief,https://www.insurance-relief.com,https://www.linkedin.com/company/insurance-relief,Fresno,US,75,">=$1,000,000 (revenue.min filter, exact value not returned by Blitz company-search)",Staffing and Recruiting,,yes,"Sourced via Clay find-and-enrich-contacts-at-company (second source, independent of Blitz -- used after a confirmed Blitz company-resolution bug); company record cross-referenced from the pre-bug Company Search universe"
"Integrity Staffing Group, Inc",https://www.isg-staffing.com,https://www.linkedin.com/company/integrity-staffing-group-inc,Farmington Hills,US,16,">=$1,000,000 (revenue.min filter, exact value not returned by Blitz company-search)",Staffing and Recruiting,,yes,"Sourced via Clay find-and-enrich-contacts-at-company (second source, independent of Blitz -- used after a confirmed Blitz company-resolution bug); company record cross-referenced from the pre-bug Company Search universe"
Interlink Relocation Resources,https://www.interlinkrelocation.com,https://www.linkedin.com/company/interlinkrelocation,Roswell,US,25,">=$1,000,000 (revenue.min filter, exact value not returned by Blitz company-search)",Human Resources Services,,yes,"Sourced via Clay find-and-enrich-contacts-at-company (second source, independent of Blitz -- used after a confirmed Blitz company-resolution bug); company record cross-referenced from the pre-bug Company Search universe"
Iplace,https://iplaceusa.com,https://www.linkedin.com/company/iplace-usa,Mclean,US,786,">=$1,000,000 (revenue.min filter, exact value not returned by Blitz company-search)",Staffing and Recruiting,,yes,"Sourced via Clay find-and-enrich-contacts-at-company (second source, independent of Blitz -- used after a confirmed Blitz company-resolution bug); company record cross-referenced from the pre-bug Company Search universe"
Iqx,https://www.iqx.co.uk,https://www.linkedin.com/company/iqx-limited,,GB,28,">=$1,000,000 (revenue.min filter, exact value not returned by Blitz company-search)",Staffing and Recruiting,,yes,"Sourced via Clay find-and-enrich-contacts-at-company (second source, independent of Blitz -- used after a confirmed Blitz company-resolution bug); company record cross-referenced from the pre-bug Company Search universe"
"IT Accel, Inc.",https://www.itaccel.com,https://www.linkedin.com/company/it-accel-inc-,New York,US,17,">=$1,000,000 (revenue.min filter, exact value not returned by Blitz company-search)",Staffing and Recruiting,,yes,"Sourced via Clay find-and-enrich-contacts-at-company (second source, independent of Blitz -- used after a confirmed Blitz company-resolution bug); company record cross-referenced from the pre-bug Company Search universe"
"It Mantra, Llc",https://www.it-mantra.com,https://www.linkedin.com/company/it-mantra-llc,Wellesley,US,21,">=$1,000,000 (revenue.min filter, exact value not returned by Blitz company-search)",Staffing and Recruiting,,yes,"Sourced via Clay find-and-enrich-contacts-at-company (second source, independent of Blitz -- used after a confirmed Blitz company-resolution bug); company record cross-referenced from the pre-bug Company Search universe"
itsQuest Inc.,https://www.itsquest.com,https://www.linkedin.com/company/itsquest-inc.,Lubbock,US,77,">=$1,000,000 (revenue.min filter, exact value not returned by Blitz company-search)",Human Resources Services,,yes,"Sourced via Clay find-and-enrich-contacts-at-company (second source, independent of Blitz -- used after a confirmed Blitz company-resolution bug); company record cross-referenced from the pre-bug Company Search universe"
Ives & Associates,https://www.ivesearch.com,https://www.linkedin.com/company/ives-&-associates,Columbus,US,28,">=$1,000,000 (revenue.min filter, exact value not returned by Blitz company-search)",Staffing and Recruiting,,yes,"Sourced via Clay find-and-enrich-contacts-at-company (second source, independent of Blitz -- used after a confirmed Blitz company-resolution bug); company record cross-referenced from the pre-bug Company Search universe"
Ivory Systems,https://www.ivorysystems.com,https://www.linkedin.com/company/ivory-systems,Parsippany,US,33,">=$1,000,000 (revenue.min filter, exact value not returned by Blitz company-search)",Staffing and Recruiting,,yes,"Sourced via Clay find-and-enrich-contacts-at-company (second source, independent of Blitz -- used after a confirmed Blitz company-resolution bug); company record cross-referenced from the pre-bug Company Search universe"
iWorld Professionals,https://iworldprofessionals.com,https://www.linkedin.com/company/iworldprofessionals,Rochester,US,29,">=$1,000,000 (revenue.min filter, exact value not returned by Blitz company-search)",Staffing and Recruiting,,yes,"Sourced via Clay find-and-enrich-contacts-at-company (second source, independent of Blitz -- used after a confirmed Blitz company-resolution bug); company record cross-referenced from the pre-bug Company Search universe"
iziwork,https://www.iziwork.com,https://www.linkedin.com/company/iziwork,Paris,FR,732,">=$1,000,000 (revenue.min filter, exact value not returned by Blitz company-search)",Temporary Help Services,,yes,"Sourced via Clay find-and-enrich-contacts-at-company (second source, independent of Blitz -- used after a confirmed Blitz company-resolution bug); company record cross-referenced from the pre-bug Company Search universe"
Jackson Therapy Partners,https://www.jacksontherapy.com,https://www.linkedin.com/company/jackson-therapy-partners,Orlando,US,503,">=$1,000,000 (revenue.min filter, exact value not returned by Blitz company-search)",Staffing and Recruiting,,yes,"Sourced via Clay find-and-enrich-contacts-at-company (second source, independent of Blitz -- used after a confirmed Blitz company-resolution bug); company record cross-referenced from the pre-bug Company Search universe"
"JBN & Associates, LLC",https://www.jbnassociates.com,https://www.linkedin.com/company/jbn-&-associates-llc,Scottsdale,US,28,">=$1,000,000 (revenue.min filter, exact value not returned by Blitz company-search)",Staffing and Recruiting,,yes,"Sourced via Clay find-and-enrich-contacts-at-company (second source, independent of Blitz -- used after a confirmed Blitz company-resolution bug); company record cross-referenced from the pre-bug Company Search universe"
Jconnect Infotech Inc,https://www.jconnectinc.com,https://www.linkedin.com/company/jconnect-inc,Cherry Hill,US,154,">=$1,000,000 (revenue.min filter, exact value not returned by Blitz company-search)",Staffing and Recruiting,,yes,"Sourced via Clay find-and-enrich-contacts-at-company (second source, independent of Blitz -- used after a confirmed Blitz company-resolution bug); company record cross-referenced from the pre-bug Company Search universe"
"Jda Professional Services, Inc",https://www.jdapsi.com,https://www.linkedin.com/company/jda-professional-services,Houston,US,40,">=$1,000,000 (revenue.min filter, exact value not returned by Blitz company-search)",Staffing and Recruiting,,yes,"Sourced via Clay find-and-enrich-contacts-at-company (second source, independent of Blitz -- used after a confirmed Blitz company-resolution bug); company record cross-referenced from the pre-bug Company Search universe"
Jer Hr Group,https://www.jerhrgroup.com,https://www.linkedin.com/company/jer-hr-group,New York,US,55,">=$1,000,000 (revenue.min filter, exact value not returned by Blitz company-search)",Human Resources Services,,yes,"Sourced via Clay find-and-enrich-contacts-at-company (second source, independent of Blitz -- used after a confirmed Blitz company-resolution bug); company record cross-referenced from the pre-bug Company Search universe"
JMJ Phillip Group,https://jmjphillip.com,https://www.linkedin.com/company/jmj-phillip-group,Troy,US,223,">=$1,000,000 (revenue.min filter, exact value not returned by Blitz company-search)",Executive Search Services,,yes,"Sourced via Clay find-and-enrich-contacts-at-company (second source, independent of Blitz -- used after a confirmed Blitz company-resolution bug); company record cross-referenced from the pre-bug Company Search universe"
"Job Impulse, Inc.",https://www.job-impulse.us,https://www.linkedin.com/company/job-impulse-inc,Greenville,US,84,">=$1,000,000 (revenue.min filter, exact value not returned by Blitz company-search)",Human Resources Services,,yes,"Sourced via Clay find-and-enrich-contacts-at-company (second source, independent of Blitz -- used after a confirmed Blitz company-resolution bug); company record cross-referenced from the pre-bug Company Search universe"
Job Source Usa Inc,https://www.jobsourceusa.com,https://www.linkedin.com/company/job-source-usa,Omaha,US,66,">=$1,000,000 (revenue.min filter, exact value not returned by Blitz company-search)",Staffing and Recruiting,,yes,"Sourced via Clay find-and-enrich-contacts-at-company (second source, independent of Blitz -- used after a confirmed Blitz company-resolution bug); company record cross-referenced from the pre-bug Company Search universe"
Jps Selection Ltd,https://www.jps-selection.com,https://www.linkedin.com/company/jps-selection-ltd,Birmingham,GB,29,">=$1,000,000 (revenue.min filter, exact value not returned by Blitz company-search)",Staffing and Recruiting,,yes,"Sourced via Clay find-and-enrich-contacts-at-company (second source, independent of Blitz -- used after a confirmed Blitz company-resolution bug); company record cross-referenced from the pre-bug Company Search universe"
Junxion Med Staffing,https://www.junxionmedstaffing.com,https://www.linkedin.com/company/junxionmedstaffing,Austin,US,31,">=$1,000,000 (revenue.min filter, exact value not returned by Blitz company-search)",Staffing and Recruiting,,yes,"Sourced via Clay find-and-enrich-contacts-at-company (second source, independent of Blitz -- used after a confirmed Blitz company-resolution bug); company record cross-referenced from the pre-bug Company Search universe"
"Justifacts Credential Verification, Inc",https://www.justifacts.com,https://www.linkedin.com/company/justifacts-credential-verification-inc._3,Murrysville,US,109,">=$1,000,000 (revenue.min filter, exact value not returned by Blitz company-search)",Human Resources Services,,yes,"Sourced via Clay find-and-enrich-contacts-at-company (second source, independent of Blitz -- used after a confirmed Blitz company-resolution bug); company record cross-referenced from the pre-bug Company Search universe"
JVT Advisors,https://jvtadvisors.com,https://www.linkedin.com/company/jvt-advisors,Andover,US,162,">=$1,000,000 (revenue.min filter, exact value not returned by Blitz company-search)",Staffing and Recruiting,,yes,"Sourced via Clay find-and-enrich-contacts-at-company (second source, independent of Blitz -- used after a confirmed Blitz company-resolution bug); company record cross-referenced from the pre-bug Company Search universe"
"Ka Recruiting, Inc",https://www.ka-recruiting.com,https://www.linkedin.com/company/k.a.-recruiting-inc.,Boston,US,119,">=$1,000,000 (revenue.min filter, exact value not returned by Blitz company-search)",Staffing and Recruiting,,yes,"Sourced via Clay find-and-enrich-contacts-at-company (second source, independent of Blitz -- used after a confirmed Blitz company-resolution bug); company record cross-referenced from the pre-bug Company Search universe"
"Kca Firm, Llc",https://www.kcafirm.com,https://www.linkedin.com/company/kca-firm-llc,Atlanta,US,11,">=$1,000,000 (revenue.min filter, exact value not returned by Blitz company-search)",Staffing and Recruiting,,yes,"Sourced via Clay find-and-enrich-contacts-at-company (second source, independent of Blitz -- used after a confirmed Blitz company-resolution bug); company record cross-referenced from the pre-bug Company Search universe"
Key Staff Source,https://www.keystaffsource.com,https://www.linkedin.com/company/key-staff-source,Tuscaloosa,US,13,">=$1,000,000 (revenue.min filter, exact value not returned by Blitz company-search)",Staffing and Recruiting,,yes,"Sourced via Clay find-and-enrich-contacts-at-company (second source, independent of Blitz -- used after a confirmed Blitz company-resolution bug); company record cross-referenced from the pre-bug Company Search universe"
Kindred Partners,https://www.kindredpartners.com,https://www.linkedin.com/company/kindred-partners,Stamford,US,37,">=$1,000,000 (revenue.min filter, exact value not returned by Blitz company-search)",Staffing and Recruiting,,yes,"Sourced via Clay find-and-enrich-contacts-at-company (second source, independent of Blitz -- used after a confirmed Blitz company-resolution bug); company record cross-referenced from the pre-bug Company Search universe"
Kinetic Events Staffing,https://kineticevents.com,https://www.linkedin.com/company/kinetic-events-inc,San Francisco,US,194,">=$1,000,000 (revenue.min filter, exact value not returned by Blitz company-search)",Staffing and Recruiting,,yes,"Sourced via Clay find-and-enrich-contacts-at-company (second source, independent of Blitz -- used after a confirmed Blitz company-resolution bug); company record cross-referenced from the pre-bug Company Search universe"
"Kinetic Personnel Group, Inc",https://www.kineticpersonnelgroup.com,https://www.linkedin.com/company/kineticpersonnelgroup,Riverside,US,38,">=$1,000,000 (revenue.min filter, exact value not returned by Blitz company-search)",Staffing and Recruiting,,yes,"Sourced via Clay find-and-enrich-contacts-at-company (second source, independent of Blitz -- used after a confirmed Blitz company-resolution bug); company record cross-referenced from the pre-bug Company Search universe"
King & Bishop,https://www.kingbishop.com,https://www.linkedin.com/company/king-&-bishop,Norwood,US,49,">=$1,000,000 (revenue.min filter, exact value not returned by Blitz company-search)",Staffing and Recruiting,,yes,"Sourced via Clay find-and-enrich-contacts-at-company (second source, independent of Blitz -- used after a confirmed Blitz company-resolution bug); company record cross-referenced from the pre-bug Company Search universe"
Kla Industries Executive Search For Plastics & Packaging,https://www.klaindustries.com,https://www.linkedin.com/company/kla-industries,Cincinnati,US,22,">=$1,000,000 (revenue.min filter, exact value not returned by Blitz company-search)",Staffing and Recruiting,,yes,"Sourced via Clay find-and-enrich-contacts-at-company (second source, independent of Blitz -- used after a confirmed Blitz company-resolution bug); company record cross-referenced from the pre-bug Company Search universe"
Konvert,https://www.konvert.be/nl,https://www.linkedin.com/company/konverthr,Kortrijk,BE,493,">=$1,000,000 (revenue.min filter, exact value not returned by Blitz company-search)",Human Resources Services,,yes,"Sourced via Clay find-and-enrich-contacts-at-company (second source, independent of Blitz -- used after a confirmed Blitz company-resolution bug); company record cross-referenced from the pre-bug Company Search universe"
Kopplin Kuebler & Wallace,https://www.kkandw.com,https://www.linkedin.com/company/kopplin-kuebler-and-wallace,Scottsdale,US,46,">=$1,000,000 (revenue.min filter, exact value not returned by Blitz company-search)",Staffing and Recruiting,,yes,"Sourced via Clay find-and-enrich-contacts-at-company (second source, independent of Blitz -- used after a confirmed Blitz company-resolution bug); company record cross-referenced from the pre-bug Company Search universe"
Kpg Provider Services,https://www.kpgproviders.com,https://www.linkedin.com/company/kpg-provider-services,Las Vegas,US,50,">=$1,000,000 (revenue.min filter, exact value not returned by Blitz company-search)",Staffing and Recruiting,,yes,"Sourced via Clay find-and-enrich-contacts-at-company (second source, independent of Blitz -- used after a confirmed Blitz company-resolution bug); company record cross-referenced from the pre-bug Company Search universe"
L.J.Gonzer Associates,https://www.gonzer.com,https://www.linkedin.com/company/l.j.gonzer-associates,South Amboy,US,42,">=$1,000,000 (revenue.min filter, exact value not returned by Blitz company-search)",Staffing and Recruiting,,yes,"Sourced via Clay find-and-enrich-contacts-at-company (second source, independent of Blitz -- used after a confirmed Blitz company-resolution bug); company record cross-referenced from the pre-bug Company Search universe"
Labor On Site,https://laboronsite.com,https://www.linkedin.com/company/labor-on-site-corp,Lawrence,US,12,">=$1,000,000 (revenue.min filter, exact value not returned by Blitz company-search)",Staffing and Recruiting,,yes,"Sourced via Clay find-and-enrich-contacts-at-company (second source, independent of Blitz -- used after a confirmed Blitz company-resolution bug); company record cross-referenced from the pre-bug Company Search universe"
Lakeshore Talent,https://lakeshoretalent.com,https://www.linkedin.com/company/lakeshoretalent,Denver,US,31,">=$1,000,000 (revenue.min filter, exact value not returned by Blitz company-search)",Staffing and Recruiting,,yes,"Sourced via Clay find-and-enrich-contacts-at-company (second source, independent of Blitz -- used after a confirmed Blitz company-resolution bug); company record cross-referenced from the pre-bug Company Search universe"
LeadStack Inc.,https://www.leadstackinc.com,https://www.linkedin.com/company/leadstackinc,South San Francisco,US,78,">=$1,000,000 (revenue.min filter, exact value not returned by Blitz company-search)",Staffing and Recruiting,,yes,"Sourced via Clay find-and-enrich-contacts-at-company (second source, independent of Blitz -- used after a confirmed Blitz company-resolution bug); company record cross-referenced from the pre-bug Company Search universe"
"Legal Search Solutions, Inc.",https://www.toplawjobs.com,https://www.linkedin.com/company/legal-search-solutions-inc.,Boca Raton,US,31,">=$1,000,000 (revenue.min filter, exact value not returned by Blitz company-search)",Staffing and Recruiting,,yes,"Sourced via Clay find-and-enrich-contacts-at-company (second source, independent of Blitz -- used after a confirmed Blitz company-resolution bug); company record cross-referenced from the pre-bug Company Search universe"
Lewis James Professional,https://www.lewisjamesprofessional.com,https://www.linkedin.com/company/lewis-james-professional,Atlanta,US,25,">=$1,000,000 (revenue.min filter, exact value not returned by Blitz company-search)",Staffing and Recruiting,,yes,"Sourced via Clay find-and-enrich-contacts-at-company (second source, independent of Blitz -- used after a confirmed Blitz company-resolution bug); company record cross-referenced from the pre-bug Company Search universe"
"Lexx Healthcare, Llc",https://www.lexxhealth.com,https://www.linkedin.com/company/lexxus-healthcare,Coral Springs,US,58,">=$1,000,000 (revenue.min filter, exact value not returned by Blitz company-search)",Staffing and Recruiting,,yes,"Sourced via Clay find-and-enrich-contacts-at-company (second source, independent of Blitz -- used after a confirmed Blitz company-resolution bug); company record cross-referenced from the pre-bug Company Search universe"
ALKU,https://www.alku.com,https://www.linkedin.com/company/lifeatalku,Andover,US,1446,">=$1,000,000 (revenue.min filter, exact value not returned by Blitz company-search)",Staffing and Recruiting,,yes,"Sourced via Clay find-and-enrich-contacts-at-company (second source, independent of Blitz -- used after a confirmed Blitz company-resolution bug); company record cross-referenced from the pre-bug Company Search universe"
Little Ones Uk Ltd,https://www.littleoneslondon.co.uk,https://www.linkedin.com/company/little-ones,London,GB,230,">=$1,000,000 (revenue.min filter, exact value not returned by Blitz company-search)",Staffing and Recruiting,,yes,"Sourced via Clay find-and-enrich-contacts-at-company (second source, independent of Blitz -- used after a confirmed Blitz company-resolution bug); company record cross-referenced from the pre-bug Company Search universe"
London Approach,https://www.londonapproach.com,https://www.linkedin.com/company/londonapproach,Conshohocken,US,63,">=$1,000,000 (revenue.min filter, exact value not returned by Blitz company-search)",Staffing and Recruiting,,yes,"Sourced via Clay find-and-enrich-contacts-at-company (second source, independent of Blitz -- used after a confirmed Blitz company-resolution bug); company record cross-referenced from the pre-bug Company Search universe"
Long Ridge Partners,https://www.longridgepartners.com,https://www.linkedin.com/company/long-ridge-partners,New York,US,129,">=$1,000,000 (revenue.min filter, exact value not returned by Blitz company-search)",Staffing and Recruiting,,yes,"Sourced via Clay find-and-enrich-contacts-at-company (second source, independent of Blitz -- used after a confirmed Blitz company-resolution bug); company record cross-referenced from the pre-bug Company Search universe"
Lovett And Lovett Executive Search,https://www.lovettandlovett.com,https://www.linkedin.com/company/lovett-and-lovett-executive-search,Beavercreek,US,12,">=$1,000,000 (revenue.min filter, exact value not returned by Blitz company-search)",Executive Search Services,,yes,"Sourced via Clay find-and-enrich-contacts-at-company (second source, independent of Blitz -- used after a confirmed Blitz company-resolution bug); company record cross-referenced from the pre-bug Company Search universe"
Lunova Group,https://www.lunovagroup.com,https://www.linkedin.com/company/lunova-group,Moon Township,US,26,">=$1,000,000 (revenue.min filter, exact value not returned by Blitz company-search)",Staffing and Recruiting,,yes,"Sourced via Clay find-and-enrich-contacts-at-company (second source, independent of Blitz -- used after a confirmed Blitz company-resolution bug); company record cross-referenced from the pre-bug Company Search universe"
Lyle Health - Healthcare Recruitment Experts,https://www.lylestaffing.com,https://www.linkedin.com/company/lyle-health,Farmington,US,13,">=$1,000,000 (revenue.min filter, exact value not returned by Blitz company-search)",Staffing and Recruiting,,yes,"Sourced via Clay find-and-enrich-contacts-at-company (second source, independent of Blitz -- used after a confirmed Blitz company-resolution bug); company record cross-referenced from the pre-bug Company Search universe"
"Lynx, Inc",https://www.lynxinc.com,https://www.linkedin.com/company/lynx-inc,Waltham,US,17,">=$1,000,000 (revenue.min filter, exact value not returned by Blitz company-search)",Staffing and Recruiting,,yes,"Sourced via Clay find-and-enrich-contacts-at-company (second source, independent of Blitz -- used after a confirmed Blitz company-resolution bug); company record cross-referenced from the pre-bug Company Search universe"
"Madden Industrial Craftsmen, Inc",https://www.mici.com,https://www.linkedin.com/company/madden-industrial-craftsmen-inc-,Beaverton,US,190,">=$1,000,000 (revenue.min filter, exact value not returned by Blitz company-search)",Staffing and Recruiting,,yes,"Sourced via Clay find-and-enrich-contacts-at-company (second source, independent of Blitz -- used after a confirmed Blitz company-resolution bug); company record cross-referenced from the pre-bug Company Search universe"
Madi,https://www.madicorp.com,https://www.linkedin.com/company/madi,Needham Heights,US,175,">=$1,000,000 (revenue.min filter, exact value not returned by Blitz company-search)",Staffing and Recruiting,,yes,"Sourced via Clay find-and-enrich-contacts-at-company (second source, independent of Blitz -- used after a confirmed Blitz company-resolution bug); company record cross-referenced from the pre-bug Company Search universe"
"Magnitude 7 Metals, Llc",https://www.magnitude7metals.com,https://www.linkedin.com/company/magnitude-7-metals-llc,Marston,US,110,">=$1,000,000 (revenue.min filter, exact value not returned by Blitz company-search)",Staffing and Recruiting,,yes,"Sourced via Clay find-and-enrich-contacts-at-company (second source, independent of Blitz -- used after a confirmed Blitz company-resolution bug); company record cross-referenced from the pre-bug Company Search universe"
Maitland Selwyn Recruitment,https://www.maitlandselwyn.co.uk,https://www.linkedin.com/company/maitland-selwyn,Bromsgrove,GB,98,">=$1,000,000 (revenue.min filter, exact value not returned by Blitz company-search)",Staffing and Recruiting,,yes,"Sourced via Clay find-and-enrich-contacts-at-company (second source, independent of Blitz -- used after a confirmed Blitz company-resolution bug); company record cross-referenced from the pre-bug Company Search universe"
"Management Resource Group, Ltd",https://www.mrgpeople.com,https://www.linkedin.com/company/management-resource-group-ltd-,Davenport,US,15,">=$1,000,000 (revenue.min filter, exact value not returned by Blitz company-search)",Human Resources Services,,yes,"Sourced via Clay find-and-enrich-contacts-at-company (second source, independent of Blitz -- used after a confirmed Blitz company-resolution bug); company record cross-referenced from the pre-bug Company Search universe"
Mancan,https://www.mancan.com,https://www.linkedin.com/company/mancan,Canton,US,441,">=$1,000,000 (revenue.min filter, exact value not returned by Blitz company-search)",Staffing and Recruiting,,yes,"Sourced via Clay find-and-enrich-contacts-at-company (second source, independent of Blitz -- used after a confirmed Blitz company-resolution bug); company record cross-referenced from the pre-bug Company Search universe"
Manners Maclean,https://mannersmaclean.com,https://www.linkedin.com/company/manners-maclean,London,GB,22,">=$1,000,000 (revenue.min filter, exact value not returned by Blitz company-search)",Staffing and Recruiting,,yes,"Sourced via Clay find-and-enrich-contacts-at-company (second source, independent of Blitz -- used after a confirmed Blitz company-resolution bug); company record cross-referenced from the pre-bug Company Search universe"
Marquee Staffing,https://www.marqueestaffing.com,https://www.linkedin.com/company/marquee-staffing,Irvine,US,82,">=$1,000,000 (revenue.min filter, exact value not returned by Blitz company-search)",Staffing and Recruiting,,yes,"Sourced via Clay find-and-enrich-contacts-at-company (second source, independent of Blitz -- used after a confirmed Blitz company-resolution bug); company record cross-referenced from the pre-bug Company Search universe"
"Mason Group, Inc",https://www.masongroup.net,https://www.linkedin.com/company/mason-group,Agoura Hills,US,69,">=$1,000,000 (revenue.min filter, exact value not returned by Blitz company-search)",Staffing and Recruiting,,yes,"Sourced via Clay find-and-enrich-contacts-at-company (second source, independent of Blitz -- used after a confirmed Blitz company-resolution bug); company record cross-referenced from the pre-bug Company Search universe"
"Material And Contract Services, Inc. Macs",https://www.macservices.us,https://www.linkedin.com/company/material-and-contract-services,Newark,US,55,">=$1,000,000 (revenue.min filter, exact value not returned by Blitz company-search)",Staffing and Recruiting,,yes,"Sourced via Clay find-and-enrich-contacts-at-company (second source, independent of Blitz -- used after a confirmed Blitz company-resolution bug); company record cross-referenced from the pre-bug Company Search universe"
Matrixonesource,https://www.matrixonesource.com,https://www.linkedin.com/company/matrixonesource,Jacksonville,US,26,">=$1,000,000 (revenue.min filter, exact value not returned by Blitz company-search)",Human Resources Services,,yes,"Sourced via Clay find-and-enrich-contacts-at-company (second source, independent of Blitz -- used after a confirmed Blitz company-resolution bug); company record cross-referenced from the pre-bug Company Search universe"
MAU Workforce Solutions,https://www.mau.com,https://www.linkedin.com/company/mau,Augusta,US,2045,">=$1,000,000 (revenue.min filter, exact value not returned by Blitz company-search)",Staffing and Recruiting,,yes,"Sourced via Clay find-and-enrich-contacts-at-company (second source, independent of Blitz -- used after a confirmed Blitz company-resolution bug); company record cross-referenced from the pre-bug Company Search universe"
MDI Group,https://www.mdigroup.com,https://www.linkedin.com/company/mdi,Atlanta,US,533,">=$1,000,000 (revenue.min filter, exact value not returned by Blitz company-search)",Staffing and Recruiting,,yes,"Sourced via Clay find-and-enrich-contacts-at-company (second source, independent of Blitz -- used after a confirmed Blitz company-resolution bug); company record cross-referenced from the pre-bug Company Search universe"
Media Riders Inc.,https://www.mediariders.com,https://www.linkedin.com/company/media-riders-inc-,Pearland,US,108,">=$1,000,000 (revenue.min filter, exact value not returned by Blitz company-search)",Staffing and Recruiting,,yes,"Sourced via Clay find-and-enrich-contacts-at-company (second source, independent of Blitz -- used after a confirmed Blitz company-resolution bug); company record cross-referenced from the pre-bug Company Search universe"
Medical Solutions,https://www.medicalsolutions.com,https://www.linkedin.com/company/medical-solutions,Omaha,US,8120,">=$1,000,000 (revenue.min filter, exact value not returned by Blitz company-search)",Staffing and Recruiting,,yes,"Sourced via Clay find-and-enrich-contacts-at-company (second source, independent of Blitz -- used after a confirmed Blitz company-resolution bug); company record cross-referenced from the pre-bug Company Search universe"
"Medical Staffing Solutions, Llc",https://mssmedicalstaffing.com,https://www.linkedin.com/company/medical-staffing-solutions-llc,Evansville,US,267,">=$1,000,000 (revenue.min filter, exact value not returned by Blitz company-search)",Staffing and Recruiting,,yes,"Sourced via Clay find-and-enrich-contacts-at-company (second source, independent of Blitz -- used after a confirmed Blitz company-resolution bug); company record cross-referenced from the pre-bug Company Search universe"
Medicus Healthcare Solutions,https://medicushcs.com,https://www.linkedin.com/company/medicus-healthcare-solutions,Windham,US,590,">=$1,000,000 (revenue.min filter, exact value not returned by Blitz company-search)",Staffing and Recruiting,,yes,"Sourced via Clay find-and-enrich-contacts-at-company (second source, independent of Blitz -- used after a confirmed Blitz company-resolution bug); company record cross-referenced from the pre-bug Company Search universe"
MedPro Healthcare Staffing,https://www.medprostaffing.com,https://www.linkedin.com/company/medpro-staffing,Fort Lauderdale,US,928,">=$1,000,000 (revenue.min filter, exact value not returned by Blitz company-search)",Staffing and Recruiting,,yes,"Sourced via Clay find-and-enrich-contacts-at-company (second source, independent of Blitz -- used after a confirmed Blitz company-resolution bug); company record cross-referenced from the pre-bug Company Search universe"
"The Mega Force Staffing Group, Inc",https://www.megaforce.com,https://www.linkedin.com/company/megaforce-staffing-group,Fayetteville,US,183,">=$1,000,000 (revenue.min filter, exact value not returned by Blitz company-search)",Staffing and Recruiting,,yes,"Sourced via Clay find-and-enrich-contacts-at-company (second source, independent of Blitz -- used after a confirmed Blitz company-resolution bug); company record cross-referenced from the pre-bug Company Search universe"
Mep Jobs,https://www.mepjobs.com,https://www.linkedin.com/company/mep-jobs,Des Moines,US,1012,">=$1,000,000 (revenue.min filter, exact value not returned by Blitz company-search)",Staffing and Recruiting,,yes,"Sourced via Clay find-and-enrich-contacts-at-company (second source, independent of Blitz -- used after a confirmed Blitz company-resolution bug); company record cross-referenced from the pre-bug Company Search universe"
Mid-Cumberland Human Resource Agency,https://www.mchra.com,https://www.linkedin.com/company/mid-cumberland-human-resource-agency,Nashville,US,55,">=$1,000,000 (revenue.min filter, exact value not returned by Blitz company-search)",Human Resources Services,,yes,"Sourced via Clay find-and-enrich-contacts-at-company (second source, independent of Blitz -- used after a confirmed Blitz company-resolution bug); company record cross-referenced from the pre-bug Company Search universe"
MEA - MidAtlantic Employers’ Association,https://www.meainfo.org,https://www.linkedin.com/company/midatlantic-employers-association,King Of Prussia,US,48,">=$1,000,000 (revenue.min filter, exact value not returned by Blitz company-search)",Human Resources Services,,yes,"Sourced via Clay find-and-enrich-contacts-at-company (second source, independent of Blitz -- used after a confirmed Blitz company-resolution bug); company record cross-referenced from the pre-bug Company Search universe"
Milk Stork,https://www.milkstork.com,https://www.linkedin.com/company/milkstork,Palo Alto,US,53,">=$1,000,000 (revenue.min filter, exact value not returned by Blitz company-search)",Human Resources Services,,yes,"Sourced via Clay find-and-enrich-contacts-at-company (second source, independent of Blitz -- used after a confirmed Blitz company-resolution bug); company record cross-referenced from the pre-bug Company Search universe"
Misura Group,https://misuragroup.com,https://www.linkedin.com/company/misuragroup,Hudson,US,14,">=$1,000,000 (revenue.min filter, exact value not returned by Blitz company-search)",Staffing and Recruiting,,yes,"Sourced via Clay find-and-enrich-contacts-at-company (second source, independent of Blitz -- used after a confirmed Blitz company-resolution bug); company record cross-referenced from the pre-bug Company Search universe"
Mitaja Corporation,https://www.mitajacorp.com,https://www.linkedin.com/company/mitaja-corporation,Fulton,US,49,">=$1,000,000 (revenue.min filter, exact value not returned by Blitz company-search)",Staffing and Recruiting,,yes,"Sourced via Clay find-and-enrich-contacts-at-company (second source, independent of Blitz -- used after a confirmed Blitz company-resolution bug); company record cross-referenced from the pre-bug Company Search universe"
"Mj Care, Inc",https://www.mjcare.com,https://www.linkedin.com/company/mjcareinc,West Allis,US,165,">=$1,000,000 (revenue.min filter, exact value not returned by Blitz company-search)",Staffing and Recruiting,,yes,"Sourced via Clay find-and-enrich-contacts-at-company (second source, independent of Blitz -- used after a confirmed Blitz company-resolution bug); company record cross-referenced from the pre-bug Company Search universe"
Mjs,https://www.mjs.nl,https://www.linkedin.com/company/mjs,Kv,NL,525,">=$1,000,000 (revenue.min filter, exact value not returned by Blitz company-search)",Staffing and Recruiting,,yes,"Sourced via Clay find-and-enrich-contacts-at-company (second source, independent of Blitz -- used after a confirmed Blitz company-resolution bug); company record cross-referenced from the pre-bug Company Search universe"
MLC Partners,https://www.mlcpartners.co.uk,https://www.linkedin.com/company/mlc-partners-ltd,Victoria,GB,29,">=$1,000,000 (revenue.min filter, exact value not returned by Blitz company-search)",Staffing and Recruiting,,yes,"Sourced via Clay find-and-enrich-contacts-at-company (second source, independent of Blitz -- used after a confirmed Blitz company-resolution bug); company record cross-referenced from the pre-bug Company Search universe"
MMC Group LP,https://www.mmcgrp.com,https://www.linkedin.com/company/mmc-group-lp,Irving,US,588,">=$1,000,000 (revenue.min filter, exact value not returned by Blitz company-search)",Staffing and Recruiting,,yes,"Sourced via Clay find-and-enrich-contacts-at-company (second source, independent of Blitz -- used after a confirmed Blitz company-resolution bug); company record cross-referenced from the pre-bug Company Search universe"
MMP Consultancy Limited,https://www.mmpconsultancy.co.uk,https://www.linkedin.com/company/mmpconsultancy,Harlow,GB,75,">=$1,000,000 (revenue.min filter, exact value not returned by Blitz company-search)",Staffing and Recruiting,,yes,"Sourced via Clay find-and-enrich-contacts-at-company (second source, independent of Blitz -- used after a confirmed Blitz company-resolution bug); company record cross-referenced from the pre-bug Company Search universe"
Morgan Benjamin Search Group,https://morganbenjamingroup.com,https://www.linkedin.com/company/morganbenjamingroup,Houston,US,12,">=$1,000,000 (revenue.min filter, exact value not returned by Blitz company-search)",Staffing and Recruiting,,yes,"Sourced via Clay find-and-enrich-contacts-at-company (second source, independent of Blitz -- used after a confirmed Blitz company-resolution bug); company record cross-referenced from the pre-bug Company Search universe"
Morningside,https://www.morningsideservices.com,https://www.linkedin.com/company/morningsideservices,Olympia,US,92,">=$1,000,000 (revenue.min filter, exact value not returned by Blitz company-search)",Staffing and Recruiting,,yes,"Sourced via Clay find-and-enrich-contacts-at-company (second source, independent of Blitz -- used after a confirmed Blitz company-resolution bug); company record cross-referenced from the pre-bug Company Search universe"
Morris & Berger,https://www.morrisberger.com,https://www.linkedin.com/company/morris-&-berger,Pasadena,US,10,">=$1,000,000 (revenue.min filter, exact value not returned by Blitz company-search)",Staffing and Recruiting,,yes,"Sourced via Clay find-and-enrich-contacts-at-company (second source, independent of Blitz -- used after a confirmed Blitz company-resolution bug); company record cross-referenced from the pre-bug Company Search universe"
Motion Recruitment Partners Llc,https://motionrp.com,https://www.linkedin.com/company/motion-recruitment-partners-llc,Boston,US,1643,">=$1,000,000 (revenue.min filter, exact value not returned by Blitz company-search)",Staffing and Recruiting,,yes,"Sourced via Clay find-and-enrich-contacts-at-company (second source, independent of Blitz -- used after a confirmed Blitz company-resolution bug); company record cross-referenced from the pre-bug Company Search universe"
Ms-Il Staffing & Packaging,https://www.ms-il.com,https://www.linkedin.com/company/ms-il,Indianapolis,US,203,">=$1,000,000 (revenue.min filter, exact value not returned by Blitz company-search)",Staffing and Recruiting,,yes,"Sourced via Clay find-and-enrich-contacts-at-company (second source, independent of Blitz -- used after a confirmed Blitz company-resolution bug); company record cross-referenced from the pre-bug Company Search universe"
Msi Recruitment,https://www.msirecruitment.com,https://www.linkedin.com/company/msi-staffing-ltd,Silsoe,GB,46,">=$1,000,000 (revenue.min filter, exact value not returned by Blitz company-search)",Staffing and Recruiting,,yes,"Sourced via Clay find-and-enrich-contacts-at-company (second source, independent of Blitz -- used after a confirmed Blitz company-resolution bug); company record cross-referenced from the pre-bug Company Search universe"
Mtx Therapy Services,https://www.mtxtherapy.com,https://www.linkedin.com/company/mtx-therapy-services,Tampa,US,20,">=$1,000,000 (revenue.min filter, exact value not returned by Blitz company-search)",Staffing and Recruiting,,yes,"Sourced via Clay find-and-enrich-contacts-at-company (second source, independent of Blitz -- used after a confirmed Blitz company-resolution bug); company record cross-referenced from the pre-bug Company Search universe"
Museum Hack,https://museumhack.com,https://www.linkedin.com/company/museum-hack,New York,US,11,">=$1,000,000 (revenue.min filter, exact value not returned by Blitz company-search)",Human Resources Services,,yes,"Sourced via Clay find-and-enrich-contacts-at-company (second source, independent of Blitz -- used after a confirmed Blitz company-resolution bug); company record cross-referenced from the pre-bug Company Search universe"
Myinterview,https://www.myinterview.com,https://www.linkedin.com/company/myinterview,New York,US,24,">=$1,000,000 (revenue.min filter, exact value not returned by Blitz company-search)",Human Resources Services,,yes,"Sourced via Clay find-and-enrich-contacts-at-company (second source, independent of Blitz -- used after a confirmed Blitz company-resolution bug); company record cross-referenced from the pre-bug Company Search universe"
"MZN Management Group, LLC",https://mznmanagement.com,https://www.linkedin.com/company/mzn-management-group-llc,Northfield,US,17,">=$1,000,000 (revenue.min filter, exact value not returned by Blitz company-search)",Staffing and Recruiting,,yes,"Sourced via Clay find-and-enrich-contacts-at-company (second source, independent of Blitz -- used after a confirmed Blitz company-resolution bug); company record cross-referenced from the pre-bug Company Search universe"
Nace Partners,https://www.nacepartners.com,https://www.linkedin.com/company/nace-partners,Rye,US,15,">=$1,000,000 (revenue.min filter, exact value not returned by Blitz company-search)",Staffing and Recruiting,,yes,"Sourced via Clay find-and-enrich-contacts-at-company (second source, independent of Blitz -- used after a confirmed Blitz company-resolution bug); company record cross-referenced from the pre-bug Company Search universe"
"Nationwide Auto Services, Inc",https://www.nwautoservices.com,https://www.linkedin.com/company/nationwideautoservices,Carrollton,US,51,">=$1,000,000 (revenue.min filter, exact value not returned by Blitz company-search)",Staffing and Recruiting,,yes,"Sourced via Clay find-and-enrich-contacts-at-company (second source, independent of Blitz -- used after a confirmed Blitz company-resolution bug); company record cross-referenced from the pre-bug Company Search universe"
Navitrust,https://www.navitrust.com,https://www.linkedin.com/company/navitrust,Salt Lake City,US,14,">=$1,000,000 (revenue.min filter, exact value not returned by Blitz company-search)",Staffing and Recruiting,,yes,"Sourced via Clay find-and-enrich-contacts-at-company (second source, independent of Blitz -- used after a confirmed Blitz company-resolution bug); company record cross-referenced from the pre-bug Company Search universe"
neteffects,https://www.neteffects.com,https://www.linkedin.com/company/neteffects,Chesterfield,US,90,">=$1,000,000 (revenue.min filter, exact value not returned by Blitz company-search)",Staffing and Recruiting,,yes,"Sourced via Clay find-and-enrich-contacts-at-company (second source, independent of Blitz -- used after a confirmed Blitz company-resolution bug); company record cross-referenced from the pre-bug Company Search universe"
Newhouse Noblin Llc,https://www.nnlegalsearch.com,https://www.linkedin.com/company/newhouse-noblin-llc,Dallas,US,13,">=$1,000,000 (revenue.min filter, exact value not returned by Blitz company-search)",Staffing and Recruiting,,yes,"Sourced via Clay find-and-enrich-contacts-at-company (second source, independent of Blitz -- used after a confirmed Blitz company-resolution bug); company record cross-referenced from the pre-bug Company Search universe"
The Newport Group - Executive Recruiters,https://www.newportsearch.com,https://www.linkedin.com/company/newport-strategic-search,Encinitas,US,43,">=$1,000,000 (revenue.min filter, exact value not returned by Blitz company-search)",Staffing and Recruiting,,yes,"Sourced via Clay find-and-enrich-contacts-at-company (second source, independent of Blitz -- used after a confirmed Blitz company-resolution bug); company record cross-referenced from the pre-bug Company Search universe"
New Talent,https://www.mynewtalent.com,https://www.linkedin.com/company/newtalent,Charleston,US,20,">=$1,000,000 (revenue.min filter, exact value not returned by Blitz company-search)",Staffing and Recruiting,,yes,"Sourced via Clay find-and-enrich-contacts-at-company (second source, independent of Blitz -- used after a confirmed Blitz company-resolution bug); company record cross-referenced from the pre-bug Company Search universe"
Nicholas Associates Group,https://www.nicholasassociatesgroup.co.uk,https://www.linkedin.com/company/nicholas-associates-group,Sheffield,GB,556,">=$1,000,000 (revenue.min filter, exact value not returned by Blitz company-search)",Staffing and Recruiting,,yes,"Sourced via Clay find-and-enrich-contacts-at-company (second source, independent of Blitz -- used after a confirmed Blitz company-resolution bug); company record cross-referenced from the pre-bug Company Search universe"
Nielsen Associates,https://www.nielsenstaffing.com,https://www.linkedin.com/company/nielsen-associates,Port Jefferson,US,41,">=$1,000,000 (revenue.min filter, exact value not returned by Blitz company-search)",Staffing and Recruiting,,yes,"Sourced via Clay find-and-enrich-contacts-at-company (second source, independent of Blitz -- used after a confirmed Blitz company-resolution bug); company record cross-referenced from the pre-bug Company Search universe"
Nightingale Nurses,https://www.nightingalenurses.net,https://www.linkedin.com/company/nightingale-nurses,Boca Raton,US,383,">=$1,000,000 (revenue.min filter, exact value not returned by Blitz company-search)",Staffing and Recruiting,,yes,"Sourced via Clay find-and-enrich-contacts-at-company (second source, independent of Blitz -- used after a confirmed Blitz company-resolution bug); company record cross-referenced from the pre-bug Company Search universe"
Niyaa People,https://www.niyaapeople.co.uk,https://www.linkedin.com/company/niyaa-people,Birmingham,GB,62,">=$1,000,000 (revenue.min filter, exact value not returned by Blitz company-search)",Staffing and Recruiting,,yes,"Sourced via Clay find-and-enrich-contacts-at-company (second source, independent of Blitz -- used after a confirmed Blitz company-resolution bug); company record cross-referenced from the pre-bug Company Search universe"
Noor Inc,https://www.noorinc.com,https://www.linkedin.com/company/noor-inc,New York,US,44,">=$1,000,000 (revenue.min filter, exact value not returned by Blitz company-search)",Staffing and Recruiting,,yes,"Sourced via Clay find-and-enrich-contacts-at-company (second source, independent of Blitz -- used after a confirmed Blitz company-resolution bug); company record cross-referenced from the pre-bug Company Search universe"
Nori Hr And Employment Law,https://www.norihr.co.uk,https://www.linkedin.com/company/norihrlaw,Accrington,GB,30,">=$1,000,000 (revenue.min filter, exact value not returned by Blitz company-search)",Human Resources Services,,yes,"Sourced via Clay find-and-enrich-contacts-at-company (second source, independent of Blitz -- used after a confirmed Blitz company-resolution bug); company record cross-referenced from the pre-bug Company Search universe"
Nowjobs,https://nowjobs.be,https://www.linkedin.com/company/nowjobs,Sint-Denijs-Westrem,BE,167,">=$1,000,000 (revenue.min filter, exact value not returned by Blitz company-search)",Staffing and Recruiting,,yes,"Sourced via Clay find-and-enrich-contacts-at-company (second source, independent of Blitz -- used after a confirmed Blitz company-resolution bug); company record cross-referenced from the pre-bug Company Search universe"
Nationwide Therapy Group,https://www.nationwidetherapygroup.com,https://www.linkedin.com/company/ntgstaffing,Margate,US,77,">=$1,000,000 (revenue.min filter, exact value not returned by Blitz company-search)",Human Resources Services,,yes,"Sourced via Clay find-and-enrich-contacts-at-company (second source, independent of Blitz -- used after a confirmed Blitz company-resolution bug); company record cross-referenced from the pre-bug Company Search universe"
Nueva Solutions Inc,https://www.nuevainc.com,https://www.linkedin.com/company/nueva-solutions-inc-,New York City,US,32,">=$1,000,000 (revenue.min filter, exact value not returned by Blitz company-search)",Staffing and Recruiting,,yes,"Sourced via Clay find-and-enrich-contacts-at-company (second source, independent of Blitz -- used after a confirmed Blitz company-resolution bug); company record cross-referenced from the pre-bug Company Search universe"
NuLogic Business Solutions,https://www.nulosolutions.com,https://www.linkedin.com/company/nulogic-business-solutions,Boca Raton,US,27,">=$1,000,000 (revenue.min filter, exact value not returned by Blitz company-search)",Staffing and Recruiting,,yes,"Sourced via Clay find-and-enrich-contacts-at-company (second source, independent of Blitz -- used after a confirmed Blitz company-resolution bug); company record cross-referenced from the pre-bug Company Search universe"
Nurse Staffing,https://nursestaffing.net,https://www.linkedin.com/company/nurse-staffing,Winter Park,US,2281,">=$1,000,000 (revenue.min filter, exact value not returned by Blitz company-search)",Staffing and Recruiting,,yes,"Sourced via Clay find-and-enrich-contacts-at-company (second source, independent of Blitz -- used after a confirmed Blitz company-resolution bug); company record cross-referenced from the pre-bug Company Search universe"
Nurses First Solutions,https://nursesfirstsolutions.com,https://www.linkedin.com/company/nurses-first-staffing-llc,Orlando,US,34,">=$1,000,000 (revenue.min filter, exact value not returned by Blitz company-search)",Staffing and Recruiting,,yes,"Sourced via Clay find-and-enrich-contacts-at-company (second source, independent of Blitz -- used after a confirmed Blitz company-resolution bug); company record cross-referenced from the pre-bug Company Search universe"
"Nursing Care Services, Inc",https://www.nursingcareservices.com,https://www.linkedin.com/company/nursing-care-services-inc,Lansdale,US,1766,">=$1,000,000 (revenue.min filter, exact value not returned by Blitz company-search)",Staffing and Recruiting,,yes,"Sourced via Clay find-and-enrich-contacts-at-company (second source, independent of Blitz -- used after a confirmed Blitz company-resolution bug); company record cross-referenced from the pre-bug Company Search universe"
Oakwood Search,https://oakwoodsearch.com,https://www.linkedin.com/company/oakwood-search-consultants,Denver,US,13,">=$1,000,000 (revenue.min filter, exact value not returned by Blitz company-search)",Staffing and Recruiting,,yes,"Sourced via Clay find-and-enrich-contacts-at-company (second source, independent of Blitz -- used after a confirmed Blitz company-resolution bug); company record cross-referenced from the pre-bug Company Search universe"
Odgers Interim,https://www.odgersinterim.com,https://www.linkedin.com/company/odgers-interim,London,GB,54,">=$1,000,000 (revenue.min filter, exact value not returned by Blitz company-search)",Staffing and Recruiting,,yes,"Sourced via Clay find-and-enrich-contacts-at-company (second source, independent of Blitz -- used after a confirmed Blitz company-resolution bug); company record cross-referenced from the pre-bug Company Search universe"
OmniForce Solutions,https://www.omniforcesolutions.com,https://www.linkedin.com/company/omniforce-solutions,Houston,US,22,">=$1,000,000 (revenue.min filter, exact value not returned by Blitz company-search)",Staffing and Recruiting,,yes,"Sourced via Clay find-and-enrich-contacts-at-company (second source, independent of Blitz -- used after a confirmed Blitz company-resolution bug); company record cross-referenced from the pre-bug Company Search universe"
Allied Health Group,https://www.alliedhealthgroup.com,https://www.linkedin.com/company/on-assignment-healthcare-staffing,Boca Raton,US,418,">=$1,000,000 (revenue.min filter, exact value not returned by Blitz company-search)",Staffing and Recruiting,,yes,"Sourced via Clay find-and-enrich-contacts-at-company (second source, independent of Blitz -- used after a confirmed Blitz company-resolution bug); company record cross-referenced from the pre-bug Company Search universe"
Ongig,https://www.ongig.com,https://www.linkedin.com/company/ongig,Oakland,US,14,">=$1,000,000 (revenue.min filter, exact value not returned by Blitz company-search)",Staffing and Recruiting,,yes,"Sourced via Clay find-and-enrich-contacts-at-company (second source, independent of Blitz -- used after a confirmed Blitz company-resolution bug); company record cross-referenced from the pre-bug Company Search universe"
Opa Staffing,https://opastaffing.com,https://www.linkedin.com/company/opa-staffing,Roswell,US,45,">=$1,000,000 (revenue.min filter, exact value not returned by Blitz company-search)",Staffing and Recruiting,,yes,"Sourced via Clay find-and-enrich-contacts-at-company (second source, independent of Blitz -- used after a confirmed Blitz company-resolution bug); company record cross-referenced from the pre-bug Company Search universe"
Openwork,https://www.openwork.com,https://www.linkedin.com/company/openwork-jobs,Austin,US,162,">=$1,000,000 (revenue.min filter, exact value not returned by Blitz company-search)",Staffing and Recruiting,,yes,"Sourced via Clay find-and-enrich-contacts-at-company (second source, independent of Blitz -- used after a confirmed Blitz company-resolution bug); company record cross-referenced from the pre-bug Company Search universe"
Orchestratehr,https://www.orchestratehr.com,https://www.linkedin.com/company/orchestrate-hr,Dallas,US,204,">=$1,000,000 (revenue.min filter, exact value not returned by Blitz company-search)",Human Resources Services,,yes,"Sourced via Clay find-and-enrich-contacts-at-company (second source, independent of Blitz -- used after a confirmed Blitz company-resolution bug); company record cross-referenced from the pre-bug Company Search universe"
Overture Partners,https://www.overturepartners.com,https://www.linkedin.com/company/overture-partners,Needham,US,46,">=$1,000,000 (revenue.min filter, exact value not returned by Blitz company-search)",Staffing and Recruiting,,yes,"Sourced via Clay find-and-enrich-contacts-at-company (second source, independent of Blitz -- used after a confirmed Blitz company-resolution bug); company record cross-referenced from the pre-bug Company Search universe"
Oxford Solutions,https://www.oxfordsolutionsinc.com,https://www.linkedin.com/company/oxford-solutions,Pittsburgh,US,139,">=$1,000,000 (revenue.min filter, exact value not returned by Blitz company-search)",Staffing and Recruiting,,yes,"Sourced via Clay find-and-enrich-contacts-at-company (second source, independent of Blitz -- used after a confirmed Blitz company-resolution bug); company record cross-referenced from the pre-bug Company Search universe"
Pa Careerlink Lehigh Valley,https://www.careerlinklehighvalley.org,https://www.linkedin.com/company/pa-careerlink-lehigh-valley,Allentown,US,38,">=$1,000,000 (revenue.min filter, exact value not returned by Blitz company-search)",Human Resources Services,,yes,"Sourced via Clay find-and-enrich-contacts-at-company (second source, independent of Blitz -- used after a confirmed Blitz company-resolution bug); company record cross-referenced from the pre-bug Company Search universe"
Palmer Group,https://www.thepalmergroup.com,https://www.linkedin.com/company/palmer-group,West Des Moines,US,262,">=$1,000,000 (revenue.min filter, exact value not returned by Blitz company-search)",Staffing and Recruiting,,yes,"Sourced via Clay find-and-enrich-contacts-at-company (second source, independent of Blitz -- used after a confirmed Blitz company-resolution bug); company record cross-referenced from the pre-bug Company Search universe"
Palo Alto Staffing,https://www.paloaltostaffing.com,https://www.linkedin.com/company/paloaltostaffing,Palo Alto,US,26,">=$1,000,000 (revenue.min filter, exact value not returned by Blitz company-search)",Staffing and Recruiting,,yes,"Sourced via Clay find-and-enrich-contacts-at-company (second source, independent of Blitz -- used after a confirmed Blitz company-resolution bug); company record cross-referenced from the pre-bug Company Search universe"
Parker Executive Search,https://www.parkersearch.com,https://www.linkedin.com/company/parker-executive-search,Atlanta,US,16,">=$1,000,000 (revenue.min filter, exact value not returned by Blitz company-search)",Staffing and Recruiting,,yes,"Sourced via Clay find-and-enrich-contacts-at-company (second source, independent of Blitz -- used after a confirmed Blitz company-resolution bug); company record cross-referenced from the pre-bug Company Search universe"
Parker Remick,https://www.parkerremick.com,https://www.linkedin.com/company/parker-remick,Seattle,US,31,">=$1,000,000 (revenue.min filter, exact value not returned by Blitz company-search)",Staffing and Recruiting,,yes,"Sourced via Clay find-and-enrich-contacts-at-company (second source, independent of Blitz -- used after a confirmed Blitz company-resolution bug); company record cross-referenced from the pre-bug Company Search universe"
Patrice and Associates Franchising LLC,https://www.patriceandassociates.com,https://www.linkedin.com/company/patrice-and-associates-franchising-llc,Scottsdale,US,278,">=$1,000,000 (revenue.min filter, exact value not returned by Blitz company-search)",Staffing and Recruiting,,yes,"Sourced via Clay find-and-enrich-contacts-at-company (second source, independent of Blitz -- used after a confirmed Blitz company-resolution bug); company record cross-referenced from the pre-bug Company Search universe"
Paul Bridges Group,https://paulbridges.com,https://www.linkedin.com/company/paul-bridges---group,Sugar Land,US,43,">=$1,000,000 (revenue.min filter, exact value not returned by Blitz company-search)",Staffing and Recruiting,,yes,"Sourced via Clay find-and-enrich-contacts-at-company (second source, independent of Blitz -- used after a confirmed Blitz company-resolution bug); company record cross-referenced from the pre-bug Company Search universe"
Pay Plus Benefits Inc,https://www.payplusbenefits.com,https://www.linkedin.com/company/pay-plus-benefits,Kennewick,US,19,">=$1,000,000 (revenue.min filter, exact value not returned by Blitz company-search)",Human Resources Services,,yes,"Sourced via Clay find-and-enrich-contacts-at-company (second source, independent of Blitz -- used after a confirmed Blitz company-resolution bug); company record cross-referenced from the pre-bug Company Search universe"
"Paydayz Staffing Solutions, Inc",https://paydayzstaffing.com,https://www.linkedin.com/company/paydayz-staffing-solutions-inc,Olathe,US,63,">=$1,000,000 (revenue.min filter, exact value not returned by Blitz company-search)",Staffing and Recruiting,,yes,"Sourced via Clay find-and-enrich-contacts-at-company (second source, independent of Blitz -- used after a confirmed Blitz company-resolution bug); company record cross-referenced from the pre-bug Company Search universe"
"Payroll Dynamics, Inc",https://www.payrolldynamics.com,https://www.linkedin.com/company/payroll-dynamics-inc,Hauppauge,US,11,">=$1,000,000 (revenue.min filter, exact value not returned by Blitz company-search)",Human Resources Services,,yes,"Sourced via Clay find-and-enrich-contacts-at-company (second source, independent of Blitz -- used after a confirmed Blitz company-resolution bug); company record cross-referenced from the pre-bug Company Search universe"
Peaple Talent,https://www.peapletalent.com,https://www.linkedin.com/company/peaple-talent,,GB,40,">=$1,000,000 (revenue.min filter, exact value not returned by Blitz company-search)",Staffing and Recruiting,,yes,"Sourced via Clay find-and-enrich-contacts-at-company (second source, independent of Blitz -- used after a confirmed Blitz company-resolution bug); company record cross-referenced from the pre-bug Company Search universe"
Pedul,https://www.pedul.com,https://www.linkedin.com/company/pedul,Newark,US,10,">=$1,000,000 (revenue.min filter, exact value not returned by Blitz company-search)",Human Resources Services,,yes,"Sourced via Clay find-and-enrich-contacts-at-company (second source, independent of Blitz -- used after a confirmed Blitz company-resolution bug); company record cross-referenced from the pre-bug Company Search universe"
People Element,https://www.peopleelement.com,https://www.linkedin.com/company/peopleelement,Denver,US,42,">=$1,000,000 (revenue.min filter, exact value not returned by Blitz company-search)",Human Resources Services,,yes,"Sourced via Clay find-and-enrich-contacts-at-company (second source, independent of Blitz -- used after a confirmed Blitz company-resolution bug); company record cross-referenced from the pre-bug Company Search universe"
Personnel Services,https://www.psstaffing.com,https://www.linkedin.com/company/personnel-services,Wichita Falls,US,67,">=$1,000,000 (revenue.min filter, exact value not returned by Blitz company-search)",Staffing and Recruiting,,yes,"Sourced via Clay find-and-enrich-contacts-at-company (second source, independent of Blitz -- used after a confirmed Blitz company-resolution bug); company record cross-referenced from the pre-bug Company Search universe"
Pharma Point,https://www.pharmapoint.it,https://www.linkedin.com/company/pharma-point-s-r-l-,Milan,IT,86,">=$1,000,000 (revenue.min filter, exact value not returned by Blitz company-search)",Human Resources Services,,yes,"Sourced via Clay find-and-enrich-contacts-at-company (second source, independent of Blitz -- used after a confirmed Blitz company-resolution bug); company record cross-referenced from the pre-bug Company Search universe"
Phoenixx Systems,https://www.psystems.us,https://www.linkedin.com/company/phoenixxsystems,Mckinney,US,15,">=$1,000,000 (revenue.min filter, exact value not returned by Blitz company-search)",Staffing and Recruiting,,yes,"Sourced via Clay find-and-enrich-contacts-at-company (second source, independent of Blitz -- used after a confirmed Blitz company-resolution bug); company record cross-referenced from the pre-bug Company Search universe"
Physician Assistant Solutions,https://www.physicianassistantsolutions.com,https://www.linkedin.com/company/physician-assistant-solutions,Charter Township Of Clinton,US,13,">=$1,000,000 (revenue.min filter, exact value not returned by Blitz company-search)",Staffing and Recruiting,,yes,"Sourced via Clay find-and-enrich-contacts-at-company (second source, independent of Blitz -- used after a confirmed Blitz company-resolution bug); company record cross-referenced from the pre-bug Company Search universe"
Pivotal London,https://www.pivotallondon.co.uk,https://www.linkedin.com/company/pivotal-london,London,GB,25,">=$1,000,000 (revenue.min filter, exact value not returned by Blitz company-search)",Staffing and Recruiting,,yes,"Sourced via Clay find-and-enrich-contacts-at-company (second source, independent of Blitz -- used after a confirmed Blitz company-resolution bug); company record cross-referenced from the pre-bug Company Search universe"
Planet Pharma,https://www.planet-pharma.com,https://www.linkedin.com/company/planet-pharma,Raleigh,US,1905,">=$1,000,000 (revenue.min filter, exact value not returned by Blitz company-search)",Staffing and Recruiting,,yes,"Sourced via Clay find-and-enrich-contacts-at-company (second source, independent of Blitz -- used after a confirmed Blitz company-resolution bug); company record cross-referenced from the pre-bug Company Search universe"
Platinum Resource Group,https://www.platinumresourcegroup.com,https://www.linkedin.com/company/platinum-resource-group,Irvine,US,25,">=$1,000,000 (revenue.min filter, exact value not returned by Blitz company-search)",Staffing and Recruiting,,yes,"Sourced via Clay find-and-enrich-contacts-at-company (second source, independent of Blitz -- used after a confirmed Blitz company-resolution bug); company record cross-referenced from the pre-bug Company Search universe"
Prairie Consulting Services,https://www.prairieinc.com,https://www.linkedin.com/company/prairie-consulting-services,Naperville,US,43,">=$1,000,000 (revenue.min filter, exact value not returned by Blitz company-search)",Staffing and Recruiting,,yes,"Sourced via Clay find-and-enrich-contacts-at-company (second source, independent of Blitz -- used after a confirmed Blitz company-resolution bug); company record cross-referenced from the pre-bug Company Search universe"
Precision Personnel Llc,https://www.precisionjobs.net,https://www.linkedin.com/company/precision-personnel-llc,Plymouth Meeting,US,12,">=$1,000,000 (revenue.min filter, exact value not returned by Blitz company-search)",Staffing and Recruiting,,yes,"Sourced via Clay find-and-enrich-contacts-at-company (second source, independent of Blitz -- used after a confirmed Blitz company-resolution bug); company record cross-referenced from the pre-bug Company Search universe"
Premier Executive Recruiting,https://www.premierexecutiverecruiting.com,https://www.linkedin.com/company/premier-executive-recruiting,Sherman Oaks,US,11,">=$1,000,000 (revenue.min filter, exact value not returned by Blitz company-search)",Staffing and Recruiting,,yes,"Sourced via Clay find-and-enrich-contacts-at-company (second source, independent of Blitz -- used after a confirmed Blitz company-resolution bug); company record cross-referenced from the pre-bug Company Search universe"
Primary Talent Partners,https://www.primarytalentpartners.com,https://www.linkedin.com/company/primary-talent-partners,Charlotte,US,65,">=$1,000,000 (revenue.min filter, exact value not returned by Blitz company-search)",Staffing and Recruiting,,yes,"Sourced via Clay find-and-enrich-contacts-at-company (second source, independent of Blitz -- used after a confirmed Blitz company-resolution bug); company record cross-referenced from the pre-bug Company Search universe"
Principal People,https://www.principalpeople.co.uk,https://www.linkedin.com/company/principal-people,Farnborough,GB,30,">=$1,000,000 (revenue.min filter, exact value not returned by Blitz company-search)",Staffing and Recruiting,,yes,"Sourced via Clay find-and-enrich-contacts-at-company (second source, independent of Blitz -- used after a confirmed Blitz company-resolution bug); company record cross-referenced from the pre-bug Company Search universe"
PRO Resources,https://www.proresourceshr.com,https://www.linkedin.com/company/pro-resources,Detroit Lakes,US,134,">=$1,000,000 (revenue.min filter, exact value not returned by Blitz company-search)",Human Resources Services,,yes,"Sourced via Clay find-and-enrich-contacts-at-company (second source, independent of Blitz -- used after a confirmed Blitz company-resolution bug); company record cross-referenced from the pre-bug Company Search universe"
Procare HR,https://procarehr.com,https://www.linkedin.com/company/procarehr,Minneapolis,US,209,">=$1,000,000 (revenue.min filter, exact value not returned by Blitz company-search)",Human Resources Services,,yes,"Sourced via Clay find-and-enrich-contacts-at-company (second source, independent of Blitz -- used after a confirmed Blitz company-resolution bug); company record cross-referenced from the pre-bug Company Search universe"
Procession Systems,https://processionsystems.com,https://www.linkedin.com/company/procession-systems,Reston,US,31,">=$1,000,000 (revenue.min filter, exact value not returned by Blitz company-search)",Staffing and Recruiting,,yes,"Sourced via Clay find-and-enrich-contacts-at-company (second source, independent of Blitz -- used after a confirmed Blitz company-resolution bug); company record cross-referenced from the pre-bug Company Search universe"
Professional Nursing Solutions,https://www.pnsnc.com,https://www.linkedin.com/company/professional-nursing-solutions-llc,Raleigh,US,24,">=$1,000,000 (revenue.min filter, exact value not returned by Blitz company-search)",Staffing and Recruiting,,yes,"Sourced via Clay find-and-enrich-contacts-at-company (second source, independent of Blitz -- used after a confirmed Blitz company-resolution bug); company record cross-referenced from the pre-bug Company Search universe"
Professional Staffing Solutions,https://www.prostaffingsolutions.com,https://www.linkedin.com/company/professional-staffing-solutions,Golden,US,22,">=$1,000,000 (revenue.min filter, exact value not returned by Blitz company-search)",Staffing and Recruiting,,yes,"Sourced via Clay find-and-enrich-contacts-at-company (second source, independent of Blitz -- used after a confirmed Blitz company-resolution bug); company record cross-referenced from the pre-bug Company Search universe"
PSD Group,https://www.psdgroup.com,https://www.linkedin.com/company/psd-group,London,GB,76,">=$1,000,000 (revenue.min filter, exact value not returned by Blitz company-search)",Staffing and Recruiting,,yes,"Sourced via Clay find-and-enrich-contacts-at-company (second source, independent of Blitz -- used after a confirmed Blitz company-resolution bug); company record cross-referenced from the pre-bug Company Search universe"
PTS Advance,https://ptsadvance.com,https://www.linkedin.com/company/pts-advance,Tustin,US,716,">=$1,000,000 (revenue.min filter, exact value not returned by Blitz company-search)",Staffing and Recruiting,,yes,"Sourced via Clay find-and-enrich-contacts-at-company (second source, independent of Blitz -- used after a confirmed Blitz company-resolution bug); company record cross-referenced from the pre-bug Company Search universe"
Pvr Technologies Inc,https://pvrtech.com,https://www.linkedin.com/company/pvr-technology-inc,Philadelphia,US,45,">=$1,000,000 (revenue.min filter, exact value not returned by Blitz company-search)",Staffing and Recruiting,,yes,"Sourced via Clay find-and-enrich-contacts-at-company (second source, independent of Blitz -- used after a confirmed Blitz company-resolution bug); company record cross-referenced from the pre-bug Company Search universe"
"Quality Business Solutions, Inc",https://www.qualitybsolutions.net,https://www.linkedin.com/company/quality-business-solutions-inc-,Travelers Rest,US,16,">=$1,000,000 (revenue.min filter, exact value not returned by Blitz company-search)",Human Resources Services,,yes,"Sourced via Clay find-and-enrich-contacts-at-company (second source, independent of Blitz -- used after a confirmed Blitz company-resolution bug); company record cross-referenced from the pre-bug Company Search universe"
Quantum Recruiters Inc,https://www.quantumrecruiters.net,https://www.linkedin.com/company/quantum-recruiters-inc,Eugene,US,22,">=$1,000,000 (revenue.min filter, exact value not returned by Blitz company-search)",Staffing and Recruiting,,yes,"Sourced via Clay find-and-enrich-contacts-at-company (second source, independent of Blitz -- used after a confirmed Blitz company-resolution bug); company record cross-referenced from the pre-bug Company Search universe"
Questco Companies,https://questco.net,https://www.linkedin.com/company/questco-companies,The Woodlands,US,285,">=$1,000,000 (revenue.min filter, exact value not returned by Blitz company-search)",Human Resources Services,,yes,"Sourced via Clay find-and-enrich-contacts-at-company (second source, independent of Blitz -- used after a confirmed Blitz company-resolution bug); company record cross-referenced from the pre-bug Company Search universe"
R&p Group,https://www.randpgroup.com,https://www.linkedin.com/company/r&p-group,Sioux Falls,US,12,">=$1,000,000 (revenue.min filter, exact value not returned by Blitz company-search)",Staffing and Recruiting,,yes,"Sourced via Clay find-and-enrich-contacts-at-company (second source, independent of Blitz -- used after a confirmed Blitz company-resolution bug); company record cross-referenced from the pre-bug Company Search universe"
Randstad Nederland,https://www.randstad.nl,https://www.linkedin.com/company/randstad-nederland,Diemen,NL,914,">=$1,000,000 (revenue.min filter, exact value not returned by Blitz company-search)",Human Resources Services,,yes,"Sourced via Clay find-and-enrich-contacts-at-company (second source, independent of Blitz -- used after a confirmed Blitz company-resolution bug); company record cross-referenced from the pre-bug Company Search universe"
Rapid Personnel,https://rapid-personnel.co.uk,https://www.linkedin.com/company/rapid-personnel-limited,Reading,GB,49,">=$1,000,000 (revenue.min filter, exact value not returned by Blitz company-search)",Staffing and Recruiting,,yes,"Sourced via Clay find-and-enrich-contacts-at-company (second source, independent of Blitz -- used after a confirmed Blitz company-resolution bug); company record cross-referenced from the pre-bug Company Search universe"
Raven51 Ag,https://raven51.de,https://www.linkedin.com/company/raven51,Karlsruhe,DE,170,">=$1,000,000 (revenue.min filter, exact value not returned by Blitz company-search)",Staffing and Recruiting,,yes,"Sourced via Clay find-and-enrich-contacts-at-company (second source, independent of Blitz -- used after a confirmed Blitz company-resolution bug); company record cross-referenced from the pre-bug Company Search universe"
"Razzino Associates, Inc",https://www.razzinoassociates.com,https://www.linkedin.com/company/razzino-associates,Westwood,US,10,">=$1,000,000 (revenue.min filter, exact value not returned by Blitz company-search)",Staffing and Recruiting,,yes,"Sourced via Clay find-and-enrich-contacts-at-company (second source, independent of Blitz -- used after a confirmed Blitz company-resolution bug); company record cross-referenced from the pre-bug Company Search universe"
"Reaching-Out Community Services, Inc",https://www.rcsprograms.org,https://www.linkedin.com/company/reaching-out-community-services,Brooklyn,US,12,">=$1,000,000 (revenue.min filter, exact value not returned by Blitz company-search)",Human Resources Services,,yes,"Sourced via Clay find-and-enrich-contacts-at-company (second source, independent of Blitz -- used after a confirmed Blitz company-resolution bug); company record cross-referenced from the pre-bug Company Search universe"
Real8 Group,https://www.real8group.com,https://www.linkedin.com/company/real8-group-llc,,US,18,">=$1,000,000 (revenue.min filter, exact value not returned by Blitz company-search)",Staffing and Recruiting,,yes,"Sourced via Clay find-and-enrich-contacts-at-company (second source, independent of Blitz -- used after a confirmed Blitz company-resolution bug); company record cross-referenced from the pre-bug Company Search universe"
Recruitful,https://www.recruitful.com,https://www.linkedin.com/company/recruitful,Fort Lauderdale,US,15,">=$1,000,000 (revenue.min filter, exact value not returned by Blitz company-search)",Staffing and Recruiting,,yes,"Sourced via Clay find-and-enrich-contacts-at-company (second source, independent of Blitz -- used after a confirmed Blitz company-resolution bug); company record cross-referenced from the pre-bug Company Search universe"
Recruiting Connection,https://www.recruitingconnection.org,https://www.linkedin.com/company/recruiting-connection,Salt Lake City,US,28,">=$1,000,000 (revenue.min filter, exact value not returned by Blitz company-search)",Staffing and Recruiting,,yes,"Sourced via Clay find-and-enrich-contacts-at-company (second source, independent of Blitz -- used after a confirmed Blitz company-resolution bug); company record cross-referenced from the pre-bug Company Search universe"
"Recruit Up, LLC",https://www.recruit-up.com,https://www.linkedin.com/company/recruitup,Greenville,US,12,">=$1,000,000 (revenue.min filter, exact value not returned by Blitz company-search)",Staffing and Recruiting,,yes,"Sourced via Clay find-and-enrich-contacts-at-company (second source, independent of Blitz -- used after a confirmed Blitz company-resolution bug); company record cross-referenced from the pre-bug Company Search universe"
"Red Dynamics, Inc",https://www.reddynamics.com,https://www.linkedin.com/company/red-dynamics,Charlotte,US,13,">=$1,000,000 (revenue.min filter, exact value not returned by Blitz company-search)",Executive Search Services,,yes,"Sourced via Clay find-and-enrich-contacts-at-company (second source, independent of Blitz -- used after a confirmed Blitz company-resolution bug); company record cross-referenced from the pre-bug Company Search universe"
Redirect Llc,https://www.redirectrisk.com,https://www.linkedin.com/company/redirectrisk,Chicago,US,11,">=$1,000,000 (revenue.min filter, exact value not returned by Blitz company-search)",Human Resources Services,,yes,"Sourced via Clay find-and-enrich-contacts-at-company (second source, independent of Blitz -- used after a confirmed Blitz company-resolution bug); company record cross-referenced from the pre-bug Company Search universe"
redShift Recruiting LLC,https://www.redshiftrecruiting.com,https://www.linkedin.com/company/redshift-recruiting-llc,Castleton,US,18,">=$1,000,000 (revenue.min filter, exact value not returned by Blitz company-search)",Staffing and Recruiting,,yes,"Sourced via Clay find-and-enrich-contacts-at-company (second source, independent of Blitz -- used after a confirmed Blitz company-resolution bug); company record cross-referenced from the pre-bug Company Search universe"
Regal Personnel,https://www.regal-dallas.com,https://www.linkedin.com/company/regal-personnel,Dallas,US,10,">=$1,000,000 (revenue.min filter, exact value not returned by Blitz company-search)",Staffing and Recruiting,,yes,"Sourced via Clay find-and-enrich-contacts-at-company (second source, independent of Blitz -- used after a confirmed Blitz company-resolution bug); company record cross-referenced from the pre-bug Company Search universe"
Reliable Resources Inc,https://www.reliableresources.com,https://www.linkedin.com/company/reliableresources,Los Angeles,US,28,">=$1,000,000 (revenue.min filter, exact value not returned by Blitz company-search)",Human Resources Services,,yes,"Sourced via Clay find-and-enrich-contacts-at-company (second source, independent of Blitz -- used after a confirmed Blitz company-resolution bug); company record cross-referenced from the pre-bug Company Search universe"
Relief Nursing Services Inc,https://reliefnursingservices.com,https://www.linkedin.com/company/relief-nursing-services-inc,Collingswood,US,28,">=$1,000,000 (revenue.min filter, exact value not returned by Blitz company-search)",Staffing and Recruiting,,yes,"Sourced via Clay find-and-enrich-contacts-at-company (second source, independent of Blitz -- used after a confirmed Blitz company-resolution bug); company record cross-referenced from the pre-bug Company Search universe"
"Religious Coalition For Community Renewal, Inc",https://rccr.org,https://www.linkedin.com/company/religious-coalition-for-community-renewal-inc-,Charleston,US,10,">=$1,000,000 (revenue.min filter, exact value not returned by Blitz company-search)",Human Resources Services,,yes,"Sourced via Clay find-and-enrich-contacts-at-company (second source, independent of Blitz -- used after a confirmed Blitz company-resolution bug); company record cross-referenced from the pre-bug Company Search universe"
Relocation Today,https://www.relocationtoday.com,https://www.linkedin.com/company/relocation-today,Minnetonka,US,42,">=$1,000,000 (revenue.min filter, exact value not returned by Blitz company-search)",Human Resources Services,,yes,"Sourced via Clay find-and-enrich-contacts-at-company (second source, independent of Blitz -- used after a confirmed Blitz company-resolution bug); company record cross-referenced from the pre-bug Company Search universe"
RemX | The Workforce Experts,https://www.remx.com,https://www.linkedin.com/company/remx-specialty-staffing,Atlanta,US,1166,">=$1,000,000 (revenue.min filter, exact value not returned by Blitz company-search)",Staffing and Recruiting,,yes,"Sourced via Clay find-and-enrich-contacts-at-company (second source, independent of Blitz -- used after a confirmed Blitz company-resolution bug); company record cross-referenced from the pre-bug Company Search universe"
Resource Employment Solutions,https://resourceemployment.com,https://www.linkedin.com/company/resource-employment-solutions,Orlando,US,188,">=$1,000,000 (revenue.min filter, exact value not returned by Blitz company-search)",Staffing and Recruiting,,yes,"Sourced via Clay find-and-enrich-contacts-at-company (second source, independent of Blitz -- used after a confirmed Blitz company-resolution bug); company record cross-referenced from the pre-bug Company Search universe"
RETS Associates,https://www.retsusa.com,https://www.linkedin.com/company/rets-associates,Newport Beach,US,37,">=$1,000,000 (revenue.min filter, exact value not returned by Blitz company-search)",Staffing and Recruiting,,yes,"Sourced via Clay find-and-enrich-contacts-at-company (second source, independent of Blitz -- used after a confirmed Blitz company-resolution bug); company record cross-referenced from the pre-bug Company Search universe"
Revelone,https://www.revel-one.com,https://www.linkedin.com/company/revel-talent,San Francisco,US,36,">=$1,000,000 (revenue.min filter, exact value not returned by Blitz company-search)",Staffing and Recruiting,,yes,"Sourced via Clay find-and-enrich-contacts-at-company (second source, independent of Blitz -- used after a confirmed Blitz company-resolution bug); company record cross-referenced from the pre-bug Company Search universe"
Rhodes Associates,https://www.rhodesassociates.com,https://www.linkedin.com/company/rhodesassociates,New York,US,43,">=$1,000,000 (revenue.min filter, exact value not returned by Blitz company-search)",Staffing and Recruiting,,yes,"Sourced via Clay find-and-enrich-contacts-at-company (second source, independent of Blitz -- used after a confirmed Blitz company-resolution bug); company record cross-referenced from the pre-bug Company Search universe"
RightPro Staffing,https://www.rightprostaffing.com,https://www.linkedin.com/company/rightpro-staffing,Danbury,US,23,">=$1,000,000 (revenue.min filter, exact value not returned by Blitz company-search)",Staffing and Recruiting,,yes,"Sourced via Clay find-and-enrich-contacts-at-company (second source, independent of Blitz -- used after a confirmed Blitz company-resolution bug); company record cross-referenced from the pre-bug Company Search universe"
Rightworks,https://www.rightworksinc.com,https://www.linkedin.com/company/rightworksinc,Austin,US,56,">=$1,000,000 (revenue.min filter, exact value not returned by Blitz company-search)",Staffing and Recruiting,,yes,"Sourced via Clay find-and-enrich-contacts-at-company (second source, independent of Blitz -- used after a confirmed Blitz company-resolution bug); company record cross-referenced from the pre-bug Company Search universe"
"River City Staffing, Inc",https://www.rivercitystaffing.com,https://www.linkedin.com/company/river-city-staffing,Sacramento,US,46,">=$1,000,000 (revenue.min filter, exact value not returned by Blitz company-search)",Staffing and Recruiting,,yes,"Sourced via Clay find-and-enrich-contacts-at-company (second source, independent of Blitz -- used after a confirmed Blitz company-resolution bug); company record cross-referenced from the pre-bug Company Search universe"
Riviera Partners,https://www.rivierapartners.com,https://www.linkedin.com/company/riviera-partners,San Francisco,US,328,">=$1,000,000 (revenue.min filter, exact value not returned by Blitz company-search)",Staffing and Recruiting,,yes,"Sourced via Clay find-and-enrich-contacts-at-company (second source, independent of Blitz -- used after a confirmed Blitz company-resolution bug); company record cross-referenced from the pre-bug Company Search universe"
Rj Byrd Search Group,https://www.rjbyrd.com,https://www.linkedin.com/company/rj-byrd-search-group,Southlake,US,30,">=$1,000,000 (revenue.min filter, exact value not returned by Blitz company-search)",Executive Search Services,,yes,"Sourced via Clay find-and-enrich-contacts-at-company (second source, independent of Blitz -- used after a confirmed Blitz company-resolution bug); company record cross-referenced from the pre-bug Company Search universe"
Rka Recruiting Llc,https://www.rkarecruiting.com,https://www.linkedin.com/company/rka-recruiting-llc,Westminster,US,10,">=$1,000,000 (revenue.min filter, exact value not returned by Blitz company-search)",Human Resources Services,,yes,"Sourced via Clay find-and-enrich-contacts-at-company (second source, independent of Blitz -- used after a confirmed Blitz company-resolution bug); company record cross-referenced from the pre-bug Company Search universe"
RogueSearch,https://www.roguesearch.com,https://www.linkedin.com/company/rogue-search,Usa,US,25,">=$1,000,000 (revenue.min filter, exact value not returned by Blitz company-search)",Staffing and Recruiting,,yes,"Sourced via Clay find-and-enrich-contacts-at-company (second source, independent of Blitz -- used after a confirmed Blitz company-resolution bug); company record cross-referenced from the pre-bug Company Search universe"
Ronin Staffing Llc,https://www.roninllc.com,https://www.linkedin.com/company/ronin-group,Glendale,US,36,">=$1,000,000 (revenue.min filter, exact value not returned by Blitz company-search)",Staffing and Recruiting,,yes,"Sourced via Clay find-and-enrich-contacts-at-company (second source, independent of Blitz -- used after a confirmed Blitz company-resolution bug); company record cross-referenced from the pre-bug Company Search universe"
Rose International,https://www.roseint.com/hotjobs,https://www.linkedin.com/company/rose-international,Chesterfield,US,2248,">=$1,000,000 (revenue.min filter, exact value not returned by Blitz company-search)",Staffing and Recruiting,,yes,"Sourced via Clay find-and-enrich-contacts-at-company (second source, independent of Blitz -- used after a confirmed Blitz company-resolution bug); company record cross-referenced from the pre-bug Company Search universe"
Ross Innovative Employment Solutions,https://www.rossworks.com,https://www.linkedin.com/company/ross-innovative-employment-solutions,Detroit,US,143,">=$1,000,000 (revenue.min filter, exact value not returned by Blitz company-search)",Staffing and Recruiting,,yes,"Sourced via Clay find-and-enrich-contacts-at-company (second source, independent of Blitz -- used after a confirmed Blitz company-resolution bug); company record cross-referenced from the pre-bug Company Search universe"
Roxbury Tenants Of Harvard Association,https://roxburytenants.org,https://www.linkedin.com/company/roxbury-tenants-of-harvard-association,Boston,US,54,">=$1,000,000 (revenue.min filter, exact value not returned by Blitz company-search)",Human Resources Services,,yes,"Sourced via Clay find-and-enrich-contacts-at-company (second source, independent of Blitz -- used after a confirmed Blitz company-resolution bug); company record cross-referenced from the pre-bug Company Search universe"
"The Royster Group, Inc.",https://www.roystergroup.com,https://www.linkedin.com/company/roystergroup,Atlanta,US,15,">=$1,000,000 (revenue.min filter, exact value not returned by Blitz company-search)",Staffing and Recruiting,,yes,"Sourced via Clay find-and-enrich-contacts-at-company (second source, independent of Blitz -- used after a confirmed Blitz company-resolution bug); company record cross-referenced from the pre-bug Company Search universe"
Rsa Executive Search,https://www.rsaexecsearch.com,https://www.linkedin.com/company/rsa-executive-search,Uniondale,US,13,">=$1,000,000 (revenue.min filter, exact value not returned by Blitz company-search)",Staffing and Recruiting,,yes,"Sourced via Clay find-and-enrich-contacts-at-company (second source, independent of Blitz -- used after a confirmed Blitz company-resolution bug); company record cross-referenced from the pre-bug Company Search universe"
Rsvp Group Ag,https://www.rsvpgroup.com,https://www.linkedin.com/company/rsvp-group-ag,Schindellegi,CH,40,">=$1,000,000 (revenue.min filter, exact value not returned by Blitz company-search)",Staffing and Recruiting,,yes,"Sourced via Clay find-and-enrich-contacts-at-company (second source, independent of Blitz -- used after a confirmed Blitz company-resolution bug); company record cross-referenced from the pre-bug Company Search universe"
Rust Belt Recruiting,https://www.rustbeltrecruiting.com,https://www.linkedin.com/company/rustbeltrecruiting,Rocky River,US,14,">=$1,000,000 (revenue.min filter, exact value not returned by Blitz company-search)",Staffing and Recruiting,,yes,"Sourced via Clay find-and-enrich-contacts-at-company (second source, independent of Blitz -- used after a confirmed Blitz company-resolution bug); company record cross-referenced from the pre-bug Company Search universe"
RPStaffing,https://www.rpstaffing.com,https://www.linkedin.com/company/ruthi-postow-staffing,Owings,US,43,">=$1,000,000 (revenue.min filter, exact value not returned by Blitz company-search)",Staffing and Recruiting,,yes,"Sourced via Clay find-and-enrich-contacts-at-company (second source, independent of Blitz -- used after a confirmed Blitz company-resolution bug); company record cross-referenced from the pre-bug Company Search universe"
"Sabio Systems, Llc",https://www.sabiosystems.com,https://www.linkedin.com/company/sabiosystems,Albuquerque,US,31,">=$1,000,000 (revenue.min filter, exact value not returned by Blitz company-search)",Staffing and Recruiting,,yes,"Sourced via Clay find-and-enrich-contacts-at-company (second source, independent of Blitz -- used after a confirmed Blitz company-resolution bug); company record cross-referenced from the pre-bug Company Search universe"
Safeguard Global,https://www.safeguardglobal.com,https://www.linkedin.com/company/safeguard-globl,Austin,US,1635,">=$1,000,000 (revenue.min filter, exact value not returned by Blitz company-search)",Human Resources Services,,yes,"Sourced via Clay find-and-enrich-contacts-at-company (second source, independent of Blitz -- used after a confirmed Blitz company-resolution bug); company record cross-referenced from the pre-bug Company Search universe"
Sanderson Government & Defence,https://www.sandersonplc.com/gov,https://www.linkedin.com/company/sanderson-government-&-defence,Bristol,GB,61,">=$1,000,000 (revenue.min filter, exact value not returned by Blitz company-search)",Staffing and Recruiting,,yes,"Sourced via Clay find-and-enrich-contacts-at-company (second source, independent of Blitz -- used after a confirmed Blitz company-resolution bug); company record cross-referenced from the pre-bug Company Search universe"
Satellite Teams,https://www.satelliteteams.com,https://www.linkedin.com/company/satellite-teams,Los Angeles,US,70,">=$1,000,000 (revenue.min filter, exact value not returned by Blitz company-search)",Human Resources Services,,yes,"Sourced via Clay find-and-enrich-contacts-at-company (second source, independent of Blitz -- used after a confirmed Blitz company-resolution bug); company record cross-referenced from the pre-bug Company Search universe"
Savard Labor & Marine Personnel,https://www.savardgroup.net,https://www.linkedin.com/company/savard-labor-&-marine-personnel,Baton Rouge,US,362,">=$1,000,000 (revenue.min filter, exact value not returned by Blitz company-search)",Staffing and Recruiting,,yes,"Sourced via Clay find-and-enrich-contacts-at-company (second source, independent of Blitz -- used after a confirmed Blitz company-resolution bug); company record cross-referenced from the pre-bug Company Search universe"
Saville Assessment,https://www.savilleassessment.com,https://www.linkedin.com/company/saville-assessment,London,GB,114,">=$1,000,000 (revenue.min filter, exact value not returned by Blitz company-search)",Human Resources Services,,yes,"Sourced via Clay find-and-enrich-contacts-at-company (second source, independent of Blitz -- used after a confirmed Blitz company-resolution bug); company record cross-referenced from the pre-bug Company Search universe"
Sca Pacific Case Management,https://www.scapacific.com,https://www.linkedin.com/company/sca-pacific-case-management,Fife,US,18,">=$1,000,000 (revenue.min filter, exact value not returned by Blitz company-search)",Human Resources Services,,yes,"Sourced via Clay find-and-enrich-contacts-at-company (second source, independent of Blitz -- used after a confirmed Blitz company-resolution bug); company record cross-referenced from the pre-bug Company Search universe"
Scion Staffing,https://www.scionstaffing.com,https://www.linkedin.com/company/scion-staffing,San Francisco,US,38,">=$1,000,000 (revenue.min filter, exact value not returned by Blitz company-search)",Staffing and Recruiting,,yes,"Sourced via Clay find-and-enrich-contacts-at-company (second source, independent of Blitz -- used after a confirmed Blitz company-resolution bug); company record cross-referenced from the pre-bug Company Search universe"
SeaHill Consulting Group,https://seahillconsulting.com,https://www.linkedin.com/company/seahill-consulting-group,Boston,US,11,">=$1,000,000 (revenue.min filter, exact value not returned by Blitz company-search)",Staffing and Recruiting,,yes,"Sourced via Clay find-and-enrich-contacts-at-company (second source, independent of Blitz -- used after a confirmed Blitz company-resolution bug); company record cross-referenced from the pre-bug Company Search universe"
Search Associates,https://www.searchassociates.com,https://www.linkedin.com/company/search-associates,Dallas,US,74,">=$1,000,000 (revenue.min filter, exact value not returned by Blitz company-search)",Staffing and Recruiting,,yes,"Sourced via Clay find-and-enrich-contacts-at-company (second source, independent of Blitz -- used after a confirmed Blitz company-resolution bug); company record cross-referenced from the pre-bug Company Search universe"
Search Consultants Of Northern Jersey,https://www.scnorthjersey.com,https://www.linkedin.com/company/search-consultants-of-northern-jersey,Midland Park,US,44,">=$1,000,000 (revenue.min filter, exact value not returned by Blitz company-search)",Staffing and Recruiting,,yes,"Sourced via Clay find-and-enrich-contacts-at-company (second source, independent of Blitz -- used after a confirmed Blitz company-resolution bug); company record cross-referenced from the pre-bug Company Search universe"
"Search Masters, Inc.",https://searchmasters.com,https://www.linkedin.com/company/search-masters-inc.,Independence,US,52,">=$1,000,000 (revenue.min filter, exact value not returned by Blitz company-search)",Staffing and Recruiting,,yes,"Sourced via Clay find-and-enrich-contacts-at-company (second source, independent of Blitz -- used after a confirmed Blitz company-resolution bug); company record cross-referenced from the pre-bug Company Search universe"
Search Services,https://www.searchsvc.com,https://www.linkedin.com/company/search-services,Houston,US,29,">=$1,000,000 (revenue.min filter, exact value not returned by Blitz company-search)",Staffing and Recruiting,,yes,"Sourced via Clay find-and-enrich-contacts-at-company (second source, independent of Blitz -- used after a confirmed Blitz company-resolution bug); company record cross-referenced from the pre-bug Company Search universe"
"Search Masters, Inc.",https://searchmastersny.com,https://www.linkedin.com/company/searchmastersny,New York,US,12,">=$1,000,000 (revenue.min filter, exact value not returned by Blitz company-search)",Staffing and Recruiting,,yes,"Sourced via Clay find-and-enrich-contacts-at-company (second source, independent of Blitz -- used after a confirmed Blitz company-resolution bug); company record cross-referenced from the pre-bug Company Search universe"
Searchtalent Gmbh,https://searchtalent.de,https://www.linkedin.com/company/searchtalent-gmbh,Berlin,DE,22,">=$1,000,000 (revenue.min filter, exact value not returned by Blitz company-search)",Staffing and Recruiting,,yes,"Sourced via Clay find-and-enrich-contacts-at-company (second source, independent of Blitz -- used after a confirmed Blitz company-resolution bug); company record cross-referenced from the pre-bug Company Search universe"
"Security Search And Consulting, Inc",https://www.sscnow.com,https://www.linkedin.com/company/security-search-and-consulting,Westlake Village,US,105,">=$1,000,000 (revenue.min filter, exact value not returned by Blitz company-search)",Staffing and Recruiting,,yes,"Sourced via Clay find-and-enrich-contacts-at-company (second source, independent of Blitz -- used after a confirmed Blitz company-resolution bug); company record cross-referenced from the pre-bug Company Search universe"
Selectemp Employment Services,https://www.selectemp.jobs,https://www.linkedin.com/company/selectemp-employment-services,Eugene,US,108,">=$1,000,000 (revenue.min filter, exact value not returned by Blitz company-search)",Staffing and Recruiting,,yes,"Sourced via Clay find-and-enrich-contacts-at-company (second source, independent of Blitz -- used after a confirmed Blitz company-resolution bug); company record cross-referenced from the pre-bug Company Search universe"
Senovo IT Ltd,https://www.senovo-it.com,https://www.linkedin.com/company/senovo-it-ltd,London,GB,40,">=$1,000,000 (revenue.min filter, exact value not returned by Blitz company-search)",Staffing and Recruiting,,yes,"Sourced via Clay find-and-enrich-contacts-at-company (second source, independent of Blitz -- used after a confirmed Blitz company-resolution bug); company record cross-referenced from the pre-bug Company Search universe"
She Matters,https://www.shematters.nl,https://www.linkedin.com/company/she-matters-nl,Rotterdam,NL,13,">=$1,000,000 (revenue.min filter, exact value not returned by Blitz company-search)",Staffing and Recruiting,,yes,"Sourced via Clay find-and-enrich-contacts-at-company (second source, independent of Blitz -- used after a confirmed Blitz company-resolution bug); company record cross-referenced from the pre-bug Company Search universe"
SHRM,https://www.shrm.org,https://www.linkedin.com/company/shrm,Alexandria,US,2425,">=$1,000,000 (revenue.min filter, exact value not returned by Blitz company-search)",Human Resources Services,,yes,"Sourced via Clay find-and-enrich-contacts-at-company (second source, independent of Blitz -- used after a confirmed Blitz company-resolution bug); company record cross-referenced from the pre-bug Company Search universe"
"Single Mothers Outreach, Inc",https://www.singlemothersoutreach.org,https://www.linkedin.com/company/single-mothers-outreach,Santa Clarita,US,11,">=$1,000,000 (revenue.min filter, exact value not returned by Blitz company-search)",Human Resources Services,,yes,"Sourced via Clay find-and-enrich-contacts-at-company (second source, independent of Blitz -- used after a confirmed Blitz company-resolution bug); company record cross-referenced from the pre-bug Company Search universe"
SixFifty,https://www.sixfifty.com,https://www.linkedin.com/company/sixfiftyhq,Salt Lake City,US,67,">=$1,000,000 (revenue.min filter, exact value not returned by Blitz company-search)",Human Resources Services,,yes,"Sourced via Clay find-and-enrich-contacts-at-company (second source, independent of Blitz -- used after a confirmed Blitz company-resolution bug); company record cross-referenced from the pre-bug Company Search universe"
Slate Professional Resources,https://www.slateprofessional.com,https://www.linkedin.com/company/slateprofessional,Freehold,US,27,">=$1,000,000 (revenue.min filter, exact value not returned by Blitz company-search)",Staffing and Recruiting,,yes,"Sourced via Clay find-and-enrich-contacts-at-company (second source, independent of Blitz -- used after a confirmed Blitz company-resolution bug); company record cross-referenced from the pre-bug Company Search universe"
Sloane Staffing,https://sloane-staffing.com,https://www.linkedin.com/company/sloane-staffing,Palm Beach Gardens,US,13,">=$1,000,000 (revenue.min filter, exact value not returned by Blitz company-search)",Staffing and Recruiting,,yes,"Sourced via Clay find-and-enrich-contacts-at-company (second source, independent of Blitz -- used after a confirmed Blitz company-resolution bug); company record cross-referenced from the pre-bug Company Search universe"
Smartdept,https://www.thesmartdept.com,https://www.linkedin.com/company/smartdept--inc-,Chicago,US,11,">=$1,000,000 (revenue.min filter, exact value not returned by Blitz company-search)",Staffing and Recruiting,,yes,"Sourced via Clay find-and-enrich-contacts-at-company (second source, independent of Blitz -- used after a confirmed Blitz company-resolution bug); company record cross-referenced from the pre-bug Company Search universe"
Smart Sitting,https://web.smartsitting.com/family-onboarding,https://www.linkedin.com/company/smartsitting,New York,US,82,">=$1,000,000 (revenue.min filter, exact value not returned by Blitz company-search)",Staffing and Recruiting,,yes,"Sourced via Clay find-and-enrich-contacts-at-company (second source, independent of Blitz -- used after a confirmed Blitz company-resolution bug); company record cross-referenced from the pre-bug Company Search universe"
SNI Companies,https://www.snicompanies.com,https://www.linkedin.com/company/sni-companies,Jacksonville,US,459,">=$1,000,000 (revenue.min filter, exact value not returned by Blitz company-search)",Staffing and Recruiting,,yes,"Sourced via Clay find-and-enrich-contacts-at-company (second source, independent of Blitz -- used after a confirmed Blitz company-resolution bug); company record cross-referenced from the pre-bug Company Search universe"
SoftHQ Inc,https://www.softhq.com,https://www.linkedin.com/company/softhq-inc,San Diego,US,198,">=$1,000,000 (revenue.min filter, exact value not returned by Blitz company-search)",Staffing and Recruiting,,yes,"Sourced via Clay find-and-enrich-contacts-at-company (second source, independent of Blitz -- used after a confirmed Blitz company-resolution bug); company record cross-referenced from the pre-bug Company Search universe"
Soorce Gmbh,https://www.soorce.de,https://www.linkedin.com/company/soorce-gmbh,Mannheim,DE,154,">=$1,000,000 (revenue.min filter, exact value not returned by Blitz company-search)",Staffing and Recruiting,,yes,"Sourced via Clay find-and-enrich-contacts-at-company (second source, independent of Blitz -- used after a confirmed Blitz company-resolution bug); company record cross-referenced from the pre-bug Company Search universe"
Southwest Search,https://www.southwestsearch.net,https://www.linkedin.com/company/southwest-search,Dallas,US,42,">=$1,000,000 (revenue.min filter, exact value not returned by Blitz company-search)",Staffing and Recruiting,,yes,"Sourced via Clay find-and-enrich-contacts-at-company (second source, independent of Blitz -- used after a confirmed Blitz company-resolution bug); company record cross-referenced from the pre-bug Company Search universe"
Senior Care Solutions,https://srcaresolutions.net,https://www.linkedin.com/company/sr-care-solutions-inc,Stillwater,US,80,">=$1,000,000 (revenue.min filter, exact value not returned by Blitz company-search)",Staffing and Recruiting,,yes,"Sourced via Clay find-and-enrich-contacts-at-company (second source, independent of Blitz -- used after a confirmed Blitz company-resolution bug); company record cross-referenced from the pre-bug Company Search universe"
"Staff Management, Inc",https://www.staffmgmt.com,https://www.linkedin.com/company/staff-management-inc.,Rockford,US,21,">=$1,000,000 (revenue.min filter, exact value not returned by Blitz company-search)",Human Resources Services,,yes,"Sourced via Clay find-and-enrich-contacts-at-company (second source, independent of Blitz -- used after a confirmed Blitz company-resolution bug); company record cross-referenced from the pre-bug Company Search universe"
StaffBright,https://www.staffbrightpro.com,https://www.linkedin.com/company/staffbright,Troy,US,34,">=$1,000,000 (revenue.min filter, exact value not returned by Blitz company-search)",Staffing and Recruiting,,yes,"Sourced via Clay find-and-enrich-contacts-at-company (second source, independent of Blitz -- used after a confirmed Blitz company-resolution bug); company record cross-referenced from the pre-bug Company Search universe"
"Staff Finders, Inc",https://stafffindersmich.com,https://www.linkedin.com/company/stafffindersmich,Troy,US,24,">=$1,000,000 (revenue.min filter, exact value not returned by Blitz company-search)",Staffing and Recruiting,,yes,"Sourced via Clay find-and-enrich-contacts-at-company (second source, independent of Blitz -- used after a confirmed Blitz company-resolution bug); company record cross-referenced from the pre-bug Company Search universe"
Staffing Advisors,https://www.staffingadvisors.com,https://www.linkedin.com/company/staffing-advisors,Olney,US,17,">=$1,000,000 (revenue.min filter, exact value not returned by Blitz company-search)",Staffing and Recruiting,,yes,"Sourced via Clay find-and-enrich-contacts-at-company (second source, independent of Blitz -- used after a confirmed Blitz company-resolution bug); company record cross-referenced from the pre-bug Company Search universe"
Staffing Connection Inc,https://sci-staffing.com,https://www.linkedin.com/company/staffing-connection,Berwyn,US,15,">=$1,000,000 (revenue.min filter, exact value not returned by Blitz company-search)",Staffing and Recruiting,,yes,"Sourced via Clay find-and-enrich-contacts-at-company (second source, independent of Blitz -- used after a confirmed Blitz company-resolution bug); company record cross-referenced from the pre-bug Company Search universe"
Staffing Future,https://www.staffingfuture.com,https://www.linkedin.com/company/staffing-future,Costa Mesa,US,20,">=$1,000,000 (revenue.min filter, exact value not returned by Blitz company-search)",Staffing and Recruiting,,yes,"Sourced via Clay find-and-enrich-contacts-at-company (second source, independent of Blitz -- used after a confirmed Blitz company-resolution bug); company record cross-referenced from the pre-bug Company Search universe"
Staffing Kansas City,https://www.staffingkc.com,https://www.linkedin.com/company/staffing-kansas-city,Overland Park,US,15,">=$1,000,000 (revenue.min filter, exact value not returned by Blitz company-search)",Staffing and Recruiting,,yes,"Sourced via Clay find-and-enrich-contacts-at-company (second source, independent of Blitz -- used after a confirmed Blitz company-resolution bug); company record cross-referenced from the pre-bug Company Search universe"
Staffing Support Specialists,https://staffing-support.com,https://www.linkedin.com/company/staffing-support-specialists,Hartford,US,13,">=$1,000,000 (revenue.min filter, exact value not returned by Blitz company-search)",Human Resources Services,,yes,"Sourced via Clay find-and-enrich-contacts-at-company (second source, independent of Blitz -- used after a confirmed Blitz company-resolution bug); company record cross-referenced from the pre-bug Company Search universe"
Staffmark,https://www.staffmark.com,https://www.linkedin.com/company/staffmark,Cincinnati,US,8970,">=$1,000,000 (revenue.min filter, exact value not returned by Blitz company-search)",Staffing and Recruiting,,yes,"Sourced via Clay find-and-enrich-contacts-at-company (second source, independent of Blitz -- used after a confirmed Blitz company-resolution bug); company record cross-referenced from the pre-bug Company Search universe"
Staffor Consulting Llc,https://www.staffor.com,https://www.linkedin.com/company/staffor-consulting-llc-professional-staffing-solutions,Plano,US,20,">=$1,000,000 (revenue.min filter, exact value not returned by Blitz company-search)",Staffing and Recruiting,,yes,"Sourced via Clay find-and-enrich-contacts-at-company (second source, independent of Blitz -- used after a confirmed Blitz company-resolution bug); company record cross-referenced from the pre-bug Company Search universe"
Staffquick,https://www.staffquickjobs.com,https://www.linkedin.com/company/staffquick,Edwardsville,US,260,">=$1,000,000 (revenue.min filter, exact value not returned by Blitz company-search)",Staffing and Recruiting,,yes,"Sourced via Clay find-and-enrich-contacts-at-company (second source, independent of Blitz -- used after a confirmed Blitz company-resolution bug); company record cross-referenced from the pre-bug Company Search universe"
Stand-By Personnel,https://www.standbypersonnel.com,https://www.linkedin.com/company/stand-by-personnel-inc,Tulsa,US,152,">=$1,000,000 (revenue.min filter, exact value not returned by Blitz company-search)",Staffing and Recruiting,,yes,"Sourced via Clay find-and-enrich-contacts-at-company (second source, independent of Blitz -- used after a confirmed Blitz company-resolution bug); company record cross-referenced from the pre-bug Company Search universe"
St. John Associates,https://stjohnjobs.com,https://www.linkedin.com/company/stjohnjobs,Bloomington,US,48,">=$1,000,000 (revenue.min filter, exact value not returned by Blitz company-search)",Staffing and Recruiting,,yes,"Sourced via Clay find-and-enrich-contacts-at-company (second source, independent of Blitz -- used after a confirmed Blitz company-resolution bug); company record cross-referenced from the pre-bug Company Search universe"
Strategic Performance Group,https://www.strategicperformance.net,https://www.linkedin.com/company/strategic-performance-group,Vienna,US,14,">=$1,000,000 (revenue.min filter, exact value not returned by Blitz company-search)",Human Resources Services,,yes,"Sourced via Clay find-and-enrich-contacts-at-company (second source, independent of Blitz -- used after a confirmed Blitz company-resolution bug); company record cross-referenced from the pre-bug Company Search universe"
"Stratice, LLC",https://www.mystratice.com,https://www.linkedin.com/company/stratice-consulting,Rogers,US,21,">=$1,000,000 (revenue.min filter, exact value not returned by Blitz company-search)",Staffing and Recruiting,,yes,"Sourced via Clay find-and-enrich-contacts-at-company (second source, independent of Blitz -- used after a confirmed Blitz company-resolution bug); company record cross-referenced from the pre-bug Company Search universe"
Strong Recruitment Group Limited,https://www.strong-group.co.uk,https://www.linkedin.com/company/strong-recruitment-group-construction-&-engineering-specialists,Croydon,GB,41,">=$1,000,000 (revenue.min filter, exact value not returned by Blitz company-search)",Staffing and Recruiting,,yes,"Sourced via Clay find-and-enrich-contacts-at-company (second source, independent of Blitz -- used after a confirmed Blitz company-resolution bug); company record cross-referenced from the pre-bug Company Search universe"
Summit Careers Inc,https://www.summitcareersinc.com,https://www.linkedin.com/company/summit-careers-inc,Springfield,US,23,">=$1,000,000 (revenue.min filter, exact value not returned by Blitz company-search)",Staffing and Recruiting,,yes,"Sourced via Clay find-and-enrich-contacts-at-company (second source, independent of Blitz -- used after a confirmed Blitz company-resolution bug); company record cross-referenced from the pre-bug Company Search universe"
Suncap Technology,https://www.suncaptech.com,https://www.linkedin.com/company/suncap-technology,Davie,US,24,">=$1,000,000 (revenue.min filter, exact value not returned by Blitz company-search)",Staffing and Recruiting,,yes,"Sourced via Clay find-and-enrich-contacts-at-company (second source, independent of Blitz -- used after a confirmed Blitz company-resolution bug); company record cross-referenced from the pre-bug Company Search universe"
Superiorhire,https://www.superiorhire.com,https://www.linkedin.com/company/superiorhire,Dallas,US,24,">=$1,000,000 (revenue.min filter, exact value not returned by Blitz company-search)",Staffing and Recruiting,,yes,"Sourced via Clay find-and-enrich-contacts-at-company (second source, independent of Blitz -- used after a confirmed Blitz company-resolution bug); company record cross-referenced from the pre-bug Company Search universe"
Supplay - Interim et Recrutement,https://www.supplay.fr,https://www.linkedin.com/company/supplay,Reims,FR,2192,">=$1,000,000 (revenue.min filter, exact value not returned by Blitz company-search)",Staffing and Recruiting,,yes,"Sourced via Clay find-and-enrich-contacts-at-company (second source, independent of Blitz -- used after a confirmed Blitz company-resolution bug); company record cross-referenced from the pre-bug Company Search universe"
"Surge Force, Llc",https://www.surge-force.com,https://www.linkedin.com/company/surge-force-llc,Norfolk,US,15,">=$1,000,000 (revenue.min filter, exact value not returned by Blitz company-search)",Staffing and Recruiting,,yes,"Sourced via Clay find-and-enrich-contacts-at-company (second source, independent of Blitz -- used after a confirmed Blitz company-resolution bug); company record cross-referenced from the pre-bug Company Search universe"
Surge Staffing,https://surgestaffing.com,https://www.linkedin.com/company/surgestaffing,Columbus,US,2142,">=$1,000,000 (revenue.min filter, exact value not returned by Blitz company-search)",Staffing and Recruiting,,yes,"Sourced via Clay find-and-enrich-contacts-at-company (second source, independent of Blitz -- used after a confirmed Blitz company-resolution bug); company record cross-referenced from the pre-bug Company Search universe"
Swan Legal Search,https://www.swanlegal.com,https://www.linkedin.com/company/swan-legal-search,,US,12,">=$1,000,000 (revenue.min filter, exact value not returned by Blitz company-search)",Staffing and Recruiting,,yes,"Sourced via Clay find-and-enrich-contacts-at-company (second source, independent of Blitz -- used after a confirmed Blitz company-resolution bug); company record cross-referenced from the pre-bug Company Search universe"
Swgr,https://www.sw-gr.com,https://www.linkedin.com/company/swgr100211-001614,Glasgow,GB,283,">=$1,000,000 (revenue.min filter, exact value not returned by Blitz company-search)",Staffing and Recruiting,,yes,"Sourced via Clay find-and-enrich-contacts-at-company (second source, independent of Blitz -- used after a confirmed Blitz company-resolution bug); company record cross-referenced from the pre-bug Company Search universe"
Swoon,https://www.swoonstaffing.com,https://www.linkedin.com/company/swoon-group,Chicago,US,253,">=$1,000,000 (revenue.min filter, exact value not returned by Blitz company-search)",Staffing and Recruiting,,yes,"Sourced via Clay find-and-enrich-contacts-at-company (second source, independent of Blitz -- used after a confirmed Blitz company-resolution bug); company record cross-referenced from the pre-bug Company Search universe"
Syndicus Nacon,https://www.syndicusinc.com,https://www.linkedin.com/company/syndicusnacon,Annapolis,US,23,">=$1,000,000 (revenue.min filter, exact value not returned by Blitz company-search)",Staffing and Recruiting,,yes,"Sourced via Clay find-and-enrich-contacts-at-company (second source, independent of Blitz -- used after a confirmed Blitz company-resolution bug); company record cross-referenced from the pre-bug Company Search universe"
Synergie Personal Deutschland,https://www.synergie.de,https://www.linkedin.com/company/synergie-de,Karlsruhe,DE,156,">=$1,000,000 (revenue.min filter, exact value not returned by Blitz company-search)",Staffing and Recruiting,,yes,"Sourced via Clay find-and-enrich-contacts-at-company (second source, independent of Blitz -- used after a confirmed Blitz company-resolution bug); company record cross-referenced from the pre-bug Company Search universe"
Synergydirect Llc,https://www.synergydirectllc.com,https://www.linkedin.com/company/synergydirect-llc,San Clemente,US,12,">=$1,000,000 (revenue.min filter, exact value not returned by Blitz company-search)",Staffing and Recruiting,,yes,"Sourced via Clay find-and-enrich-contacts-at-company (second source, independent of Blitz -- used after a confirmed Blitz company-resolution bug); company record cross-referenced from the pre-bug Company Search universe"
Tailoredsearch,https://www.tailoredsearch.com,https://www.linkedin.com/company/tailored-search,New York,US,13,">=$1,000,000 (revenue.min filter, exact value not returned by Blitz company-search)",Staffing and Recruiting,,yes,"Sourced via Clay find-and-enrich-contacts-at-company (second source, independent of Blitz -- used after a confirmed Blitz company-resolution bug); company record cross-referenced from the pre-bug Company Search universe"
Talent Acquisition LLC,https://www.jmstalent.com,https://www.linkedin.com/company/talent-acquisition-llc,Clarksville,US,40,">=$1,000,000 (revenue.min filter, exact value not returned by Blitz company-search)",Staffing and Recruiting,,yes,"Sourced via Clay find-and-enrich-contacts-at-company (second source, independent of Blitz -- used after a confirmed Blitz company-resolution bug); company record cross-referenced from the pre-bug Company Search universe"
Talentfoot Executive Search,https://talentfoot.com,https://www.linkedin.com/company/talentfoot,Chicago,US,38,">=$1,000,000 (revenue.min filter, exact value not returned by Blitz company-search)",Staffing and Recruiting,,yes,"Sourced via Clay find-and-enrich-contacts-at-company (second source, independent of Blitz -- used after a confirmed Blitz company-resolution bug); company record cross-referenced from the pre-bug Company Search universe"
Talenthub,https://www.talenthubstaffing.com,https://www.linkedin.com/company/talenthub-llc,San Francisco,US,11,">=$1,000,000 (revenue.min filter, exact value not returned by Blitz company-search)",Staffing and Recruiting,,yes,"Sourced via Clay find-and-enrich-contacts-at-company (second source, independent of Blitz -- used after a confirmed Blitz company-resolution bug); company record cross-referenced from the pre-bug Company Search universe"
Talking Talent,https://www.talking-talent.com,https://www.linkedin.com/company/talking-talent-ltd,London,GB,93,">=$1,000,000 (revenue.min filter, exact value not returned by Blitz company-search)",Human Resources Services,,yes,"Sourced via Clay find-and-enrich-contacts-at-company (second source, independent of Blitz -- used after a confirmed Blitz company-resolution bug); company record cross-referenced from the pre-bug Company Search universe"
Tams Group,https://www.tamsgroup.com,https://www.linkedin.com/company/tams-group,Independence,US,46,">=$1,000,000 (revenue.min filter, exact value not returned by Blitz company-search)",Human Resources Services,,yes,"Sourced via Clay find-and-enrich-contacts-at-company (second source, independent of Blitz -- used after a confirmed Blitz company-resolution bug); company record cross-referenced from the pre-bug Company Search universe"
Taskmaster Resources,https://www.tmrec.com,https://www.linkedin.com/company/taskmaster-resources,Leeds,GB,308,">=$1,000,000 (revenue.min filter, exact value not returned by Blitz company-search)",Staffing and Recruiting,,yes,"Sourced via Clay find-and-enrich-contacts-at-company (second source, independent of Blitz -- used after a confirmed Blitz company-resolution bug); company record cross-referenced from the pre-bug Company Search universe"
TeacherActive,https://www.teacheractive.com,https://www.linkedin.com/company/teacheractive,Birmingham,GB,1836,">=$1,000,000 (revenue.min filter, exact value not returned by Blitz company-search)",Staffing and Recruiting,,yes,"Sourced via Clay find-and-enrich-contacts-at-company (second source, independent of Blitz -- used after a confirmed Blitz company-resolution bug); company record cross-referenced from the pre-bug Company Search universe"
"Teachers On Call, A Kelly Services Company",https://teachersoncall.com,https://www.linkedin.com/company/teachersoncall,Bloomington,US,1171,">=$1,000,000 (revenue.min filter, exact value not returned by Blitz company-search)",Staffing and Recruiting,,yes,"Sourced via Clay find-and-enrich-contacts-at-company (second source, independent of Blitz -- used after a confirmed Blitz company-resolution bug); company record cross-referenced from the pre-bug Company Search universe"
Teaching Nomad,https://www.teachingnomad.com,https://www.linkedin.com/company/teaching-nomad,Denver,US,43,">=$1,000,000 (revenue.min filter, exact value not returned by Blitz company-search)",Staffing and Recruiting,,yes,"Sourced via Clay find-and-enrich-contacts-at-company (second source, independent of Blitz -- used after a confirmed Blitz company-resolution bug); company record cross-referenced from the pre-bug Company Search universe"
TEAM Risk Management Strategies,https://www.teamemployer.com,https://www.linkedin.com/company/team-risk-management-strategies,San Diego,US,281,">=$1,000,000 (revenue.min filter, exact value not returned by Blitz company-search)",Human Resources Services,,yes,"Sourced via Clay find-and-enrich-contacts-at-company (second source, independent of Blitz -- used after a confirmed Blitz company-resolution bug); company record cross-referenced from the pre-bug Company Search universe"
CINDER,https://www.teamcinder.com,https://www.linkedin.com/company/teamcinder,Hillsboro,US,38,">=$1,000,000 (revenue.min filter, exact value not returned by Blitz company-search)",Staffing and Recruiting,,yes,"Sourced via Clay find-and-enrich-contacts-at-company (second source, independent of Blitz -- used after a confirmed Blitz company-resolution bug); company record cross-referenced from the pre-bug Company Search universe"
TECHEAD,https://www.techead.com,https://www.linkedin.com/company/techead,Richmond,US,80,">=$1,000,000 (revenue.min filter, exact value not returned by Blitz company-search)",Staffing and Recruiting,,yes,"Sourced via Clay find-and-enrich-contacts-at-company (second source, independent of Blitz -- used after a confirmed Blitz company-resolution bug); company record cross-referenced from the pre-bug Company Search universe"
TempExperts,https://www.tempexperts.com,https://www.linkedin.com/company/tempexperts,Clearwater,US,13,">=$1,000,000 (revenue.min filter, exact value not returned by Blitz company-search)",Staffing and Recruiting,,yes,"Sourced via Clay find-and-enrich-contacts-at-company (second source, independent of Blitz -- used after a confirmed Blitz company-resolution bug); company record cross-referenced from the pre-bug Company Search universe"
TempoPHARMA,https://www.multihealthgroup.com/tempopharma-cabinet-outsourcing-et-de-recrutement,https://www.linkedin.com/company/tempopharma,Velizy-Villacoublay,FR,20,">=$1,000,000 (revenue.min filter, exact value not returned by Blitz company-search)",Human Resources Services,,yes,"Sourced via Clay find-and-enrich-contacts-at-company (second source, independent of Blitz -- used after a confirmed Blitz company-resolution bug); company record cross-referenced from the pre-bug Company Search universe"
Tempting Talent,https://temptingtalent.com,https://www.linkedin.com/company/tempting-talent,New York,US,13,">=$1,000,000 (revenue.min filter, exact value not returned by Blitz company-search)",Staffing and Recruiting,,yes,"Sourced via Clay find-and-enrich-contacts-at-company (second source, independent of Blitz -- used after a confirmed Blitz company-resolution bug); company record cross-referenced from the pre-bug Company Search universe"
The Action Group Human Resources Solutions,https://theactiongrouphr.com,https://www.linkedin.com/company/the-action-group-human-resources-solutions,Wilson,US,12,">=$1,000,000 (revenue.min filter, exact value not returned by Blitz company-search)",Human Resources Services,,yes,"Sourced via Clay find-and-enrich-contacts-at-company (second source, independent of Blitz -- used after a confirmed Blitz company-resolution bug); company record cross-referenced from the pre-bug Company Search universe"
Assembly,https://www.assemblygroup.com,https://www.linkedin.com/company/the-assembly-group,Austin,US,36,">=$1,000,000 (revenue.min filter, exact value not returned by Blitz company-search)",Staffing and Recruiting,,yes,"Sourced via Clay find-and-enrich-contacts-at-company (second source, independent of Blitz -- used after a confirmed Blitz company-resolution bug); company record cross-referenced from the pre-bug Company Search universe"
The Boss Group,https://www.thebossgroup.com,https://www.linkedin.com/company/the-boss-group_2,Rockville,US,640,">=$1,000,000 (revenue.min filter, exact value not returned by Blitz company-search)",Staffing and Recruiting,,yes,"Sourced via Clay find-and-enrich-contacts-at-company (second source, independent of Blitz -- used after a confirmed Blitz company-resolution bug); company record cross-referenced from the pre-bug Company Search universe"
"The Charis Group, Llc",https://www.thecharisgroupllc.com,https://www.linkedin.com/company/the-charis-group,Richmond,US,12,">=$1,000,000 (revenue.min filter, exact value not returned by Blitz company-search)",Staffing and Recruiting,,yes,"Sourced via Clay find-and-enrich-contacts-at-company (second source, independent of Blitz -- used after a confirmed Blitz company-resolution bug); company record cross-referenced from the pre-bug Company Search universe"
"The Chase Group, Inc",https://www.chasegroup.com,https://www.linkedin.com/company/the-chase-group,Overland Park,US,14,">=$1,000,000 (revenue.min filter, exact value not returned by Blitz company-search)",Staffing and Recruiting,,yes,"Sourced via Clay find-and-enrich-contacts-at-company (second source, independent of Blitz -- used after a confirmed Blitz company-resolution bug); company record cross-referenced from the pre-bug Company Search universe"
"The Christopher Group, Agile HR Business Solutions",https://www.tcgco.com,https://www.linkedin.com/company/the-christopher-group,Solon,US,36,">=$1,000,000 (revenue.min filter, exact value not returned by Blitz company-search)",Staffing and Recruiting,,yes,"Sourced via Clay find-and-enrich-contacts-at-company (second source, independent of Blitz -- used after a confirmed Blitz company-resolution bug); company record cross-referenced from the pre-bug Company Search universe"
"The Cromwell Group, Inc",https://www.tcgpm.com,https://www.linkedin.com/company/the-cromwell-group-inc-,Fort Mill,US,30,">=$1,000,000 (revenue.min filter, exact value not returned by Blitz company-search)",Staffing and Recruiting,,yes,"Sourced via Clay find-and-enrich-contacts-at-company (second source, independent of Blitz -- used after a confirmed Blitz company-resolution bug); company record cross-referenced from the pre-bug Company Search universe"
The Hanna Group,https://www.hgrecruiters.com,https://www.linkedin.com/company/the-hanna-group,Orlando,US,13,">=$1,000,000 (revenue.min filter, exact value not returned by Blitz company-search)",Staffing and Recruiting,,yes,"Sourced via Clay find-and-enrich-contacts-at-company (second source, independent of Blitz -- used after a confirmed Blitz company-resolution bug); company record cross-referenced from the pre-bug Company Search universe"
The Hennessy Group,https://www.thehennessygroup.com,https://www.linkedin.com/company/the-hennessy-group,Salt Lake City,US,12,">=$1,000,000 (revenue.min filter, exact value not returned by Blitz company-search)",Staffing and Recruiting,,yes,"Sourced via Clay find-and-enrich-contacts-at-company (second source, independent of Blitz -- used after a confirmed Blitz company-resolution bug); company record cross-referenced from the pre-bug Company Search universe"
The Hr Team,https://www.thehrteam.com,https://www.linkedin.com/company/the-hr-team,Columbia,US,40,">=$1,000,000 (revenue.min filter, exact value not returned by Blitz company-search)",Human Resources Services,,yes,"Sourced via Clay find-and-enrich-contacts-at-company (second source, independent of Blitz -- used after a confirmed Blitz company-resolution bug); company record cross-referenced from the pre-bug Company Search universe"
The Hudson Group,https://hudsongrp.com,https://www.linkedin.com/company/the-hudson-group-inc,Hebron,US,73,">=$1,000,000 (revenue.min filter, exact value not returned by Blitz company-search)",Staffing and Recruiting,,yes,"Sourced via Clay find-and-enrich-contacts-at-company (second source, independent of Blitz -- used after a confirmed Blitz company-resolution bug); company record cross-referenced from the pre-bug Company Search universe"
The Job Store Staffing,https://www.jobstorestaffing.com,https://www.linkedin.com/company/the-job-store-staffing,Denver,US,198,">=$1,000,000 (revenue.min filter, exact value not returned by Blitz company-search)",Staffing and Recruiting,,yes,"Sourced via Clay find-and-enrich-contacts-at-company (second source, independent of Blitz -- used after a confirmed Blitz company-resolution bug); company record cross-referenced from the pre-bug Company Search universe"
The Johnson Group Inc,https://www.johnsongroupinc.com,https://www.linkedin.com/company/the-johnson-group-inc.,Sacramento,US,75,">=$1,000,000 (revenue.min filter, exact value not returned by Blitz company-search)",Staffing and Recruiting,,yes,"Sourced via Clay find-and-enrich-contacts-at-company (second source, independent of Blitz -- used after a confirmed Blitz company-resolution bug); company record cross-referenced from the pre-bug Company Search universe"
The Merwin Group,https://www.new.merwingroup.com,https://www.linkedin.com/company/the-merwin-group,North Wales,US,18,">=$1,000,000 (revenue.min filter, exact value not returned by Blitz company-search)",Staffing and Recruiting,,yes,"Sourced via Clay find-and-enrich-contacts-at-company (second source, independent of Blitz -- used after a confirmed Blitz company-resolution bug); company record cross-referenced from the pre-bug Company Search universe"
The Plus Group,https://www.theplusgroup.com,https://www.linkedin.com/company/the-plus-group,Woodridge,US,125,">=$1,000,000 (revenue.min filter, exact value not returned by Blitz company-search)",Staffing and Recruiting,,yes,"Sourced via Clay find-and-enrich-contacts-at-company (second source, independent of Blitz -- used after a confirmed Blitz company-resolution bug); company record cross-referenced from the pre-bug Company Search universe"
"The Rogan Group, Inc",https://www.rogangroup.com,https://www.linkedin.com/company/the-rogan-group,Elkridge,US,18,">=$1,000,000 (revenue.min filter, exact value not returned by Blitz company-search)",Staffing and Recruiting,,yes,"Sourced via Clay find-and-enrich-contacts-at-company (second source, independent of Blitz -- used after a confirmed Blitz company-resolution bug); company record cross-referenced from the pre-bug Company Search universe"
Stepstone Österreich,https://www.stepstone.at,https://www.linkedin.com/company/the-stepstone-group-oesterreich-gmbh,Wien,AT,39,">=$1,000,000 (revenue.min filter, exact value not returned by Blitz company-search)",Staffing and Recruiting,,yes,"Sourced via Clay find-and-enrich-contacts-at-company (second source, independent of Blitz -- used after a confirmed Blitz company-resolution bug); company record cross-referenced from the pre-bug Company Search universe"
The VET Recruiter,https://thevetrecruiter.com,https://www.linkedin.com/company/the-vet-recruiter,,US,23,">=$1,000,000 (revenue.min filter, exact value not returned by Blitz company-search)",Staffing and Recruiting,,yes,"Sourced via Clay find-and-enrich-contacts-at-company (second source, independent of Blitz -- used after a confirmed Blitz company-resolution bug); company record cross-referenced from the pre-bug Company Search universe"
The Wellspring Group,https://www.wellspringgrp.com,https://www.linkedin.com/company/the-wellspring-group,Shelton,US,12,">=$1,000,000 (revenue.min filter, exact value not returned by Blitz company-search)",Staffing and Recruiting,,yes,"Sourced via Clay find-and-enrich-contacts-at-company (second source, independent of Blitz -- used after a confirmed Blitz company-resolution bug); company record cross-referenced from the pre-bug Company Search universe"
Atvantage Athletic Training,https://www.theatvantage.com,https://www.linkedin.com/company/theatvantage,Los Angeles,US,43,">=$1,000,000 (revenue.min filter, exact value not returned by Blitz company-search)",Staffing and Recruiting,,yes,"Sourced via Clay find-and-enrich-contacts-at-company (second source, independent of Blitz -- used after a confirmed Blitz company-resolution bug); company record cross-referenced from the pre-bug Company Search universe"
The Career Strategy Group,https://www.thecareerstrategygroup.com,https://www.linkedin.com/company/thecareerstrategygroup,Bethesda,US,12,">=$1,000,000 (revenue.min filter, exact value not returned by Blitz company-search)",Human Resources Services,,yes,"Sourced via Clay find-and-enrich-contacts-at-company (second source, independent of Blitz -- used after a confirmed Blitz company-resolution bug); company record cross-referenced from the pre-bug Company Search universe"
The Hire,https://www.thehire.com,https://www.linkedin.com/company/thehirellc,Providence,US,27,">=$1,000,000 (revenue.min filter, exact value not returned by Blitz company-search)",Staffing and Recruiting,,yes,"Sourced via Clay find-and-enrich-contacts-at-company (second source, independent of Blitz -- used after a confirmed Blitz company-resolution bug); company record cross-referenced from the pre-bug Company Search universe"
Thelions,https://thelions.com,https://www.linkedin.com/company/thelions,Usa,US,15,">=$1,000,000 (revenue.min filter, exact value not returned by Blitz company-search)",Staffing and Recruiting,,yes,"Sourced via Clay find-and-enrich-contacts-at-company (second source, independent of Blitz -- used after a confirmed Blitz company-resolution bug); company record cross-referenced from the pre-bug Company Search universe"
"Therapy Source, Inc",https://txsource.com,https://www.linkedin.com/company/therapy-source,Plymouth Meeting,US,329,">=$1,000,000 (revenue.min filter, exact value not returned by Blitz company-search)",Staffing and Recruiting,,yes,"Sourced via Clay find-and-enrich-contacts-at-company (second source, independent of Blitz -- used after a confirmed Blitz company-resolution bug); company record cross-referenced from the pre-bug Company Search universe"
"Resume Place, Inc",https://www.resume-place.com,https://www.linkedin.com/company/theresumeplace,Catonsville,US,16,">=$1,000,000 (revenue.min filter, exact value not returned by Blitz company-search)",Human Resources Services,,yes,"Sourced via Clay find-and-enrich-contacts-at-company (second source, independent of Blitz -- used after a confirmed Blitz company-resolution bug); company record cross-referenced from the pre-bug Company Search universe"
Thomas Edwards Group,https://www.thomasedwards.com,https://www.linkedin.com/company/thomas-edwards-group,Dallas,US,58,">=$1,000,000 (revenue.min filter, exact value not returned by Blitz company-search)",Staffing and Recruiting,,yes,"Sourced via Clay find-and-enrich-contacts-at-company (second source, independent of Blitz -- used after a confirmed Blitz company-resolution bug); company record cross-referenced from the pre-bug Company Search universe"
Thomas Legrand Consultants,https://www.thomas-legrand-consultants.fr,https://www.linkedin.com/company/thomas-legrand-consultants,Joué-lès-tours,FR,18,">=$1,000,000 (revenue.min filter, exact value not returned by Blitz company-search)",Human Resources Services,,yes,"Sourced via Clay find-and-enrich-contacts-at-company (second source, independent of Blitz -- used after a confirmed Blitz company-resolution bug); company record cross-referenced from the pre-bug Company Search universe"
Thrive Resources,https://www.thriveresources.com,https://www.linkedin.com/company/thrive-resources-llc,Windermere,US,13,">=$1,000,000 (revenue.min filter, exact value not returned by Blitz company-search)",Staffing and Recruiting,,yes,"Sourced via Clay find-and-enrich-contacts-at-company (second source, independent of Blitz -- used after a confirmed Blitz company-resolution bug); company record cross-referenced from the pre-bug Company Search universe"
Tire Talent,https://www.tiretalent.com,https://www.linkedin.com/company/tiretalent,Ny,US,19,">=$1,000,000 (revenue.min filter, exact value not returned by Blitz company-search)",Staffing and Recruiting,,yes,"Sourced via Clay find-and-enrich-contacts-at-company (second source, independent of Blitz -- used after a confirmed Blitz company-resolution bug); company record cross-referenced from the pre-bug Company Search universe"
Tlc Travel Staff,https://www.tlctravelstaff.com,https://www.linkedin.com/company/tlctravelstaff,Perry,US,58,">=$1,000,000 (revenue.min filter, exact value not returned by Blitz company-search)",Staffing and Recruiting,,yes,"Sourced via Clay find-and-enrich-contacts-at-company (second source, independent of Blitz -- used after a confirmed Blitz company-resolution bug); company record cross-referenced from the pre-bug Company Search universe"
The O\'connor Group,https://www.tocgrp.com,https://www.linkedin.com/company/tocgrp,King Of Prussia,US,100,">=$1,000,000 (revenue.min filter, exact value not returned by Blitz company-search)",Human Resources Services,,yes,"Sourced via Clay find-and-enrich-contacts-at-company (second source, independent of Blitz -- used after a confirmed Blitz company-resolution bug); company record cross-referenced from the pre-bug Company Search universe"
TOP Group - Japanese Recruiting Agency,https://top-us.com,https://www.linkedin.com/company/top-japanese-recruiting-agency,New York,US,127,">=$1,000,000 (revenue.min filter, exact value not returned by Blitz company-search)",Staffing and Recruiting,,yes,"Sourced via Clay find-and-enrich-contacts-at-company (second source, independent of Blitz -- used after a confirmed Blitz company-resolution bug); company record cross-referenced from the pre-bug Company Search universe"
Tel Staffing & Hr,https://telstaffing.com,https://www.linkedin.com/company/total-employee-leasing,Pensacola,US,50,">=$1,000,000 (revenue.min filter, exact value not returned by Blitz company-search)",Human Resources Services,,yes,"Sourced via Clay find-and-enrich-contacts-at-company (second source, independent of Blitz -- used after a confirmed Blitz company-resolution bug); company record cross-referenced from the pre-bug Company Search universe"
Total Staffing Solutions Inc,https://4tssi.com,https://www.linkedin.com/company/total-staffing-solutions-inc,Naperville,US,123,">=$1,000,000 (revenue.min filter, exact value not returned by Blitz company-search)",Staffing and Recruiting,,yes,"Sourced via Clay find-and-enrich-contacts-at-company (second source, independent of Blitz -- used after a confirmed Blitz company-resolution bug); company record cross-referenced from the pre-bug Company Search universe"
Tower Legal Solutions,https://www.towerls.com,https://www.linkedin.com/company/tower-legal-solutions,New York,US,139,">=$1,000,000 (revenue.min filter, exact value not returned by Blitz company-search)",Staffing and Recruiting,,yes,"Sourced via Clay find-and-enrich-contacts-at-company (second source, independent of Blitz -- used after a confirmed Blitz company-resolution bug); company record cross-referenced from the pre-bug Company Search universe"
"Tpi Staffing, Inc",https://www.tpistaffing.com,https://www.linkedin.com/company/tpi-staffing-inc.,Cypress,US,111,">=$1,000,000 (revenue.min filter, exact value not returned by Blitz company-search)",Staffing and Recruiting,,yes,"Sourced via Clay find-and-enrich-contacts-at-company (second source, independent of Blitz -- used after a confirmed Blitz company-resolution bug); company record cross-referenced from the pre-bug Company Search universe"
Transport People,https://www.transportpeople.nl,https://www.linkedin.com/company/transport-people,Sb,NL,54,">=$1,000,000 (revenue.min filter, exact value not returned by Blitz company-search)",Human Resources Services,,yes,"Sourced via Clay find-and-enrich-contacts-at-company (second source, independent of Blitz -- used after a confirmed Blitz company-resolution bug); company record cross-referenced from the pre-bug Company Search universe"
TriCom Quest,https://www.tricomquest.com,https://www.linkedin.com/company/tricom-quest,Torrance,US,16,">=$1,000,000 (revenue.min filter, exact value not returned by Blitz company-search)",Staffing and Recruiting,,yes,"Sourced via Clay find-and-enrich-contacts-at-company (second source, independent of Blitz -- used after a confirmed Blitz company-resolution bug); company record cross-referenced from the pre-bug Company Search universe"
Turn2Partners,https://turn2partners.com,https://www.linkedin.com/company/turn2partners,Herndon,US,64,">=$1,000,000 (revenue.min filter, exact value not returned by Blitz company-search)",Staffing and Recruiting,,yes,"Sourced via Clay find-and-enrich-contacts-at-company (second source, independent of Blitz -- used after a confirmed Blitz company-resolution bug); company record cross-referenced from the pre-bug Company Search universe"
Uncompany,https://www.weareuncompany.com,https://www.linkedin.com/company/uncompany,Raleigh,US,44,">=$1,000,000 (revenue.min filter, exact value not returned by Blitz company-search)",Staffing and Recruiting,,yes,"Sourced via Clay find-and-enrich-contacts-at-company (second source, independent of Blitz -- used after a confirmed Blitz company-resolution bug); company record cross-referenced from the pre-bug Company Search universe"
Uniflex,https://www.uniflex.se,https://www.linkedin.com/company/uniflex,Stockholm,SE,985,">=$1,000,000 (revenue.min filter, exact value not returned by Blitz company-search)",Staffing and Recruiting,,yes,"Sourced via Clay find-and-enrich-contacts-at-company (second source, independent of Blitz -- used after a confirmed Blitz company-resolution bug); company record cross-referenced from the pre-bug Company Search universe"
United Employers Association,https://www.unitedemployers.org,https://www.linkedin.com/company/united-employers-association,Portland,US,12,">=$1,000,000 (revenue.min filter, exact value not returned by Blitz company-search)",Human Resources Services,,yes,"Sourced via Clay find-and-enrich-contacts-at-company (second source, independent of Blitz -- used after a confirmed Blitz company-resolution bug); company record cross-referenced from the pre-bug Company Search universe"
Univativ Gmbh,https://www.univativ.de,https://www.linkedin.com/company/univativ-gmbh,Darmstadt,DE,285,">=$1,000,000 (revenue.min filter, exact value not returned by Blitz company-search)",Staffing and Recruiting,,yes,"Sourced via Clay find-and-enrich-contacts-at-company (second source, independent of Blitz -- used after a confirmed Blitz company-resolution bug); company record cross-referenced from the pre-bug Company Search universe"
Urban Linker,https://www.urbanlinker.com,https://www.linkedin.com/company/urban-linker,Paris,FR,79,">=$1,000,000 (revenue.min filter, exact value not returned by Blitz company-search)",Staffing and Recruiting,,yes,"Sourced via Clay find-and-enrich-contacts-at-company (second source, independent of Blitz -- used after a confirmed Blitz company-resolution bug); company record cross-referenced from the pre-bug Company Search universe"
Us Staffing,https://www.usstaffinginc.com,https://www.linkedin.com/company/us-staffinginc,Elk Grove Village,US,56,">=$1,000,000 (revenue.min filter, exact value not returned by Blitz company-search)",Staffing and Recruiting,,yes,"Sourced via Clay find-and-enrich-contacts-at-company (second source, independent of Blitz -- used after a confirmed Blitz company-resolution bug); company record cross-referenced from the pre-bug Company Search universe"
Valarcorp Inc,https://www.valarcorp.com,https://www.linkedin.com/company/valarcorp-inc,Columbia,US,23,">=$1,000,000 (revenue.min filter, exact value not returned by Blitz company-search)",Staffing and Recruiting,,yes,"Sourced via Clay find-and-enrich-contacts-at-company (second source, independent of Blitz -- used after a confirmed Blitz company-resolution bug); company record cross-referenced from the pre-bug Company Search universe"
Valatam,https://www.valatam.com,https://www.linkedin.com/company/valatam,,US,615,">=$1,000,000 (revenue.min filter, exact value not returned by Blitz company-search)",Staffing and Recruiting,,yes,"Sourced via Clay find-and-enrich-contacts-at-company (second source, independent of Blitz -- used after a confirmed Blitz company-resolution bug); company record cross-referenced from the pre-bug Company Search universe"
Validity Screening Solutions,https://www.validityscreening.com,https://www.linkedin.com/company/validity-screening-solutions,Overland Park,US,62,">=$1,000,000 (revenue.min filter, exact value not returned by Blitz company-search)",Human Resources Services,,yes,"Sourced via Clay find-and-enrich-contacts-at-company (second source, independent of Blitz -- used after a confirmed Blitz company-resolution bug); company record cross-referenced from the pre-bug Company Search universe"
Vanguard Healthcare Staffing,https://www.vanguardhcstaffing.com,https://www.linkedin.com/company/vanguard-healthcare-staffing,Sparta,US,46,">=$1,000,000 (revenue.min filter, exact value not returned by Blitz company-search)",Staffing and Recruiting,,yes,"Sourced via Clay find-and-enrich-contacts-at-company (second source, independent of Blitz -- used after a confirmed Blitz company-resolution bug); company record cross-referenced from the pre-bug Company Search universe"
Vantage Point Consulting Inc.,https://www.vpc-staffing.com,https://www.linkedin.com/company/vantage-point-inc-,Alpharetta,US,91,">=$1,000,000 (revenue.min filter, exact value not returned by Blitz company-search)",Staffing and Recruiting,,yes,"Sourced via Clay find-and-enrich-contacts-at-company (second source, independent of Blitz -- used after a confirmed Blitz company-resolution bug); company record cross-referenced from the pre-bug Company Search universe"
Variant Partners,https://www.vpartners.com,https://www.linkedin.com/company/variant-partners,Ann Arbor,US,10,">=$1,000,000 (revenue.min filter, exact value not returned by Blitz company-search)",Staffing and Recruiting,,yes,"Sourced via Clay find-and-enrich-contacts-at-company (second source, independent of Blitz -- used after a confirmed Blitz company-resolution bug); company record cross-referenced from the pre-bug Company Search universe"
Varstaff,https://www.varstaff.com,https://www.linkedin.com/company/varstaff,Dallas,US,14,">=$1,000,000 (revenue.min filter, exact value not returned by Blitz company-search)",Staffing and Recruiting,,yes,"Sourced via Clay find-and-enrich-contacts-at-company (second source, independent of Blitz -- used after a confirmed Blitz company-resolution bug); company record cross-referenced from the pre-bug Company Search universe"
VBeyond Corporation,https://www.vbeyond.com,https://www.linkedin.com/company/vbeyond-corporation,Hillsborough,US,986,">=$1,000,000 (revenue.min filter, exact value not returned by Blitz company-search)",Staffing and Recruiting,,yes,"Sourced via Clay find-and-enrich-contacts-at-company (second source, independent of Blitz -- used after a confirmed Blitz company-resolution bug); company record cross-referenced from the pre-bug Company Search universe"
Vertex It Solutions,https://www.vertex-it-solutions.com,https://www.linkedin.com/company/vertex-it-solutions,Beckenham,GB,23,">=$1,000,000 (revenue.min filter, exact value not returned by Blitz company-search)",Staffing and Recruiting,,yes,"Sourced via Clay find-and-enrich-contacts-at-company (second source, independent of Blitz -- used after a confirmed Blitz company-resolution bug); company record cross-referenced from the pre-bug Company Search universe"
Verus Staffing Solutions Llc,https://www.verus.com,https://www.linkedin.com/company/verus-staffing-solutions-llc,Potomac,US,16,">=$1,000,000 (revenue.min filter, exact value not returned by Blitz company-search)",Staffing and Recruiting,,yes,"Sourced via Clay find-and-enrich-contacts-at-company (second source, independent of Blitz -- used after a confirmed Blitz company-resolution bug); company record cross-referenced from the pre-bug Company Search universe"
"Vesa Health & Technology, Inc.",https://www.vesahealth.com,https://www.linkedin.com/company/vesa-health-&-technology-llc,San Antonio,US,67,">=$1,000,000 (revenue.min filter, exact value not returned by Blitz company-search)",Staffing and Recruiting,,yes,"Sourced via Clay find-and-enrich-contacts-at-company (second source, independent of Blitz -- used after a confirmed Blitz company-resolution bug); company record cross-referenced from the pre-bug Company Search universe"
"Veterans Sourcing Group, LLC",https://www.theclgrp.com/veterans-sourcing-group,https://www.linkedin.com/company/veterans-sourcing-group,New York,US,86,">=$1,000,000 (revenue.min filter, exact value not returned by Blitz company-search)",Staffing and Recruiting,,yes,"Sourced via Clay find-and-enrich-contacts-at-company (second source, independent of Blitz -- used after a confirmed Blitz company-resolution bug); company record cross-referenced from the pre-bug Company Search universe"
Vighter Llc,https://www.vighter.com,https://www.linkedin.com/company/vighter,San Antonio,US,135,">=$1,000,000 (revenue.min filter, exact value not returned by Blitz company-search)",Staffing and Recruiting,,yes,"Sourced via Clay find-and-enrich-contacts-at-company (second source, independent of Blitz -- used after a confirmed Blitz company-resolution bug); company record cross-referenced from the pre-bug Company Search universe"
Vision Search Partners LLC,https://www.visionsearchpartners.com,https://www.linkedin.com/company/visionsearchpartners,Wilton,US,19,">=$1,000,000 (revenue.min filter, exact value not returned by Blitz company-search)",Staffing and Recruiting,,yes,"Sourced via Clay find-and-enrich-contacts-at-company (second source, independent of Blitz -- used after a confirmed Blitz company-resolution bug); company record cross-referenced from the pre-bug Company Search universe"
"Vitaver and Associates, Inc. (dba Vitaver Staffing)",https://www.vitaver.com,https://www.linkedin.com/company/vitaverstaffing,Fort Lauderdale,US,126,">=$1,000,000 (revenue.min filter, exact value not returned by Blitz company-search)",Staffing and Recruiting,,yes,"Sourced via Clay find-and-enrich-contacts-at-company (second source, independent of Blitz -- used after a confirmed Blitz company-resolution bug); company record cross-referenced from the pre-bug Company Search universe"
Vitus Search Group,https://www.vitussearchgroup.com,https://www.linkedin.com/company/vitus-search-group,Orlando,US,10,">=$1,000,000 (revenue.min filter, exact value not returned by Blitz company-search)",Staffing and Recruiting,,yes,"Sourced via Clay find-and-enrich-contacts-at-company (second source, independent of Blitz -- used after a confirmed Blitz company-resolution bug); company record cross-referenced from the pre-bug Company Search universe"
Weitblick-Personalpartner Gmbh,https://www.weitblick-personalpartner.de,https://www.linkedin.com/company/weitblick-personalpartner-gmbh,Erkrath,DE,36,">=$1,000,000 (revenue.min filter, exact value not returned by Blitz company-search)",Human Resources Services,,yes,"Sourced via Clay find-and-enrich-contacts-at-company (second source, independent of Blitz -- used after a confirmed Blitz company-resolution bug); company record cross-referenced from the pre-bug Company Search universe"
Wellness Coach,https://wellnesscoach.live,https://www.linkedin.com/company/wellnesscoach,Las Vegas,US,515,">=$1,000,000 (revenue.min filter, exact value not returned by Blitz company-search)",Human Resources Services,,yes,"Sourced via Clay find-and-enrich-contacts-at-company (second source, independent of Blitz -- used after a confirmed Blitz company-resolution bug); company record cross-referenced from the pre-bug Company Search universe"
Western Nursing Services,https://westernnurses.com,https://www.linkedin.com/company/western-nursing-services,Fort Wright,US,24,">=$1,000,000 (revenue.min filter, exact value not returned by Blitz company-search)",Staffing and Recruiting,,yes,"Sourced via Clay find-and-enrich-contacts-at-company (second source, independent of Blitz -- used after a confirmed Blitz company-resolution bug); company record cross-referenced from the pre-bug Company Search universe"
Westport One,https://www.westportone.com,https://www.linkedin.com/company/westport-one,St Louis,US,53,">=$1,000,000 (revenue.min filter, exact value not returned by Blitz company-search)",Staffing and Recruiting,,yes,"Sourced via Clay find-and-enrich-contacts-at-company (second source, independent of Blitz -- used after a confirmed Blitz company-resolution bug); company record cross-referenced from the pre-bug Company Search universe"
Wheeler Staffing Partners,https://www.wheelersp.com,https://www.linkedin.com/company/wheeler-staffing-partners,Plano,US,172,">=$1,000,000 (revenue.min filter, exact value not returned by Blitz company-search)",Staffing and Recruiting,,yes,"Sourced via Clay find-and-enrich-contacts-at-company (second source, independent of Blitz -- used after a confirmed Blitz company-resolution bug); company record cross-referenced from the pre-bug Company Search universe"
Whitaker Companies,https://www.whitakercompanies.com,https://www.linkedin.com/company/whitaker-companies,Houston,US,26,">=$1,000,000 (revenue.min filter, exact value not returned by Blitz company-search)",Staffing and Recruiting,,yes,"Sourced via Clay find-and-enrich-contacts-at-company (second source, independent of Blitz -- used after a confirmed Blitz company-resolution bug); company record cross-referenced from the pre-bug Company Search universe"
"White Glove Placement, Inc",https://www.whiteglovecare.com,https://www.linkedin.com/company/white-glove-placement-inc,Brooklyn,US,345,">=$1,000,000 (revenue.min filter, exact value not returned by Blitz company-search)",Staffing and Recruiting,,yes,"Sourced via Clay find-and-enrich-contacts-at-company (second source, independent of Blitz -- used after a confirmed Blitz company-resolution bug); company record cross-referenced from the pre-bug Company Search universe"
Widenet Consulting Group,https://www.widenet-consulting.com,https://www.linkedin.com/company/widenet-consulting-group,Renton,US,47,">=$1,000,000 (revenue.min filter, exact value not returned by Blitz company-search)",Staffing and Recruiting,,yes,"Sourced via Clay find-and-enrich-contacts-at-company (second source, independent of Blitz -- used after a confirmed Blitz company-resolution bug); company record cross-referenced from the pre-bug Company Search universe"
Wirehouse Employer Services,https://www.wirehouse-es.com,https://www.linkedin.com/company/wirehouse-employer-services,Warrington,GB,81,">=$1,000,000 (revenue.min filter, exact value not returned by Blitz company-search)",Human Resources Services,,yes,"Sourced via Clay find-and-enrich-contacts-at-company (second source, independent of Blitz -- used after a confirmed Blitz company-resolution bug); company record cross-referenced from the pre-bug Company Search universe"
Wizard Staff Solutions,https://www.wizardstaffsolutions.com,https://www.linkedin.com/company/wizard-staff-solutions-childcare,Harpenden,GB,127,">=$1,000,000 (revenue.min filter, exact value not returned by Blitz company-search)",Staffing and Recruiting,,yes,"Sourced via Clay find-and-enrich-contacts-at-company (second source, independent of Blitz -- used after a confirmed Blitz company-resolution bug); company record cross-referenced from the pre-bug Company Search universe"
Wood Personnel Services,https://www.woodpersonnel.com,https://www.linkedin.com/company/wood-personnel-services,Nashville,US,222,">=$1,000,000 (revenue.min filter, exact value not returned by Blitz company-search)",Staffing and Recruiting,,yes,"Sourced via Clay find-and-enrich-contacts-at-company (second source, independent of Blitz -- used after a confirmed Blitz company-resolution bug); company record cross-referenced from the pre-bug Company Search universe"
"Wsi - Workforce Strategies, Inc",https://wsitalent.com,https://www.linkedin.com/company/workforce-strategies-inc----wsi,Kalamazoo,US,206,">=$1,000,000 (revenue.min filter, exact value not returned by Blitz company-search)",Staffing and Recruiting,,yes,"Sourced via Clay find-and-enrich-contacts-at-company (second source, independent of Blitz -- used after a confirmed Blitz company-resolution bug); company record cross-referenced from the pre-bug Company Search universe"
Working Solutions LLC,https://www.workingsolutionsusa.com,https://www.linkedin.com/company/working-solutions-usa,Meridian,US,34,">=$1,000,000 (revenue.min filter, exact value not returned by Blitz company-search)",Staffing and Recruiting,,yes,"Sourced via Clay find-and-enrich-contacts-at-company (second source, independent of Blitz -- used after a confirmed Blitz company-resolution bug); company record cross-referenced from the pre-bug Company Search universe"
Worksource Montgomery,https://www.worksourcemontgomery.com,https://www.linkedin.com/company/worksourcemontgomery,Wheaton,US,128,">=$1,000,000 (revenue.min filter, exact value not returned by Blitz company-search)",Staffing and Recruiting,,yes,"Sourced via Clay find-and-enrich-contacts-at-company (second source, independent of Blitz -- used after a confirmed Blitz company-resolution bug); company record cross-referenced from the pre-bug Company Search universe"
World Trade Resource,https://www.worldtraderesource.com,https://www.linkedin.com/company/world-trade-resource,New York,US,11,">=$1,000,000 (revenue.min filter, exact value not returned by Blitz company-search)",Human Resources Services,,yes,"Sourced via Clay find-and-enrich-contacts-at-company (second source, independent of Blitz -- used after a confirmed Blitz company-resolution bug); company record cross-referenced from the pre-bug Company Search universe"
Worx Staffing Group,https://www.worxnow.com,https://www.linkedin.com/company/worx-staffing-group,Asheville,US,74,">=$1,000,000 (revenue.min filter, exact value not returned by Blitz company-search)",Staffing and Recruiting,,yes,"Sourced via Clay find-and-enrich-contacts-at-company (second source, independent of Blitz -- used after a confirmed Blitz company-resolution bug); company record cross-referenced from the pre-bug Company Search universe"
Würk,https://www.enjoywurk.com,https://www.linkedin.com/company/wurk,Denver,US,80,">=$1,000,000 (revenue.min filter, exact value not returned by Blitz company-search)",Human Resources Services,,yes,"Sourced via Clay find-and-enrich-contacts-at-company (second source, independent of Blitz -- used after a confirmed Blitz company-resolution bug); company record cross-referenced from the pre-bug Company Search universe"
YER USA,https://www.yer-usa.com,https://www.linkedin.com/company/yer-usa,Atlanta,US,65,">=$1,000,000 (revenue.min filter, exact value not returned by Blitz company-search)",Staffing and Recruiting,,yes,"Sourced via Clay find-and-enrich-contacts-at-company (second source, independent of Blitz -- used after a confirmed Blitz company-resolution bug); company record cross-referenced from the pre-bug Company Search universe"
"Yes Partners, Inc",https://www.yespartners.com,https://www.linkedin.com/company/yes-partners-inc.,Menlo Park,US,13,">=$1,000,000 (revenue.min filter, exact value not returned by Blitz company-search)",Staffing and Recruiting,,yes,"Sourced via Clay find-and-enrich-contacts-at-company (second source, independent of Blitz -- used after a confirmed Blitz company-resolution bug); company record cross-referenced from the pre-bug Company Search universe"
Zentech Consulting,https://www.zentechconsulting.com,https://www.linkedin.com/company/zentech-consulting,Tampa,US,79,">=$1,000,000 (revenue.min filter, exact value not returned by Blitz company-search)",Staffing and Recruiting,,yes,"Sourced via Clay find-and-enrich-contacts-at-company (second source, independent of Blitz -- used after a confirmed Blitz company-resolution bug); company record cross-referenced from the pre-bug Company Search universe"
Zest Education,https://www.zesteducation.co.uk,https://www.linkedin.com/company/zest-education,Lichfield,GB,250,">=$1,000,000 (revenue.min filter, exact value not returned by Blitz company-search)",Staffing and Recruiting,,yes,"Sourced via Clay find-and-enrich-contacts-at-company (second source, independent of Blitz -- used after a confirmed Blitz company-resolution bug); company record cross-referenced from the pre-bug Company Search universe"
Zimmerman Associates,https://www.zimmermanassociates.com,https://www.linkedin.com/company/zimmerman-associates,Andover,US,31,">=$1,000,000 (revenue.min filter, exact value not returned by Blitz company-search)",Staffing and Recruiting,,yes,"Sourced via Clay find-and-enrich-contacts-at-company (second source, independent of Blitz -- used after a confirmed Blitz company-resolution bug); company record cross-referenced from the pre-bug Company Search universe"
Winward International Inc,inwardsilks.com,https://www.linkedin.com/company/winward-international-inc,,,,">=$1,000,000 (filter-qualified via known-good sample selection)",,,yes,Sourced via Clay; company_linkedin_url from Clay didn't exact-match the stored Blitz record (likely a URL formatting difference) -- same underlying known-good company
AQRA International,aqra.com,https://www.linkedin.com/company/aqra1,,,,">=$1,000,000 (filter-qualified via known-good sample selection)",,,yes,Sourced via Clay; company_linkedin_url from Clay didn't exact-match the stored Blitz record (likely a URL formatting difference) -- same underlying known-good company
Human Bees,avitekrecruit.com,https://www.linkedin.com/company/humanbeesinc,,,,">=$1,000,000 (filter-qualified via known-good sample selection)",,,yes,Sourced via Clay; company_linkedin_url from Clay didn't exact-match the stored Blitz record (likely a URL formatting difference) -- same underlying known-good company
RADAR - Academy & Recruiting,radarconsulting.it,https://www.linkedin.com/company/radar-academy-recruiting,,,,">=$1,000,000 (filter-qualified via known-good sample selection)",,,yes,Sourced via Clay; company_linkedin_url from Clay didn't exact-match the stored Blitz record (likely a URL formatting difference) -- same underlying known-good company
VyTalent Solutions,vytalentsolutions.com,https://www.linkedin.com/company/vytalentsolutions,,,,">=$1,000,000 (filter-qualified via known-good sample selection)",,,yes,Sourced via Clay; company_linkedin_url from Clay didn't exact-match the stored Blitz record (likely a URL formatting difference) -- same underlying known-good company
Data Group,datagroupinc.net,https://www.linkedin.com/company/data-group,,,,">=$1,000,000 (filter-qualified via known-good sample selection)",,,yes,Sourced via Clay; company_linkedin_url from Clay didn't exact-match the stored Blitz record (likely a URL formatting difference) -- same underlying known-good company
Keystage Energy Recruitment Ltd,keystagerecruitment.co.uk,https://www.linkedin.com/company/keystage-energy-recruitment-ltd,,,,">=$1,000,000 (filter-qualified via known-good sample selection)",,,yes,Sourced via Clay; company_linkedin_url from Clay didn't exact-match the stored Blitz record (likely a URL formatting difference) -- same underlying known-good company
HireQuest Direct,hirequestdirect.com,https://www.linkedin.com/company/hirequestdirectcorp,,,,">=$1,000,000 (filter-qualified via known-good sample selection)",,,yes,Sourced via Clay; company_linkedin_url from Clay didn't exact-match the stored Blitz record (likely a URL formatting difference) -- same underlying known-good company
Wackler Group,ackler-group.de,https://www.linkedin.com/company/wackler-holding-se,,,,">=$1,000,000 (filter-qualified via known-good sample selection)",,,yes,Sourced via Clay; company_linkedin_url from Clay didn't exact-match the stored Blitz record (likely a URL formatting difference) -- same underlying known-good company
Eliassen Group,eliassen.com,https://www.linkedin.com/company/eliassen-group,,,,">=$1,000,000 (filter-qualified via known-good sample selection)",,,yes,Sourced via Clay; company_linkedin_url from Clay didn't exact-match the stored Blitz record (likely a URL formatting difference) -- same underlying known-good company
Natsoft,natsoft.us,https://www.linkedin.com/company/natsoft,,,,">=$1,000,000 (filter-qualified via known-good sample selection)",,,yes,Sourced via Clay; company_linkedin_url from Clay didn't exact-match the stored Blitz record (likely a URL formatting difference) -- same underlying known-good company
"Mc Labor Sources, Inc.",mclabor.com,https://www.linkedin.com/company/mc-labor-sources-inc.,,,,">=$1,000,000 (filter-qualified via known-good sample selection)",,,yes,Sourced via Clay; company_linkedin_url from Clay didn't exact-match the stored Blitz record (likely a URL formatting difference) -- same underlying known-good company
Weil Tennis Academy,eiltennis.com,https://www.linkedin.com/company/weil-tennis-academy,,,,">=$1,000,000 (filter-qualified via known-good sample selection)",,,yes,Sourced via Clay; company_linkedin_url from Clay didn't exact-match the stored Blitz record (likely a URL formatting difference) -- same underlying known-good company
Poolia Finland,poolia.fi,https://www.linkedin.com/company/poolia-finland,,,,">=$1,000,000 (filter-qualified via known-good sample selection)",,,yes,Sourced via Clay; company_linkedin_url from Clay didn't exact-match the stored Blitz record (likely a URL formatting difference) -- same underlying known-good company
Treva Automation,trevacorp.com,https://www.linkedin.com/company/treva-corporation,,,,">=$1,000,000 (filter-qualified via known-good sample selection)",,,yes,Sourced via Clay; company_linkedin_url from Clay didn't exact-match the stored Blitz record (likely a URL formatting difference) -- same underlying known-good company
