company_name,domain,linkedin_url,hq_city,hq_country,employee_count,estimated_revenue,industry,signal(s),qualified (yes/no),notes
1-Call Staffing,https://www.1-callstaffing.com,https://www.linkedin.com/company/1-call-staffing,Kingman,US,20,">=$1,000,000 (revenue.min filter, exact value not returned by Blitz company-search)",Staffing and Recruiting,,yes,Round 2: Blitz Find People scoped to company.linkedin_url (previously-unsourced companies from the full ICP company universe)
One Stop Recruiting,https://1stoprecruiting.com,https://www.linkedin.com/company/1-stop-recruiting,Mesa,US,57,">=$1,000,000 (revenue.min filter, exact value not returned by Blitz company-search)",Staffing and Recruiting,,yes,Round 2: Blitz Find People scoped to company.linkedin_url (previously-unsourced companies from the full ICP company universe)
1st Choice Personnel,https://www.1stchoicepersonnel.com,https://www.linkedin.com/company/1st-choice-personnel,Omaha,US,70,">=$1,000,000 (revenue.min filter, exact value not returned by Blitz company-search)",Staffing and Recruiting,,yes,Round 2: Blitz Find People scoped to company.linkedin_url (previously-unsourced companies from the full ICP company universe)
1st Marine Corporation,https://1stmarinecorp.com,https://www.linkedin.com/company/1st-marine-corporation,Norfolk,US,36,">=$1,000,000 (revenue.min filter, exact value not returned by Blitz company-search)",Staffing and Recruiting,,yes,Round 2: Blitz Find People scoped to company.linkedin_url (previously-unsourced companies from the full ICP company universe)
22nd Century Staffing,https://22ndstaffing.com,https://www.linkedin.com/company/22nd-century-staffing,Mclean,US,68,">=$1,000,000 (revenue.min filter, exact value not returned by Blitz company-search)",Staffing and Recruiting,,yes,Round 2: Blitz Find People scoped to company.linkedin_url (previously-unsourced companies from the full ICP company universe)
24-Hour Medical Staffing Services,https://www.24-hrmed.com,https://www.linkedin.com/company/24-hour-medical-staffing-services,Diamond Bar,US,76,">=$1,000,000 (revenue.min filter, exact value not returned by Blitz company-search)",Staffing and Recruiting,,yes,Round 2: Blitz Find People scoped to company.linkedin_url (previously-unsourced companies from the full ICP company universe)
323 Staffing Solutions,https://www.323staffingsolutions.com,https://www.linkedin.com/company/323-staffing-solutions,Owensboro,US,60,">=$1,000,000 (revenue.min filter, exact value not returned by Blitz company-search)",Staffing and Recruiting,,yes,Round 2: Blitz Find People scoped to company.linkedin_url (previously-unsourced companies from the full ICP company universe)
360 Degree Medicine,https://www.360degreemedicine.com,https://www.linkedin.com/company/360-degree-medicine,Branson,US,27,">=$1,000,000 (revenue.min filter, exact value not returned by Blitz company-search)",Staffing and Recruiting,,yes,Round 2: Blitz Find People scoped to company.linkedin_url (previously-unsourced companies from the full ICP company universe)
3coast,https://www.3coast.com,https://www.linkedin.com/company/3coast,Webster,US,24,">=$1,000,000 (revenue.min filter, exact value not returned by Blitz company-search)",Staffing and Recruiting,,yes,Round 2: Blitz Find People scoped to company.linkedin_url (previously-unsourced companies from the full ICP company universe)
6h Talent,https://www.6htalent.com,https://www.linkedin.com/company/6h-talent,Remote,US,10,">=$1,000,000 (revenue.min filter, exact value not returned by Blitz company-search)",Staffing and Recruiting,,yes,Round 2: Blitz Find People scoped to company.linkedin_url (previously-unsourced companies from the full ICP company universe)
804 Technology,https://www.804technology.com,https://www.linkedin.com/company/804-technology,Cottleville,US,47,">=$1,000,000 (revenue.min filter, exact value not returned by Blitz company-search)",Staffing and Recruiting,,yes,Round 2: Blitz Find People scoped to company.linkedin_url (previously-unsourced companies from the full ICP company universe)
A.D. Susman & Associates,https://www.adsusman.com,https://www.linkedin.com/company/a-d--susman-&-associates,Houston,US,33,">=$1,000,000 (revenue.min filter, exact value not returned by Blitz company-search)",Staffing and Recruiting,,yes,Round 2: Blitz Find People scoped to company.linkedin_url (previously-unsourced companies from the full ICP company universe)
"A Friend Of The Family Home Services, Inc",https://www.afriend.com,https://www.linkedin.com/company/a-friend-of-the-family-home-services-inc.,Athens,US,33,">=$1,000,000 (revenue.min filter, exact value not returned by Blitz company-search)",Staffing and Recruiting,,yes,Round 2: Blitz Find People scoped to company.linkedin_url (previously-unsourced companies from the full ICP company universe)
A.R. Mazzotta Employment Specialists,https://www.armazzotta.com,https://www.linkedin.com/company/a-r--mazzotta-employment-specialists,Middletown,US,40,">=$1,000,000 (revenue.min filter, exact value not returned by Blitz company-search)",Staffing and Recruiting,,yes,Round 2: Blitz Find People scoped to company.linkedin_url (previously-unsourced companies from the full ICP company universe)
A-Star Staffing,https://www.astarstaffing.com,https://www.linkedin.com/company/a-star-staffing-inc.,San Diego,US,18,">=$1,000,000 (revenue.min filter, exact value not returned by Blitz company-search)",Staffing and Recruiting,,yes,Round 2: Blitz Find People scoped to company.linkedin_url (previously-unsourced companies from the full ICP company universe)
Aaim,https://www.aaimstl.org,https://www.linkedin.com/company/aaim,Saint Louis,US,73,">=$1,000,000 (revenue.min filter, exact value not returned by Blitz company-search)",Human Resources Services,,yes,Round 2: Blitz Find People scoped to company.linkedin_url (previously-unsourced companies from the full ICP company universe)
Aarp Foundation Senior Community Serivce Employment Program,https://aarpworksearch.org,https://www.linkedin.com/company/aarp-foundation-senior-community-serivce-employment-program,Orlando,US,55,">=$1,000,000 (revenue.min filter, exact value not returned by Blitz company-search)",Human Resources Services,,yes,Round 2: Blitz Find People scoped to company.linkedin_url (previously-unsourced companies from the full ICP company universe)
Abc Staffing Llc,https://www.abcstaffingpgh.com,https://www.linkedin.com/company/abc-staffing-llc,Pittsburgh,US,12,">=$1,000,000 (revenue.min filter, exact value not returned by Blitz company-search)",Staffing and Recruiting,,yes,Round 2: Blitz Find People scoped to company.linkedin_url (previously-unsourced companies from the full ICP company universe)
Abel Personnel,https://www.abelpersonnel.com,https://www.linkedin.com/company/abelpersonnel,Harrisburg,US,78,">=$1,000,000 (revenue.min filter, exact value not returned by Blitz company-search)",Staffing and Recruiting,,yes,Round 2: Blitz Find People scoped to company.linkedin_url (previously-unsourced companies from the full ICP company universe)
Abilities Unlimited Inc,https://www.abilitiesunlimitedinc.com,https://www.linkedin.com/company/abilities-unlimited-inc.,Houston,US,37,">=$1,000,000 (revenue.min filter, exact value not returned by Blitz company-search)",Staffing and Recruiting,,yes,Round 2: Blitz Find People scoped to company.linkedin_url (previously-unsourced companies from the full ICP company universe)
"Ability Works Rehab Services, Llc",https://www.abilityworksrehab.com,https://www.linkedin.com/company/ability-works-rehab-services-llc,Farmington Hills,US,285,">=$1,000,000 (revenue.min filter, exact value not returned by Blitz company-search)",Staffing and Recruiting,,yes,Round 2: Blitz Find People scoped to company.linkedin_url (previously-unsourced companies from the full ICP company universe)
Able Associates,https://www.able.jobs,https://www.linkedin.com/company/able-associates,Fall River,US,39,">=$1,000,000 (revenue.min filter, exact value not returned by Blitz company-search)",Staffing and Recruiting,,yes,Round 2: Blitz Find People scoped to company.linkedin_url (previously-unsourced companies from the full ICP company universe)
Absolute Staffers,https://www.absolutestaffers.com,https://www.linkedin.com/company/absolute-staffers,Fulton,US,28,">=$1,000,000 (revenue.min filter, exact value not returned by Blitz company-search)",Staffing and Recruiting,,yes,Round 2: Blitz Find People scoped to company.linkedin_url (previously-unsourced companies from the full ICP company universe)
"Acadia Technologies, Inc",https://www.acadiatechnologies.com,https://www.linkedin.com/company/acadia-technologies-inc-,Duluth,US,68,">=$1,000,000 (revenue.min filter, exact value not returned by Blitz company-search)",Staffing and Recruiting,,yes,Round 2: Blitz Find People scoped to company.linkedin_url (previously-unsourced companies from the full ICP company universe)
Accel Temporary Services,https://www.acceltemps.com,https://www.linkedin.com/company/accel-temporary-services,Washington Court House,US,11,">=$1,000,000 (revenue.min filter, exact value not returned by Blitz company-search)",Staffing and Recruiting,,yes,Round 2: Blitz Find People scoped to company.linkedin_url (previously-unsourced companies from the full ICP company universe)
Accesspoint,https://www.apteam.com,https://www.linkedin.com/company/accesspoint,Farmington Hills,US,167,">=$1,000,000 (revenue.min filter, exact value not returned by Blitz company-search)",Human Resources Services,,yes,Round 2: Blitz Find People scoped to company.linkedin_url (previously-unsourced companies from the full ICP company universe)
"Access Therapies, Inc",https://www.accesstherapies.com,https://www.linkedin.com/company/accesstherapies,Indianapolis,US,53,">=$1,000,000 (revenue.min filter, exact value not returned by Blitz company-search)",Staffing and Recruiting,,yes,Round 2: Blitz Find People scoped to company.linkedin_url (previously-unsourced companies from the full ICP company universe)
Accord Federal Services,https://www.accordfederal.com,https://www.linkedin.com/company/accord-federal-services,Knoxville,US,27,">=$1,000,000 (revenue.min filter, exact value not returned by Blitz company-search)",Human Resources Services,,yes,Round 2: Blitz Find People scoped to company.linkedin_url (previously-unsourced companies from the full ICP company universe)
Accounting Now,https://www.accountingnow.com,https://www.linkedin.com/company/accounting-now,Jacksonville,US,40,">=$1,000,000 (revenue.min filter, exact value not returned by Blitz company-search)",Staffing and Recruiting,,yes,Round 2: Blitz Find People scoped to company.linkedin_url (previously-unsourced companies from the full ICP company universe)
AccuForce HR Solutions,https://www.accuforce.com,https://www.linkedin.com/company/accuforce,Kingsport,US,65,">=$1,000,000 (revenue.min filter, exact value not returned by Blitz company-search)",Human Resources Services,,yes,Round 2: Blitz Find People scoped to company.linkedin_url (previously-unsourced companies from the full ICP company universe)
Accupay Hcm,https://www.accupayhcm.com,https://www.linkedin.com/company/accupay-hcm,St. Louis,US,10,">=$1,000,000 (revenue.min filter, exact value not returned by Blitz company-search)",Human Resources Services,,yes,Round 2: Blitz Find People scoped to company.linkedin_url (previously-unsourced companies from the full ICP company universe)
Accurate Healthcare Professionals,https://www.accuratehealthcareprofessionals.com,https://www.linkedin.com/company/accurate-healthcare-professionals,Louisville,US,53,">=$1,000,000 (revenue.min filter, exact value not returned by Blitz company-search)",Staffing and Recruiting,,yes,Round 2: Blitz Find People scoped to company.linkedin_url (previously-unsourced companies from the full ICP company universe)
Accurate Logistics,https://www.accuratelogistics.net,https://www.linkedin.com/company/accurate-logistics,Richmond,US,112,">=$1,000,000 (revenue.min filter, exact value not returned by Blitz company-search)",Human Resources Services,,yes,Round 2: Blitz Find People scoped to company.linkedin_url (previously-unsourced companies from the full ICP company universe)
Ace Personnel,https://www.acepersonnel.com,https://www.linkedin.com/company/ace-personnel,Mission,US,39,">=$1,000,000 (revenue.min filter, exact value not returned by Blitz company-search)",Staffing and Recruiting,,yes,Round 2: Blitz Find People scoped to company.linkedin_url (previously-unsourced companies from the full ICP company universe)
Ace Technologies,https://acetechnologies.com,https://www.linkedin.com/company/acetechnologies,San Jose,US,296,">=$1,000,000 (revenue.min filter, exact value not returned by Blitz company-search)",Staffing and Recruiting,,yes,Round 2: Blitz Find People scoped to company.linkedin_url (previously-unsourced companies from the full ICP company universe)
AchieveAbilities LLC,https://www.achieveabilities.net,https://www.linkedin.com/company/achieve-abilities-llc,Monona,US,23,">=$1,000,000 (revenue.min filter, exact value not returned by Blitz company-search)",Staffing and Recruiting,,yes,Round 2: Blitz Find People scoped to company.linkedin_url (previously-unsourced companies from the full ICP company universe)
"The ACI Group, Inc.",https://www.aci.com,https://www.linkedin.com/company/acigroup,Towson,US,49,">=$1,000,000 (revenue.min filter, exact value not returned by Blitz company-search)",Staffing and Recruiting,,yes,Round 2: Blitz Find People scoped to company.linkedin_url (previously-unsourced companies from the full ICP company universe)
Aclat Inc,https://www.aclatinc.com,https://www.linkedin.com/company/aclat-inc,Arlington Heights,US,48,">=$1,000,000 (revenue.min filter, exact value not returned by Blitz company-search)",Staffing and Recruiting,,yes,Round 2: Blitz Find People scoped to company.linkedin_url (previously-unsourced companies from the full ICP company universe)
Acrux Staffing,https://www.acruxstaffing.com,https://www.linkedin.com/company/acrux-staffing,North Charleston,US,92,">=$1,000,000 (revenue.min filter, exact value not returned by Blitz company-search)",Staffing and Recruiting,,yes,Round 2: Blitz Find People scoped to company.linkedin_url (previously-unsourced companies from the full ICP company universe)
"Act Personnel Service, Inc",https://www.actpersonnel.com,https://www.linkedin.com/company/act-personnel-service-inc.,Cumberland,US,17,">=$1,000,000 (revenue.min filter, exact value not returned by Blitz company-search)",Staffing and Recruiting,,yes,Round 2: Blitz Find People scoped to company.linkedin_url (previously-unsourced companies from the full ICP company universe)
Action Logistix,https://www.actionlogistix.com,https://www.linkedin.com/company/action-logistix,Bridgeton,US,26,">=$1,000,000 (revenue.min filter, exact value not returned by Blitz company-search)",Staffing and Recruiting,,yes,Round 2: Blitz Find People scoped to company.linkedin_url (previously-unsourced companies from the full ICP company universe)
Action Technology,https://www.action-tech.com,https://www.linkedin.com/company/actiontechnology,Chesterfield,US,38,">=$1,000,000 (revenue.min filter, exact value not returned by Blitz company-search)",Staffing and Recruiting,,yes,Round 2: Blitz Find People scoped to company.linkedin_url (previously-unsourced companies from the full ICP company universe)
Adams Cg,https://adams-cg.com,https://www.linkedin.com/company/adams-cg-inc,Fletcher,US,23,">=$1,000,000 (revenue.min filter, exact value not returned by Blitz company-search)",Executive Search Services,,yes,Round 2: Blitz Find People scoped to company.linkedin_url (previously-unsourced companies from the full ICP company universe)
"Adams, Evens, & Ross",https://www.staffingdebt.com,https://www.linkedin.com/company/adams-evens-&-ross---an-inc-500-company,Canton,US,24,">=$1,000,000 (revenue.min filter, exact value not returned by Blitz company-search)",Staffing and Recruiting,,yes,Round 2: Blitz Find People scoped to company.linkedin_url (previously-unsourced companies from the full ICP company universe)
Adams Larocca,https://www.adamslarocca.com,https://www.linkedin.com/company/adams-larocca,Fort Lauderdale,US,13,">=$1,000,000 (revenue.min filter, exact value not returned by Blitz company-search)",Human Resources Services,,yes,Round 2: Blitz Find People scoped to company.linkedin_url (previously-unsourced companies from the full ICP company universe)
Adapt Staffing Agency,https://adaptstaffingagency.com,https://www.linkedin.com/company/adapt-staffing-agency,Richmond,US,10,">=$1,000,000 (revenue.min filter, exact value not returned by Blitz company-search)",Staffing and Recruiting,,yes,Round 2: Blitz Find People scoped to company.linkedin_url (previously-unsourced companies from the full ICP company universe)
"Add Staff, Inc",https://www.addstaffinc.com,https://www.linkedin.com/company/add-staff-inc-,Colorado Springs,US,47,">=$1,000,000 (revenue.min filter, exact value not returned by Blitz company-search)",Staffing and Recruiting,,yes,Round 2: Blitz Find People scoped to company.linkedin_url (previously-unsourced companies from the full ICP company universe)
Adecco Medical,https://www.adecco.fr/medical,https://www.linkedin.com/company/adeccomedical,Villeurbanne,FR,1893,">=$1,000,000 (revenue.min filter, exact value not returned by Blitz company-search)",Human Resources Services,,yes,Round 2: Blitz Find People scoped to company.linkedin_url (previously-unsourced companies from the full ICP company universe)
Adept Solutions Inc,https://adeptsolutionsinc.com,https://www.linkedin.com/company/adeptsolutioninc,Irving,US,36,">=$1,000,000 (revenue.min filter, exact value not returned by Blitz company-search)",Staffing and Recruiting,,yes,Round 2: Blitz Find People scoped to company.linkedin_url (previously-unsourced companies from the full ICP company universe)
"Adex Healthcare Staffing, Llc",https://www.adextravelnursing.com,https://www.linkedin.com/company/adex-healtcare-staffing-llc,Temple Terrace,US,80,">=$1,000,000 (revenue.min filter, exact value not returned by Blitz company-search)",Staffing and Recruiting,,yes,Round 2: Blitz Find People scoped to company.linkedin_url (previously-unsourced companies from the full ICP company universe)
Admiral Staffing Inc,https://admiralstaffinginc.com,https://www.linkedin.com/company/admiral-staffing-inc-,New York,US,30,">=$1,000,000 (revenue.min filter, exact value not returned by Blitz company-search)",Staffing and Recruiting,,yes,Round 2: Blitz Find People scoped to company.linkedin_url (previously-unsourced companies from the full ICP company universe)
Adnet Accountnet Inc,https://www.adnetp3.com,https://www.linkedin.com/company/adnet-accountnet-inc-,Baltimore,US,41,">=$1,000,000 (revenue.min filter, exact value not returned by Blitz company-search)",Human Resources Services,,yes,Round 2: Blitz Find People scoped to company.linkedin_url (previously-unsourced companies from the full ICP company universe)
"Adonai Employment, Inc",https://www.adonai-employment.org,https://www.linkedin.com/company/adonai-employment-inc.,Milwaukee,US,13,">=$1,000,000 (revenue.min filter, exact value not returned by Blitz company-search)",Human Resources Services,,yes,Round 2: Blitz Find People scoped to company.linkedin_url (previously-unsourced companies from the full ICP company universe)
Advance Search,https://www.advancesearch.com,https://www.linkedin.com/company/advance-search,Deerfield,US,11,">=$1,000,000 (revenue.min filter, exact value not returned by Blitz company-search)",Staffing and Recruiting,,yes,Round 2: Blitz Find People scoped to company.linkedin_url (previously-unsourced companies from the full ICP company universe)
Advance Service Company Inc,https://www.advanceservices.com,https://www.linkedin.com/company/advance-service-company-inc,La Vista,US,10,">=$1,000,000 (revenue.min filter, exact value not returned by Blitz company-search)",Staffing and Recruiting,,yes,Round 2: Blitz Find People scoped to company.linkedin_url (previously-unsourced companies from the full ICP company universe)
The Advance Group Staffing,https://www.theadvancegroupjobs.com,https://www.linkedin.com/company/advance-staffing-solutions,Sylvania,US,62,">=$1,000,000 (revenue.min filter, exact value not returned by Blitz company-search)",Staffing and Recruiting,,yes,Round 2: Blitz Find People scoped to company.linkedin_url (previously-unsourced companies from the full ICP company universe)
"Advanced Employment Services, Inc",https://advancedemployment.com,https://www.linkedin.com/company/advanced-employment-services,San Francisco,US,38,">=$1,000,000 (revenue.min filter, exact value not returned by Blitz company-search)",Staffing and Recruiting,,yes,Round 2: Blitz Find People scoped to company.linkedin_url (previously-unsourced companies from the full ICP company universe)
Advanced Staffing Inc ®,https://www.advancedstaffinginc.com,https://www.linkedin.com/company/advanced-staffing-inc-,Beaumont,US,23,">=$1,000,000 (revenue.min filter, exact value not returned by Blitz company-search)",Staffing and Recruiting,,yes,Round 2: Blitz Find People scoped to company.linkedin_url (previously-unsourced companies from the full ICP company universe)
Advantage Resource Group,https://www.theadvantages.com,https://www.linkedin.com/company/advantage-resource-group,Altoona,US,34,">=$1,000,000 (revenue.min filter, exact value not returned by Blitz company-search)",Human Resources Services,,yes,Round 2: Blitz Find People scoped to company.linkedin_url (previously-unsourced companies from the full ICP company universe)
Advantage Rn,https://www.advantagern.com,https://www.linkedin.com/company/advantage-rn,West Chester,US,217,">=$1,000,000 (revenue.min filter, exact value not returned by Blitz company-search)",Staffing and Recruiting,,yes,Round 2: Blitz Find People scoped to company.linkedin_url (previously-unsourced companies from the full ICP company universe)
Advantage Staffing,https://www.astaff.com,https://www.linkedin.com/company/advantage-staffing_2,Birmingham,US,225,">=$1,000,000 (revenue.min filter, exact value not returned by Blitz company-search)",Human Resources Services,,yes,Round 2: Blitz Find People scoped to company.linkedin_url (previously-unsourced companies from the full ICP company universe)
Advantastaff,https://www.advantastaff.com,https://www.linkedin.com/company/advantastaff-inc,Chester,US,33,">=$1,000,000 (revenue.min filter, exact value not returned by Blitz company-search)",Staffing and Recruiting,,yes,Round 2: Blitz Find People scoped to company.linkedin_url (previously-unsourced companies from the full ICP company universe)
"Advastar, Inc.  |  Recruiting & Staffing",https://www.advastargroup.com,https://www.linkedin.com/company/advastar,Leawood,US,23,">=$1,000,000 (revenue.min filter, exact value not returned by Blitz company-search)",Staffing and Recruiting,,yes,Round 2: Blitz Find People scoped to company.linkedin_url (previously-unsourced companies from the full ICP company universe)
Aequor Healthcare Services,https://www.aequor.com,https://www.linkedin.com/company/aequor-healthcare,Piscataway,US,176,">=$1,000,000 (revenue.min filter, exact value not returned by Blitz company-search)",Staffing and Recruiting,,yes,Round 2: Blitz Find People scoped to company.linkedin_url (previously-unsourced companies from the full ICP company universe)
Aetea Information Technology,https://www.aetea.com,https://www.linkedin.com/company/aetea-information-technology,Blue Bell,US,62,">=$1,000,000 (revenue.min filter, exact value not returned by Blitz company-search)",Staffing and Recruiting,,yes,Round 2: Blitz Find People scoped to company.linkedin_url (previously-unsourced companies from the full ICP company universe)
Ahs Pharmstat,https://www.ahspharmstat.com,https://www.linkedin.com/company/ahs-pharmstat,Edmond,US,151,">=$1,000,000 (revenue.min filter, exact value not returned by Blitz company-search)",Staffing and Recruiting,,yes,Round 2: Blitz Find People scoped to company.linkedin_url (previously-unsourced companies from the full ICP company universe)
"Aid & Assist At Home, Inc",https://www.assistathome.net,https://www.linkedin.com/company/aid-&-assist-at-home-inc.,Bristol,US,180,">=$1,000,000 (revenue.min filter, exact value not returned by Blitz company-search)",Human Resources Services,,yes,Round 2: Blitz Find People scoped to company.linkedin_url (previously-unsourced companies from the full ICP company universe)
Aiken Staffing Associates,https://www.aikenstaffing.com,https://www.linkedin.com/company/aiken-staffing-associates,Aiken,US,21,">=$1,000,000 (revenue.min filter, exact value not returned by Blitz company-search)",Staffing and Recruiting,,yes,Round 2: Blitz Find People scoped to company.linkedin_url (previously-unsourced companies from the full ICP company universe)
Ajulia Executive Search,https://ajuliaexecutivesearch.com,https://www.linkedin.com/company/ajuliaexecutivesearch,New York City,US,211,">=$1,000,000 (revenue.min filter, exact value not returned by Blitz company-search)",Staffing and Recruiting,,yes,Round 2: Blitz Find People scoped to company.linkedin_url (previously-unsourced companies from the full ICP company universe)
Alderson Convalescent Hospital,https://www.achwoodland.com,https://www.linkedin.com/company/alderson-convalescent-hospital,Woodland,US,24,">=$1,000,000 (revenue.min filter, exact value not returned by Blitz company-search)",Human Resources Services,,yes,Round 2: Blitz Find People scoped to company.linkedin_url (previously-unsourced companies from the full ICP company universe)
Alexander Consulting,https://www.alexconsult.com,https://www.linkedin.com/company/alexander-consulting,Tampa,US,39,">=$1,000,000 (revenue.min filter, exact value not returned by Blitz company-search)",Staffing and Recruiting,,yes,Round 2: Blitz Find People scoped to company.linkedin_url (previously-unsourced companies from the full ICP company universe)
Alignstaffing,https://www.alignstaffing.com,https://www.linkedin.com/company/alignstaffing,,US,103,">=$1,000,000 (revenue.min filter, exact value not returned by Blitz company-search)",Staffing and Recruiting,,yes,Round 2: Blitz Find People scoped to company.linkedin_url (previously-unsourced companies from the full ICP company universe)
Alkar Human Resources,https://www.1alkar.com,https://www.linkedin.com/company/alkar-human-resources,Napa,US,85,">=$1,000,000 (revenue.min filter, exact value not returned by Blitz company-search)",Staffing and Recruiting,,yes,Round 2: Blitz Find People scoped to company.linkedin_url (previously-unsourced companies from the full ICP company universe)
All American Cleaners,https://allamericancleaners.net,https://www.linkedin.com/company/all-american-cleaners,Northridge,US,25,">=$1,000,000 (revenue.min filter, exact value not returned by Blitz company-search)",Staffing and Recruiting,,yes,Round 2: Blitz Find People scoped to company.linkedin_url (previously-unsourced companies from the full ICP company universe)
All In One Employment Services,https://www.allinoneemployment.com,https://www.linkedin.com/company/all-in-one-employment-services,Miami,US,44,">=$1,000,000 (revenue.min filter, exact value not returned by Blitz company-search)",Staffing and Recruiting,,yes,Round 2: Blitz Find People scoped to company.linkedin_url (previously-unsourced companies from the full ICP company universe)
"All-Pro Placement Svc, Inc",https://www.allproplacement.com,https://www.linkedin.com/company/all-pro-placement-svc-inc-,Cockeysville,US,10,">=$1,000,000 (revenue.min filter, exact value not returned by Blitz company-search)",Staffing and Recruiting,,yes,Round 2: Blitz Find People scoped to company.linkedin_url (previously-unsourced companies from the full ICP company universe)
All Staffing Inc,https://www.allstaffinginc.com,https://www.linkedin.com/company/all-staffing-inc,Owings Mills,US,39,">=$1,000,000 (revenue.min filter, exact value not returned by Blitz company-search)",Staffing and Recruiting,,yes,Round 2: Blitz Find People scoped to company.linkedin_url (previously-unsourced companies from the full ICP company universe)
All Star Consulting,https://ww.all-stars.com,https://www.linkedin.com/company/all-star-consulting,San Francisco,US,63,">=$1,000,000 (revenue.min filter, exact value not returned by Blitz company-search)",Staffing and Recruiting,,yes,Round 2: Blitz Find People scoped to company.linkedin_url (previously-unsourced companies from the full ICP company universe)
All-Star Personnel,https://www.all-starpersonnel.com,https://www.linkedin.com/company/all-star-personnel,Franklin,US,49,">=$1,000,000 (revenue.min filter, exact value not returned by Blitz company-search)",Staffing and Recruiting,,yes,Round 2: Blitz Find People scoped to company.linkedin_url (previously-unsourced companies from the full ICP company universe)
"All Tex Staffing & Personnel, Inc",https://alltexpersonnel.com,https://www.linkedin.com/company/all-tex-staffing-personnel-inc,Houston,US,38,">=$1,000,000 (revenue.min filter, exact value not returned by Blitz company-search)",Staffing and Recruiting,,yes,Round 2: Blitz Find People scoped to company.linkedin_url (previously-unsourced companies from the full ICP company universe)
"All1staffing, Llc",https://www.all1staffing.com,https://www.linkedin.com/company/all1staffing-llc,Elmhurst,US,17,">=$1,000,000 (revenue.min filter, exact value not returned by Blitz company-search)",Staffing and Recruiting,,yes,Round 2: Blitz Find People scoped to company.linkedin_url (previously-unsourced companies from the full ICP company universe)
"Allegiance Staffing, Llc",https://www.allegiancestaffing.com,https://www.linkedin.com/company/allegiancestaffing,Hickory,US,14,">=$1,000,000 (revenue.min filter, exact value not returned by Blitz company-search)",Staffing and Recruiting,,yes,Round 2: Blitz Find People scoped to company.linkedin_url (previously-unsourced companies from the full ICP company universe)
"Alliance For Strategic Growth, Inc",https://asgcorp.org,https://www.linkedin.com/company/alliance-for-strategic-growth-inc,Muncie,US,10,">=$1,000,000 (revenue.min filter, exact value not returned by Blitz company-search)",Staffing and Recruiting,,yes,Round 2: Blitz Find People scoped to company.linkedin_url (previously-unsourced companies from the full ICP company universe)
Alliance Personnel Inc,https://www.aphawaii.com,https://www.linkedin.com/company/alliance-personnel-inc,Honolulu,US,25,">=$1,000,000 (revenue.min filter, exact value not returned by Blitz company-search)",Staffing and Recruiting,,yes,Round 2: Blitz Find People scoped to company.linkedin_url (previously-unsourced companies from the full ICP company universe)
"Alliance Professional Services, Llc",https://www.allianceprofessionalservices.com,https://www.linkedin.com/company/alliance-professional-services,Collierville,US,11,">=$1,000,000 (revenue.min filter, exact value not returned by Blitz company-search)",Staffing and Recruiting,,yes,Round 2: Blitz Find People scoped to company.linkedin_url (previously-unsourced companies from the full ICP company universe)
"Alliance Services, Inc.",https://www.asi-wi.com,https://www.linkedin.com/company/alliance-services-inc.,West Bend,US,27,">=$1,000,000 (revenue.min filter, exact value not returned by Blitz company-search)",Staffing and Recruiting,,yes,Round 2: Blitz Find People scoped to company.linkedin_url (previously-unsourced companies from the full ICP company universe)
Alliance Electrical Staffing,https://www.allianceelectricalstaffing.com,https://www.linkedin.com/company/allianceelectricalstaffing,Manassas,US,21,">=$1,000,000 (revenue.min filter, exact value not returned by Blitz company-search)",Staffing and Recruiting,,yes,Round 2: Blitz Find People scoped to company.linkedin_url (previously-unsourced companies from the full ICP company universe)
AllStar Staffing Group,https://www.allstarstaffinggroup.com,https://www.linkedin.com/company/allstar-staffing-group,Trevose,US,31,">=$1,000,000 (revenue.min filter, exact value not returned by Blitz company-search)",Staffing and Recruiting,,yes,Round 2: Blitz Find People scoped to company.linkedin_url (previously-unsourced companies from the full ICP company universe)
AllStates Consulting Services,https://www.allstatesconsulting.net,https://www.linkedin.com/company/allstates-consulting-services,Addison,US,35,">=$1,000,000 (revenue.min filter, exact value not returned by Blitz company-search)",Staffing and Recruiting,,yes,Round 2: Blitz Find People scoped to company.linkedin_url (previously-unsourced companies from the full ICP company universe)
Alpha Consulting Corp.,https://www.alphaconsulting.com,https://www.linkedin.com/company/alphaconsultingcorp,East Brunswick,US,161,">=$1,000,000 (revenue.min filter, exact value not returned by Blitz company-search)",Staffing and Recruiting,,yes,Round 2: Blitz Find People scoped to company.linkedin_url (previously-unsourced companies from the full ICP company universe)
"Alternative Staffing, Inc",https://www.alternativestaffing.com,https://www.linkedin.com/company/alternative-staffing-inc-,North Charleston,US,93,">=$1,000,000 (revenue.min filter, exact value not returned by Blitz company-search)",Staffing and Recruiting,,yes,Round 2: Blitz Find People scoped to company.linkedin_url (previously-unsourced companies from the full ICP company universe)
Altos Federal Group,https://www.altosgroup.com,https://www.linkedin.com/company/altos-federal-group,Reston,US,25,">=$1,000,000 (revenue.min filter, exact value not returned by Blitz company-search)",Staffing and Recruiting,,yes,Round 2: Blitz Find People scoped to company.linkedin_url (previously-unsourced companies from the full ICP company universe)
Altres Staffing,https://www.altres.com,https://www.linkedin.com/company/altres-staffing,Honolulu,US,85,">=$1,000,000 (revenue.min filter, exact value not returned by Blitz company-search)",Staffing and Recruiting,,yes,Round 2: Blitz Find People scoped to company.linkedin_url (previously-unsourced companies from the full ICP company universe)
American Staffing Professionals,https://www.americanstaffingpros.com,https://www.linkedin.com/company/american-staffing-professionals,Spanish Fork,US,21,">=$1,000,000 (revenue.min filter, exact value not returned by Blitz company-search)",Staffing and Recruiting,,yes,Round 2: Blitz Find People scoped to company.linkedin_url (previously-unsourced companies from the full ICP company universe)
"AmeriTech Staffing, Inc.",https://www.ameritechsi.com,https://www.linkedin.com/company/ameritech-staffing-inc-,Houston,US,36,">=$1,000,000 (revenue.min filter, exact value not returned by Blitz company-search)",Staffing and Recruiting,,yes,Round 2: Blitz Find People scoped to company.linkedin_url (previously-unsourced companies from the full ICP company universe)
Amys Cleaning Service,https://www.amescleaningaustin.com,https://www.linkedin.com/company/amys-cleaning-service,Bellingham,US,79,">=$1,000,000 (revenue.min filter, exact value not returned by Blitz company-search)",Human Resources Services,,yes,Round 2: Blitz Find People scoped to company.linkedin_url (previously-unsourced companies from the full ICP company universe)
"Anchor Staffing, Inc",https://www.anchorstaffing.com,https://www.linkedin.com/company/anchorstaffing-inc,Chicago,US,23,">=$1,000,000 (revenue.min filter, exact value not returned by Blitz company-search)",Staffing and Recruiting,,yes,Round 2: Blitz Find People scoped to company.linkedin_url (previously-unsourced companies from the full ICP company universe)
Anderson Frank,https://www.andersonfrank.com/insights/take-the-netsuite-survey,https://www.linkedin.com/company/anderson-frank,,US,148,">=$1,000,000 (revenue.min filter, exact value not returned by Blitz company-search)",Staffing and Recruiting,,yes,Round 2: Blitz Find People scoped to company.linkedin_url (previously-unsourced companies from the full ICP company universe)
Andrews & Associates,https://www.andrews-salt.com,https://www.linkedin.com/company/andrews-&-associates,Broken Arrow,US,19,">=$1,000,000 (revenue.min filter, exact value not returned by Blitz company-search)",Staffing and Recruiting,,yes,Round 2: Blitz Find People scoped to company.linkedin_url (previously-unsourced companies from the full ICP company universe)
Angel Staffing,https://www.angelstaffing.net,https://www.linkedin.com/company/angel-staffing,San Antonio,US,172,">=$1,000,000 (revenue.min filter, exact value not returned by Blitz company-search)",Staffing and Recruiting,,yes,Round 2: Blitz Find People scoped to company.linkedin_url (previously-unsourced companies from the full ICP company universe)
"APA Search, Inc.",https://www.apasearch.com,https://www.linkedin.com/company/apa-search,New Canaan,US,24,">=$1,000,000 (revenue.min filter, exact value not returned by Blitz company-search)",Staffing and Recruiting,,yes,Round 2: Blitz Find People scoped to company.linkedin_url (previously-unsourced companies from the full ICP company universe)
"Apex Pension Strategies, Inc",https://www.apexpension.com,https://www.linkedin.com/company/apex-pension-strategies-inc.,Atlanta,US,10,">=$1,000,000 (revenue.min filter, exact value not returned by Blitz company-search)",Human Resources Services,,yes,Round 2: Blitz Find People scoped to company.linkedin_url (previously-unsourced companies from the full ICP company universe)
"Apex Staffing, Llc",https://www.apexjobs.net,https://www.linkedin.com/company/apex-staffing-llc.,Salt Lake City,US,53,">=$1,000,000 (revenue.min filter, exact value not returned by Blitz company-search)",Staffing and Recruiting,,yes,Round 2: Blitz Find People scoped to company.linkedin_url (previously-unsourced companies from the full ICP company universe)
"Apollo Staffing, Inc",https://www.staffapollo.com,https://www.linkedin.com/company/apollo-staffing-inc-,Covington,US,14,">=$1,000,000 (revenue.min filter, exact value not returned by Blitz company-search)",Staffing and Recruiting,,yes,Round 2: Blitz Find People scoped to company.linkedin_url (previously-unsourced companies from the full ICP company universe)
"Apollo Professional Solutions, Inc",https://www.apollopros.com,https://www.linkedin.com/company/apollopros,Salem,US,94,">=$1,000,000 (revenue.min filter, exact value not returned by Blitz company-search)",Staffing and Recruiting,,yes,Round 2: Blitz Find People scoped to company.linkedin_url (previously-unsourced companies from the full ICP company universe)
Apprentice Personnel,https://www.apprenticepersonnel.com,https://www.linkedin.com/company/apprentice-personnel,Colorado Spings,US,103,">=$1,000,000 (revenue.min filter, exact value not returned by Blitz company-search)",Staffing and Recruiting,,yes,Round 2: Blitz Find People scoped to company.linkedin_url (previously-unsourced companies from the full ICP company universe)
Arc Northland,https://arcnorthland.org,https://www.linkedin.com/company/arc-northland,Duluth,US,51,">=$1,000,000 (revenue.min filter, exact value not returned by Blitz company-search)",Staffing and Recruiting,,yes,Round 2: Blitz Find People scoped to company.linkedin_url (previously-unsourced companies from the full ICP company universe)
"Area Agency On Aging Of Northwest Arkansas, Inc",https://aaanwar.org,https://www.linkedin.com/company/area-agency-on-aging-of-northwest-arkansas-inc,Harrison,US,33,">=$1,000,000 (revenue.min filter, exact value not returned by Blitz company-search)",Staffing and Recruiting,,yes,Round 2: Blitz Find People scoped to company.linkedin_url (previously-unsourced companies from the full ICP company universe)
Arg Professional Staffing,https://www.argjobs.com,https://www.linkedin.com/company/arg-professional-staffing,Knoxville,US,37,">=$1,000,000 (revenue.min filter, exact value not returned by Blitz company-search)",Staffing and Recruiting,,yes,Round 2: Blitz Find People scoped to company.linkedin_url (previously-unsourced companies from the full ICP company universe)
Arizona Spinal Cord Injury Association,https://www.azspinal.org,https://www.linkedin.com/company/arizona-spinal-cord-injury-association,Phoenix,US,12,">=$1,000,000 (revenue.min filter, exact value not returned by Blitz company-search)",Human Resources Services,,yes,Round 2: Blitz Find People scoped to company.linkedin_url (previously-unsourced companies from the full ICP company universe)
"ARK Solutions, Inc.",https://www.arksolutionsinc.com,https://www.linkedin.com/company/arksolutionsinc,Reston,US,209,">=$1,000,000 (revenue.min filter, exact value not returned by Blitz company-search)",Staffing and Recruiting,,yes,Round 2: Blitz Find People scoped to company.linkedin_url (previously-unsourced companies from the full ICP company universe)
Arnold-Hanafin Corporation,https://www.arnold-hanafin.com,https://www.linkedin.com/company/arnold-hanafin-corporation,Boca Raton,US,21,">=$1,000,000 (revenue.min filter, exact value not returned by Blitz company-search)",Staffing and Recruiting,,yes,Round 2: Blitz Find People scoped to company.linkedin_url (previously-unsourced companies from the full ICP company universe)
Arps International Llc,https://www.arpsint.com,https://www.linkedin.com/company/arps-international,Ann Arbor,US,11,">=$1,000,000 (revenue.min filter, exact value not returned by Blitz company-search)",Staffing and Recruiting,,yes,Round 2: Blitz Find People scoped to company.linkedin_url (previously-unsourced companies from the full ICP company universe)
Arrowpoint Solutions,https://www.arrowpoint.us,https://www.linkedin.com/company/arrowpoint-solutions,Clearfield,US,27,">=$1,000,000 (revenue.min filter, exact value not returned by Blitz company-search)",Staffing and Recruiting,,yes,Round 2: Blitz Find People scoped to company.linkedin_url (previously-unsourced companies from the full ICP company universe)
Arth Consulting - An Executive Search Firm,https://www.arthitc.com,https://www.linkedin.com/company/arth-consulting,Austin,US,46,">=$1,000,000 (revenue.min filter, exact value not returned by Blitz company-search)",Staffing and Recruiting,,yes,Round 2: Blitz Find People scoped to company.linkedin_url (previously-unsourced companies from the full ICP company universe)
Arvon Staffing,https://www.arvon.com,https://www.linkedin.com/company/arvonstaffing,Virginia Beach,US,35,">=$1,000,000 (revenue.min filter, exact value not returned by Blitz company-search)",Staffing and Recruiting,,yes,Round 2: Blitz Find People scoped to company.linkedin_url (previously-unsourced companies from the full ICP company universe)
Aryes Staffing,https://www.aryesstaffing.com,https://www.linkedin.com/company/aryes-staffing,Columbus,US,32,">=$1,000,000 (revenue.min filter, exact value not returned by Blitz company-search)",Staffing and Recruiting,,yes,Round 2: Blitz Find People scoped to company.linkedin_url (previously-unsourced companies from the full ICP company universe)
Asap Business Solutions Inc,https://www.asapbiz.com,https://www.linkedin.com/company/asap-business-solutions-inc,,US,27,">=$1,000,000 (revenue.min filter, exact value not returned by Blitz company-search)",Staffing and Recruiting,,yes,Round 2: Blitz Find People scoped to company.linkedin_url (previously-unsourced companies from the full ICP company universe)
"Asap Professional Services, Inc",https://www.asapps.com,https://www.linkedin.com/company/asap-professional-services-inc,San Ramon,US,27,">=$1,000,000 (revenue.min filter, exact value not returned by Blitz company-search)",Staffing and Recruiting,,yes,Round 2: Blitz Find People scoped to company.linkedin_url (previously-unsourced companies from the full ICP company universe)
Asen Associates,https://www.asen.com,https://www.linkedin.com/company/asen-computer-associates,Schaumburg,US,32,">=$1,000,000 (revenue.min filter, exact value not returned by Blitz company-search)",Staffing and Recruiting,,yes,Round 2: Blitz Find People scoped to company.linkedin_url (previously-unsourced companies from the full ICP company universe)
Ashton Staffing,https://www.q-staffing.com,https://www.linkedin.com/company/ashton-staffing,Kennesaw,US,79,">=$1,000,000 (revenue.min filter, exact value not returned by Blitz company-search)",Staffing and Recruiting,,yes,Round 2: Blitz Find People scoped to company.linkedin_url (previously-unsourced companies from the full ICP company universe)
Asian Pacific Community Counseling Transcultural Wellness Center,https://www.apccounseling.org,https://www.linkedin.com/company/asian-pacific-counseling-center-transcultural-wellness-center,,US,13,">=$1,000,000 (revenue.min filter, exact value not returned by Blitz company-search)",Human Resources Services,,yes,Round 2: Blitz Find People scoped to company.linkedin_url (previously-unsourced companies from the full ICP company universe)
Assess Systems,https://www.assess-systems.com,https://www.linkedin.com/company/assess-systems,Dallas,US,20,">=$1,000,000 (revenue.min filter, exact value not returned by Blitz company-search)",Human Resources Services,,yes,Round 2: Blitz Find People scoped to company.linkedin_url (previously-unsourced companies from the full ICP company universe)
Assist Healthcare Staffing,https://www.nursestaffing.com,https://www.linkedin.com/company/assist-healthcare-staffing,Blue Ridge,US,106,">=$1,000,000 (revenue.min filter, exact value not returned by Blitz company-search)",Staffing and Recruiting,,yes,Round 2: Blitz Find People scoped to company.linkedin_url (previously-unsourced companies from the full ICP company universe)
Associated Labor Corporation Of America,https://www.associatedlabor.com,https://www.linkedin.com/company/associated-labor-corporation-of-america,Wood Dale,US,10,">=$1,000,000 (revenue.min filter, exact value not returned by Blitz company-search)",Staffing and Recruiting,,yes,Round 2: Blitz Find People scoped to company.linkedin_url (previously-unsourced companies from the full ICP company universe)
Associates Staffing,https://www.associatesstaffing.com,https://www.linkedin.com/company/associates-staffing,Piqua,US,20,">=$1,000,000 (revenue.min filter, exact value not returned by Blitz company-search)",Staffing and Recruiting,,yes,Round 2: Blitz Find People scoped to company.linkedin_url (previously-unsourced companies from the full ICP company universe)
Athena East,https://www.athenaeast.com,https://www.linkedin.com/company/athena-east,San Francisco,US,27,">=$1,000,000 (revenue.min filter, exact value not returned by Blitz company-search)",Staffing and Recruiting,,yes,Round 2: Blitz Find People scoped to company.linkedin_url (previously-unsourced companies from the full ICP company universe)
"Atkinson Staffing, Inc",https://atkinsonstaffing.com,https://www.linkedin.com/company/atkinson-staffing,Hermiston,US,26,">=$1,000,000 (revenue.min filter, exact value not returned by Blitz company-search)",Staffing and Recruiting,,yes,Round 2: Blitz Find People scoped to company.linkedin_url (previously-unsourced companies from the full ICP company universe)
"Atlantic Management Resources, Inc.",https://www.amrjobs.com,https://www.linkedin.com/company/atlantic-management-resources-inc.,Warren,US,19,">=$1,000,000 (revenue.min filter, exact value not returned by Blitz company-search)",Staffing and Recruiting,,yes,Round 2: Blitz Find People scoped to company.linkedin_url (previously-unsourced companies from the full ICP company universe)
Atlantic Staffing Consultants,https://atlanticstaffing.net,https://www.linkedin.com/company/atlantic-staffing-consultants,Raleigh,US,22,">=$1,000,000 (revenue.min filter, exact value not returned by Blitz company-search)",Staffing and Recruiting,,yes,Round 2: Blitz Find People scoped to company.linkedin_url (previously-unsourced companies from the full ICP company universe)
Atlantic Workforce,https://www.atlanticworkforce.com,https://www.linkedin.com/company/atlantic-workforce,Buford,US,74,">=$1,000,000 (revenue.min filter, exact value not returned by Blitz company-search)",Staffing and Recruiting,,yes,Round 2: Blitz Find People scoped to company.linkedin_url (previously-unsourced companies from the full ICP company universe)
"Atlas Staffing, Inc",https://www.atlasstaffinginc.com,https://www.linkedin.com/company/atlas-staffinginc-inc,Saint Paul,US,266,">=$1,000,000 (revenue.min filter, exact value not returned by Blitz company-search)",Staffing and Recruiting,,yes,Round 2: Blitz Find People scoped to company.linkedin_url (previously-unsourced companies from the full ICP company universe)
Ats - Anchor Technical Services,https://www.anchortechnical.com,https://www.linkedin.com/company/ats-anchor-technical-services,Glen Burnie,US,11,">=$1,000,000 (revenue.min filter, exact value not returned by Blitz company-search)",Staffing and Recruiting,,yes,Round 2: Blitz Find People scoped to company.linkedin_url (previously-unsourced companies from the full ICP company universe)
Work Personnel Services,https://www.atwork.com/sf,https://www.linkedin.com/company/atworksf,San Francisco,US,102,">=$1,000,000 (revenue.min filter, exact value not returned by Blitz company-search)",Human Resources Services,,yes,Round 2: Blitz Find People scoped to company.linkedin_url (previously-unsourced companies from the full ICP company universe)
Aue Staffing Inc,https://www.auestaffing.com,https://www.linkedin.com/company/aue-staffing-solutions,Melbourne,US,126,">=$1,000,000 (revenue.min filter, exact value not returned by Blitz company-search)",Staffing and Recruiting,,yes,Round 2: Blitz Find People scoped to company.linkedin_url (previously-unsourced companies from the full ICP company universe)
"Augmentation, Inc",https://www.augmentation.com,https://www.linkedin.com/company/augmentation-inc.,Frederick,US,54,">=$1,000,000 (revenue.min filter, exact value not returned by Blitz company-search)",Staffing and Recruiting,,yes,Round 2: Blitz Find People scoped to company.linkedin_url (previously-unsourced companies from the full ICP company universe)
Aurico,https://www.aurico.com,https://www.linkedin.com/company/aurico,Rolling Meadows,US,45,">=$1,000,000 (revenue.min filter, exact value not returned by Blitz company-search)",Human Resources Services,,yes,Round 2: Blitz Find People scoped to company.linkedin_url (previously-unsourced companies from the full ICP company universe)
Austin Allen Company - Professional Recruitment,https://www.austinallen.com,https://www.linkedin.com/company/austin-allen-company-professional-recruitement,Memphis,US,13,">=$1,000,000 (revenue.min filter, exact value not returned by Blitz company-search)",Staffing and Recruiting,,yes,Round 2: Blitz Find People scoped to company.linkedin_url (previously-unsourced companies from the full ICP company universe)
"Austin Nichols Technical Search, Inc",https://www.austintec.com,https://www.linkedin.com/company/austin-nichols-technical-search-inc-,Kansas City,US,18,">=$1,000,000 (revenue.min filter, exact value not returned by Blitz company-search)",Staffing and Recruiting,,yes,Round 2: Blitz Find People scoped to company.linkedin_url (previously-unsourced companies from the full ICP company universe)
Ava Consulting,https://www.avaconsulting.com,https://www.linkedin.com/company/ava-consulting,Richardson,US,186,">=$1,000,000 (revenue.min filter, exact value not returned by Blitz company-search)",Staffing and Recruiting,,yes,Round 2: Blitz Find People scoped to company.linkedin_url (previously-unsourced companies from the full ICP company universe)
"Award Concepts, Inc",https://www.awardconcepts.net,https://www.linkedin.com/company/award-concepts-inc._2,Saint Charles,US,24,">=$1,000,000 (revenue.min filter, exact value not returned by Blitz company-search)",Human Resources Services,,yes,Round 2: Blitz Find People scoped to company.linkedin_url (previously-unsourced companies from the full ICP company universe)
Awards Network,https://www.awardsnetwork.com,https://www.linkedin.com/company/awards-network,La Porte,US,18,">=$1,000,000 (revenue.min filter, exact value not returned by Blitz company-search)",Human Resources Services,,yes,Round 2: Blitz Find People scoped to company.linkedin_url (previously-unsourced companies from the full ICP company universe)
Axius Technologies Inc,https://www.axiustek.com,https://www.linkedin.com/company/axius-technologies-inc-,Sterling,US,234,">=$1,000,000 (revenue.min filter, exact value not returned by Blitz company-search)",Staffing and Recruiting,,yes,Round 2: Blitz Find People scoped to company.linkedin_url (previously-unsourced companies from the full ICP company universe)
Babylon Public Library,https://www.babylonlibrary.org,https://www.linkedin.com/company/babylon-public-library,Babylon,US,24,">=$1,000,000 (revenue.min filter, exact value not returned by Blitz company-search)",Staffing and Recruiting,,yes,Round 2: Blitz Find People scoped to company.linkedin_url (previously-unsourced companies from the full ICP company universe)
Bane Staffing,https://www.banestaffing.com,https://www.linkedin.com/company/bane-staffing,Dayton,US,16,">=$1,000,000 (revenue.min filter, exact value not returned by Blitz company-search)",Human Resources Services,,yes,Round 2: Blitz Find People scoped to company.linkedin_url (previously-unsourced companies from the full ICP company universe)
Banner Staffing,https://www.bannerstaffing.net,https://www.linkedin.com/company/banner-staffing,Washington,US,76,">=$1,000,000 (revenue.min filter, exact value not returned by Blitz company-search)",Staffing and Recruiting,,yes,Round 2: Blitz Find People scoped to company.linkedin_url (previously-unsourced companies from the full ICP company universe)
Baptist Village Inc,https://baptistvillage.com,https://www.linkedin.com/company/baptist-village-inc,Waycross,US,22,">=$1,000,000 (revenue.min filter, exact value not returned by Blitz company-search)",Human Resources Services,,yes,Round 2: Blitz Find People scoped to company.linkedin_url (previously-unsourced companies from the full ICP company universe)
"B&b Reporting, Inc",https://www.bbreporting.com,https://www.linkedin.com/company/bbreporting,Scottsboro,US,22,">=$1,000,000 (revenue.min filter, exact value not returned by Blitz company-search)",Human Resources Services,,yes,Round 2: Blitz Find People scoped to company.linkedin_url (previously-unsourced companies from the full ICP company universe)
Bcn Services,https://www.bcnservices.com,https://www.linkedin.com/company/bcn-services,Ann Arbor,US,19,">=$1,000,000 (revenue.min filter, exact value not returned by Blitz company-search)",Human Resources Services,,yes,Round 2: Blitz Find People scoped to company.linkedin_url (previously-unsourced companies from the full ICP company universe)
Bd Strategy Partners,https://www.bdstratpartners.com,https://www.linkedin.com/company/bdstrategypartners,Hoboken,US,14,">=$1,000,000 (revenue.min filter, exact value not returned by Blitz company-search)",Staffing and Recruiting,,yes,Round 2: Blitz Find People scoped to company.linkedin_url (previously-unsourced companies from the full ICP company universe)
Beginright Employment Services,https://www.beginright.com,https://www.linkedin.com/company/beginright-employment-services,Portland,US,65,">=$1,000,000 (revenue.min filter, exact value not returned by Blitz company-search)",Staffing and Recruiting,,yes,Round 2: Blitz Find People scoped to company.linkedin_url (previously-unsourced companies from the full ICP company universe)
Benchmark Search Group,https://www.bmarksearch.com,https://www.linkedin.com/company/benchmark-search-group,Stamford,US,28,">=$1,000,000 (revenue.min filter, exact value not returned by Blitz company-search)",Staffing and Recruiting,,yes,Round 2: Blitz Find People scoped to company.linkedin_url (previously-unsourced companies from the full ICP company universe)
Benchmark Search,https://www.benchmarksearchgroup.com,https://www.linkedin.com/company/benchmarksearch,Dallas,US,10,">=$1,000,000 (revenue.min filter, exact value not returned by Blitz company-search)",Staffing and Recruiting,,yes,Round 2: Blitz Find People scoped to company.linkedin_url (previously-unsourced companies from the full ICP company universe)
Bent Ericksen & Associates,https://bentericksen.com,https://www.linkedin.com/company/bent-ericksen-&-associates,Eugene,US,16,">=$1,000,000 (revenue.min filter, exact value not returned by Blitz company-search)",Human Resources Services,,yes,Round 2: Blitz Find People scoped to company.linkedin_url (previously-unsourced companies from the full ICP company universe)
Bergman Brothers Staffing,https://www.bergmanbrothers.com,https://www.linkedin.com/company/bergman-brothers-environmental-staffing,Charlotte,US,48,">=$1,000,000 (revenue.min filter, exact value not returned by Blitz company-search)",Staffing and Recruiting,,yes,Round 2: Blitz Find People scoped to company.linkedin_url (previously-unsourced companies from the full ICP company universe)
Bestemps,https://www.besttemporaries.com,https://www.linkedin.com/company/bestemps,Salisbury,US,34,">=$1,000,000 (revenue.min filter, exact value not returned by Blitz company-search)",Staffing and Recruiting,,yes,Round 2: Blitz Find People scoped to company.linkedin_url (previously-unsourced companies from the full ICP company universe)
Bestnest Management,https://www.bestnestmanagement.com,https://www.linkedin.com/company/bestnest-management,City Of Industry,US,43,">=$1,000,000 (revenue.min filter, exact value not returned by Blitz company-search)",Staffing and Recruiting,,yes,Round 2: Blitz Find People scoped to company.linkedin_url (previously-unsourced companies from the full ICP company universe)
Beyer-Barber Company,https://www.beyerbarber.com,https://www.linkedin.com/company/beyer-barber-company,,US,10,">=$1,000,000 (revenue.min filter, exact value not returned by Blitz company-search)",Human Resources Services,,yes,Round 2: Blitz Find People scoped to company.linkedin_url (previously-unsourced companies from the full ICP company universe)
Binc,https://bincsearch.com,https://www.linkedin.com/company/binc,San Francisco,US,19,">=$1,000,000 (revenue.min filter, exact value not returned by Blitz company-search)",Staffing and Recruiting,,yes,Round 2: Blitz Find People scoped to company.linkedin_url (previously-unsourced companies from the full ICP company universe)
Biotech Partners,https://www.biotechexecutivesearch.com,https://www.linkedin.com/company/biotechstaffing,Boston,US,12,">=$1,000,000 (revenue.min filter, exact value not returned by Blitz company-search)",Staffing and Recruiting,,yes,Round 2: Blitz Find People scoped to company.linkedin_url (previously-unsourced companies from the full ICP company universe)
Bloomfield & Company,https://www.bloomfieldco.com,https://www.linkedin.com/company/bloomfield-&-company,Washington,US,11,">=$1,000,000 (revenue.min filter, exact value not returned by Blitz company-search)",Staffing and Recruiting,,yes,Round 2: Blitz Find People scoped to company.linkedin_url (previously-unsourced companies from the full ICP company universe)
Blue Moon Events,https://bluemoonevents.net,https://www.linkedin.com/company/blue-moon-events,Roseville,US,12,">=$1,000,000 (revenue.min filter, exact value not returned by Blitz company-search)",Human Resources Services,,yes,Round 2: Blitz Find People scoped to company.linkedin_url (previously-unsourced companies from the full ICP company universe)
Blue Ribbon Staffing,https://www.blueribbonstaffing.net,https://www.linkedin.com/company/blue-ribbon-staff,San Antonio,US,57,">=$1,000,000 (revenue.min filter, exact value not returned by Blitz company-search)",Staffing and Recruiting,,yes,Round 2: Blitz Find People scoped to company.linkedin_url (previously-unsourced companies from the full ICP company universe)
Blueboard,https://www.blueboard.com,https://www.linkedin.com/company/blueboard-inc,San Diego,US,47,">=$1,000,000 (revenue.min filter, exact value not returned by Blitz company-search)",Human Resources Services,,yes,Round 2: Blitz Find People scoped to company.linkedin_url (previously-unsourced companies from the full ICP company universe)
"Blueprint Construction Services, Llc",https://www.blueprint-cs.com,https://www.linkedin.com/company/blueprint-construction-services-llc,San Ramon,US,13,">=$1,000,000 (revenue.min filter, exact value not returned by Blitz company-search)",Staffing and Recruiting,,yes,Round 2: Blitz Find People scoped to company.linkedin_url (previously-unsourced companies from the full ICP company universe)
Boe Group,https://boeteams.com,https://www.linkedin.com/company/boegroup,Green Bay,US,11,">=$1,000,000 (revenue.min filter, exact value not returned by Blitz company-search)",Staffing and Recruiting,,yes,Round 2: Blitz Find People scoped to company.linkedin_url (previously-unsourced companies from the full ICP company universe)
"Bolder Staffing, Inc",https://www.bsibp2.com,https://www.linkedin.com/company/bolder-staffing,Broomfield,US,16,">=$1,000,000 (revenue.min filter, exact value not returned by Blitz company-search)",Staffing and Recruiting,,yes,Round 2: Blitz Find People scoped to company.linkedin_url (previously-unsourced companies from the full ICP company universe)
Border Cantina,https://www.bordercantina.com,https://www.linkedin.com/company/border-cantina,Novi,US,13,">=$1,000,000 (revenue.min filter, exact value not returned by Blitz company-search)",Staffing and Recruiting,,yes,Round 2: Blitz Find People scoped to company.linkedin_url (previously-unsourced companies from the full ICP company universe)
Boss & Associates,https://www.bossassociates.com,https://www.linkedin.com/company/boss-&-associates,Cedar Falls,US,14,">=$1,000,000 (revenue.min filter, exact value not returned by Blitz company-search)",Staffing and Recruiting,,yes,Round 2: Blitz Find People scoped to company.linkedin_url (previously-unsourced companies from the full ICP company universe)
Bostonian Personnel,https://www.bp-lawjobs.com,https://www.linkedin.com/company/bostonian-personnel-co,Marshfield,US,11,">=$1,000,000 (revenue.min filter, exact value not returned by Blitz company-search)",Staffing and Recruiting,,yes,Round 2: Blitz Find People scoped to company.linkedin_url (previously-unsourced companies from the full ICP company universe)
Boutique Search Firm,https://www.boutiquesearchfirm.com,https://www.linkedin.com/company/boutique-search-firm,Culver City,US,12,">=$1,000,000 (revenue.min filter, exact value not returned by Blitz company-search)",Staffing and Recruiting,,yes,Round 2: Blitz Find People scoped to company.linkedin_url (previously-unsourced companies from the full ICP company universe)
Bradford Staffing,https://www.bradford-staffing.com,https://www.linkedin.com/company/bradford-staffing,Verona,US,17,">=$1,000,000 (revenue.min filter, exact value not returned by Blitz company-search)",Staffing and Recruiting,,yes,Round 2: Blitz Find People scoped to company.linkedin_url (previously-unsourced companies from the full ICP company universe)
Braintree Technology Solutions Llc,https://braintreeus.com,https://www.linkedin.com/company/braintree-technology-solutions-llc,Plainfield,US,40,">=$1,000,000 (revenue.min filter, exact value not returned by Blitz company-search)",Staffing and Recruiting,,yes,Round 2: Blitz Find People scoped to company.linkedin_url (previously-unsourced companies from the full ICP company universe)
BrainWorks,https://www.brainworksinc.com,https://www.linkedin.com/company/brainworks,New York,US,141,">=$1,000,000 (revenue.min filter, exact value not returned by Blitz company-search)",Staffing and Recruiting,,yes,Round 2: Blitz Find People scoped to company.linkedin_url (previously-unsourced companies from the full ICP company universe)
Brevard Nursing Academy,https://brevardnursingacademy.com,https://www.linkedin.com/company/brevard-nursing-academy,Palm Bay,US,17,">=$1,000,000 (revenue.min filter, exact value not returned by Blitz company-search)",Staffing and Recruiting,,yes,Round 2: Blitz Find People scoped to company.linkedin_url (previously-unsourced companies from the full ICP company universe)
"Bri Staffing, Inc",https://www.bristaffing.com,https://www.linkedin.com/company/bri-staffing,Mooresville,US,59,">=$1,000,000 (revenue.min filter, exact value not returned by Blitz company-search)",Staffing and Recruiting,,yes,Round 2: Blitz Find People scoped to company.linkedin_url (previously-unsourced companies from the full ICP company universe)
Brickhouse Resources,https://www.brickhouseresources.com,https://www.linkedin.com/company/brick-house-specialty-resources,Alpharetta,US,60,">=$1,000,000 (revenue.min filter, exact value not returned by Blitz company-search)",Staffing and Recruiting,,yes,Round 2: Blitz Find People scoped to company.linkedin_url (previously-unsourced companies from the full ICP company universe)
Bridge Staffing,https://www.bridgestaffing.com,https://www.linkedin.com/company/bridge-staffing,Mobile,US,16,">=$1,000,000 (revenue.min filter, exact value not returned by Blitz company-search)",Staffing and Recruiting,,yes,Round 2: Blitz Find People scoped to company.linkedin_url (previously-unsourced companies from the full ICP company universe)
"Bridgeware Systems, Inc",https://www.bridgeware.net,https://www.linkedin.com/company/bridgeware-systems-inc,Vestal,US,11,">=$1,000,000 (revenue.min filter, exact value not returned by Blitz company-search)",Staffing and Recruiting,,yes,Round 2: Blitz Find People scoped to company.linkedin_url (previously-unsourced companies from the full ICP company universe)
Brightpath Associates LLC,,https://www.linkedin.com/company/brightpathassociates,Bethany,US,165,">=$1,000,000 (revenue.min filter, exact value not returned by Blitz company-search)",Staffing and Recruiting,,yes,Round 2: Blitz Find People scoped to company.linkedin_url (previously-unsourced companies from the full ICP company universe)
The Symicor Group,https://symicorgroup.com,https://www.linkedin.com/company/britepros-staffing-professionals,Crystal Lake,US,18,">=$1,000,000 (revenue.min filter, exact value not returned by Blitz company-search)",Staffing and Recruiting,,yes,Round 2: Blitz Find People scoped to company.linkedin_url (previously-unsourced companies from the full ICP company universe)
Brooke Industries Inc,https://www.brooke.org,https://www.linkedin.com/company/brooke-industries-inc,Fond Du Lac,US,22,">=$1,000,000 (revenue.min filter, exact value not returned by Blitz company-search)",Human Resources Services,,yes,Round 2: Blitz Find People scoped to company.linkedin_url (previously-unsourced companies from the full ICP company universe)
"Brooke Staffing Companies, Inc",https://www.brookecompanies.com,https://www.linkedin.com/company/brooke-staffing-companies-inc.,Metairie,US,46,">=$1,000,000 (revenue.min filter, exact value not returned by Blitz company-search)",Staffing and Recruiting,,yes,Round 2: Blitz Find People scoped to company.linkedin_url (previously-unsourced companies from the full ICP company universe)
Bryant Staffing,https://www.bryantstaffing.com,https://www.linkedin.com/company/bryant-staffing,Piscataway,US,15,">=$1,000,000 (revenue.min filter, exact value not returned by Blitz company-search)",Staffing and Recruiting,,yes,Round 2: Blitz Find People scoped to company.linkedin_url (previously-unsourced companies from the full ICP company universe)
BTI Solutions,https://www.btisolutions.com,https://www.linkedin.com/company/btisolutions,Richardson,US,209,">=$1,000,000 (revenue.min filter, exact value not returned by Blitz company-search)",Staffing and Recruiting,,yes,Round 2: Blitz Find People scoped to company.linkedin_url (previously-unsourced companies from the full ICP company universe)
Burrillville Extended Daycare,https://www.burrillville.org/public_documents/burrillvilleri_bec/index,https://www.linkedin.com/company/burrillville-extended-daycare,Harrisville,US,11,">=$1,000,000 (revenue.min filter, exact value not returned by Blitz company-search)",Human Resources Services,,yes,Round 2: Blitz Find People scoped to company.linkedin_url (previously-unsourced companies from the full ICP company universe)
Recruittek,https://www.recruittek.com,https://www.linkedin.com/company/business-partner-recruittek,Hanover Park,US,12,">=$1,000,000 (revenue.min filter, exact value not returned by Blitz company-search)",Staffing and Recruiting,,yes,Round 2: Blitz Find People scoped to company.linkedin_url (previously-unsourced companies from the full ICP company universe)
"Business Personnel Services, Inc",https://www.bpskc.com,https://www.linkedin.com/company/business-personnel-services-inc,Lees Summit,US,38,">=$1,000,000 (revenue.min filter, exact value not returned by Blitz company-search)",Staffing and Recruiting,,yes,Round 2: Blitz Find People scoped to company.linkedin_url (previously-unsourced companies from the full ICP company universe)
"Businessplans, Inc",https://www.businessplansinc.com,https://www.linkedin.com/company/businessplans-inc-,Miamisburg,US,11,">=$1,000,000 (revenue.min filter, exact value not returned by Blitz company-search)",Human Resources Services,,yes,Round 2: Blitz Find People scoped to company.linkedin_url (previously-unsourced companies from the full ICP company universe)
C&a Industries,https://www.medicalsolutions.com,https://www.linkedin.com/company/c&a-industries,Omaha,US,2794,">=$1,000,000 (revenue.min filter, exact value not returned by Blitz company-search)",Staffing and Recruiting,,yes,Round 2: Blitz Find People scoped to company.linkedin_url (previously-unsourced companies from the full ICP company universe)
C&M Legal Search,https://www.cmlegalsearch.com,https://www.linkedin.com/company/c-&-m-legal-search,,US,35,">=$1,000,000 (revenue.min filter, exact value not returned by Blitz company-search)",Staffing and Recruiting,,yes,Round 2: Blitz Find People scoped to company.linkedin_url (previously-unsourced companies from the full ICP company universe)
"C.R. Fletcher Associates, Inc.",https://www.crfletcher.com,https://www.linkedin.com/company/c-r-fletcher-associates-inc-,Syracuse,US,32,">=$1,000,000 (revenue.min filter, exact value not returned by Blitz company-search)",Staffing and Recruiting,,yes,Round 2: Blitz Find People scoped to company.linkedin_url (previously-unsourced companies from the full ICP company universe)
C. Anderson Associates - Sales Executive Search,https://www.candersonassociates.com,https://www.linkedin.com/company/c.-anderson-associates---sales-executive-search,Saint Paul,US,13,">=$1,000,000 (revenue.min filter, exact value not returned by Blitz company-search)",Staffing and Recruiting,,yes,Round 2: Blitz Find People scoped to company.linkedin_url (previously-unsourced companies from the full ICP company universe)
C3 Workforce Inc.,https://www.c3workforce.com,https://www.linkedin.com/company/c3-workforce-inc-,Livonia,US,32,">=$1,000,000 (revenue.min filter, exact value not returned by Blitz company-search)",Staffing and Recruiting,,yes,Round 2: Blitz Find People scoped to company.linkedin_url (previously-unsourced companies from the full ICP company universe)
Caballero Casting,https://www.caballerocasting.com,https://www.linkedin.com/company/caballero-casting,New Orleans,US,61,">=$1,000,000 (revenue.min filter, exact value not returned by Blitz company-search)",Human Resources Services,,yes,Round 2: Blitz Find People scoped to company.linkedin_url (previously-unsourced companies from the full ICP company universe)
Calaveras Veterinary Clinic,https://www.veterinarymilpitas.com,https://www.linkedin.com/company/calaveras-veterinary-clinic,Milpitas,US,10,">=$1,000,000 (revenue.min filter, exact value not returned by Blitz company-search)",Human Resources Services,,yes,Round 2: Blitz Find People scoped to company.linkedin_url (previously-unsourced companies from the full ICP company universe)
"California Temp Services, Inc",https://www.caltemps.com,https://www.linkedin.com/company/california-temp-services-inc,Granada Hills,US,21,">=$1,000,000 (revenue.min filter, exact value not returned by Blitz company-search)",Staffing and Recruiting,,yes,Round 2: Blitz Find People scoped to company.linkedin_url (previously-unsourced companies from the full ICP company universe)
California Labor Force,https://www.californialaborforce.com,https://www.linkedin.com/company/californialaborforce,Sacramento,US,15,">=$1,000,000 (revenue.min filter, exact value not returned by Blitz company-search)",Staffing and Recruiting,,yes,Round 2: Blitz Find People scoped to company.linkedin_url (previously-unsourced companies from the full ICP company universe)
Camden Kelly Corporation,https://camdenkelly.com,https://www.linkedin.com/company/camden-kelly-corporation,Richardson,US,34,">=$1,000,000 (revenue.min filter, exact value not returned by Blitz company-search)",Staffing and Recruiting,,yes,Round 2: Blitz Find People scoped to company.linkedin_url (previously-unsourced companies from the full ICP company universe)
CampusPoint,https://www.campuspoint.com,https://www.linkedin.com/company/campuspoint,Seattle,US,25,">=$1,000,000 (revenue.min filter, exact value not returned by Blitz company-search)",Staffing and Recruiting,,yes,Round 2: Blitz Find People scoped to company.linkedin_url (previously-unsourced companies from the full ICP company universe)
"Capgem Technical Services, Llc",https://www.capgemtech.com,https://www.linkedin.com/company/capgem-technical-services-llc,Chardon,US,62,">=$1,000,000 (revenue.min filter, exact value not returned by Blitz company-search)",Staffing and Recruiting,,yes,Round 2: Blitz Find People scoped to company.linkedin_url (previously-unsourced companies from the full ICP company universe)
Capital City Staffing Solutions,https://www.capcitystaffing.com,https://www.linkedin.com/company/capital-city-staffing-solutions,Grove City,US,19,">=$1,000,000 (revenue.min filter, exact value not returned by Blitz company-search)",Staffing and Recruiting,,yes,Round 2: Blitz Find People scoped to company.linkedin_url (previously-unsourced companies from the full ICP company universe)
"Capital Driver Leasing, Llc",https://www.capitaldriverleasing.com,https://www.linkedin.com/company/capital-driver-leasing-llc,Springfield,US,12,">=$1,000,000 (revenue.min filter, exact value not returned by Blitz company-search)",Staffing and Recruiting,,yes,Round 2: Blitz Find People scoped to company.linkedin_url (previously-unsourced companies from the full ICP company universe)
Capstone IT,https://capstonec.com,https://www.linkedin.com/company/capstone-it-omaha-kansas-city-slc,Omaha,US,126,">=$1,000,000 (revenue.min filter, exact value not returned by Blitz company-search)",Staffing and Recruiting,,yes,Round 2: Blitz Find People scoped to company.linkedin_url (previously-unsourced companies from the full ICP company universe)
Carcareers.Com,https://carcareers.com,https://www.linkedin.com/company/carcareers-com,New York,US,10,">=$1,000,000 (revenue.min filter, exact value not returned by Blitz company-search)",Staffing and Recruiting,,yes,Round 2: Blitz Find People scoped to company.linkedin_url (previously-unsourced companies from the full ICP company universe)
Cardinal Pacelli School,https://www.cardinalpacelli.org,https://www.linkedin.com/company/cardinal-pacelli-school,Cincinnati,US,20,">=$1,000,000 (revenue.min filter, exact value not returned by Blitz company-search)",Human Resources Services,,yes,Round 2: Blitz Find People scoped to company.linkedin_url (previously-unsourced companies from the full ICP company universe)
Cardinal Healthcare Solutions,https://www.cardinalhcs.com,https://www.linkedin.com/company/cardinalhcs,Fort Wayne,US,18,">=$1,000,000 (revenue.min filter, exact value not returned by Blitz company-search)",Staffing and Recruiting,,yes,Round 2: Blitz Find People scoped to company.linkedin_url (previously-unsourced companies from the full ICP company universe)
"Career Forum, Inc",https://www.careerforum.com,https://www.linkedin.com/company/career-forum-inc,Arvada,US,21,">=$1,000,000 (revenue.min filter, exact value not returned by Blitz company-search)",Staffing and Recruiting,,yes,Round 2: Blitz Find People scoped to company.linkedin_url (previously-unsourced companies from the full ICP company universe)
Career Group Companies,https://careergroupcompanies.com,https://www.linkedin.com/company/career-group-companies,Los Angeles,US,775,">=$1,000,000 (revenue.min filter, exact value not returned by Blitz company-search)",Staffing and Recruiting,,yes,Round 2: Blitz Find People scoped to company.linkedin_url (previously-unsourced companies from the full ICP company universe)
"Career Management International, Inc",https://www.careermanagement.com,https://www.linkedin.com/company/career-management-international_3,Houston,US,15,">=$1,000,000 (revenue.min filter, exact value not returned by Blitz company-search)",Human Resources Services,,yes,Round 2: Blitz Find People scoped to company.linkedin_url (previously-unsourced companies from the full ICP company universe)
Career Path Dc,https://careerpathdc.org,https://www.linkedin.com/company/career-path-dc,Washington Washington,US,11,">=$1,000,000 (revenue.min filter, exact value not returned by Blitz company-search)",Staffing and Recruiting,,yes,Round 2: Blitz Find People scoped to company.linkedin_url (previously-unsourced companies from the full ICP company universe)
Career Path Group,https://careerpathgroup.com,https://www.linkedin.com/company/career-path-group,New York,US,10,">=$1,000,000 (revenue.min filter, exact value not returned by Blitz company-search)",Staffing and Recruiting,,yes,Round 2: Blitz Find People scoped to company.linkedin_url (previously-unsourced companies from the full ICP company universe)
"Career Resources, Inc",https://www.crincorporated.com,https://www.linkedin.com/company/career-resources-inc.,San Diego,US,16,">=$1,000,000 (revenue.min filter, exact value not returned by Blitz company-search)",Human Resources Services,,yes,Round 2: Blitz Find People scoped to company.linkedin_url (previously-unsourced companies from the full ICP company universe)
Career Staffing Services,https://www.cssar.com,https://www.linkedin.com/company/career-staffing-services,North Little Rock,US,58,">=$1,000,000 (revenue.min filter, exact value not returned by Blitz company-search)",Staffing and Recruiting,,yes,Round 2: Blitz Find People scoped to company.linkedin_url (previously-unsourced companies from the full ICP company universe)
"Career Support Systems, Inc",https://www.careersupport.net,https://www.linkedin.com/company/career-support-systems-inc,Glen Allen,US,57,">=$1,000,000 (revenue.min filter, exact value not returned by Blitz company-search)",Human Resources Services,,yes,Round 2: Blitz Find People scoped to company.linkedin_url (previously-unsourced companies from the full ICP company universe)
"Career Training Concepts, Inc",https://careertrainingconcepts.com,https://www.linkedin.com/company/career-training-concepts-inc.,Tucker,US,54,">=$1,000,000 (revenue.min filter, exact value not returned by Blitz company-search)",Staffing and Recruiting,,yes,Round 2: Blitz Find People scoped to company.linkedin_url (previously-unsourced companies from the full ICP company universe)
"Career Connections, Inc",https://www.careerconnections.info,https://www.linkedin.com/company/careerconnections,Athens,US,91,">=$1,000,000 (revenue.min filter, exact value not returned by Blitz company-search)",Staffing and Recruiting,,yes,Round 2: Blitz Find People scoped to company.linkedin_url (previously-unsourced companies from the full ICP company universe)
Careers In Nonprofits,https://www.careersinnonprofits.com,https://www.linkedin.com/company/careers-in-nonprofits,Chicago,US,359,">=$1,000,000 (revenue.min filter, exact value not returned by Blitz company-search)",Staffing and Recruiting,,yes,Round 2: Blitz Find People scoped to company.linkedin_url (previously-unsourced companies from the full ICP company universe)
Careersource Chipola,https://www.careersourcechipola.com,https://www.linkedin.com/company/careersource-chipola,Marianna,US,20,">=$1,000,000 (revenue.min filter, exact value not returned by Blitz company-search)",Staffing and Recruiting,,yes,Round 2: Blitz Find People scoped to company.linkedin_url (previously-unsourced companies from the full ICP company universe)
Caregiver Connection,https://caregiverconnectionpdx.com,https://www.linkedin.com/company/caregiver-connection,Portland,US,18,">=$1,000,000 (revenue.min filter, exact value not returned by Blitz company-search)",Staffing and Recruiting,,yes,Round 2: Blitz Find People scoped to company.linkedin_url (previously-unsourced companies from the full ICP company universe)
Cnc Search,https://www.cnc-search.com,https://www.linkedin.com/company/carin-nardone-company,New York,US,58,">=$1,000,000 (revenue.min filter, exact value not returned by Blitz company-search)",Staffing and Recruiting,,yes,Round 2: Blitz Find People scoped to company.linkedin_url (previously-unsourced companies from the full ICP company universe)
Caring Hearts Medical Staffing,https://www.chmstaffing.com,https://www.linkedin.com/company/caring-hearts-medical-staffing-washington-state,Federal Way,US,31,">=$1,000,000 (revenue.min filter, exact value not returned by Blitz company-search)",Staffing and Recruiting,,yes,Round 2: Blitz Find People scoped to company.linkedin_url (previously-unsourced companies from the full ICP company universe)
Caring Nannies,https://caringnannies.com,https://www.linkedin.com/company/caring-nannies,San Antonio,US,11,">=$1,000,000 (revenue.min filter, exact value not returned by Blitz company-search)",Staffing and Recruiting,,yes,Round 2: Blitz Find People scoped to company.linkedin_url (previously-unsourced companies from the full ICP company universe)
Carolina Industrial Staffing,https://carolinaindustrialstaffing.com,https://www.linkedin.com/company/carolina-industrial-stafing,Columbia,US,20,">=$1,000,000 (revenue.min filter, exact value not returned by Blitz company-search)",Staffing and Recruiting,,yes,Round 2: Blitz Find People scoped to company.linkedin_url (previously-unsourced companies from the full ICP company universe)
Cart Solutions,https://www.cartsolutions.net,https://www.linkedin.com/company/cart-solutions,Las Vegas,US,71,">=$1,000,000 (revenue.min filter, exact value not returned by Blitz company-search)",Staffing and Recruiting,,yes,Round 2: Blitz Find People scoped to company.linkedin_url (previously-unsourced companies from the full ICP company universe)
Cat Technology Inc,https://www.catamerica.com,https://www.linkedin.com/company/cat-technology-inc,Mahwah,US,273,">=$1,000,000 (revenue.min filter, exact value not returned by Blitz company-search)",Staffing and Recruiting,,yes,Round 2: Blitz Find People scoped to company.linkedin_url (previously-unsourced companies from the full ICP company universe)
Catawba Valley Staffing,https://www.cv-staffing.com,https://www.linkedin.com/company/catawbavalleystaffing,Valdese,US,76,">=$1,000,000 (revenue.min filter, exact value not returned by Blitz company-search)",Staffing and Recruiting,,yes,Round 2: Blitz Find People scoped to company.linkedin_url (previously-unsourced companies from the full ICP company universe)
Cbs Staffing,https://www.cbsstaffing.com,https://www.linkedin.com/company/cbs-staffing,,US,82,">=$1,000,000 (revenue.min filter, exact value not returned by Blitz company-search)",Human Resources Services,,yes,Round 2: Blitz Find People scoped to company.linkedin_url (previously-unsourced companies from the full ICP company universe)
CBS Therapy,https://www.cbstherapy.com,https://www.linkedin.com/company/cbs-therapy,Cranston,US,73,">=$1,000,000 (revenue.min filter, exact value not returned by Blitz company-search)",Staffing and Recruiting,,yes,Round 2: Blitz Find People scoped to company.linkedin_url (previously-unsourced companies from the full ICP company universe)
Cbtu,https://cbtu.org,https://www.linkedin.com/company/cbtu,Washington,US,69,">=$1,000,000 (revenue.min filter, exact value not returned by Blitz company-search)",Staffing and Recruiting,,yes,Round 2: Blitz Find People scoped to company.linkedin_url (previously-unsourced companies from the full ICP company universe)
Celina\'s Staffing,https://www.celinasstaffing.com,https://www.linkedin.com/company/celina-s-staffing,Bossier City,US,21,">=$1,000,000 (revenue.min filter, exact value not returned by Blitz company-search)",Staffing and Recruiting,,yes,Round 2: Blitz Find People scoped to company.linkedin_url (previously-unsourced companies from the full ICP company universe)
Cemco Systems,https://www.cemcosystems.com,https://www.linkedin.com/company/cemco-systems,Geneva,US,30,">=$1,000,000 (revenue.min filter, exact value not returned by Blitz company-search)",Staffing and Recruiting,,yes,Round 2: Blitz Find People scoped to company.linkedin_url (previously-unsourced companies from the full ICP company universe)
Central Valley Professionals,https://www.cvpfresno.org,https://www.linkedin.com/company/central-valley-professionals,Fresno,US,44,">=$1,000,000 (revenue.min filter, exact value not returned by Blitz company-search)",Staffing and Recruiting,,yes,Round 2: Blitz Find People scoped to company.linkedin_url (previously-unsourced companies from the full ICP company universe)
Century International Arms,https://www.centuryarms.biz,https://www.linkedin.com/company/century-international-arms,Delray Beach,US,15,">=$1,000,000 (revenue.min filter, exact value not returned by Blitz company-search)",Human Resources Services,,yes,Round 2: Blitz Find People scoped to company.linkedin_url (previously-unsourced companies from the full ICP company universe)
"Cerebral Group, Llc",https://www.icerebral.com,https://www.linkedin.com/company/cerebral-group-llc,Des Moines,US,11,">=$1,000,000 (revenue.min filter, exact value not returned by Blitz company-search)",Staffing and Recruiting,,yes,Round 2: Blitz Find People scoped to company.linkedin_url (previously-unsourced companies from the full ICP company universe)
Sni Certes,https://www.snicertes.com,https://www.linkedin.com/company/certes-financial-pros,Jacksonville,US,25,">=$1,000,000 (revenue.min filter, exact value not returned by Blitz company-search)",Staffing and Recruiting,,yes,Round 2: Blitz Find People scoped to company.linkedin_url (previously-unsourced companies from the full ICP company universe)
Certified Employment Group,https://www.certifiedemployment.com,https://www.linkedin.com/company/certified-employment-group,Emeryville,US,70,">=$1,000,000 (revenue.min filter, exact value not returned by Blitz company-search)",Staffing and Recruiting,,yes,Round 2: Blitz Find People scoped to company.linkedin_url (previously-unsourced companies from the full ICP company universe)
"Canal Hr, Inc",https://www.canalhr.com,https://www.linkedin.com/company/chailland-inc,Metairie,US,23,">=$1,000,000 (revenue.min filter, exact value not returned by Blitz company-search)",Human Resources Services,,yes,Round 2: Blitz Find People scoped to company.linkedin_url (previously-unsourced companies from the full ICP company universe)
"Challenge Unlimited, Inc",https://challengeunlimited.org,https://www.linkedin.com/company/challenge-unlimited-inc,San Mateo,US,19,">=$1,000,000 (revenue.min filter, exact value not returned by Blitz company-search)",Staffing and Recruiting,,yes,Round 2: Blitz Find People scoped to company.linkedin_url (previously-unsourced companies from the full ICP company universe)
"Chameleon Technologies, Inc",https://www.chameleontechinc.com,https://www.linkedin.com/company/chameleon-technologies-inc-,Kirkland,US,28,">=$1,000,000 (revenue.min filter, exact value not returned by Blitz company-search)",Staffing and Recruiting,,yes,Round 2: Blitz Find People scoped to company.linkedin_url (previously-unsourced companies from the full ICP company universe)
Champion Recruiting,https://www.champion-recruiting.com,https://www.linkedin.com/company/champion-recruiting,Walnut Creek,US,11,">=$1,000,000 (revenue.min filter, exact value not returned by Blitz company-search)",Staffing and Recruiting,,yes,Round 2: Blitz Find People scoped to company.linkedin_url (previously-unsourced companies from the full ICP company universe)
Chartwell Staffing Solutions,https://www.chartwellstaff.com,https://www.linkedin.com/company/chartwell-staffing-solutions,Lancaster,US,545,">=$1,000,000 (revenue.min filter, exact value not returned by Blitz company-search)",Staffing and Recruiting,,yes,Round 2: Blitz Find People scoped to company.linkedin_url (previously-unsourced companies from the full ICP company universe)
"Chase Technology Consultants, Llc",https://chasetechconsultants.com,https://www.linkedin.com/company/chase-technology-consultants-llc_2,Boston,US,24,">=$1,000,000 (revenue.min filter, exact value not returned by Blitz company-search)",Staffing and Recruiting,,yes,Round 2: Blitz Find People scoped to company.linkedin_url (previously-unsourced companies from the full ICP company universe)
"Chief Of Staff, Llc",https://www.chiefofstaffusa.com,https://www.linkedin.com/company/chief-of-staff-llc,Hartford,US,166,">=$1,000,000 (revenue.min filter, exact value not returned by Blitz company-search)",Staffing and Recruiting,,yes,Round 2: Blitz Find People scoped to company.linkedin_url (previously-unsourced companies from the full ICP company universe)
Child Care Staffing Inc,https://www.childcarestaffing.com,https://www.linkedin.com/company/childcarestaffing,New York,US,36,">=$1,000,000 (revenue.min filter, exact value not returned by Blitz company-search)",Staffing and Recruiting,,yes,Round 2: Blitz Find People scoped to company.linkedin_url (previously-unsourced companies from the full ICP company universe)
"Choice One Staffing Group, Inc",https://www.choice1staffing.com,https://www.linkedin.com/company/choice-one-staffing-group-inc,Cranberry Township,US,13,">=$1,000,000 (revenue.min filter, exact value not returned by Blitz company-search)",Staffing and Recruiting,,yes,Round 2: Blitz Find People scoped to company.linkedin_url (previously-unsourced companies from the full ICP company universe)
Christys Cleaning Service,https://www.christyscleaningservice.com,https://www.linkedin.com/company/christys-cleaning-service,Kissimmee,US,39,">=$1,000,000 (revenue.min filter, exact value not returned by Blitz company-search)",Staffing and Recruiting,,yes,Round 2: Blitz Find People scoped to company.linkedin_url (previously-unsourced companies from the full ICP company universe)
Cingular Staffing,https://cingularstaffing.com,https://www.linkedin.com/company/cingular-inc,Fullerton,US,28,">=$1,000,000 (revenue.min filter, exact value not returned by Blitz company-search)",Staffing and Recruiting,,yes,Round 2: Blitz Find People scoped to company.linkedin_url (previously-unsourced companies from the full ICP company universe)
Cirrus Medical Staffing,https://www.emeraldhs.com,https://www.linkedin.com/company/cirrus-medical-staffing,Charlotte,US,134,">=$1,000,000 (revenue.min filter, exact value not returned by Blitz company-search)",Staffing and Recruiting,,yes,Round 2: Blitz Find People scoped to company.linkedin_url (previously-unsourced companies from the full ICP company universe)
Ccit Consulting Services Inc,https://www.ccitconsulting.com,https://www.linkedin.com/company/cit-services-inc-,Hamilton,US,20,">=$1,000,000 (revenue.min filter, exact value not returned by Blitz company-search)",Staffing and Recruiting,,yes,Round 2: Blitz Find People scoped to company.linkedin_url (previously-unsourced companies from the full ICP company universe)
City Of Tupelo,https://www.tupeloms.gov,https://www.linkedin.com/company/city-of-tupelo,Tupelo,US,78,">=$1,000,000 (revenue.min filter, exact value not returned by Blitz company-search)",Staffing and Recruiting,,yes,Round 2: Blitz Find People scoped to company.linkedin_url (previously-unsourced companies from the full ICP company universe)
Civic Staffing,https://www.civicstaffing.com,https://www.linkedin.com/company/civic-staffing,Chicago,US,18,">=$1,000,000 (revenue.min filter, exact value not returned by Blitz company-search)",Staffing and Recruiting,,yes,Round 2: Blitz Find People scoped to company.linkedin_url (previously-unsourced companies from the full ICP company universe)
Clark Personnel,https://www.clarkpersonnel.com,https://www.linkedin.com/company/clark-personnel,Mobile,US,31,">=$1,000,000 (revenue.min filter, exact value not returned by Blitz company-search)",Staffing and Recruiting,,yes,Round 2: Blitz Find People scoped to company.linkedin_url (previously-unsourced companies from the full ICP company universe)
"Classic Valet Parking, Inc",https://www.cvpparking.com,https://www.linkedin.com/company/classic-valet-parking-inc.,New Rochelle,US,37,">=$1,000,000 (revenue.min filter, exact value not returned by Blitz company-search)",Staffing and Recruiting,,yes,Round 2: Blitz Find People scoped to company.linkedin_url (previously-unsourced companies from the full ICP company universe)
Cleveland Business Consultants,https://www.cbc.jobs,https://www.linkedin.com/company/cleveland-business-consultants-llc,Cleveland,US,22,">=$1,000,000 (revenue.min filter, exact value not returned by Blitz company-search)",Staffing and Recruiting,,yes,Round 2: Blitz Find People scoped to company.linkedin_url (previously-unsourced companies from the full ICP company universe)
Client First Staffing Solutions,https://www.clientfirststaffing.com,https://www.linkedin.com/company/client-first-staffing-solutions,Little Rock,US,11,">=$1,000,000 (revenue.min filter, exact value not returned by Blitz company-search)",Staffing and Recruiting,,yes,Round 2: Blitz Find People scoped to company.linkedin_url (previously-unsourced companies from the full ICP company universe)
Clinical Management Consultants,https://www.clinicalmanagementconsultants.com,https://www.linkedin.com/company/clinical-management-consultants,San Francisco,US,153,">=$1,000,000 (revenue.min filter, exact value not returned by Blitz company-search)",Human Resources Services,,yes,Round 2: Blitz Find People scoped to company.linkedin_url (previously-unsourced companies from the full ICP company universe)
Clinpharma Consulting Global Group Llc,https://www.clinpharmaconsulting.com,https://www.linkedin.com/company/clinpharma-consulting-global-group-llc,Princeton,US,24,">=$1,000,000 (revenue.min filter, exact value not returned by Blitz company-search)",Staffing and Recruiting,,yes,Round 2: Blitz Find People scoped to company.linkedin_url (previously-unsourced companies from the full ICP company universe)
Coachwest Inc,https://www.coachwest.com,https://www.linkedin.com/company/coachwest-inc,Carson,US,10,">=$1,000,000 (revenue.min filter, exact value not returned by Blitz company-search)",Staffing and Recruiting,,yes,Round 2: Blitz Find People scoped to company.linkedin_url (previously-unsourced companies from the full ICP company universe)
Coastal Georgia Community Action,https://www.coastalgacaa.org,https://www.linkedin.com/company/coastal-georgia-community-action,Brunswick,US,56,">=$1,000,000 (revenue.min filter, exact value not returned by Blitz company-search)",Human Resources Services,,yes,Round 2: Blitz Find People scoped to company.linkedin_url (previously-unsourced companies from the full ICP company universe)
Coastal Staffing Llc,https://coastalstaffingservice.com,https://www.linkedin.com/company/coastal-staffing-llc,Point Harbor,US,16,">=$1,000,000 (revenue.min filter, exact value not returned by Blitz company-search)",Staffing and Recruiting,,yes,Round 2: Blitz Find People scoped to company.linkedin_url (previously-unsourced companies from the full ICP company universe)
Codesp Public Hr,https://www.codesp.com,https://www.linkedin.com/company/codesphr,Huntington Beach,US,10,">=$1,000,000 (revenue.min filter, exact value not returned by Blitz company-search)",Human Resources Services,,yes,Round 2: Blitz Find People scoped to company.linkedin_url (previously-unsourced companies from the full ICP company universe)
Coleman|Nourian,https://www.cnlegalsearch.com,https://www.linkedin.com/company/coleman-nourian,Bryn Mawr,US,14,">=$1,000,000 (revenue.min filter, exact value not returned by Blitz company-search)",Staffing and Recruiting,,yes,Round 2: Blitz Find People scoped to company.linkedin_url (previously-unsourced companies from the full ICP company universe)
Columbia Technology,https://www.columbia-tech.com,https://www.linkedin.com/company/columbia-technology,New York,US,13,">=$1,000,000 (revenue.min filter, exact value not returned by Blitz company-search)",Staffing and Recruiting,,yes,Round 2: Blitz Find People scoped to company.linkedin_url (previously-unsourced companies from the full ICP company universe)
Commtech Services,https://www.commtechservices.com/website,https://www.linkedin.com/company/commtech-services,Denville,US,15,">=$1,000,000 (revenue.min filter, exact value not returned by Blitz company-search)",Staffing and Recruiting,,yes,Round 2: Blitz Find People scoped to company.linkedin_url (previously-unsourced companies from the full ICP company universe)
Community Focus Federal Credit Union,https://www.communityfocusfcu.org,https://www.linkedin.com/company/community-focus-federal-credit-union,Romulus,US,11,">=$1,000,000 (revenue.min filter, exact value not returned by Blitz company-search)",Human Resources Services,,yes,Round 2: Blitz Find People scoped to company.linkedin_url (previously-unsourced companies from the full ICP company universe)
Community Intersections,https://www.commonworks.net,https://www.linkedin.com/company/community-intersections,Colorado Springs,US,42,">=$1,000,000 (revenue.min filter, exact value not returned by Blitz company-search)",Human Resources Services,,yes,Round 2: Blitz Find People scoped to company.linkedin_url (previously-unsourced companies from the full ICP company universe)
"Cra Therapy Community Rehab Associates, Inc",https://www.cratherapy.com,https://www.linkedin.com/company/community-rehab-associates-inc-,Saint Petersburg,US,160,">=$1,000,000 (revenue.min filter, exact value not returned by Blitz company-search)",Staffing and Recruiting,,yes,Round 2: Blitz Find People scoped to company.linkedin_url (previously-unsourced companies from the full ICP company universe)
"Community Services Project, Inc",https://www.communityservicesproject.org,https://www.linkedin.com/company/community-services-project-inc,Louisville,US,19,">=$1,000,000 (revenue.min filter, exact value not returned by Blitz company-search)",Staffing and Recruiting,,yes,Round 2: Blitz Find People scoped to company.linkedin_url (previously-unsourced companies from the full ICP company universe)
Compass Engineering,https://www.compass-eng.com,https://www.linkedin.com/company/compass-staffing-solutions,Scottsdale,US,15,">=$1,000,000 (revenue.min filter, exact value not returned by Blitz company-search)",Staffing and Recruiting,,yes,Round 2: Blitz Find People scoped to company.linkedin_url (previously-unsourced companies from the full ICP company universe)
Compass Staffing Solutions,https://compassstaffingsolutions.com,https://www.linkedin.com/company/compassstaffing,Elgin,US,11,">=$1,000,000 (revenue.min filter, exact value not returned by Blitz company-search)",Staffing and Recruiting,,yes,Round 2: Blitz Find People scoped to company.linkedin_url (previously-unsourced companies from the full ICP company universe)
Compdata Surveys & Consulting,https://www.compdataedge.com,https://www.linkedin.com/company/compdata-surveys,Overland Park,US,12,">=$1,000,000 (revenue.min filter, exact value not returned by Blitz company-search)",Human Resources Services,,yes,Round 2: Blitz Find People scoped to company.linkedin_url (previously-unsourced companies from the full ICP company universe)
"Complete Mobile Dentistry, Inc Complete Dental Staffing, Llc",https://www.completemobiledentistry.com,https://www.linkedin.com/company/complete-dental-staffing,Windsor,US,104,">=$1,000,000 (revenue.min filter, exact value not returned by Blitz company-search)",Staffing and Recruiting,,yes,Round 2: Blitz Find People scoped to company.linkedin_url (previously-unsourced companies from the full ICP company universe)
Complete Vision,https://www.completevisioncaremo.com,https://www.linkedin.com/company/complete-vision,Portland,US,13,">=$1,000,000 (revenue.min filter, exact value not returned by Blitz company-search)",Human Resources Services,,yes,Round 2: Blitz Find People scoped to company.linkedin_url (previously-unsourced companies from the full ICP company universe)
Computek Solutions Inc,https://computeksol.com/services.html,https://www.linkedin.com/company/computek-solutions-inc,Detroit,US,24,">=$1,000,000 (revenue.min filter, exact value not returned by Blitz company-search)",Staffing and Recruiting,,yes,Round 2: Blitz Find People scoped to company.linkedin_url (previously-unsourced companies from the full ICP company universe)
Concepthr,https://www.concepthr.com,https://www.linkedin.com/company/concepthr,Warrenville,US,26,">=$1,000,000 (revenue.min filter, exact value not returned by Blitz company-search)",Human Resources Services,,yes,Round 2: Blitz Find People scoped to company.linkedin_url (previously-unsourced companies from the full ICP company universe)
"Conde Group, Inc.",https://www.condegroup.com,https://www.linkedin.com/company/conde-group-inc,San Diego,US,26,">=$1,000,000 (revenue.min filter, exact value not returned by Blitz company-search)",Staffing and Recruiting,,yes,Round 2: Blitz Find People scoped to company.linkedin_url (previously-unsourced companies from the full ICP company universe)
Conklin Center For The Blind,https://www.conklincenter.org,https://www.linkedin.com/company/conklin-center-for-the-blind,Daytona Beach,US,15,">=$1,000,000 (revenue.min filter, exact value not returned by Blitz company-search)",Human Resources Services,,yes,Round 2: Blitz Find People scoped to company.linkedin_url (previously-unsourced companies from the full ICP company universe)
"Connecting People, Inc",https://www.connectingpeopleinc.com,https://www.linkedin.com/company/connecting-people-inc-,Denver,US,20,">=$1,000,000 (revenue.min filter, exact value not returned by Blitz company-search)",Staffing and Recruiting,,yes,Round 2: Blitz Find People scoped to company.linkedin_url (previously-unsourced companies from the full ICP company universe)
ConnectPoint Search Group,https://www.cpsg.com,https://www.linkedin.com/company/connectpoint-search-group,Sacramento,US,22,">=$1,000,000 (revenue.min filter, exact value not returned by Blitz company-search)",Staffing and Recruiting,,yes,Round 2: Blitz Find People scoped to company.linkedin_url (previously-unsourced companies from the full ICP company universe)
Connexion Pointe,https://www.connexionpointe.com,https://www.linkedin.com/company/connexion-pointe,Phoenix,US,13,">=$1,000,000 (revenue.min filter, exact value not returned by Blitz company-search)",Human Resources Services,,yes,Round 2: Blitz Find People scoped to company.linkedin_url (previously-unsourced companies from the full ICP company universe)
"Consolidated Staffing, Inc",https://www.consolidatedstaffing.com,https://www.linkedin.com/company/consolidated-staffing-inc-,Memphis,US,36,">=$1,000,000 (revenue.min filter, exact value not returned by Blitz company-search)",Staffing and Recruiting,,yes,Round 2: Blitz Find People scoped to company.linkedin_url (previously-unsourced companies from the full ICP company universe)
"Consolidated Personnel Services, Inc.",https://www.cpspeo.com,https://www.linkedin.com/company/consolidatedpersonnelservices,Phoenix,US,32,">=$1,000,000 (revenue.min filter, exact value not returned by Blitz company-search)",Human Resources Services,,yes,Round 2: Blitz Find People scoped to company.linkedin_url (previously-unsourced companies from the full ICP company universe)
Constitution Group,https://www.constitutionllp.com,https://www.linkedin.com/company/constitution-group,Jersey City,US,19,">=$1,000,000 (revenue.min filter, exact value not returned by Blitz company-search)",Human Resources Services,,yes,Round 2: Blitz Find People scoped to company.linkedin_url (previously-unsourced companies from the full ICP company universe)
"Construct Corps, Llc",https://www.constructcorps.com,https://www.linkedin.com/company/construct-corps,Tampa,US,97,">=$1,000,000 (revenue.min filter, exact value not returned by Blitz company-search)",Staffing and Recruiting,,yes,Round 2: Blitz Find People scoped to company.linkedin_url (previously-unsourced companies from the full ICP company universe)
"Construction Force Services, Inc",https://www.constructionforce.com,https://www.linkedin.com/company/construction-force-services,Valley Stream,US,90,">=$1,000,000 (revenue.min filter, exact value not returned by Blitz company-search)",Staffing and Recruiting,,yes,Round 2: Blitz Find People scoped to company.linkedin_url (previously-unsourced companies from the full ICP company universe)
A10consultancy,https://www.a10consultancy.com,https://www.linkedin.com/company/consultancya10,Bel Air,US,15,">=$1,000,000 (revenue.min filter, exact value not returned by Blitz company-search)",Staffing and Recruiting,,yes,Round 2: Blitz Find People scoped to company.linkedin_url (previously-unsourced companies from the full ICP company universe)
"Consulting For Architects, Inc.",https://www.cons4arch.com,https://www.linkedin.com/company/consulting-for-architects-inc-,,US,68,">=$1,000,000 (revenue.min filter, exact value not returned by Blitz company-search)",Staffing and Recruiting,,yes,Round 2: Blitz Find People scoped to company.linkedin_url (previously-unsourced companies from the full ICP company universe)
Consulting Professional Resources,https://www.cpr-pa.com,https://www.linkedin.com/company/consulting-professional-resources,Pittsburgh,US,47,">=$1,000,000 (revenue.min filter, exact value not returned by Blitz company-search)",Staffing and Recruiting,,yes,Round 2: Blitz Find People scoped to company.linkedin_url (previously-unsourced companies from the full ICP company universe)
Contemporary Healthcare Solutions,https://www.rnstaffing.com,https://www.linkedin.com/company/contemporary-nursing-solutions,Lynchburg,US,16,">=$1,000,000 (revenue.min filter, exact value not returned by Blitz company-search)",Staffing and Recruiting,,yes,Round 2: Blitz Find People scoped to company.linkedin_url (previously-unsourced companies from the full ICP company universe)
"Continental, Inc",https://moralesgroup.net,https://www.linkedin.com/company/continental-inc,Anderson,US,27,">=$1,000,000 (revenue.min filter, exact value not returned by Blitz company-search)",Staffing and Recruiting,,yes,Round 2: Blitz Find People scoped to company.linkedin_url (previously-unsourced companies from the full ICP company universe)
Contracted Driver Services,https://www.cdsdrivers.com,https://www.linkedin.com/company/contracted-driver-services,Goodyear,US,54,">=$1,000,000 (revenue.min filter, exact value not returned by Blitz company-search)",Staffing and Recruiting,,yes,Round 2: Blitz Find People scoped to company.linkedin_url (previously-unsourced companies from the full ICP company universe)
Convergence Medical Staffing,https://www.cmstaff.com,https://www.linkedin.com/company/convergence-medical-staffing,Charlotte,US,26,">=$1,000,000 (revenue.min filter, exact value not returned by Blitz company-search)",Staffing and Recruiting,,yes,Round 2: Blitz Find People scoped to company.linkedin_url (previously-unsourced companies from the full ICP company universe)
Coolworks.Com,https://www.coolworks.com,https://www.linkedin.com/company/coolworks-com,Morrison,US,10,">=$1,000,000 (revenue.min filter, exact value not returned by Blitz company-search)",Staffing and Recruiting,,yes,Round 2: Blitz Find People scoped to company.linkedin_url (previously-unsourced companies from the full ICP company universe)
Coople UK,https://www.coople.com/uk,https://www.linkedin.com/company/coople,London,GB,262,">=$1,000,000 (revenue.min filter, exact value not returned by Blitz company-search)",Staffing and Recruiting,,yes,Round 2: Blitz Find People scoped to company.linkedin_url (previously-unsourced companies from the full ICP company universe)
Corevance Inc,https://corevance.com,https://www.linkedin.com/company/corevance-inc,Cumming,US,66,">=$1,000,000 (revenue.min filter, exact value not returned by Blitz company-search)",Staffing and Recruiting,,yes,Round 2: Blitz Find People scoped to company.linkedin_url (previously-unsourced companies from the full ICP company universe)
Cornerstone Medical,https://www.csmedicalpro.com,https://www.linkedin.com/company/cornerstone-medical,Irving,US,31,">=$1,000,000 (revenue.min filter, exact value not returned by Blitz company-search)",Staffing and Recruiting,,yes,Round 2: Blitz Find People scoped to company.linkedin_url (previously-unsourced companies from the full ICP company universe)
Corporate Brokers,https://corporatebrokers.com,https://www.linkedin.com/company/corporate-brokers-llc,Annapolis,US,283,">=$1,000,000 (revenue.min filter, exact value not returned by Blitz company-search)",Staffing and Recruiting,,yes,Round 2: Blitz Find People scoped to company.linkedin_url (previously-unsourced companies from the full ICP company universe)
Corporate Management Group,https://www.corpmgmtgroup.com,https://www.linkedin.com/company/corporate-management-group_2,Thornton,US,23,">=$1,000,000 (revenue.min filter, exact value not returned by Blitz company-search)",Staffing and Recruiting,,yes,Round 2: Blitz Find People scoped to company.linkedin_url (previously-unsourced companies from the full ICP company universe)
"Corporate Navigators, Llc",https://www.corporatenavigators.com,https://www.linkedin.com/company/corporate-navigators,Chicago,US,18,">=$1,000,000 (revenue.min filter, exact value not returned by Blitz company-search)",Staffing and Recruiting,,yes,Round 2: Blitz Find People scoped to company.linkedin_url (previously-unsourced companies from the full ICP company universe)
"Corporate Services, Inc",https://www.corpserv.com,https://www.linkedin.com/company/corporate-services-inc-,Rockford,US,61,">=$1,000,000 (revenue.min filter, exact value not returned by Blitz company-search)",Staffing and Recruiting,,yes,Round 2: Blitz Find People scoped to company.linkedin_url (previously-unsourced companies from the full ICP company universe)
Corratel Healthcare,https://corratel.com,https://www.linkedin.com/company/corratel-healthcare,Woodbury,US,32,">=$1,000,000 (revenue.min filter, exact value not returned by Blitz company-search)",Staffing and Recruiting,,yes,Round 2: Blitz Find People scoped to company.linkedin_url (previously-unsourced companies from the full ICP company universe)
Cosmopolitan Staffing Services,https://www.cosmopolitanstaffing.com,https://www.linkedin.com/company/cosmopolitan-staffing-services,Bridgewater,US,26,">=$1,000,000 (revenue.min filter, exact value not returned by Blitz company-search)",Staffing and Recruiting,,yes,Round 2: Blitz Find People scoped to company.linkedin_url (previously-unsourced companies from the full ICP company universe)
"Craft Solutions, Inc",https://www.craftsolutionsinc.com,https://www.linkedin.com/company/craft-solutions-inc,Hammond,US,14,">=$1,000,000 (revenue.min filter, exact value not returned by Blitz company-search)",Staffing and Recruiting,,yes,Round 2: Blitz Find People scoped to company.linkedin_url (previously-unsourced companies from the full ICP company universe)
Creative Parties,https://www.creativeparties.com,https://www.linkedin.com/company/creative-parties,Bethesda,US,13,">=$1,000,000 (revenue.min filter, exact value not returned by Blitz company-search)",Staffing and Recruiting,,yes,Round 2: Blitz Find People scoped to company.linkedin_url (previously-unsourced companies from the full ICP company universe)
Crews Of California,https://www.crews1972.com,https://www.linkedin.com/company/crews-of-california,Sterling,US,61,">=$1,000,000 (revenue.min filter, exact value not returned by Blitz company-search)",Human Resources Services,,yes,Round 2: Blitz Find People scoped to company.linkedin_url (previously-unsourced companies from the full ICP company universe)
"Critical Nurse Staffing, Inc",https://cnscares.com,https://www.linkedin.com/company/critical-nurse-staffing-inc.,Grand Junction,US,22,">=$1,000,000 (revenue.min filter, exact value not returned by Blitz company-search)",Staffing and Recruiting,,yes,Round 2: Blitz Find People scoped to company.linkedin_url (previously-unsourced companies from the full ICP company universe)
Cross Country Allied,https://www.crosscountry.com/travel,https://www.linkedin.com/company/cross-country-allied,Boca Raton,US,154,">=$1,000,000 (revenue.min filter, exact value not returned by Blitz company-search)",Staffing and Recruiting,,yes,Round 2: Blitz Find People scoped to company.linkedin_url (previously-unsourced companies from the full ICP company universe)
Cross Country Locums,https://www.crosscountry.com/locums,https://www.linkedin.com/company/cross-country-locums,Boca Raton,US,158,">=$1,000,000 (revenue.min filter, exact value not returned by Blitz company-search)",Staffing and Recruiting,,yes,Round 2: Blitz Find People scoped to company.linkedin_url (previously-unsourced companies from the full ICP company universe)
Mint Physician Staffing,https://www.mintphysicians.com,https://www.linkedin.com/company/cross-country-locums-staffing,Houston,US,38,">=$1,000,000 (revenue.min filter, exact value not returned by Blitz company-search)",Staffing and Recruiting,,yes,Round 2: Blitz Find People scoped to company.linkedin_url (previously-unsourced companies from the full ICP company universe)
Cross Country Education,https://www.crosscountry.com/education,https://www.linkedin.com/company/crosscountryed,Boca Raton,US,443,">=$1,000,000 (revenue.min filter, exact value not returned by Blitz company-search)",Staffing and Recruiting,,yes,Round 2: Blitz Find People scoped to company.linkedin_url (previously-unsourced companies from the full ICP company universe)
Crow Wing Cooperative Power & Light Company,https://www.cwpower.com,https://www.linkedin.com/company/crow-wing-cooperative-power-&-light-company,Brainerd,US,13,">=$1,000,000 (revenue.min filter, exact value not returned by Blitz company-search)",Human Resources Services,,yes,Round 2: Blitz Find People scoped to company.linkedin_url (previously-unsourced companies from the full ICP company universe)
"Crown Personnel Services, Inc",https://crownpersonnel.com,https://www.linkedin.com/company/crown-personnel-services-inc-,Dayton,US,43,">=$1,000,000 (revenue.min filter, exact value not returned by Blitz company-search)",Staffing and Recruiting,,yes,Round 2: Blitz Find People scoped to company.linkedin_url (previously-unsourced companies from the full ICP company universe)
"Crown Staffing Solutions, L.L.C",https://crownstaffingllc.com,https://www.linkedin.com/company/crownstaffing,Dearborn,US,165,">=$1,000,000 (revenue.min filter, exact value not returned by Blitz company-search)",Staffing and Recruiting,,yes,Round 2: Blitz Find People scoped to company.linkedin_url (previously-unsourced companies from the full ICP company universe)
Crunch Care,https://www.crunchcare.com,https://www.linkedin.com/company/crunch-care-inc-,San Diego,US,59,">=$1,000,000 (revenue.min filter, exact value not returned by Blitz company-search)",Staffing and Recruiting,,yes,Round 2: Blitz Find People scoped to company.linkedin_url (previously-unsourced companies from the full ICP company universe)
"CS Recruiting, a Hirewell company",https://www.cs-recruiting.com,https://www.linkedin.com/company/cs-recruiting-llc,,US,22,">=$1,000,000 (revenue.min filter, exact value not returned by Blitz company-search)",Staffing and Recruiting,,yes,Round 2: Blitz Find People scoped to company.linkedin_url (previously-unsourced companies from the full ICP company universe)
"Csc Paymaster, Inc",https://www.cscpaymaster.com,https://www.linkedin.com/company/csc-paymaster-inc,Warwick,US,23,">=$1,000,000 (revenue.min filter, exact value not returned by Blitz company-search)",Human Resources Services,,yes,Round 2: Blitz Find People scoped to company.linkedin_url (previously-unsourced companies from the full ICP company universe)
CTS International,https://www.ctsinternational.com,https://www.linkedin.com/company/cts-international,Issaquah,US,173,">=$1,000,000 (revenue.min filter, exact value not returned by Blitz company-search)",Staffing and Recruiting,,yes,Round 2: Blitz Find People scoped to company.linkedin_url (previously-unsourced companies from the full ICP company universe)
"Cure Staffing, LLC",https://www.curestaffingcorp.com,https://www.linkedin.com/company/cure-staffing-llc,Austin,US,39,">=$1,000,000 (revenue.min filter, exact value not returned by Blitz company-search)",Staffing and Recruiting,,yes,Round 2: Blitz Find People scoped to company.linkedin_url (previously-unsourced companies from the full ICP company universe)
Custom Staffing Services,https://www.customstaffingservices.com,https://www.linkedin.com/company/custom-staffing-services,Evansville,US,23,">=$1,000,000 (revenue.min filter, exact value not returned by Blitz company-search)",Staffing and Recruiting,,yes,Round 2: Blitz Find People scoped to company.linkedin_url (previously-unsourced companies from the full ICP company universe)
"Custom Staffing Solutions Birmingham, Al",https://cssbirmingham.com,https://www.linkedin.com/company/custom-staffing-solutions-birmingham-al,Birmingham,US,26,">=$1,000,000 (revenue.min filter, exact value not returned by Blitz company-search)",Staffing and Recruiting,,yes,Round 2: Blitz Find People scoped to company.linkedin_url (previously-unsourced companies from the full ICP company universe)
Cybertech Recruiting And Staffing,https://www.cyber-inc.com,https://www.linkedin.com/company/cybertech-inc,Plymouth,US,14,">=$1,000,000 (revenue.min filter, exact value not returned by Blitz company-search)",Staffing and Recruiting,,yes,Round 2: Blitz Find People scoped to company.linkedin_url (previously-unsourced companies from the full ICP company universe)
"Cybervation, Inc",https://www.cybervationinc.com,https://www.linkedin.com/company/cybervation-inc,Dublin,US,14,">=$1,000,000 (revenue.min filter, exact value not returned by Blitz company-search)",Staffing and Recruiting,,yes,Round 2: Blitz Find People scoped to company.linkedin_url (previously-unsourced companies from the full ICP company universe)
"Cypress Creek Personnel Services, Inc",https://cypresscreekpersonnel.com,https://www.linkedin.com/company/cypress-creek-personnel-services-inc.,Houston,US,19,">=$1,000,000 (revenue.min filter, exact value not returned by Blitz company-search)",Staffing and Recruiting,,yes,Round 2: Blitz Find People scoped to company.linkedin_url (previously-unsourced companies from the full ICP company universe)
"Cyquest Business Solutions, Inc",https://www.cyquesthr.com,https://www.linkedin.com/company/cyquest-business-solutions-inc.,Atlanta,US,14,">=$1,000,000 (revenue.min filter, exact value not returned by Blitz company-search)",Human Resources Services,,yes,Round 2: Blitz Find People scoped to company.linkedin_url (previously-unsourced companies from the full ICP company universe)
"D E Consulting Solutions, Inc",https://www.dandeconsulting.com,https://www.linkedin.com/company/d&e-consulting-solutions-inc.,Westerville,US,29,">=$1,000,000 (revenue.min filter, exact value not returned by Blitz company-search)",Human Resources Services,,yes,Round 2: Blitz Find People scoped to company.linkedin_url (previously-unsourced companies from the full ICP company universe)
Dak Resources. Inc,https://www.dakresources.com,https://www.linkedin.com/company/dak-resources.-inc,Jacksonville,US,24,">=$1,000,000 (revenue.min filter, exact value not returned by Blitz company-search)",Staffing and Recruiting,,yes,Round 2: Blitz Find People scoped to company.linkedin_url (previously-unsourced companies from the full ICP company universe)
Datrose,https://www.datrose.com,https://www.linkedin.com/company/datrose,Webster,US,110,">=$1,000,000 (revenue.min filter, exact value not returned by Blitz company-search)",Staffing and Recruiting,,yes,Round 2: Blitz Find People scoped to company.linkedin_url (previously-unsourced companies from the full ICP company universe)
DATSON360 LLC,https://www.datson360.com,https://www.linkedin.com/company/datson-360,Lauderhill,US,47,">=$1,000,000 (revenue.min filter, exact value not returned by Blitz company-search)",Staffing and Recruiting,,yes,Round 2: Blitz Find People scoped to company.linkedin_url (previously-unsourced companies from the full ICP company universe)
DAVID BAGGA COMPANY,https://davidbagga.com,https://www.linkedin.com/company/david-bagga-company,Irvine,US,34,">=$1,000,000 (revenue.min filter, exact value not returned by Blitz company-search)",Staffing and Recruiting,,yes,Round 2: Blitz Find People scoped to company.linkedin_url (previously-unsourced companies from the full ICP company universe)
Dds Staffing,https://ddsstaffing.com,https://www.linkedin.com/company/dds-staffing-resources-inc.,Roswell,US,101,">=$1,000,000 (revenue.min filter, exact value not returned by Blitz company-search)",Staffing and Recruiting,,yes,Round 2: Blitz Find People scoped to company.linkedin_url (previously-unsourced companies from the full ICP company universe)
De Vore Recruiting,https://www.devorerecruiting.com,https://www.linkedin.com/company/de-vore-recruiting,Sherman Oaks,US,33,">=$1,000,000 (revenue.min filter, exact value not returned by Blitz company-search)",Staffing and Recruiting,,yes,Round 2: Blitz Find People scoped to company.linkedin_url (previously-unsourced companies from the full ICP company universe)
DeBellis Catherine & Morreale - Corporate Staffing,https://www.dcmstaffing.com,https://www.linkedin.com/company/debellis-catherine-morreale---corporate-staffing,Williamsville,US,18,">=$1,000,000 (revenue.min filter, exact value not returned by Blitz company-search)",Staffing and Recruiting,,yes,Round 2: Blitz Find People scoped to company.linkedin_url (previously-unsourced companies from the full ICP company universe)
Decton Staffing Services,https://www.dectoninc.com,https://www.linkedin.com/company/decton-inc,Irvine,US,248,">=$1,000,000 (revenue.min filter, exact value not returned by Blitz company-search)",Staffing and Recruiting,,yes,Round 2: Blitz Find People scoped to company.linkedin_url (previously-unsourced companies from the full ICP company universe)
Dedicated Personnel Inc,https://dedicatedpersonnel.com,https://www.linkedin.com/company/dedicated-personnel-inc,Hoover,US,33,">=$1,000,000 (revenue.min filter, exact value not returned by Blitz company-search)",Staffing and Recruiting,,yes,Round 2: Blitz Find People scoped to company.linkedin_url (previously-unsourced companies from the full ICP company universe)
"Defender Services, Inc",https://www.defenderservices.com,https://www.linkedin.com/company/defender-services-inc,Columbia,US,90,">=$1,000,000 (revenue.min filter, exact value not returned by Blitz company-search)",Staffing and Recruiting,,yes,Round 2: Blitz Find People scoped to company.linkedin_url (previously-unsourced companies from the full ICP company universe)
Delson Talent Consulting,https://www.delsontalent.com,https://www.linkedin.com/company/delsontalent,,US,13,">=$1,000,000 (revenue.min filter, exact value not returned by Blitz company-search)",Staffing and Recruiting,,yes,Round 2: Blitz Find People scoped to company.linkedin_url (previously-unsourced companies from the full ICP company universe)
Delta Human Resource Agency,https://deltahra.org,https://www.linkedin.com/company/delta-human-resource-agency,Covington,US,15,">=$1,000,000 (revenue.min filter, exact value not returned by Blitz company-search)",Human Resources Services,,yes,Round 2: Blitz Find People scoped to company.linkedin_url (previously-unsourced companies from the full ICP company universe)
Demand,https://demandww.com,https://www.linkedin.com/company/demand,New York,US,36,">=$1,000,000 (revenue.min filter, exact value not returned by Blitz company-search)",Staffing and Recruiting,,yes,Round 2: Blitz Find People scoped to company.linkedin_url (previously-unsourced companies from the full ICP company universe)
Dental Connections,https://www.dentalconnections.com,https://www.linkedin.com/company/dental-connections-inc,Seattle,US,77,">=$1,000,000 (revenue.min filter, exact value not returned by Blitz company-search)",Staffing and Recruiting,,yes,Round 2: Blitz Find People scoped to company.linkedin_url (previously-unsourced companies from the full ICP company universe)
Dental Force,https://www.dentalforcetx.com,https://www.linkedin.com/company/dental-force,Spring,US,53,">=$1,000,000 (revenue.min filter, exact value not returned by Blitz company-search)",Staffing and Recruiting,,yes,Round 2: Blitz Find People scoped to company.linkedin_url (previously-unsourced companies from the full ICP company universe)
Dental Staffing Solutions,https://www.dentalstaffingsolutions.com,https://www.linkedin.com/company/dental-staffing-solutions-fl,Pinellas Park,US,48,">=$1,000,000 (revenue.min filter, exact value not returned by Blitz company-search)",Staffing and Recruiting,,yes,Round 2: Blitz Find People scoped to company.linkedin_url (previously-unsourced companies from the full ICP company universe)
Dental Power,https://www.dentalpower.com,https://www.linkedin.com/company/dentalpower,Carrboro,US,133,">=$1,000,000 (revenue.min filter, exact value not returned by Blitz company-search)",Staffing and Recruiting,,yes,Round 2: Blitz Find People scoped to company.linkedin_url (previously-unsourced companies from the full ICP company universe)
Depaul Industries,https://www.depaulindustries.com,https://www.linkedin.com/company/depaul-industries,Portland,US,127,">=$1,000,000 (revenue.min filter, exact value not returned by Blitz company-search)",Staffing and Recruiting,,yes,Round 2: Blitz Find People scoped to company.linkedin_url (previously-unsourced companies from the full ICP company universe)
"Dependable Health Services, Inc",https://dependablehealthservices.com,https://www.linkedin.com/company/dependable-health-inc,San Antonio,US,17,">=$1,000,000 (revenue.min filter, exact value not returned by Blitz company-search)",Staffing and Recruiting,,yes,Round 2: Blitz Find People scoped to company.linkedin_url (previously-unsourced companies from the full ICP company universe)
"Dependent Specialists, Inc Dsi",https://www.dependentspecialists.com,https://www.linkedin.com/company/dependent-specialists,Rancho Santa Margarita,US,12,">=$1,000,000 (revenue.min filter, exact value not returned by Blitz company-search)",Human Resources Services,,yes,Round 2: Blitz Find People scoped to company.linkedin_url (previously-unsourced companies from the full ICP company universe)
"Deploy Hr, Inc",https://www.deployhr.com,https://www.linkedin.com/company/deployhr,Pleasanton,US,201,">=$1,000,000 (revenue.min filter, exact value not returned by Blitz company-search)",Staffing and Recruiting,,yes,Round 2: Blitz Find People scoped to company.linkedin_url (previously-unsourced companies from the full ICP company universe)
Development Resource Group,https://www.dr-group.com,https://www.linkedin.com/company/development-resource-group,Mounds View,US,17,">=$1,000,000 (revenue.min filter, exact value not returned by Blitz company-search)",Staffing and Recruiting,,yes,Round 2: Blitz Find People scoped to company.linkedin_url (previously-unsourced companies from the full ICP company universe)
"Diamond Staffing, Inc",https://www.diamondstaffinginc.com,https://www.linkedin.com/company/diamond-staffing-inc.,Northboro,US,98,">=$1,000,000 (revenue.min filter, exact value not returned by Blitz company-search)",Staffing and Recruiting,,yes,Round 2: Blitz Find People scoped to company.linkedin_url (previously-unsourced companies from the full ICP company universe)
Digital People,https://www.digitalpeople.net,https://www.linkedin.com/company/digital-people,Cincinnati,US,62,">=$1,000,000 (revenue.min filter, exact value not returned by Blitz company-search)",Staffing and Recruiting,,yes,Round 2: Blitz Find People scoped to company.linkedin_url (previously-unsourced companies from the full ICP company universe)
"Digitee Corp Solution Inc., Usa",https://www.dcsius.com,https://www.linkedin.com/company/digitee-corp-solution-inc.-usa,Troy,US,11,">=$1,000,000 (revenue.min filter, exact value not returned by Blitz company-search)",Human Resources Services,,yes,Round 2: Blitz Find People scoped to company.linkedin_url (previously-unsourced companies from the full ICP company universe)
Direct Placement Apartment Staffing,https://www.directapartmentstaffing.com,https://www.linkedin.com/company/direct-placement-apartment-staffing,Arlington,US,20,">=$1,000,000 (revenue.min filter, exact value not returned by Blitz company-search)",Staffing and Recruiting,,yes,Round 2: Blitz Find People scoped to company.linkedin_url (previously-unsourced companies from the full ICP company universe)
"Disabledperson, Inc",https://www.disabledperson.com,https://www.linkedin.com/company/disabledperson-inc.,Encinitas,US,123,">=$1,000,000 (revenue.min filter, exact value not returned by Blitz company-search)",Human Resources Services,,yes,Round 2: Blitz Find People scoped to company.linkedin_url (previously-unsourced companies from the full ICP company universe)
Discovery Outsourcing,https://www.discoveryoutsourcing.com,https://www.linkedin.com/company/discovery-outsourcing,Greenwood Village,US,10,">=$1,000,000 (revenue.min filter, exact value not returned by Blitz company-search)",Human Resources Services,,yes,Round 2: Blitz Find People scoped to company.linkedin_url (previously-unsourced companies from the full ICP company universe)
Diversified Staffing Group,https://dsgworld.com,https://www.linkedin.com/company/diversified-staffing-group,Portland,US,31,">=$1,000,000 (revenue.min filter, exact value not returned by Blitz company-search)",Staffing and Recruiting,,yes,Round 2: Blitz Find People scoped to company.linkedin_url (previously-unsourced companies from the full ICP company universe)
DKKD Staffing,https://www.dkkdstaffing.com,https://www.linkedin.com/company/dkkd-staffing,Westlake Village,US,44,">=$1,000,000 (revenue.min filter, exact value not returned by Blitz company-search)",Staffing and Recruiting,,yes,Round 2: Blitz Find People scoped to company.linkedin_url (previously-unsourced companies from the full ICP company universe)
Dm Payroll Solutions,https://www.dmpayroll.com,https://www.linkedin.com/company/dm-payroll-solutions,Troy,US,22,">=$1,000,000 (revenue.min filter, exact value not returned by Blitz company-search)",Human Resources Services,,yes,Round 2: Blitz Find People scoped to company.linkedin_url (previously-unsourced companies from the full ICP company universe)
Dmdickason Personnel Services,https://www.dmdickason.com,https://www.linkedin.com/company/dmdickason-personnel-services,El Paso,US,88,">=$1,000,000 (revenue.min filter, exact value not returned by Blitz company-search)",Staffing and Recruiting,,yes,Round 2: Blitz Find People scoped to company.linkedin_url (previously-unsourced companies from the full ICP company universe)
Dnr,https://www.d-n-r.com,https://www.linkedin.com/company/dnr,Iselin,US,596,">=$1,000,000 (revenue.min filter, exact value not returned by Blitz company-search)",Staffing and Recruiting,,yes,Round 2: Blitz Find People scoped to company.linkedin_url (previously-unsourced companies from the full ICP company universe)
Doherty Staffing Solutions,https://www.doherty.com,https://www.linkedin.com/company/doherty-staffing-solutions,Edina,US,176,">=$1,000,000 (revenue.min filter, exact value not returned by Blitz company-search)",Staffing and Recruiting,,yes,Round 2: Blitz Find People scoped to company.linkedin_url (previously-unsourced companies from the full ICP company universe)
"Dollar Staffing, Inc",https://www.dollarstaffing.com,https://www.linkedin.com/company/dollarstaffing,Washington,US,11,">=$1,000,000 (revenue.min filter, exact value not returned by Blitz company-search)",Staffing and Recruiting,,yes,Round 2: Blitz Find People scoped to company.linkedin_url (previously-unsourced companies from the full ICP company universe)
Donovan & Watkins,https://www.donwat.com,https://www.linkedin.com/company/donovan-and-watkins,Houston,US,65,">=$1,000,000 (revenue.min filter, exact value not returned by Blitz company-search)",Staffing and Recruiting,,yes,Round 2: Blitz Find People scoped to company.linkedin_url (previously-unsourced companies from the full ICP company universe)
Dpi Staffing,https://www.dpistaffing.com,https://www.linkedin.com/company/dpi-staffing,Portland,US,33,">=$1,000,000 (revenue.min filter, exact value not returned by Blitz company-search)",Staffing and Recruiting,,yes,Round 2: Blitz Find People scoped to company.linkedin_url (previously-unsourced companies from the full ICP company universe)
Dracs Consulting Group,https://dracsgroup.com,https://www.linkedin.com/company/dracs-consulting-group,Decatur,US,11,">=$1,000,000 (revenue.min filter, exact value not returned by Blitz company-search)",Staffing and Recruiting,,yes,Round 2: Blitz Find People scoped to company.linkedin_url (previously-unsourced companies from the full ICP company universe)
Drake & Company Staffing Solutions,https://www.drakeandcompany.com,https://www.linkedin.com/company/drake-&-company-staffing-specialists,Madison,US,49,">=$1,000,000 (revenue.min filter, exact value not returned by Blitz company-search)",Staffing and Recruiting,,yes,Round 2: Blitz Find People scoped to company.linkedin_url (previously-unsourced companies from the full ICP company universe)
DRV Staffing,https://www.drvstaffing.com,https://www.linkedin.com/company/drv-staffing,Port St Lucie,US,11,">=$1,000,000 (revenue.min filter, exact value not returned by Blitz company-search)",Staffing and Recruiting,,yes,Round 2: Blitz Find People scoped to company.linkedin_url (previously-unsourced companies from the full ICP company universe)
Duvall Enterprises,https://duvallenterprises.net,https://www.linkedin.com/company/duvallenterprises,Charmco,US,14,">=$1,000,000 (revenue.min filter, exact value not returned by Blitz company-search)",Staffing and Recruiting,,yes,Round 2: Blitz Find People scoped to company.linkedin_url (previously-unsourced companies from the full ICP company universe)
Dynamic Office & Accounting Solutions,https://www.go2dynamic.com,https://www.linkedin.com/company/dynamic-office-and-accounting-solutions,Danville,US,68,">=$1,000,000 (revenue.min filter, exact value not returned by Blitz company-search)",Staffing and Recruiting,,yes,Round 2: Blitz Find People scoped to company.linkedin_url (previously-unsourced companies from the full ICP company universe)
Dynamics Executive Search,https://www.dynamicsnyc.com,https://www.linkedin.com/company/dynamics-associates,,US,48,">=$1,000,000 (revenue.min filter, exact value not returned by Blitz company-search)",Staffing and Recruiting,,yes,Round 2: Blitz Find People scoped to company.linkedin_url (previously-unsourced companies from the full ICP company universe)
Etalentnetwork,https://www.etalentnetwork.com,https://www.linkedin.com/company/e-talentnetwork,Mclean,US,169,">=$1,000,000 (revenue.min filter, exact value not returned by Blitz company-search)",Staffing and Recruiting,,yes,Round 2: Blitz Find People scoped to company.linkedin_url (previously-unsourced companies from the full ICP company universe)
"Early Bird Pediatric Therapy Clinic, Inc",https://earlybirdtherapy.com,https://www.linkedin.com/company/early-bird-pediatric-therapy-clinic-inc,El Paso,US,45,">=$1,000,000 (revenue.min filter, exact value not returned by Blitz company-search)",Staffing and Recruiting,,yes,Round 2: Blitz Find People scoped to company.linkedin_url (previously-unsourced companies from the full ICP company universe)
"Ecb Services, Inc",https://www.ecbservice.com,https://www.linkedin.com/company/ecb-services-inc,Pensacola,US,24,">=$1,000,000 (revenue.min filter, exact value not returned by Blitz company-search)",Staffing and Recruiting,,yes,Round 2: Blitz Find People scoped to company.linkedin_url (previously-unsourced companies from the full ICP company universe)
Echo Locum Tenens,https://www.echolocum.com,https://www.linkedin.com/company/echolocumtenens,Westlake,US,63,">=$1,000,000 (revenue.min filter, exact value not returned by Blitz company-search)",Staffing and Recruiting,,yes,Round 2: Blitz Find People scoped to company.linkedin_url (previously-unsourced companies from the full ICP company universe)
"Eco-Staff, LLC",https://www.eco-staff.com,https://www.linkedin.com/company/eco-staff-llc,Houston,US,98,">=$1,000,000 (revenue.min filter, exact value not returned by Blitz company-search)",Staffing and Recruiting,,yes,Round 2: Blitz Find People scoped to company.linkedin_url (previously-unsourced companies from the full ICP company universe)
Economic Security Corporation,https://www.escswa.org,https://www.linkedin.com/company/economic-security-corporation,Joplin,US,76,">=$1,000,000 (revenue.min filter, exact value not returned by Blitz company-search)",Staffing and Recruiting,,yes,Round 2: Blitz Find People scoped to company.linkedin_url (previously-unsourced companies from the full ICP company universe)
"Ecs, Inc",https://www.ecsjobs.com,https://www.linkedin.com/company/ecs-inc-,Dania Beach,US,10,">=$1,000,000 (revenue.min filter, exact value not returned by Blitz company-search)",Staffing and Recruiting,,yes,Round 2: Blitz Find People scoped to company.linkedin_url (previously-unsourced companies from the full ICP company universe)
"Edge Information Management, Inc",https://www.edgeinformation.com,https://www.linkedin.com/company/edgeinformationmanagementinc,Melbourne,US,40,">=$1,000,000 (revenue.min filter, exact value not returned by Blitz company-search)",Human Resources Services,,yes,Round 2: Blitz Find People scoped to company.linkedin_url (previously-unsourced companies from the full ICP company universe)
Edna A. Rice Executive Recruiters,https://ednarice.com,https://www.linkedin.com/company/edna-a-rice-executive-recruiters-inc-,League City,US,24,">=$1,000,000 (revenue.min filter, exact value not returned by Blitz company-search)",Executive Search Services,,yes,Round 2: Blitz Find People scoped to company.linkedin_url (previously-unsourced companies from the full ICP company universe)
Educational Data Systems Incorporated,https://www.edsisolutions.com,https://www.linkedin.com/company/educational-data-systems-incorporated,Bbb,US,92,">=$1,000,000 (revenue.min filter, exact value not returned by Blitz company-search)",Human Resources Services,,yes,Round 2: Blitz Find People scoped to company.linkedin_url (previously-unsourced companies from the full ICP company universe)
Egiants Technologies Llc,https://www.theegiants.com,https://www.linkedin.com/company/egiants-technologies-llc,Denton,US,114,">=$1,000,000 (revenue.min filter, exact value not returned by Blitz company-search)",Staffing and Recruiting,,yes,Round 2: Blitz Find People scoped to company.linkedin_url (previously-unsourced companies from the full ICP company universe)
Electrical Alliances Llc,https://www.electricalalliances.com,https://www.linkedin.com/company/electrical-alliances-llc,Sand Springs,US,21,">=$1,000,000 (revenue.min filter, exact value not returned by Blitz company-search)",Staffing and Recruiting,,yes,Round 2: Blitz Find People scoped to company.linkedin_url (previously-unsourced companies from the full ICP company universe)
Eli,https://www.elisolutions.com,https://www.linkedin.com/company/eli,Troy,US,331,">=$1,000,000 (revenue.min filter, exact value not returned by Blitz company-search)",Staffing and Recruiting,,yes,Round 2: Blitz Find People scoped to company.linkedin_url (previously-unsourced companies from the full ICP company universe)
Elink Recruiting Solutions,https://elinkrecruiting.com,https://www.linkedin.com/company/elink-recruiting-solutions,Atlanta,US,10,">=$1,000,000 (revenue.min filter, exact value not returned by Blitz company-search)",Staffing and Recruiting,,yes,Round 2: Blitz Find People scoped to company.linkedin_url (previously-unsourced companies from the full ICP company universe)
Elite Employment Center,https://www.eliteemploymentcenter.com,https://www.linkedin.com/company/elite-employment-center,Ashtabula,US,16,">=$1,000,000 (revenue.min filter, exact value not returned by Blitz company-search)",Staffing and Recruiting,,yes,Round 2: Blitz Find People scoped to company.linkedin_url (previously-unsourced companies from the full ICP company universe)
"Elite Placement Group, Inc.",https://www.eliteplacementgroup.com,https://www.linkedin.com/company/elite-placement-group,Los Angeles,US,30,">=$1,000,000 (revenue.min filter, exact value not returned by Blitz company-search)",Staffing and Recruiting,,yes,Round 2: Blitz Find People scoped to company.linkedin_url (previously-unsourced companies from the full ICP company universe)
Elite - Staffing Firm,https://staffwithelite.com,https://www.linkedin.com/company/elite-tek-services,Costa Mesa,US,24,">=$1,000,000 (revenue.min filter, exact value not returned by Blitz company-search)",Staffing and Recruiting,,yes,Round 2: Blitz Find People scoped to company.linkedin_url (previously-unsourced companies from the full ICP company universe)
Elite Workforce Management,https://www.eliteonpremise.com,https://www.linkedin.com/company/elite-workforce-mangament,Tulsa,US,16,">=$1,000,000 (revenue.min filter, exact value not returned by Blitz company-search)",Staffing and Recruiting,,yes,Round 2: Blitz Find People scoped to company.linkedin_url (previously-unsourced companies from the full ICP company universe)
"Embtel, Inc",https://embtel.com,https://www.linkedin.com/company/embtelinc,Fremont,US,10,">=$1,000,000 (revenue.min filter, exact value not returned by Blitz company-search)",Staffing and Recruiting,,yes,Round 2: Blitz Find People scoped to company.linkedin_url (previously-unsourced companies from the full ICP company universe)
Emigra Worldwide,https://www.emigra.com,https://www.linkedin.com/company/emigra_2,Vienna,US,33,">=$1,000,000 (revenue.min filter, exact value not returned by Blitz company-search)",Human Resources Services,,yes,Round 2: Blitz Find People scoped to company.linkedin_url (previously-unsourced companies from the full ICP company universe)
Employee Liability Management (ELM),https://www.elminfo.com,https://www.linkedin.com/company/employee-liability-management-elm-,Mobile,US,40,">=$1,000,000 (revenue.min filter, exact value not returned by Blitz company-search)",Human Resources Services,,yes,Round 2: Blitz Find People scoped to company.linkedin_url (previously-unsourced companies from the full ICP company universe)
Employer's Guardian,https://www.employersguardian.com,https://www.linkedin.com/company/employer's-guardian-llc-,Gold River,US,18,">=$1,000,000 (revenue.min filter, exact value not returned by Blitz company-search)",Human Resources Services,,yes,Round 2: Blitz Find People scoped to company.linkedin_url (previously-unsourced companies from the full ICP company universe)
Employers Choice Plus,https://www.echoiceplus.com,https://www.linkedin.com/company/employers-choice-plus,West Chester,US,17,">=$1,000,000 (revenue.min filter, exact value not returned by Blitz company-search)",Human Resources Services,,yes,Round 2: Blitz Find People scoped to company.linkedin_url (previously-unsourced companies from the full ICP company universe)
"Employers Depot, Inc",https://www.employersdepot.com,https://www.linkedin.com/company/employers-depot-inc-,Ventura,US,31,">=$1,000,000 (revenue.min filter, exact value not returned by Blitz company-search)",Human Resources Services,,yes,Round 2: Blitz Find People scoped to company.linkedin_url (previously-unsourced companies from the full ICP company universe)
Employers Logic,https://www.employerslogic.com,https://www.linkedin.com/company/employers-logic,Spring Grove,US,10,">=$1,000,000 (revenue.min filter, exact value not returned by Blitz company-search)",Human Resources Services,,yes,Round 2: Blitz Find People scoped to company.linkedin_url (previously-unsourced companies from the full ICP company universe)
Employers Resource,https://employers-resource.com,https://www.linkedin.com/company/employersresourceca,San Marcos,US,20,">=$1,000,000 (revenue.min filter, exact value not returned by Blitz company-search)",Human Resources Services,,yes,Round 2: Blitz Find People scoped to company.linkedin_url (previously-unsourced companies from the full ICP company universe)
"Employment 2000, Inc",https://www.e2000staffing.com,https://www.linkedin.com/company/employment-2000,Providence,US,36,">=$1,000,000 (revenue.min filter, exact value not returned by Blitz company-search)",Staffing and Recruiting,,yes,Round 2: Blitz Find People scoped to company.linkedin_url (previously-unsourced companies from the full ICP company universe)
"Employment Connections, Inc",https://ecijobs.com,https://www.linkedin.com/company/employment-connections-inc.,Spencer,US,14,">=$1,000,000 (revenue.min filter, exact value not returned by Blitz company-search)",Staffing and Recruiting,,yes,Round 2: Blitz Find People scoped to company.linkedin_url (previously-unsourced companies from the full ICP company universe)
"Employment Screening Services, Inc",https://www.employscreen.com,https://www.linkedin.com/company/employment-screening-services-inc,Spokane,US,24,">=$1,000,000 (revenue.min filter, exact value not returned by Blitz company-search)",Human Resources Services,,yes,Round 2: Blitz Find People scoped to company.linkedin_url (previously-unsourced companies from the full ICP company universe)
Employ-Temps Staffing Services,https://www.employtemps.com,https://www.linkedin.com/company/employtemps,North Canton,US,62,">=$1,000,000 (revenue.min filter, exact value not returned by Blitz company-search)",Staffing and Recruiting,,yes,Round 2: Blitz Find People scoped to company.linkedin_url (previously-unsourced companies from the full ICP company universe)
Energeo Staffing Services,https://www.energeostaffing.com,https://www.linkedin.com/company/energeo-staffing-services,Plainfield,US,52,">=$1,000,000 (revenue.min filter, exact value not returned by Blitz company-search)",Staffing and Recruiting,,yes,Round 2: Blitz Find People scoped to company.linkedin_url (previously-unsourced companies from the full ICP company universe)
Energy Services Group International,https://www.esgi.net,https://www.linkedin.com/company/energy-services-group-international,Toano,US,28,">=$1,000,000 (revenue.min filter, exact value not returned by Blitz company-search)",Staffing and Recruiting,,yes,Round 2: Blitz Find People scoped to company.linkedin_url (previously-unsourced companies from the full ICP company universe)
Enterprise Medical Staffing,https://estaffingagency.com,https://www.linkedin.com/company/enterprise-staffing,Dallas,US,37,">=$1,000,000 (revenue.min filter, exact value not returned by Blitz company-search)",Staffing and Recruiting,,yes,Round 2: Blitz Find People scoped to company.linkedin_url (previously-unsourced companies from the full ICP company universe)
Esa Staffing And Screening,https://www.esa-staffing.com,https://www.linkedin.com/company/esastaffing,Monticello,US,27,">=$1,000,000 (revenue.min filter, exact value not returned by Blitz company-search)",Staffing and Recruiting,,yes,Round 2: Blitz Find People scoped to company.linkedin_url (previously-unsourced companies from the full ICP company universe)
Esearch,https://www.esearchjobs.com,https://www.linkedin.com/company/esearch,Independence,US,19,">=$1,000,000 (revenue.min filter, exact value not returned by Blitz company-search)",Staffing and Recruiting,,yes,Round 2: Blitz Find People scoped to company.linkedin_url (previously-unsourced companies from the full ICP company universe)
Esparza Enterprises Inc,https://esparzaenterprises.com,https://www.linkedin.com/company/esparza-enterprises-inc,Coachella,US,106,">=$1,000,000 (revenue.min filter, exact value not returned by Blitz company-search)",Staffing and Recruiting,,yes,Round 2: Blitz Find People scoped to company.linkedin_url (previously-unsourced companies from the full ICP company universe)
Etcon Employment Solutions,https://www.etcon.net,https://www.linkedin.com/company/etcon-employment-solutions,Gainesville,US,72,">=$1,000,000 (revenue.min filter, exact value not returned by Blitz company-search)",Staffing and Recruiting,,yes,Round 2: Blitz Find People scoped to company.linkedin_url (previously-unsourced companies from the full ICP company universe)
Etd Services,https://www.etdservices.com,https://www.linkedin.com/company/etd-services,Livonia,US,19,">=$1,000,000 (revenue.min filter, exact value not returned by Blitz company-search)",Staffing and Recruiting,,yes,Round 2: Blitz Find People scoped to company.linkedin_url (previously-unsourced companies from the full ICP company universe)
Etowah Employment,https://www.etowahemployment.com,https://www.linkedin.com/company/etowah-employment,Rome,US,12,">=$1,000,000 (revenue.min filter, exact value not returned by Blitz company-search)",Staffing and Recruiting,,yes,Round 2: Blitz Find People scoped to company.linkedin_url (previously-unsourced companies from the full ICP company universe)
Excel Personnel Services,https://www.excelpersonnelservices.com,https://www.linkedin.com/company/excel-personnel-services,Lompoc,US,19,">=$1,000,000 (revenue.min filter, exact value not returned by Blitz company-search)",Staffing and Recruiting,,yes,Round 2: Blitz Find People scoped to company.linkedin_url (previously-unsourced companies from the full ICP company universe)
Excel Staffing,https://www.excelstaff.com,https://www.linkedin.com/company/excel-staffing,Albuquerque,US,135,">=$1,000,000 (revenue.min filter, exact value not returned by Blitz company-search)",Staffing and Recruiting,,yes,Round 2: Blitz Find People scoped to company.linkedin_url (previously-unsourced companies from the full ICP company universe)
Excel Temporary Service,https://www.exceltemporary.com,https://www.linkedin.com/company/excel-temporary-service,Hillsboro,US,39,">=$1,000,000 (revenue.min filter, exact value not returned by Blitz company-search)",Staffing and Recruiting,,yes,Round 2: Blitz Find People scoped to company.linkedin_url (previously-unsourced companies from the full ICP company universe)
Executive Dynamics Search,https://www.execdynamics.com,https://www.linkedin.com/company/executive-dynamics-search,Encinitas,US,18,">=$1,000,000 (revenue.min filter, exact value not returned by Blitz company-search)",Staffing and Recruiting,,yes,Round 2: Blitz Find People scoped to company.linkedin_url (previously-unsourced companies from the full ICP company universe)
Exemplarits,https://www.exemplarits.com,https://www.linkedin.com/company/exemplarits,Austin,US,30,">=$1,000,000 (revenue.min filter, exact value not returned by Blitz company-search)",Staffing and Recruiting,,yes,Round 2: Blitz Find People scoped to company.linkedin_url (previously-unsourced companies from the full ICP company universe)
Expedient Medstaff,https://www.expedientmedstaff.com,https://www.linkedin.com/company/expedient-medstaff,Wyandotte,US,21,">=$1,000,000 (revenue.min filter, exact value not returned by Blitz company-search)",Staffing and Recruiting,,yes,Round 2: Blitz Find People scoped to company.linkedin_url (previously-unsourced companies from the full ICP company universe)
"Expedient Staffing Solutions, Inc",https://www.exp-staffing.com,https://www.linkedin.com/company/expedientstaffingsolutions,New York,US,90,">=$1,000,000 (revenue.min filter, exact value not returned by Blitz company-search)",Staffing and Recruiting,,yes,Round 2: Blitz Find People scoped to company.linkedin_url (previously-unsourced companies from the full ICP company universe)
Experience Factor,https://www.experiencefactor.com,https://www.linkedin.com/company/experience-factor,Denver,US,11,">=$1,000,000 (revenue.min filter, exact value not returned by Blitz company-search)",Staffing and Recruiting,,yes,Round 2: Blitz Find People scoped to company.linkedin_url (previously-unsourced companies from the full ICP company universe)
Expert Staffing Company,https://www.expertstaffing.com,https://www.linkedin.com/company/expert-staffing-company,Houston,US,27,">=$1,000,000 (revenue.min filter, exact value not returned by Blitz company-search)",Staffing and Recruiting,,yes,Round 2: Blitz Find People scoped to company.linkedin_url (previously-unsourced companies from the full ICP company universe)
Expert Staffing Partners Inc,https://www.expert-staffing.com,https://www.linkedin.com/company/expert-staffing-inc-,Worcester,US,105,">=$1,000,000 (revenue.min filter, exact value not returned by Blitz company-search)",Staffing and Recruiting,,yes,Round 2: Blitz Find People scoped to company.linkedin_url (previously-unsourced companies from the full ICP company universe)
"Express Employment Professionals Visalia, Ca",https://www.expresspros.com/us-california-visalia,https://www.linkedin.com/company/express-employment-professionals---visalia-ca,Visalia,US,25,">=$1,000,000 (revenue.min filter, exact value not returned by Blitz company-search)",Staffing and Recruiting,,yes,Round 2: Blitz Find People scoped to company.linkedin_url (previously-unsourced companies from the full ICP company universe)
Express Employment Professionals Of Green Bay,https://www.expresspros.com/greenbaywi,https://www.linkedin.com/company/express-employment-professionals-of-green-bay,Green Bay,US,11,">=$1,000,000 (revenue.min filter, exact value not returned by Blitz company-search)",Staffing and Recruiting,,yes,Round 2: Blitz Find People scoped to company.linkedin_url (previously-unsourced companies from the full ICP company universe)
Express Employment Professionals Of Nea,https://www.expresspros.com,https://www.linkedin.com/company/express-employment-professionals-of-nea,Jonesboro,US,48,">=$1,000,000 (revenue.min filter, exact value not returned by Blitz company-search)",Staffing and Recruiting,,yes,Round 2: Blitz Find People scoped to company.linkedin_url (previously-unsourced companies from the full ICP company universe)
Ez Staffing Inc,https://ezstaffing.com,https://www.linkedin.com/company/ez-staffing-inc,North Hollywood,US,30,">=$1,000,000 (revenue.min filter, exact value not returned by Blitz company-search)",Staffing and Recruiting,,yes,Round 2: Blitz Find People scoped to company.linkedin_url (previously-unsourced companies from the full ICP company universe)
Fabergent Inc,https://www.fabergent.com,https://www.linkedin.com/company/fabergent_2,Mahwah,US,73,">=$1,000,000 (revenue.min filter, exact value not returned by Blitz company-search)",Staffing and Recruiting,,yes,Round 2: Blitz Find People scoped to company.linkedin_url (previously-unsourced companies from the full ICP company universe)
Facet,https://www.facet.net,https://www.linkedin.com/company/facetnet,Lehi,US,30,">=$1,000,000 (revenue.min filter, exact value not returned by Blitz company-search)",Staffing and Recruiting,,yes,Round 2: Blitz Find People scoped to company.linkedin_url (previously-unsourced companies from the full ICP company universe)
Family Resource Agency Inc,https://www.fratn.com,https://www.linkedin.com/company/family-resource-agency-inc,Decatur,US,91,">=$1,000,000 (revenue.min filter, exact value not returned by Blitz company-search)",Human Resources Services,,yes,Round 2: Blitz Find People scoped to company.linkedin_url (previously-unsourced companies from the full ICP company universe)
Fare Temps,https://www.faretemps.com,https://www.linkedin.com/company/fare-temps-llc,Milwaukee,US,25,">=$1,000,000 (revenue.min filter, exact value not returned by Blitz company-search)",Staffing and Recruiting,,yes,Round 2: Blitz Find People scoped to company.linkedin_url (previously-unsourced companies from the full ICP company universe)
Fastnet Software International Inc,https://www.fastnetsoft.com,https://www.linkedin.com/company/fastnetstaffing,East Northport,US,10,">=$1,000,000 (revenue.min filter, exact value not returned by Blitz company-search)",Staffing and Recruiting,,yes,Round 2: Blitz Find People scoped to company.linkedin_url (previously-unsourced companies from the full ICP company universe)
Fbd Consulting Llc,https://www.fbdconsult.com,https://www.linkedin.com/company/fbd-consulting-llc,Leawood,US,14,">=$1,000,000 (revenue.min filter, exact value not returned by Blitz company-search)",Human Resources Services,,yes,Round 2: Blitz Find People scoped to company.linkedin_url (previously-unsourced companies from the full ICP company universe)
Federal Wage And Labor Law Institute,https://www.fwlli.com,https://www.linkedin.com/company/federal-wage-and-labor-law-institute,Houston,US,39,">=$1,000,000 (revenue.min filter, exact value not returned by Blitz company-search)",Human Resources Services,,yes,Round 2: Blitz Find People scoped to company.linkedin_url (previously-unsourced companies from the full ICP company universe)
Fibersource Inc,https://fibersource.net,https://www.linkedin.com/company/fibersource-inc,Oklahoma City,US,15,">=$1,000,000 (revenue.min filter, exact value not returned by Blitz company-search)",Human Resources Services,,yes,Round 2: Blitz Find People scoped to company.linkedin_url (previously-unsourced companies from the full ICP company universe)
Filet Of Chicken,https://www.filetofchicken.com,https://www.linkedin.com/company/filet-of-chicken,Forest Park,US,153,">=$1,000,000 (revenue.min filter, exact value not returned by Blitz company-search)",Staffing and Recruiting,,yes,Round 2: Blitz Find People scoped to company.linkedin_url (previously-unsourced companies from the full ICP company universe)
Fillerup Employment Services,https://fillerupemployment.com/home.html,https://www.linkedin.com/company/fillerup-employment-services,Salt Lake City,US,29,">=$1,000,000 (revenue.min filter, exact value not returned by Blitz company-search)",Staffing and Recruiting,,yes,Round 2: Blitz Find People scoped to company.linkedin_url (previously-unsourced companies from the full ICP company universe)
Financestaff,https://www.financestaff.com,https://www.linkedin.com/company/financestaff,Oakland,US,24,">=$1,000,000 (revenue.min filter, exact value not returned by Blitz company-search)",Staffing and Recruiting,,yes,Round 2: Blitz Find People scoped to company.linkedin_url (previously-unsourced companies from the full ICP company universe)
"First Capital Enterprises, Inc",https://firstcapitalenterprises.com,https://www.linkedin.com/company/first-capital-enterprises-inc,Chillicothe,US,28,">=$1,000,000 (revenue.min filter, exact value not returned by Blitz company-search)",Staffing and Recruiting,,yes,Round 2: Blitz Find People scoped to company.linkedin_url (previously-unsourced companies from the full ICP company universe)
First Choice Medical Equipment,https://www.firstchoicemedequip.com,https://www.linkedin.com/company/first-choice-medical-equipment,Las Vegas,US,12,">=$1,000,000 (revenue.min filter, exact value not returned by Blitz company-search)",Human Resources Services,,yes,Round 2: Blitz Find People scoped to company.linkedin_url (previously-unsourced companies from the full ICP company universe)
First Choice Personnel,https://www.firstchoice-personnel.com,https://www.linkedin.com/company/first-choice-personnel,High Point,US,54,">=$1,000,000 (revenue.min filter, exact value not returned by Blitz company-search)",Staffing and Recruiting,,yes,Round 2: Blitz Find People scoped to company.linkedin_url (previously-unsourced companies from the full ICP company universe)
"First Choice Personnel, Inc",https://www.fcpersonnel.com,https://www.linkedin.com/company/first-choice-personnel-inc-,Gadsden,US,30,">=$1,000,000 (revenue.min filter, exact value not returned by Blitz company-search)",Staffing and Recruiting,,yes,Round 2: Blitz Find People scoped to company.linkedin_url (previously-unsourced companies from the full ICP company universe)
First Choice Staffing Group,https://www.firstchoicegroup.com,https://www.linkedin.com/company/first-choice-staffing-group,Whitesboro,US,45,">=$1,000,000 (revenue.min filter, exact value not returned by Blitz company-search)",Staffing and Recruiting,,yes,Round 2: Blitz Find People scoped to company.linkedin_url (previously-unsourced companies from the full ICP company universe)
"First Class Nurses, Inc",https://www.firstclassnurses.net,https://www.linkedin.com/company/first-class-nurses,Cypress,US,57,">=$1,000,000 (revenue.min filter, exact value not returned by Blitz company-search)",Staffing and Recruiting,,yes,Round 2: Blitz Find People scoped to company.linkedin_url (previously-unsourced companies from the full ICP company universe)
First Contact Hr,https://www.firstcontacthr.com,https://www.linkedin.com/company/first-contact-hr,Fort Washington,US,20,">=$1,000,000 (revenue.min filter, exact value not returned by Blitz company-search)",Human Resources Services,,yes,Round 2: Blitz Find People scoped to company.linkedin_url (previously-unsourced companies from the full ICP company universe)
First Staffing,https://www.1firststaffing.com,https://www.linkedin.com/company/first-staffing,Gaffney,US,50,">=$1,000,000 (revenue.min filter, exact value not returned by Blitz company-search)",Staffing and Recruiting,,yes,Round 2: Blitz Find People scoped to company.linkedin_url (previously-unsourced companies from the full ICP company universe)
"Firstidea, Inc",https://firstidea.org,https://www.linkedin.com/company/firstidea-inc.,Parker,US,13,">=$1,000,000 (revenue.min filter, exact value not returned by Blitz company-search)",Human Resources Services,,yes,Round 2: Blitz Find People scoped to company.linkedin_url (previously-unsourced companies from the full ICP company universe)
Fischer Global Solutions,https://www.fgs-us.com,https://www.linkedin.com/company/fischer-global-solutions,California,US,13,">=$1,000,000 (revenue.min filter, exact value not returned by Blitz company-search)",Staffing and Recruiting,,yes,Round 2: Blitz Find People scoped to company.linkedin_url (previously-unsourced companies from the full ICP company universe)
Flashii,https://www.flashiiapp.com,https://www.linkedin.com/company/flashii-app,San Jose,US,10,">=$1,000,000 (revenue.min filter, exact value not returned by Blitz company-search)",Staffing and Recruiting,,yes,Round 2: Blitz Find People scoped to company.linkedin_url (previously-unsourced companies from the full ICP company universe)
Flex-Staff Inc.,https://www.flexstaff.com,https://www.linkedin.com/company/flex-staff,Appleton,US,77,">=$1,000,000 (revenue.min filter, exact value not returned by Blitz company-search)",Staffing and Recruiting,,yes,Round 2: Blitz Find People scoped to company.linkedin_url (previously-unsourced companies from the full ICP company universe)
Flexible Resources,https://www.flexibleresources.com,https://www.linkedin.com/company/flexible-resources,Stamford,US,11,">=$1,000,000 (revenue.min filter, exact value not returned by Blitz company-search)",Staffing and Recruiting,,yes,Round 2: Blitz Find People scoped to company.linkedin_url (previously-unsourced companies from the full ICP company universe)
"Flexicorps, Inc",https://www.flexicorps.com,https://www.linkedin.com/company/flexicorps,St. Charles,US,19,">=$1,000,000 (revenue.min filter, exact value not returned by Blitz company-search)",Staffing and Recruiting,,yes,Round 2: Blitz Find People scoped to company.linkedin_url (previously-unsourced companies from the full ICP company universe)
FlexStaff Careers,https://www.flexstaff.org,https://www.linkedin.com/company/flexstaff-careers,New Hyde Park,US,391,">=$1,000,000 (revenue.min filter, exact value not returned by Blitz company-search)",Staffing and Recruiting,,yes,Round 2: Blitz Find People scoped to company.linkedin_url (previously-unsourced companies from the full ICP company universe)
Focus1 Hr Group,https://www.focus1hr.com,https://www.linkedin.com/company/focus1-hr-group,Austin,US,18,">=$1,000,000 (revenue.min filter, exact value not returned by Blitz company-search)",Human Resources Services,,yes,Round 2: Blitz Find People scoped to company.linkedin_url (previously-unsourced companies from the full ICP company universe)
Focuss Service Group,https://www.usafsg.com,https://www.linkedin.com/company/focussservicegroup,Richmond,US,14,">=$1,000,000 (revenue.min filter, exact value not returned by Blitz company-search)",Staffing and Recruiting,,yes,Round 2: Blitz Find People scoped to company.linkedin_url (previously-unsourced companies from the full ICP company universe)
Foodserv Staffing,https://www.foodservstaffing.com,https://www.linkedin.com/company/foodserv-staffing,Oceanside,US,38,">=$1,000,000 (revenue.min filter, exact value not returned by Blitz company-search)",Staffing and Recruiting,,yes,Round 2: Blitz Find People scoped to company.linkedin_url (previously-unsourced companies from the full ICP company universe)
Foothills Staffing,https://foothillsstaffing.com,https://www.linkedin.com/company/foothills-staffing,Hickory,US,25,">=$1,000,000 (revenue.min filter, exact value not returned by Blitz company-search)",Staffing and Recruiting,,yes,Round 2: Blitz Find People scoped to company.linkedin_url (previously-unsourced companies from the full ICP company universe)
Foothills Temporary Employment,https://foothillsemployment.com,https://www.linkedin.com/company/foothills-temporary-employment,Hudson,US,20,">=$1,000,000 (revenue.min filter, exact value not returned by Blitz company-search)",Staffing and Recruiting,,yes,Round 2: Blitz Find People scoped to company.linkedin_url (previously-unsourced companies from the full ICP company universe)
Forte Solutions,https://www.theforte.com,https://www.linkedin.com/company/forte-solutions,Wilmington,US,95,">=$1,000,000 (revenue.min filter, exact value not returned by Blitz company-search)",Human Resources Services,,yes,Round 2: Blitz Find People scoped to company.linkedin_url (previously-unsourced companies from the full ICP company universe)
"Fortune Personnel of Houston, Inc.",https://www.fpchouston.com,https://www.linkedin.com/company/fortune-personnel,Houston,US,30,">=$1,000,000 (revenue.min filter, exact value not returned by Blitz company-search)",Staffing and Recruiting,,yes,Round 2: Blitz Find People scoped to company.linkedin_url (previously-unsourced companies from the full ICP company universe)
"4Consulting, Inc.",https://www.fourci.com,https://www.linkedin.com/company/fourci,Richardson,US,133,">=$1,000,000 (revenue.min filter, exact value not returned by Blitz company-search)",Staffing and Recruiting,,yes,Round 2: Blitz Find People scoped to company.linkedin_url (previously-unsourced companies from the full ICP company universe)
Fpc Of Raleigh,https://www.fpcraleigh.com,https://www.linkedin.com/company/fpc-of-raleigh,Raleigh,US,15,">=$1,000,000 (revenue.min filter, exact value not returned by Blitz company-search)",Staffing and Recruiting,,yes,Round 2: Blitz Find People scoped to company.linkedin_url (previously-unsourced companies from the full ICP company universe)
Frazee Recruiting Consultants,https://frazeerecruit.com,https://www.linkedin.com/company/frazee-recruiting-consultants,Baton Rouge,US,19,">=$1,000,000 (revenue.min filter, exact value not returned by Blitz company-search)",Staffing and Recruiting,,yes,Round 2: Blitz Find People scoped to company.linkedin_url (previously-unsourced companies from the full ICP company universe)
Friedman Personnel Agency,https://www.friedmanpersonnel.com,https://www.linkedin.com/company/friedman-personnel-agency,West Hollywood,US,19,">=$1,000,000 (revenue.min filter, exact value not returned by Blitz company-search)",Staffing and Recruiting,,yes,Round 2: Blitz Find People scoped to company.linkedin_url (previously-unsourced companies from the full ICP company universe)
Friedman Williams,https://www.friedmanwilliams.com,https://www.linkedin.com/company/friedman-williams-group,New York,US,41,">=$1,000,000 (revenue.min filter, exact value not returned by Blitz company-search)",Staffing and Recruiting,,yes,Round 2: Blitz Find People scoped to company.linkedin_url (previously-unsourced companies from the full ICP company universe)
Frink-Hamlett Legal Solutions,https://www.frinkhamlett.com,https://www.linkedin.com/company/frink-hamlett-legal-solutions,New York,US,12,">=$1,000,000 (revenue.min filter, exact value not returned by Blitz company-search)",Staffing and Recruiting,,yes,Round 2: Blitz Find People scoped to company.linkedin_url (previously-unsourced companies from the full ICP company universe)
Front Range Staffing,https://www.frontrangestaffing.com,https://www.linkedin.com/company/front-range-staffing,Colorado Springs,US,28,">=$1,000,000 (revenue.min filter, exact value not returned by Blitz company-search)",Staffing and Recruiting,,yes,Round 2: Blitz Find People scoped to company.linkedin_url (previously-unsourced companies from the full ICP company universe)
"Frontline National, Llc",https://www.frontlinenational.com,https://www.linkedin.com/company/frontline-national,Milford,US,51,">=$1,000,000 (revenue.min filter, exact value not returned by Blitz company-search)",Staffing and Recruiting,,yes,Round 2: Blitz Find People scoped to company.linkedin_url (previously-unsourced companies from the full ICP company universe)
FSJ PARTNERS,https://www.fsjpartners.com,https://www.linkedin.com/company/fsjpartners,,US,20,">=$1,000,000 (revenue.min filter, exact value not returned by Blitz company-search)",Staffing and Recruiting,,yes,Round 2: Blitz Find People scoped to company.linkedin_url (previously-unsourced companies from the full ICP company universe)
Ft Global Executive Search,https://www.ft-global.com,https://www.linkedin.com/company/ft-global-executive-search,Denver,US,10,">=$1,000,000 (revenue.min filter, exact value not returned by Blitz company-search)",Staffing and Recruiting,,yes,Round 2: Blitz Find People scoped to company.linkedin_url (previously-unsourced companies from the full ICP company universe)
"Full House Marketing, Inc",https://www.fullhousemarketing.com,https://www.linkedin.com/company/full-house-marketing-inc-,Livonia,US,78,">=$1,000,000 (revenue.min filter, exact value not returned by Blitz company-search)",Staffing and Recruiting,,yes,Round 2: Blitz Find People scoped to company.linkedin_url (previously-unsourced companies from the full ICP company universe)
Lewis & Associates,https://www.glewisassociates.com,https://www.linkedin.com/company/g.lewis-&-associates,Charlotte,US,17,">=$1,000,000 (revenue.min filter, exact value not returned by Blitz company-search)",Staffing and Recruiting,,yes,Round 2: Blitz Find People scoped to company.linkedin_url (previously-unsourced companies from the full ICP company universe)
Gambit Technologies,https://gambitny.com,https://www.linkedin.com/company/gambit-technologies,New York,US,37,">=$1,000,000 (revenue.min filter, exact value not returned by Blitz company-search)",Staffing and Recruiting,,yes,Round 2: Blitz Find People scoped to company.linkedin_url (previously-unsourced companies from the full ICP company universe)
Gbcs-Usa,https://www.gbcs-usa.com,https://www.linkedin.com/company/gbcs-usa,Edison,US,12,">=$1,000,000 (revenue.min filter, exact value not returned by Blitz company-search)",Staffing and Recruiting,,yes,Round 2: Blitz Find People scoped to company.linkedin_url (previously-unsourced companies from the full ICP company universe)
Gecko Hospitality (Corporate),https://www.geckohospitality.com,https://www.linkedin.com/company/gecko-hospitality,Fort Myers,US,305,">=$1,000,000 (revenue.min filter, exact value not returned by Blitz company-search)",Staffing and Recruiting,,yes,Round 2: Blitz Find People scoped to company.linkedin_url (previously-unsourced companies from the full ICP company universe)
General Employment Enterprises,https://www.generalemployment.com,https://www.linkedin.com/company/general-employment,Naperville,US,375,">=$1,000,000 (revenue.min filter, exact value not returned by Blitz company-search)",Staffing and Recruiting,,yes,Round 2: Blitz Find People scoped to company.linkedin_url (previously-unsourced companies from the full ICP company universe)
Genesis Hr Solutions Llc,https://genesishrsolutions.com,https://www.linkedin.com/company/genesis-hr-solutions-llc,Burlington,US,21,">=$1,000,000 (revenue.min filter, exact value not returned by Blitz company-search)",Human Resources Services,,yes,Round 2: Blitz Find People scoped to company.linkedin_url (previously-unsourced companies from the full ICP company universe)
Genesis Industries,https://gen-ind.com,https://www.linkedin.com/company/genesis-industries,Richardson,US,17,">=$1,000,000 (revenue.min filter, exact value not returned by Blitz company-search)",Staffing and Recruiting,,yes,Round 2: Blitz Find People scoped to company.linkedin_url (previously-unsourced companies from the full ICP company universe)
"Genesis Staffing, Inc",https://www.genesisstaffing.net,https://www.linkedin.com/company/genesis-staffing-inc.,Los Angeles,US,17,">=$1,000,000 (revenue.min filter, exact value not returned by Blitz company-search)",Staffing and Recruiting,,yes,Round 2: Blitz Find People scoped to company.linkedin_url (previously-unsourced companies from the full ICP company universe)
Geneva Consulting Group,https://www.genevaconsulting.com,https://www.linkedin.com/company/geneva-consulting-group,Hauppauge,US,50,">=$1,000,000 (revenue.min filter, exact value not returned by Blitz company-search)",Staffing and Recruiting,,yes,Round 2: Blitz Find People scoped to company.linkedin_url (previously-unsourced companies from the full ICP company universe)
Georgia Mentor,https://www.ga-mentor.com,https://www.linkedin.com/company/georgia-mentor,Martinez,US,65,">=$1,000,000 (revenue.min filter, exact value not returned by Blitz company-search)",Staffing and Recruiting,,yes,Round 2: Blitz Find People scoped to company.linkedin_url (previously-unsourced companies from the full ICP company universe)
Gillard Associates,https://www.gillardlegal.com,https://www.linkedin.com/company/gillard-associates-legal-placement-and-search-firm,Dedham,US,15,">=$1,000,000 (revenue.min filter, exact value not returned by Blitz company-search)",Staffing and Recruiting,,yes,Round 2: Blitz Find People scoped to company.linkedin_url (previously-unsourced companies from the full ICP company universe)
Glenmont Group Inc.,https://www.glenmontgroup.com,https://www.linkedin.com/company/glenmont-group,New York,US,16,">=$1,000,000 (revenue.min filter, exact value not returned by Blitz company-search)",Staffing and Recruiting,,yes,Round 2: Blitz Find People scoped to company.linkedin_url (previously-unsourced companies from the full ICP company universe)
Global Employment And Recruiting - Gear,https://www.gearrecruiting.com,https://www.linkedin.com/company/global-employment-and-recruiting---gear,Alcoa,US,12,">=$1,000,000 (revenue.min filter, exact value not returned by Blitz company-search)",Staffing and Recruiting,,yes,Round 2: Blitz Find People scoped to company.linkedin_url (previously-unsourced companies from the full ICP company universe)
Global Force Usa,https://www.globalforce-us.com,https://www.linkedin.com/company/global-force,Houston,US,41,">=$1,000,000 (revenue.min filter, exact value not returned by Blitz company-search)",Staffing and Recruiting,,yes,Round 2: Blitz Find People scoped to company.linkedin_url (previously-unsourced companies from the full ICP company universe)
Global Network Technologies,https://www.gntcompany.com,https://www.linkedin.com/company/global-network-technologies-corporation,Detroit,US,23,">=$1,000,000 (revenue.min filter, exact value not returned by Blitz company-search)",Staffing and Recruiting,,yes,Round 2: Blitz Find People scoped to company.linkedin_url (previously-unsourced companies from the full ICP company universe)
Global Offshore Resources,https://www.goresources.com,https://www.linkedin.com/company/global-offshore-resources,Lafayette,US,13,">=$1,000,000 (revenue.min filter, exact value not returned by Blitz company-search)",Staffing and Recruiting,,yes,Round 2: Blitz Find People scoped to company.linkedin_url (previously-unsourced companies from the full ICP company universe)
Global Recruiters Of West Palm Beach Grn,https://grnwestpalmbeach.com,https://www.linkedin.com/company/global-recruiters-of-west-palm-beach,Lake Worth,US,28,">=$1,000,000 (revenue.min filter, exact value not returned by Blitz company-search)",Staffing and Recruiting,,yes,Round 2: Blitz Find People scoped to company.linkedin_url (previously-unsourced companies from the full ICP company universe)
Global Recruiting Llc,https://www.globalrecruitingllc.com,https://www.linkedin.com/company/global-recruiting-llc-reliable-services,Phoenix,US,13,">=$1,000,000 (revenue.min filter, exact value not returned by Blitz company-search)",Staffing and Recruiting,,yes,Round 2: Blitz Find People scoped to company.linkedin_url (previously-unsourced companies from the full ICP company universe)
Csi Stars,https://csistars.com,https://www.linkedin.com/company/globalengagementsolutions,Niagara Falls,US,24,">=$1,000,000 (revenue.min filter, exact value not returned by Blitz company-search)",Human Resources Services,,yes,Round 2: Blitz Find People scoped to company.linkedin_url (previously-unsourced companies from the full ICP company universe)
Gonzales Labor Systems Inc,https://www.glstemps.com,https://www.linkedin.com/company/gonzales-labor-systems-inc,Arlington,US,19,">=$1,000,000 (revenue.min filter, exact value not returned by Blitz company-search)",Staffing and Recruiting,,yes,Round 2: Blitz Find People scoped to company.linkedin_url (previously-unsourced companies from the full ICP company universe)
Goodwill TalentBridge,https://www.goodwilltalentbridge.com,https://www.linkedin.com/company/goodwill-talentbridge,Milwaukee,US,214,">=$1,000,000 (revenue.min filter, exact value not returned by Blitz company-search)",Staffing and Recruiting,,yes,Round 2: Blitz Find People scoped to company.linkedin_url (previously-unsourced companies from the full ICP company universe)
Gotham Companies,https://www.gothamcompanies.com,https://www.linkedin.com/company/gotham-companies,New York,US,69,">=$1,000,000 (revenue.min filter, exact value not returned by Blitz company-search)",Staffing and Recruiting,,yes,Round 2: Blitz Find People scoped to company.linkedin_url (previously-unsourced companies from the full ICP company universe)
"Globalquest Staffing Solutions, Inc",https://www.gqstaffing.com,https://www.linkedin.com/company/gqstaffing,Williamsville,US,11,">=$1,000,000 (revenue.min filter, exact value not returned by Blitz company-search)",Staffing and Recruiting,,yes,Round 2: Blitz Find People scoped to company.linkedin_url (previously-unsourced companies from the full ICP company universe)
Grant County Sheriffs Office,https://www.grantcountywa.gov,https://www.linkedin.com/company/grant-county-sheriffs-office,Ephrata,US,86,">=$1,000,000 (revenue.min filter, exact value not returned by Blitz company-search)",Staffing and Recruiting,,yes,Round 2: Blitz Find People scoped to company.linkedin_url (previously-unsourced companies from the full ICP company universe)
Gravity,https://www.gravitypeople.com,https://www.linkedin.com/company/gravity,San Francisco,US,142,">=$1,000,000 (revenue.min filter, exact value not returned by Blitz company-search)",Staffing and Recruiting,,yes,Round 2: Blitz Find People scoped to company.linkedin_url (previously-unsourced companies from the full ICP company universe)
Green Rhino Recruitment,https://www.greenrhinostaffing.com,https://www.linkedin.com/company/green-rhino-recruitment,Phoenix,US,12,">=$1,000,000 (revenue.min filter, exact value not returned by Blitz company-search)",Staffing and Recruiting,,yes,Round 2: Blitz Find People scoped to company.linkedin_url (previously-unsourced companies from the full ICP company universe)
Greenfoot Technologies,https://www.greenfoottech.com,https://www.linkedin.com/company/greenfoot-technologies,St. Louis,US,15,">=$1,000,000 (revenue.min filter, exact value not returned by Blitz company-search)",Staffing and Recruiting,,yes,Round 2: Blitz Find People scoped to company.linkedin_url (previously-unsourced companies from the full ICP company universe)
Greenforce Staffing,https://www.greenforcestaffing.com,https://www.linkedin.com/company/greenforce-staffing,Portland,US,41,">=$1,000,000 (revenue.min filter, exact value not returned by Blitz company-search)",Staffing and Recruiting,,yes,Round 2: Blitz Find People scoped to company.linkedin_url (previously-unsourced companies from the full ICP company universe)
"Greenhouse Agcy, Ltd",https://www.greenhousestaffing.com,https://www.linkedin.com/company/greenhouse-agcy-ltd-,,US,11,">=$1,000,000 (revenue.min filter, exact value not returned by Blitz company-search)",Staffing and Recruiting,,yes,Round 2: Blitz Find People scoped to company.linkedin_url (previously-unsourced companies from the full ICP company universe)
Greystone Healthcare Center,https://www.greystonehc.com,https://www.linkedin.com/company/greystone-healthcare-center,Blountville,US,35,">=$1,000,000 (revenue.min filter, exact value not returned by Blitz company-search)",Human Resources Services,,yes,Round 2: Blitz Find People scoped to company.linkedin_url (previously-unsourced companies from the full ICP company universe)
Grindr,https://grindr.com/careers,https://www.linkedin.com/company/grindr2rindr,Cupertino,US,12,">=$1,000,000 (revenue.min filter, exact value not returned by Blitz company-search)",Human Resources Services,,yes,Round 2: Blitz Find People scoped to company.linkedin_url (previously-unsourced companies from the full ICP company universe)
Grove Staffing Services,https://www.grove-temporary.com,https://www.linkedin.com/company/grove-staffing-services,Garland,US,16,">=$1,000,000 (revenue.min filter, exact value not returned by Blitz company-search)",Staffing and Recruiting,,yes,Round 2: Blitz Find People scoped to company.linkedin_url (previously-unsourced companies from the full ICP company universe)
Grove Technical Resources,https://grovetr.com,https://www.linkedin.com/company/grove-technical-resources-inc,Irving,US,13,">=$1,000,000 (revenue.min filter, exact value not returned by Blitz company-search)",Staffing and Recruiting,,yes,Round 2: Blitz Find People scoped to company.linkedin_url (previously-unsourced companies from the full ICP company universe)
Guidance International,https://www.guidanceinternational.com,https://www.linkedin.com/company/guidance-international,New York,US,13,">=$1,000,000 (revenue.min filter, exact value not returned by Blitz company-search)",Staffing and Recruiting,,yes,Round 2: Blitz Find People scoped to company.linkedin_url (previously-unsourced companies from the full ICP company universe)
Gyst,https://www.gystplease.com,https://www.linkedin.com/company/gyst1,New York,US,16,">=$1,000,000 (revenue.min filter, exact value not returned by Blitz company-search)",Staffing and Recruiting,,yes,Round 2: Blitz Find People scoped to company.linkedin_url (previously-unsourced companies from the full ICP company universe)
H. Roslin Staffing Group,https://hroslinstaffing.com,https://www.linkedin.com/company/h-roslin-staffing-group,Dallas,US,11,">=$1,000,000 (revenue.min filter, exact value not returned by Blitz company-search)",Staffing and Recruiting,,yes,Round 2: Blitz Find People scoped to company.linkedin_url (previously-unsourced companies from the full ICP company universe)
Haley Stuart,https://www.haleystuart.com,https://www.linkedin.com/company/haley-stuart,Montvale,US,14,">=$1,000,000 (revenue.min filter, exact value not returned by Blitz company-search)",Staffing and Recruiting,,yes,Round 2: Blitz Find People scoped to company.linkedin_url (previously-unsourced companies from the full ICP company universe)
Hansell Tierney,https://www.hanselltierney.com,https://www.linkedin.com/company/hanselltierney,Mercer Island,US,34,">=$1,000,000 (revenue.min filter, exact value not returned by Blitz company-search)",Staffing and Recruiting,,yes,Round 2: Blitz Find People scoped to company.linkedin_url (previously-unsourced companies from the full ICP company universe)
Harbor America,https://www.hapeo.com,https://www.linkedin.com/company/harbor-america,Kingwood,US,59,">=$1,000,000 (revenue.min filter, exact value not returned by Blitz company-search)",Human Resources Services,,yes,Round 2: Blitz Find People scoped to company.linkedin_url (previously-unsourced companies from the full ICP company universe)
Hardscrabble Club,https://www.hardscrabbleclub.com,https://www.linkedin.com/company/hardscrabble-club,Brewster,US,15,">=$1,000,000 (revenue.min filter, exact value not returned by Blitz company-search)",Human Resources Services,,yes,Round 2: Blitz Find People scoped to company.linkedin_url (previously-unsourced companies from the full ICP company universe)
Harrington Hospital,https://www.harringtonhospital.org,https://www.linkedin.com/company/harrington-hospital,Southbridge,US,142,">=$1,000,000 (revenue.min filter, exact value not returned by Blitz company-search)",Staffing and Recruiting,,yes,Round 2: Blitz Find People scoped to company.linkedin_url (previously-unsourced companies from the full ICP company universe)
Hart Employment Services,https://hartjobs.com,https://www.linkedin.com/company/hart-employment-service,Glendale,US,11,">=$1,000,000 (revenue.min filter, exact value not returned by Blitz company-search)",Staffing and Recruiting,,yes,Round 2: Blitz Find People scoped to company.linkedin_url (previously-unsourced companies from the full ICP company universe)
Hbc Groups,https://www.hbcgroups.com,https://www.linkedin.com/company/hbc-groups,Skokie,US,21,">=$1,000,000 (revenue.min filter, exact value not returned by Blitz company-search)",Staffing and Recruiting,,yes,Round 2: Blitz Find People scoped to company.linkedin_url (previously-unsourced companies from the full ICP company universe)
"Headhunters, Inc",https://www.headhuntersinc.com,https://www.linkedin.com/company/headhuntersinc,,US,42,">=$1,000,000 (revenue.min filter, exact value not returned by Blitz company-search)",Staffing and Recruiting,,yes,Round 2: Blitz Find People scoped to company.linkedin_url (previously-unsourced companies from the full ICP company universe)
Health Pros Northwest,https://healthprosnw.com,https://www.linkedin.com/company/health-pros-northwest,Woodinville,US,19,">=$1,000,000 (revenue.min filter, exact value not returned by Blitz company-search)",Staffing and Recruiting,,yes,Round 2: Blitz Find People scoped to company.linkedin_url (previously-unsourced companies from the full ICP company universe)
Health Staff,https://www.myhealthstaff.com,https://www.linkedin.com/company/health-staff,Peoria,US,29,">=$1,000,000 (revenue.min filter, exact value not returned by Blitz company-search)",Staffing and Recruiting,,yes,Round 2: Blitz Find People scoped to company.linkedin_url (previously-unsourced companies from the full ICP company universe)
"Healthcare Connections, Inc",https://www.labcareer.com,https://www.linkedin.com/company/healthcare-connections,Coral Springs,US,70,">=$1,000,000 (revenue.min filter, exact value not returned by Blitz company-search)",Staffing and Recruiting,,yes,Round 2: Blitz Find People scoped to company.linkedin_url (previously-unsourced companies from the full ICP company universe)
Heartland Staffing Solutions,https://www.heartlandstaffingsolutions.com,https://www.linkedin.com/company/heartland-staffing-solutions,Lincoln,US,11,">=$1,000,000 (revenue.min filter, exact value not returned by Blitz company-search)",Staffing and Recruiting,,yes,Round 2: Blitz Find People scoped to company.linkedin_url (previously-unsourced companies from the full ICP company universe)
Helix Scribe Solutions,https://www.helixscribes.com,https://www.linkedin.com/company/helixscribes,Grand Rapids,US,48,">=$1,000,000 (revenue.min filter, exact value not returned by Blitz company-search)",Staffing and Recruiting,,yes,Round 2: Blitz Find People scoped to company.linkedin_url (previously-unsourced companies from the full ICP company universe)
Help - Hire Healthcare,https://www.help-hire.com,https://www.linkedin.com/company/help-hire-healthcare,Fort Worth,US,22,">=$1,000,000 (revenue.min filter, exact value not returned by Blitz company-search)",Staffing and Recruiting,,yes,Round 2: Blitz Find People scoped to company.linkedin_url (previously-unsourced companies from the full ICP company universe)
Hemp Temps,https://www.hemptemps.com,https://www.linkedin.com/company/hemp-temps,Fox Field,US,57,">=$1,000,000 (revenue.min filter, exact value not returned by Blitz company-search)",Staffing and Recruiting,,yes,Round 2: Blitz Find People scoped to company.linkedin_url (previously-unsourced companies from the full ICP company universe)
Herald Publishing Co,https://heraldpublishingcompany.com,https://www.linkedin.com/company/herald-publishing-co,Belmont,US,25,">=$1,000,000 (revenue.min filter, exact value not returned by Blitz company-search)",Staffing and Recruiting,,yes,Round 2: Blitz Find People scoped to company.linkedin_url (previously-unsourced companies from the full ICP company universe)
Highway Driver Leasing,https://www.highwaydriverleasing.com,https://www.linkedin.com/company/highway-driver-leasing,Quincy,US,16,">=$1,000,000 (revenue.min filter, exact value not returned by Blitz company-search)",Staffing and Recruiting,,yes,Round 2: Blitz Find People scoped to company.linkedin_url (previously-unsourced companies from the full ICP company universe)
Hire Technology,https://www.hire-technology.com,https://www.linkedin.com/company/hire-technology,Houston,US,13,">=$1,000,000 (revenue.min filter, exact value not returned by Blitz company-search)",Staffing and Recruiting,,yes,Round 2: Blitz Find People scoped to company.linkedin_url (previously-unsourced companies from the full ICP company universe)
Hirealliance,https://www.hirealliance.com,https://www.linkedin.com/company/hirealliance,Chester,US,12,">=$1,000,000 (revenue.min filter, exact value not returned by Blitz company-search)",Staffing and Recruiting,,yes,Round 2: Blitz Find People scoped to company.linkedin_url (previously-unsourced companies from the full ICP company universe)
Workforce,https://www.hireaworkforce.com,https://www.linkedin.com/company/hireaworkforce,Richmond,US,153,">=$1,000,000 (revenue.min filter, exact value not returned by Blitz company-search)",Staffing and Recruiting,,yes,Round 2: Blitz Find People scoped to company.linkedin_url (previously-unsourced companies from the full ICP company universe)
HIRECLOUT,https://hireclout.com,https://www.linkedin.com/company/hireclout,Los Angeles,US,37,">=$1,000,000 (revenue.min filter, exact value not returned by Blitz company-search)",Executive Search Services,,yes,Round 2: Blitz Find People scoped to company.linkedin_url (previously-unsourced companies from the full ICP company universe)
Hirequest Direct,https://hirequestdirect.com,https://www.linkedin.com/company/hirequest-direct-utah,Salt Lake City,US,27,">=$1,000,000 (revenue.min filter, exact value not returned by Blitz company-search)",Staffing and Recruiting,,yes,Round 2: Blitz Find People scoped to company.linkedin_url (previously-unsourced companies from the full ICP company universe)
"Hiring & Staff Services, Inc",https://www.hiringstaffservices.com,https://www.linkedin.com/company/hiring-&-staff-services-inc,Madison,US,10,">=$1,000,000 (revenue.min filter, exact value not returned by Blitz company-search)",Staffing and Recruiting,,yes,Round 2: Blitz Find People scoped to company.linkedin_url (previously-unsourced companies from the full ICP company universe)
Hitrak Staffing,https://hitrakstaffing.com,https://www.linkedin.com/company/hitrak-staffing,North Charleston,US,22,">=$1,000,000 (revenue.min filter, exact value not returned by Blitz company-search)",Staffing and Recruiting,,yes,Round 2: Blitz Find People scoped to company.linkedin_url (previously-unsourced companies from the full ICP company universe)
Holden Temporaries,https://holdentemporaries.net,https://www.linkedin.com/company/holden-temporaries,Goldsboro,US,83,">=$1,000,000 (revenue.min filter, exact value not returned by Blitz company-search)",Staffing and Recruiting,,yes,Round 2: Blitz Find People scoped to company.linkedin_url (previously-unsourced companies from the full ICP company universe)
"Holden Temporaries, Inc",https://www.holdentemporaries.net,https://www.linkedin.com/company/holdentemps,Tarboro,US,21,">=$1,000,000 (revenue.min filter, exact value not returned by Blitz company-search)",Temporary Help Services,,yes,Round 2: Blitz Find People scoped to company.linkedin_url (previously-unsourced companies from the full ICP company universe)
Holy Grounds,https://www.holygroundscoffeeandtea.com,https://www.linkedin.com/company/holy-grounds,Allendale,US,31,">=$1,000,000 (revenue.min filter, exact value not returned by Blitz company-search)",Human Resources Services,,yes,Round 2: Blitz Find People scoped to company.linkedin_url (previously-unsourced companies from the full ICP company universe)
Homies Unidos,https://www.homiesunidos.org,https://www.linkedin.com/company/homies-unidos,Los Angeles,US,18,">=$1,000,000 (revenue.min filter, exact value not returned by Blitz company-search)",Human Resources Services,,yes,Round 2: Blitz Find People scoped to company.linkedin_url (previously-unsourced companies from the full ICP company universe)
Hope Power & Industrial Inc,https://www.hopepi.net,https://www.linkedin.com/company/hope-power-&-industrial-inc-,Greenville,US,14,">=$1,000,000 (revenue.min filter, exact value not returned by Blitz company-search)",Staffing and Recruiting,,yes,Round 2: Blitz Find People scoped to company.linkedin_url (previously-unsourced companies from the full ICP company universe)
Horizon Staffing Resources,https://www.horizonstaffingresources.com,https://www.linkedin.com/company/horizon-staffing-resources,Manalapan,US,26,">=$1,000,000 (revenue.min filter, exact value not returned by Blitz company-search)",Staffing and Recruiting,,yes,Round 2: Blitz Find People scoped to company.linkedin_url (previously-unsourced companies from the full ICP company universe)
Workforce Solutions For The Heart Of Texas,https://www.hotworkforce.com,https://www.linkedin.com/company/hotworkforce,Waco,US,51,">=$1,000,000 (revenue.min filter, exact value not returned by Blitz company-search)",Staffing and Recruiting,,yes,Round 2: Blitz Find People scoped to company.linkedin_url (previously-unsourced companies from the full ICP company universe)
Hirequest Health,https://www.hirequesthealth.com,https://www.linkedin.com/company/hqhealth,Goose Creek,US,11,">=$1,000,000 (revenue.min filter, exact value not returned by Blitz company-search)",Staffing and Recruiting,,yes,Round 2: Blitz Find People scoped to company.linkedin_url (previously-unsourced companies from the full ICP company universe)
"HR Advisors, Inc.",https://www.hradvisors.com,https://www.linkedin.com/company/hr-advisors,Mission Viejo,US,50,">=$1,000,000 (revenue.min filter, exact value not returned by Blitz company-search)",Human Resources Services,,yes,Round 2: Blitz Find People scoped to company.linkedin_url (previously-unsourced companies from the full ICP company universe)
HR Anew,https://www.hranew.com,https://www.linkedin.com/company/hr-anew,Columbia,US,21,">=$1,000,000 (revenue.min filter, exact value not returned by Blitz company-search)",Human Resources Services,,yes,Round 2: Blitz Find People scoped to company.linkedin_url (previously-unsourced companies from the full ICP company universe)
Hr For Business,https://www.hrforb.com,https://www.linkedin.com/company/hr-for-business,Revere,US,13,">=$1,000,000 (revenue.min filter, exact value not returned by Blitz company-search)",Human Resources Services,,yes,Round 2: Blitz Find People scoped to company.linkedin_url (previously-unsourced companies from the full ICP company universe)
"Hr Mobile Services, Inc",https://hrmobileservices.com,https://www.linkedin.com/company/hr-mobile-services-inc.,Visalia,US,39,">=$1,000,000 (revenue.min filter, exact value not returned by Blitz company-search)",Human Resources Services,,yes,Round 2: Blitz Find People scoped to company.linkedin_url (previously-unsourced companies from the full ICP company universe)
Hr One,https://www.peopletopayroll.com,https://www.linkedin.com/company/hr-one,East Syracuse,US,64,">=$1,000,000 (revenue.min filter, exact value not returned by Blitz company-search)",Human Resources Services,,yes,Round 2: Blitz Find People scoped to company.linkedin_url (previously-unsourced companies from the full ICP company universe)
"Hr Simplified, Inc",https://www.hrsimplified.com,https://www.linkedin.com/company/hr-simplified,Minneapolis,US,15,">=$1,000,000 (revenue.min filter, exact value not returned by Blitz company-search)",Human Resources Services,,yes,Round 2: Blitz Find People scoped to company.linkedin_url (previously-unsourced companies from the full ICP company universe)
Hr Support,https://hrsupportpros.com,https://www.linkedin.com/company/hr-support-pros,Castro Valley,US,112,">=$1,000,000 (revenue.min filter, exact value not returned by Blitz company-search)",Staffing and Recruiting,,yes,Round 2: Blitz Find People scoped to company.linkedin_url (previously-unsourced companies from the full ICP company universe)
Hr Trucheck,https://www.hrtrucheck.com,https://www.linkedin.com/company/hr-trucheck,Stockbridge,US,12,">=$1,000,000 (revenue.min filter, exact value not returned by Blitz company-search)",Human Resources Services,,yes,Round 2: Blitz Find People scoped to company.linkedin_url (previously-unsourced companies from the full ICP company universe)
Hrd Inc,https://www.hrdinc.com,https://www.linkedin.com/company/hrd-inc,Glenn Dale,US,29,">=$1,000,000 (revenue.min filter, exact value not returned by Blitz company-search)",Staffing and Recruiting,,yes,Round 2: Blitz Find People scoped to company.linkedin_url (previously-unsourced companies from the full ICP company universe)
Hrn Services,https://www.hrnservices.com,https://www.linkedin.com/company/hrn-services,Glendale,US,164,">=$1,000,000 (revenue.min filter, exact value not returned by Blitz company-search)",Staffing and Recruiting,,yes,Round 2: Blitz Find People scoped to company.linkedin_url (previously-unsourced companies from the full ICP company universe)
Hro Partners,https://hro-partners.com,https://www.linkedin.com/company/hro-partners,Memphis,US,11,">=$1,000,000 (revenue.min filter, exact value not returned by Blitz company-search)",Human Resources Services,,yes,Round 2: Blitz Find People scoped to company.linkedin_url (previously-unsourced companies from the full ICP company universe)
Hrworks,https://www.hrworks.com,https://www.linkedin.com/company/hrworks,Atlanta,US,100,">=$1,000,000 (revenue.min filter, exact value not returned by Blitz company-search)",Staffing and Recruiting,,yes,Round 2: Blitz Find People scoped to company.linkedin_url (previously-unsourced companies from the full ICP company universe)
Hudsonmann,https://www.hudsonmann.com,https://www.linkedin.com/company/hudsonmann-inc.,Mt. Pleasant,US,11,">=$1,000,000 (revenue.min filter, exact value not returned by Blitz company-search)",Human Resources Services,,yes,Round 2: Blitz Find People scoped to company.linkedin_url (previously-unsourced companies from the full ICP company universe)
Human Capital Management,https://www.acatalent.com,https://www.linkedin.com/company/human-capital-management,Fort Lauderdale,US,64,">=$1,000,000 (revenue.min filter, exact value not returned by Blitz company-search)",Staffing and Recruiting,,yes,Round 2: Blitz Find People scoped to company.linkedin_url (previously-unsourced companies from the full ICP company universe)
"Human Resource Partners, Inc",https://www.humanresourcepartners.com,https://www.linkedin.com/company/human-resource-partners-inc,Traverse City,US,13,">=$1,000,000 (revenue.min filter, exact value not returned by Blitz company-search)",Human Resources Services,,yes,Round 2: Blitz Find People scoped to company.linkedin_url (previously-unsourced companies from the full ICP company universe)
Hr Profile Inc. Employment Screening,https://www.hrprofile.com,https://www.linkedin.com/company/human-resource-profile,Cincinnati,US,22,">=$1,000,000 (revenue.min filter, exact value not returned by Blitz company-search)",Human Resources Services,,yes,Round 2: Blitz Find People scoped to company.linkedin_url (previously-unsourced companies from the full ICP company universe)
Human Resources Inc,https://www.hri-online.com,https://www.linkedin.com/company/human-resources-inc-,Crofton,US,16,">=$1,000,000 (revenue.min filter, exact value not returned by Blitz company-search)",Human Resources Services,,yes,Round 2: Blitz Find People scoped to company.linkedin_url (previously-unsourced companies from the full ICP company universe)
"Humanconcepts, A Saba Company",https://www.saba.com/us/talent-management,https://www.linkedin.com/company/humanconcepts-a-saba-company,Sausalito,US,23,">=$1,000,000 (revenue.min filter, exact value not returned by Blitz company-search)",Human Resources Services,,yes,Round 2: Blitz Find People scoped to company.linkedin_url (previously-unsourced companies from the full ICP company universe)
Humanix,https://www.humanix.com,https://www.linkedin.com/company/humanix,Spokane Valley,US,63,">=$1,000,000 (revenue.min filter, exact value not returned by Blitz company-search)",Staffing and Recruiting,,yes,Round 2: Blitz Find People scoped to company.linkedin_url (previously-unsourced companies from the full ICP company universe)
HumCap,https://www.humcapinc.com,https://www.linkedin.com/company/humcap,Plano,US,55,">=$1,000,000 (revenue.min filter, exact value not returned by Blitz company-search)",Human Resources Services,,yes,Round 2: Blitz Find People scoped to company.linkedin_url (previously-unsourced companies from the full ICP company universe)
Hunter Employment Services,https://www.hunteremployment.com,https://www.linkedin.com/company/hunter-employment-services,Yuma,US,21,">=$1,000,000 (revenue.min filter, exact value not returned by Blitz company-search)",Staffing and Recruiting,,yes,Round 2: Blitz Find People scoped to company.linkedin_url (previously-unsourced companies from the full ICP company universe)
Hyco Logistics,https://www.hycologistics.com,https://www.linkedin.com/company/hyco-logistics,Indianapolis,US,51,">=$1,000,000 (revenue.min filter, exact value not returned by Blitz company-search)",Staffing and Recruiting,,yes,Round 2: Blitz Find People scoped to company.linkedin_url (previously-unsourced companies from the full ICP company universe)
I-Hire,https://www.i-hire.com,https://www.linkedin.com/company/i-hire,San Mateo,US,28,">=$1,000,000 (revenue.min filter, exact value not returned by Blitz company-search)",Staffing and Recruiting,,yes,Round 2: Blitz Find People scoped to company.linkedin_url (previously-unsourced companies from the full ICP company universe)
"I.T. Personnel Solutions, Inc",https://www.itpersonnelsolutions.com,https://www.linkedin.com/company/i.t.-personnel-solutions-inc.,San Antonio,US,39,">=$1,000,000 (revenue.min filter, exact value not returned by Blitz company-search)",Staffing and Recruiting,,yes,Round 2: Blitz Find People scoped to company.linkedin_url (previously-unsourced companies from the full ICP company universe)
I2 Consulting Inc,https://www.i2consult.com,https://www.linkedin.com/company/i2-consulting-inc,Coconut Creek,US,10,">=$1,000,000 (revenue.min filter, exact value not returned by Blitz company-search)",Staffing and Recruiting,,yes,Round 2: Blitz Find People scoped to company.linkedin_url (previously-unsourced companies from the full ICP company universe)
Icst,https://www.i-cst.com,https://www.linkedin.com/company/icstglobal,Portland,US,100,">=$1,000,000 (revenue.min filter, exact value not returned by Blitz company-search)",Staffing and Recruiting,,yes,Round 2: Blitz Find People scoped to company.linkedin_url (previously-unsourced companies from the full ICP company universe)
Idaho Department Of Labor,https://labor.idaho.gov,https://www.linkedin.com/company/idaho-department-of-labor,Boise,US,596,">=$1,000,000 (revenue.min filter, exact value not returned by Blitz company-search)",Human Resources Services,,yes,Round 2: Blitz Find People scoped to company.linkedin_url (previously-unsourced companies from the full ICP company universe)
"Idomeneo Enterprises, Inc",https://idomeneoinc.com,https://www.linkedin.com/company/idomeneo-enterprises-inc.,West Hollywood,US,14,">=$1,000,000 (revenue.min filter, exact value not returned by Blitz company-search)",Human Resources Services,,yes,Round 2: Blitz Find People scoped to company.linkedin_url (previously-unsourced companies from the full ICP company universe)
Impact Staffing,https://www.impactstaffing.com,https://www.linkedin.com/company/impact-staffing,Tucker,US,55,">=$1,000,000 (revenue.min filter, exact value not returned by Blitz company-search)",Human Resources Services,,yes,Round 2: Blitz Find People scoped to company.linkedin_url (previously-unsourced companies from the full ICP company universe)
iMPact Business Group,https://www.impactbusinessgroup.com,https://www.linkedin.com/company/impactbusinessgroup,Grand Rapids,US,62,">=$1,000,000 (revenue.min filter, exact value not returned by Blitz company-search)",Staffing and Recruiting,,yes,Round 2: Blitz Find People scoped to company.linkedin_url (previously-unsourced companies from the full ICP company universe)
Inconen,https://www.inconen.com,https://www.linkedin.com/company/inconen,Culver City,US,17,">=$1,000,000 (revenue.min filter, exact value not returned by Blitz company-search)",Staffing and Recruiting,,yes,Round 2: Blitz Find People scoped to company.linkedin_url (previously-unsourced companies from the full ICP company universe)
Independence House,https://independencehouse.org,https://www.linkedin.com/company/independence-house,Springfield,US,102,">=$1,000,000 (revenue.min filter, exact value not returned by Blitz company-search)",Human Resources Services,,yes,Round 2: Blitz Find People scoped to company.linkedin_url (previously-unsourced companies from the full ICP company universe)
Indotronix International Corporation,https://www.iic.com,https://www.linkedin.com/company/indotronix-international-corporation,Rochester,US,513,">=$1,000,000 (revenue.min filter, exact value not returned by Blitz company-search)",Staffing and Recruiting,,yes,Round 2: Blitz Find People scoped to company.linkedin_url (previously-unsourced companies from the full ICP company universe)
Inek Technologies,https://www.inekinfo.com,https://www.linkedin.com/company/inek-technologies,Overland Park,US,43,">=$1,000,000 (revenue.min filter, exact value not returned by Blitz company-search)",Staffing and Recruiting,,yes,Round 2: Blitz Find People scoped to company.linkedin_url (previously-unsourced companies from the full ICP company universe)
Inflection Hr,https://www.inflectionhr.com,https://www.linkedin.com/company/inflection-hr,Chandler,US,15,">=$1,000,000 (revenue.min filter, exact value not returned by Blitz company-search)",Human Resources Services,,yes,Round 2: Blitz Find People scoped to company.linkedin_url (previously-unsourced companies from the full ICP company universe)
Info Cubic,https://infocubic.com,https://www.linkedin.com/company/info-cubic,Englewood,US,31,">=$1,000,000 (revenue.min filter, exact value not returned by Blitz company-search)",Human Resources Services,,yes,Round 2: Blitz Find People scoped to company.linkedin_url (previously-unsourced companies from the full ICP company universe)
Information Technology Engineering LLC,https://www.clearancejobs.com/jobs,https://www.linkedin.com/company/information-technology-engineering-corporation-itec-,Greenwood Village,US,162,">=$1,000,000 (revenue.min filter, exact value not returned by Blitz company-search)",Staffing and Recruiting,,yes,Round 2: Blitz Find People scoped to company.linkedin_url (previously-unsourced companies from the full ICP company universe)
Infovisia Inc,https://www.infovisia.com,https://www.linkedin.com/company/infovisia-inc-,Frisco,US,10,">=$1,000,000 (revenue.min filter, exact value not returned by Blitz company-search)",Human Resources Services,,yes,Round 2: Blitz Find People scoped to company.linkedin_url (previously-unsourced companies from the full ICP company universe)
"Innovative Healthcare, Inc",https://www.mhscare.com,https://www.linkedin.com/company/innovative-healthcare-inc-,Batavia,US,11,">=$1,000,000 (revenue.min filter, exact value not returned by Blitz company-search)",Staffing and Recruiting,,yes,Round 2: Blitz Find People scoped to company.linkedin_url (previously-unsourced companies from the full ICP company universe)
Insurance Relief,https://www.insurance-relief.com,https://www.linkedin.com/company/insurance-relief,Fresno,US,75,">=$1,000,000 (revenue.min filter, exact value not returned by Blitz company-search)",Staffing and Recruiting,,yes,Round 2: Blitz Find People scoped to company.linkedin_url (previously-unsourced companies from the full ICP company universe)
"InTandem Human Resources, LLC",https://intandemhr.com,https://www.linkedin.com/company/intandem-human-resources-llc,Denver,US,12,">=$1,000,000 (revenue.min filter, exact value not returned by Blitz company-search)",Human Resources Services,,yes,Round 2: Blitz Find People scoped to company.linkedin_url (previously-unsourced companies from the full ICP company universe)
Integrated Healthcare Staffing,https://www.integratedhealthcarestaffing.com,https://www.linkedin.com/company/integratedhealthcare,Portland,US,180,">=$1,000,000 (revenue.min filter, exact value not returned by Blitz company-search)",Staffing and Recruiting,,yes,Round 2: Blitz Find People scoped to company.linkedin_url (previously-unsourced companies from the full ICP company universe)
Iws Service Partners,https://iwsservicepartners.com,https://www.linkedin.com/company/integrity-well-services-llc,Zelienople,US,11,">=$1,000,000 (revenue.min filter, exact value not returned by Blitz company-search)",Staffing and Recruiting,,yes,Round 2: Blitz Find People scoped to company.linkedin_url (previously-unsourced companies from the full ICP company universe)
Intellicorp,https://www.intellicorp.net,https://www.linkedin.com/company/intellicorpscreening,Beachwood,US,66,">=$1,000,000 (revenue.min filter, exact value not returned by Blitz company-search)",Human Resources Services,,yes,Round 2: Blitz Find People scoped to company.linkedin_url (previously-unsourced companies from the full ICP company universe)
Interim Public Management,https://interimpublicmanagement.com,https://www.linkedin.com/company/interim-public-management,Fountain Hills,US,11,">=$1,000,000 (revenue.min filter, exact value not returned by Blitz company-search)",Staffing and Recruiting,,yes,Round 2: Blitz Find People scoped to company.linkedin_url (previously-unsourced companies from the full ICP company universe)
Intermedia Selection Srl,https://www.intermediaselection.com,https://www.linkedin.com/company/intermedia-selection,Milano,US,148,">=$1,000,000 (revenue.min filter, exact value not returned by Blitz company-search)",Staffing and Recruiting,,yes,Round 2: Blitz Find People scoped to company.linkedin_url (previously-unsourced companies from the full ICP company universe)
Intermountain Staffing,https://www.intermountainstaffing.com,https://www.linkedin.com/company/intermountain-staffing,North Salt Lake,US,180,">=$1,000,000 (revenue.min filter, exact value not returned by Blitz company-search)",Staffing and Recruiting,,yes,Round 2: Blitz Find People scoped to company.linkedin_url (previously-unsourced companies from the full ICP company universe)
InTIME STAFFING LLC,https://www.intimestaffing.com/home.html,https://www.linkedin.com/company/intime-staffing-llc,Birmingham,US,36,">=$1,000,000 (revenue.min filter, exact value not returned by Blitz company-search)",Staffing and Recruiting,,yes,Round 2: Blitz Find People scoped to company.linkedin_url (previously-unsourced companies from the full ICP company universe)
Iron Sharpens Iron Inc,https://www.ironsharpensironinc.com,https://www.linkedin.com/company/iron-sharpens-iron-inc,Morgantown,US,35,">=$1,000,000 (revenue.min filter, exact value not returned by Blitz company-search)",Human Resources Services,,yes,Round 2: Blitz Find People scoped to company.linkedin_url (previously-unsourced companies from the full ICP company universe)
"It Mantra, Llc",https://www.it-mantra.com,https://www.linkedin.com/company/it-mantra-llc,Wellesley,US,21,">=$1,000,000 (revenue.min filter, exact value not returned by Blitz company-search)",Staffing and Recruiting,,yes,Round 2: Blitz Find People scoped to company.linkedin_url (previously-unsourced companies from the full ICP company universe)
"I.T. Staffing, Inc",https://it-staffing.com,https://www.linkedin.com/company/it-staffing,Houston,US,50,">=$1,000,000 (revenue.min filter, exact value not returned by Blitz company-search)",Staffing and Recruiting,,yes,Round 2: Blitz Find People scoped to company.linkedin_url (previously-unsourced companies from the full ICP company universe)
Itbms Inc,https://www.itbmsglobal.com,https://www.linkedin.com/company/itbms-inc,Princeton,US,138,">=$1,000,000 (revenue.min filter, exact value not returned by Blitz company-search)",Staffing and Recruiting,,yes,Round 2: Blitz Find People scoped to company.linkedin_url (previously-unsourced companies from the full ICP company universe)
"Jaci Carroll Staffing, Inc",https://www.jacicarroll.com,https://www.linkedin.com/company/jaci-carroll-staffing,Middlebury,US,29,">=$1,000,000 (revenue.min filter, exact value not returned by Blitz company-search)",Staffing and Recruiting,,yes,Round 2: Blitz Find People scoped to company.linkedin_url (previously-unsourced companies from the full ICP company universe)
Jkp Staffing & Search,https://www.jkpco.com,https://www.linkedin.com/company/jacobi-kelley-personnel,Tulsa,US,43,">=$1,000,000 (revenue.min filter, exact value not returned by Blitz company-search)",Staffing and Recruiting,,yes,Round 2: Blitz Find People scoped to company.linkedin_url (previously-unsourced companies from the full ICP company universe)
Jamison Professional Services,https://jps-online.com,https://www.linkedin.com/company/jamison-professional-services,East Point,US,53,">=$1,000,000 (revenue.min filter, exact value not returned by Blitz company-search)",Staffing and Recruiting,,yes,Round 2: Blitz Find People scoped to company.linkedin_url (previously-unsourced companies from the full ICP company universe)
Jaspen,https://jaspengroup.com,https://www.linkedin.com/company/jaspen,Indianapolis,US,11,">=$1,000,000 (revenue.min filter, exact value not returned by Blitz company-search)",Staffing and Recruiting,,yes,Round 2: Blitz Find People scoped to company.linkedin_url (previously-unsourced companies from the full ICP company universe)
"Jat Computer Consulting, Inc",https://jatnet.com,https://www.linkedin.com/company/jat-computer-consulting-inc.,Martinez,US,10,">=$1,000,000 (revenue.min filter, exact value not returned by Blitz company-search)",Human Resources Services,,yes,Round 2: Blitz Find People scoped to company.linkedin_url (previously-unsourced companies from the full ICP company universe)
Jatca Inc,https://www.jatcainc.com,https://www.linkedin.com/company/jatca-inc,Utica,US,23,">=$1,000,000 (revenue.min filter, exact value not returned by Blitz company-search)",Staffing and Recruiting,,yes,Round 2: Blitz Find People scoped to company.linkedin_url (previously-unsourced companies from the full ICP company universe)
Jd Strategies,https://www.jdstrategies.com,https://www.linkedin.com/company/jd-strategies,Sunnyvale,US,14,">=$1,000,000 (revenue.min filter, exact value not returned by Blitz company-search)",Staffing and Recruiting,,yes,Round 2: Blitz Find People scoped to company.linkedin_url (previously-unsourced companies from the full ICP company universe)
"Jeff Duerson Staffing, Llc",https://jdstaff.com,https://www.linkedin.com/company/jdstaff,Daly City,US,124,">=$1,000,000 (revenue.min filter, exact value not returned by Blitz company-search)",Staffing and Recruiting,,yes,Round 2: Blitz Find People scoped to company.linkedin_url (previously-unsourced companies from the full ICP company universe)
Jeane Thorne Staffing,https://www.jeanethorne.com,https://www.linkedin.com/company/jeane-thorne-inc-,Minneapolis,US,19,">=$1,000,000 (revenue.min filter, exact value not returned by Blitz company-search)",Staffing and Recruiting,,yes,Round 2: Blitz Find People scoped to company.linkedin_url (previously-unsourced companies from the full ICP company universe)
Jericho HR Group,https://www.jerichohr.com,https://www.linkedin.com/company/jericho-hr-group,New York,US,22,">=$1,000,000 (revenue.min filter, exact value not returned by Blitz company-search)",Staffing and Recruiting,,yes,Round 2: Blitz Find People scoped to company.linkedin_url (previously-unsourced companies from the full ICP company universe)
Jireh Solutions Llc,https://jirehsolutions.com,https://www.linkedin.com/company/jirehsolutions,Atlanta,US,20,">=$1,000,000 (revenue.min filter, exact value not returned by Blitz company-search)",Staffing and Recruiting,,yes,Round 2: Blitz Find People scoped to company.linkedin_url (previously-unsourced companies from the full ICP company universe)
J&l Staffing And Recruiting Inc,https://www.jleusa.com,https://www.linkedin.com/company/jl-staffing-and-recruiting,Sioux City,US,39,">=$1,000,000 (revenue.min filter, exact value not returned by Blitz company-search)",Staffing and Recruiting,,yes,Round 2: Blitz Find People scoped to company.linkedin_url (previously-unsourced companies from the full ICP company universe)
Jmr Staffing,https://jmrstaffing.com,https://www.linkedin.com/company/jmr-staffing,East Hartford,US,44,">=$1,000,000 (revenue.min filter, exact value not returned by Blitz company-search)",Human Resources Services,,yes,Round 2: Blitz Find People scoped to company.linkedin_url (previously-unsourced companies from the full ICP company universe)
Job Source Usa Inc,https://www.jobsourceusa.com,https://www.linkedin.com/company/job-source-usa,Omaha,US,66,">=$1,000,000 (revenue.min filter, exact value not returned by Blitz company-search)",Staffing and Recruiting,,yes,Round 2: Blitz Find People scoped to company.linkedin_url (previously-unsourced companies from the full ICP company universe)
Jobon,https://www.jobon.com,https://www.linkedin.com/company/jobon,Fairfax,US,16,">=$1,000,000 (revenue.min filter, exact value not returned by Blitz company-search)",Human Resources Services,,yes,Round 2: Blitz Find People scoped to company.linkedin_url (previously-unsourced companies from the full ICP company universe)
Jobs Plus One-Stop Career Centers,https://www.jobsplus02.com,https://www.linkedin.com/company/jobs-plus-one-stop-career-centers,Fort Walton Beach,US,34,">=$1,000,000 (revenue.min filter, exact value not returned by Blitz company-search)",Staffing and Recruiting,,yes,Round 2: Blitz Find People scoped to company.linkedin_url (previously-unsourced companies from the full ICP company universe)
Jobsparx,https://www.jobsparx.com,https://www.linkedin.com/company/jobsparx,Houston,US,33,">=$1,000,000 (revenue.min filter, exact value not returned by Blitz company-search)",Human Resources Services,,yes,Round 2: Blitz Find People scoped to company.linkedin_url (previously-unsourced companies from the full ICP company universe)
JoCo,https://www.joco.com,https://www.linkedin.com/company/jocorecruiting,Tulsa,US,64,">=$1,000,000 (revenue.min filter, exact value not returned by Blitz company-search)",Staffing and Recruiting,,yes,Round 2: Blitz Find People scoped to company.linkedin_url (previously-unsourced companies from the full ICP company universe)
Joel Payne Associates,https://www.joelpayneassociates.com,https://www.linkedin.com/company/joel-payne-associates,Cape Coral,US,13,">=$1,000,000 (revenue.min filter, exact value not returned by Blitz company-search)",Staffing and Recruiting,,yes,Round 2: Blitz Find People scoped to company.linkedin_url (previously-unsourced companies from the full ICP company universe)
John W. Hatchl & Associates,https://www.jwhatchl.com,https://www.linkedin.com/company/john-w-hatchl-associates-llc,New York,US,11,">=$1,000,000 (revenue.min filter, exact value not returned by Blitz company-search)",Staffing and Recruiting,,yes,Round 2: Blitz Find People scoped to company.linkedin_url (previously-unsourced companies from the full ICP company universe)
John Galt Staffing,https://www.j-galt.com,https://www.linkedin.com/company/johngaltstaffing,Burlington,US,107,">=$1,000,000 (revenue.min filter, exact value not returned by Blitz company-search)",Staffing and Recruiting,,yes,Round 2: Blitz Find People scoped to company.linkedin_url (previously-unsourced companies from the full ICP company universe)
Johnson Resource Group,https://www.johnsonresources.com,https://www.linkedin.com/company/johnson-resource-group,Ft. Wright,US,12,">=$1,000,000 (revenue.min filter, exact value not returned by Blitz company-search)",Staffing and Recruiting,,yes,Round 2: Blitz Find People scoped to company.linkedin_url (previously-unsourced companies from the full ICP company universe)
Jones Networking,https://jonesnet.com,https://www.linkedin.com/company/jones-networking,,US,168,">=$1,000,000 (revenue.min filter, exact value not returned by Blitz company-search)",Staffing and Recruiting,,yes,Round 2: Blitz Find People scoped to company.linkedin_url (previously-unsourced companies from the full ICP company universe)
Jpd,https://www.jpdiehl.com,https://www.linkedin.com/company/jpd,Columbia,US,109,">=$1,000,000 (revenue.min filter, exact value not returned by Blitz company-search)",Staffing and Recruiting,,yes,Round 2: Blitz Find People scoped to company.linkedin_url (previously-unsourced companies from the full ICP company universe)
Jpe,https://www.johnpaul.co.uk,https://www.linkedin.com/company/jpe,Altrincham,US,116,">=$1,000,000 (revenue.min filter, exact value not returned by Blitz company-search)",Staffing and Recruiting,,yes,Round 2: Blitz Find People scoped to company.linkedin_url (previously-unsourced companies from the full ICP company universe)
Jsc Nexus,https://www.jscnexus.com,https://www.linkedin.com/company/jsc-nexus,Alpharetta,US,19,">=$1,000,000 (revenue.min filter, exact value not returned by Blitz company-search)",Staffing and Recruiting,,yes,Round 2: Blitz Find People scoped to company.linkedin_url (previously-unsourced companies from the full ICP company universe)
"Ka Recruiting, Inc",https://www.ka-recruiting.com,https://www.linkedin.com/company/k.a.-recruiting-inc.,Boston,US,119,">=$1,000,000 (revenue.min filter, exact value not returned by Blitz company-search)",Staffing and Recruiting,,yes,Round 2: Blitz Find People scoped to company.linkedin_url (previously-unsourced companies from the full ICP company universe)
Kahu Malama Nurses,https://www.kahumalama.com,https://www.linkedin.com/company/kahumalama,Honolulu,US,75,">=$1,000,000 (revenue.min filter, exact value not returned by Blitz company-search)",Staffing and Recruiting,,yes,Round 2: Blitz Find People scoped to company.linkedin_url (previously-unsourced companies from the full ICP company universe)
"Kain Colasanto, LLC",https://www.kaincolasanto.com,https://www.linkedin.com/company/kain-management-group,Mill Valley,US,27,">=$1,000,000 (revenue.min filter, exact value not returned by Blitz company-search)",Staffing and Recruiting,,yes,Round 2: Blitz Find People scoped to company.linkedin_url (previously-unsourced companies from the full ICP company universe)
Kappa Search Inc. Ksi,https://www.kappasearch.com,https://www.linkedin.com/company/kappa-search-inc.-ksi,Chicago,US,14,">=$1,000,000 (revenue.min filter, exact value not returned by Blitz company-search)",Staffing and Recruiting,,yes,Round 2: Blitz Find People scoped to company.linkedin_url (previously-unsourced companies from the full ICP company universe)
Kaztronix LLC,https://www.kaztronix.com,https://www.linkedin.com/company/kaztronix,Arlington,US,80,">=$1,000,000 (revenue.min filter, exact value not returned by Blitz company-search)",Staffing and Recruiting,,yes,Round 2: Blitz Find People scoped to company.linkedin_url (previously-unsourced companies from the full ICP company universe)
Kelly Services Sverige,https://www.kellyservices.se,https://www.linkedin.com/company/kelly-services-sverige,Troy,US,52,">=$1,000,000 (revenue.min filter, exact value not returned by Blitz company-search)",Staffing and Recruiting,,yes,Round 2: Blitz Find People scoped to company.linkedin_url (previously-unsourced companies from the full ICP company universe)
"Kenetic, Inc",https://www.kenetic.io,https://www.linkedin.com/company/kenetic-inc-,San Francisco,US,12,">=$1,000,000 (revenue.min filter, exact value not returned by Blitz company-search)",Staffing and Recruiting,,yes,Round 2: Blitz Find People scoped to company.linkedin_url (previously-unsourced companies from the full ICP company universe)
Kennedy International Software Inc,https://www.kennedysoft.com,https://www.linkedin.com/company/kennedy-international-software-inc,Houston,US,22,">=$1,000,000 (revenue.min filter, exact value not returned by Blitz company-search)",Staffing and Recruiting,,yes,Round 2: Blitz Find People scoped to company.linkedin_url (previously-unsourced companies from the full ICP company universe)
Kennison & Associates,https://kennison.com,https://www.linkedin.com/company/kennison-&-associates,Boston,US,30,">=$1,000,000 (revenue.min filter, exact value not returned by Blitz company-search)",Staffing and Recruiting,,yes,Round 2: Blitz Find People scoped to company.linkedin_url (previously-unsourced companies from the full ICP company universe)
Kerns & Associates Inc,https://www.kernsassociates.com,https://www.linkedin.com/company/kerns-associates-inc-,Berryville,US,10,">=$1,000,000 (revenue.min filter, exact value not returned by Blitz company-search)",Staffing and Recruiting,,yes,Round 2: Blitz Find People scoped to company.linkedin_url (previously-unsourced companies from the full ICP company universe)
Ketchum Public School District,https://ketchumwarriors.com,https://www.linkedin.com/company/ketchum-public-school-district,Ketchum,US,25,">=$1,000,000 (revenue.min filter, exact value not returned by Blitz company-search)",Human Resources Services,,yes,Round 2: Blitz Find People scoped to company.linkedin_url (previously-unsourced companies from the full ICP company universe)
Key Resources Inc,https://keyresourcesinc.com,https://www.linkedin.com/company/key-resources-inc,Greensboro,US,77,">=$1,000,000 (revenue.min filter, exact value not returned by Blitz company-search)",Staffing and Recruiting,,yes,Round 2: Blitz Find People scoped to company.linkedin_url (previously-unsourced companies from the full ICP company universe)
Key Staff Source,https://www.keystaffsource.com,https://www.linkedin.com/company/key-staff-source,Tuscaloosa,US,13,">=$1,000,000 (revenue.min filter, exact value not returned by Blitz company-search)",Staffing and Recruiting,,yes,Round 2: Blitz Find People scoped to company.linkedin_url (previously-unsourced companies from the full ICP company universe)
Keygroup,https://www.keygroupconsulting.com,https://www.linkedin.com/company/keygroup,Pittsburgh,US,25,">=$1,000,000 (revenue.min filter, exact value not returned by Blitz company-search)",Human Resources Services,,yes,Round 2: Blitz Find People scoped to company.linkedin_url (previously-unsourced companies from the full ICP company universe)
Keystaff,https://www.keystaffinc.com,https://www.linkedin.com/company/keystaff,Austin,US,170,">=$1,000,000 (revenue.min filter, exact value not returned by Blitz company-search)",Staffing and Recruiting,,yes,Round 2: Blitz Find People scoped to company.linkedin_url (previously-unsourced companies from the full ICP company universe)
"Keystone Computer Associates, Inc",https://www.keystoneca.com,https://www.linkedin.com/company/keystone-computer-associates,Fort Washington,US,21,">=$1,000,000 (revenue.min filter, exact value not returned by Blitz company-search)",Staffing and Recruiting,,yes,Round 2: Blitz Find People scoped to company.linkedin_url (previously-unsourced companies from the full ICP company universe)
Workforce Dynamics,https://www.workforcedyn.com,https://www.linkedin.com/company/kf-resources-inc,Atlanta,US,22,">=$1,000,000 (revenue.min filter, exact value not returned by Blitz company-search)",Staffing and Recruiting,,yes,Round 2: Blitz Find People scoped to company.linkedin_url (previously-unsourced companies from the full ICP company universe)
Kind Staffing,https://kindstaffingok.com,https://www.linkedin.com/company/kind-staffing,Oklahoma City,US,12,">=$1,000,000 (revenue.min filter, exact value not returned by Blitz company-search)",Staffing and Recruiting,,yes,Round 2: Blitz Find People scoped to company.linkedin_url (previously-unsourced companies from the full ICP company universe)
Kingdom Promotions,https://www.kingdompromotions.org,https://www.linkedin.com/company/kingdom-promotions,Clay Center,US,20,">=$1,000,000 (revenue.min filter, exact value not returned by Blitz company-search)",Staffing and Recruiting,,yes,Round 2: Blitz Find People scoped to company.linkedin_url (previously-unsourced companies from the full ICP company universe)
Knoxville Center Of The Deaf,https://www.kcdtn.org,https://www.linkedin.com/company/knoxville-center-of-the-deaf,Knoxville,US,24,">=$1,000,000 (revenue.min filter, exact value not returned by Blitz company-search)",Human Resources Services,,yes,Round 2: Blitz Find People scoped to company.linkedin_url (previously-unsourced companies from the full ICP company universe)
"Korak Healthsource Group, Inc",https://www.korak.com,https://www.linkedin.com/company/korak-healthsource-group-inc-,Forest Hill,US,19,">=$1,000,000 (revenue.min filter, exact value not returned by Blitz company-search)",Staffing and Recruiting,,yes,Round 2: Blitz Find People scoped to company.linkedin_url (previously-unsourced companies from the full ICP company universe)
Kossoris Search,https://www.kossoris.com,https://www.linkedin.com/company/kossoris-search,Los Angeles,US,20,">=$1,000,000 (revenue.min filter, exact value not returned by Blitz company-search)",Staffing and Recruiting,,yes,Round 2: Blitz Find People scoped to company.linkedin_url (previously-unsourced companies from the full ICP company universe)
kpCompanies,https://www.kpcompanies.com,https://www.linkedin.com/company/kpcompanies,St. Louis Park,US,33,">=$1,000,000 (revenue.min filter, exact value not returned by Blitz company-search)",Staffing and Recruiting,,yes,Round 2: Blitz Find People scoped to company.linkedin_url (previously-unsourced companies from the full ICP company universe)
Kunin Associates,https://www.kuninassociates.com,https://www.linkedin.com/company/kunin-associates,Fort Lauderdale,US,14,">=$1,000,000 (revenue.min filter, exact value not returned by Blitz company-search)",Staffing and Recruiting,,yes,Round 2: Blitz Find People scoped to company.linkedin_url (previously-unsourced companies from the full ICP company universe)
Kushner & Company,https://www.kushnerco.com,https://www.linkedin.com/company/kushner-&-company,Portage,US,13,">=$1,000,000 (revenue.min filter, exact value not returned by Blitz company-search)",Human Resources Services,,yes,Round 2: Blitz Find People scoped to company.linkedin_url (previously-unsourced companies from the full ICP company universe)
L.J.Gonzer Associates,https://www.gonzer.com,https://www.linkedin.com/company/l.j.gonzer-associates,South Amboy,US,42,">=$1,000,000 (revenue.min filter, exact value not returned by Blitz company-search)",Staffing and Recruiting,,yes,Round 2: Blitz Find People scoped to company.linkedin_url (previously-unsourced companies from the full ICP company universe)
La Conner Retirement Inn,https://www.laconnerretirementinn.com,https://www.linkedin.com/company/la-conner-retirement-inn,La Conner,US,12,">=$1,000,000 (revenue.min filter, exact value not returned by Blitz company-search)",Human Resources Services,,yes,Round 2: Blitz Find People scoped to company.linkedin_url (previously-unsourced companies from the full ICP company universe)
Laahr Human Resources Management - Consulting & Outsorcing,https://www.laahr.com,https://www.linkedin.com/company/laahr,Hainesport,US,15,">=$1,000,000 (revenue.min filter, exact value not returned by Blitz company-search)",Human Resources Services,,yes,Round 2: Blitz Find People scoped to company.linkedin_url (previously-unsourced companies from the full ICP company universe)
Lab Pros,https://www.labprosinc.com,https://www.linkedin.com/company/lab-pros,Waltham,US,260,">=$1,000,000 (revenue.min filter, exact value not returned by Blitz company-search)",Staffing and Recruiting,,yes,Round 2: Blitz Find People scoped to company.linkedin_url (previously-unsourced companies from the full ICP company universe)
Labor Force Staffing,https://www.laborforcestaffing.com,https://www.linkedin.com/company/labor-force-staffing,Memphis,US,68,">=$1,000,000 (revenue.min filter, exact value not returned by Blitz company-search)",Staffing and Recruiting,,yes,Round 2: Blitz Find People scoped to company.linkedin_url (previously-unsourced companies from the full ICP company universe)
"Laborexchange, Inc",https://www.laborexchangetn.com,https://www.linkedin.com/company/laborexchange-inc-,Knoxville,US,17,">=$1,000,000 (revenue.min filter, exact value not returned by Blitz company-search)",Staffing and Recruiting,,yes,Round 2: Blitz Find People scoped to company.linkedin_url (previously-unsourced companies from the full ICP company universe)
"Labornow, Inc",https://www.getlabornow.com,https://www.linkedin.com/company/labornow-inc-,Ann Arbor,US,20,">=$1,000,000 (revenue.min filter, exact value not returned by Blitz company-search)",Staffing and Recruiting,,yes,Round 2: Blitz Find People scoped to company.linkedin_url (previously-unsourced companies from the full ICP company universe)
Lajoy Group,https://www.lajoygroup.com,https://www.linkedin.com/company/lajoy-group-inc,Plymouth,US,193,">=$1,000,000 (revenue.min filter, exact value not returned by Blitz company-search)",Staffing and Recruiting,,yes,Round 2: Blitz Find People scoped to company.linkedin_url (previously-unsourced companies from the full ICP company universe)
"Landmark Staffing Grand Junction, Co",https://www.landmarkstaff.com,https://www.linkedin.com/company/landmark-staffing-llc,Grand Junction,US,13,">=$1,000,000 (revenue.min filter, exact value not returned by Blitz company-search)",Staffing and Recruiting,,yes,Round 2: Blitz Find People scoped to company.linkedin_url (previously-unsourced companies from the full ICP company universe)
Lanmark Staffing,https://www.lanmarkstaffing.com,https://www.linkedin.com/company/lanmark-staffing,Orange,US,20,">=$1,000,000 (revenue.min filter, exact value not returned by Blitz company-search)",Staffing and Recruiting,,yes,Round 2: Blitz Find People scoped to company.linkedin_url (previously-unsourced companies from the full ICP company universe)
Laufer And Associates,https://www.lauferandassociates.net,https://www.linkedin.com/company/laufer-and-associates,Boston,US,14,">=$1,000,000 (revenue.min filter, exact value not returned by Blitz company-search)",Staffing and Recruiting,,yes,Round 2: Blitz Find People scoped to company.linkedin_url (previously-unsourced companies from the full ICP company universe)
Laurel Group,https://www.laurel-group.com,https://www.linkedin.com/company/laurel-group,Bellevue,US,14,">=$1,000,000 (revenue.min filter, exact value not returned by Blitz company-search)",Staffing and Recruiting,,yes,Round 2: Blitz Find People scoped to company.linkedin_url (previously-unsourced companies from the full ICP company universe)
"Lawyer\'s Staffing, Inc",https://www.lawyerstaffing.com,https://www.linkedin.com/company/lawyer's-staffing-inc.,Richmond,US,19,">=$1,000,000 (revenue.min filter, exact value not returned by Blitz company-search)",Staffing and Recruiting,,yes,Round 2: Blitz Find People scoped to company.linkedin_url (previously-unsourced companies from the full ICP company universe)
Lead Health,https://leadhealth.com,https://www.linkedin.com/company/lead-health,Los Angeles,US,62,">=$1,000,000 (revenue.min filter, exact value not returned by Blitz company-search)",Staffing and Recruiting,,yes,Round 2: Blitz Find People scoped to company.linkedin_url (previously-unsourced companies from the full ICP company universe)
Lead,https://leadstaff.com,https://www.linkedin.com/company/lead-staffing,Tampa,US,68,">=$1,000,000 (revenue.min filter, exact value not returned by Blitz company-search)",Staffing and Recruiting,,yes,Round 2: Blitz Find People scoped to company.linkedin_url (previously-unsourced companies from the full ICP company universe)
LeadStack Inc.,https://www.leadstackinc.com,https://www.linkedin.com/company/leadstackinc,South San Francisco,US,78,">=$1,000,000 (revenue.min filter, exact value not returned by Blitz company-search)",Staffing and Recruiting,,yes,Round 2: Blitz Find People scoped to company.linkedin_url (previously-unsourced companies from the full ICP company universe)
Leath HR Group,https://www.leathhrgroup.com,https://www.linkedin.com/company/leathhrgroup,Wrightsville Beach,US,10,">=$1,000,000 (revenue.min filter, exact value not returned by Blitz company-search)",Human Resources Services,,yes,Round 2: Blitz Find People scoped to company.linkedin_url (previously-unsourced companies from the full ICP company universe)
"Legacy Personnel, Inc",https://www.legacypersonnel.com,https://www.linkedin.com/company/legacy-personnel-inc,Santa Clara,US,82,">=$1,000,000 (revenue.min filter, exact value not returned by Blitz company-search)",Staffing and Recruiting,,yes,Round 2: Blitz Find People scoped to company.linkedin_url (previously-unsourced companies from the full ICP company universe)
Legacy Staffing,https://www.legacystaffing.com,https://www.linkedin.com/company/legacy-staffing,Cleveland,US,54,">=$1,000,000 (revenue.min filter, exact value not returned by Blitz company-search)",Staffing and Recruiting,,yes,Round 2: Blitz Find People scoped to company.linkedin_url (previously-unsourced companies from the full ICP company universe)
"Legendary Staffing, Inc",https://www.legendarystaffing.com,https://www.linkedin.com/company/legendary-staffing-inc,Santa Clara,US,17,">=$1,000,000 (revenue.min filter, exact value not returned by Blitz company-search)",Staffing and Recruiting,,yes,Round 2: Blitz Find People scoped to company.linkedin_url (previously-unsourced companies from the full ICP company universe)
Lehigh Technical Services,https://www.lehightechnical.com,https://www.linkedin.com/company/lehigh-technical-services,Hauppauge,US,21,">=$1,000,000 (revenue.min filter, exact value not returned by Blitz company-search)",Staffing and Recruiting,,yes,Round 2: Blitz Find People scoped to company.linkedin_url (previously-unsourced companies from the full ICP company universe)
"Let\'s Work Together, Llc",https://www.letsworktogetherllc.com,https://www.linkedin.com/company/let-s-work-together-llc,Bremerton,US,25,">=$1,000,000 (revenue.min filter, exact value not returned by Blitz company-search)",Staffing and Recruiting,,yes,Round 2: Blitz Find People scoped to company.linkedin_url (previously-unsourced companies from the full ICP company universe)
Lewis James Professional,https://www.lewisjamesprofessional.com,https://www.linkedin.com/company/lewis-james-professional,Atlanta,US,25,">=$1,000,000 (revenue.min filter, exact value not returned by Blitz company-search)",Staffing and Recruiting,,yes,Round 2: Blitz Find People scoped to company.linkedin_url (previously-unsourced companies from the full ICP company universe)
"Lewis-Price & Associates, Inc",https://www.lewisprice.com,https://www.linkedin.com/company/lewis-price-&-associates-inc-,Mclean,US,16,">=$1,000,000 (revenue.min filter, exact value not returned by Blitz company-search)",Staffing and Recruiting,,yes,Round 2: Blitz Find People scoped to company.linkedin_url (previously-unsourced companies from the full ICP company universe)
Life Got Better Staffing Services,https://lgbstaffing.com,https://www.linkedin.com/company/life-got-better-staffing-services,Milwaukee,US,32,">=$1,000,000 (revenue.min filter, exact value not returned by Blitz company-search)",Staffing and Recruiting,,yes,Round 2: Blitz Find People scoped to company.linkedin_url (previously-unsourced companies from the full ICP company universe)
Lighthouse Nursing Agency,https://www.lighthousenursing.com,https://www.linkedin.com/company/lighthouse-nursing-agency,Perry,US,105,">=$1,000,000 (revenue.min filter, exact value not returned by Blitz company-search)",Staffing and Recruiting,,yes,Round 2: Blitz Find People scoped to company.linkedin_url (previously-unsourced companies from the full ICP company universe)
Lighthouse Professional Services,https://www.lighthouseprofessionalservices.com,https://www.linkedin.com/company/lighthouseprofessionalservices,Danvers,US,52,">=$1,000,000 (revenue.min filter, exact value not returned by Blitz company-search)",Staffing and Recruiting,,yes,Round 2: Blitz Find People scoped to company.linkedin_url (previously-unsourced companies from the full ICP company universe)
Lincoln Training Center,https://www.lincolntc.org,https://www.linkedin.com/company/lincoln-training-center,South El Monte,US,141,">=$1,000,000 (revenue.min filter, exact value not returned by Blitz company-search)",Staffing and Recruiting,,yes,Round 2: Blitz Find People scoped to company.linkedin_url (previously-unsourced companies from the full ICP company universe)
LiquidAgents Healthcare,https://www.liquidagents.com,https://www.linkedin.com/company/liquidagents-healthcare,Plano,US,308,">=$1,000,000 (revenue.min filter, exact value not returned by Blitz company-search)",Staffing and Recruiting,,yes,Round 2: Blitz Find People scoped to company.linkedin_url (previously-unsourced companies from the full ICP company universe)
Ll Roberts Group,https://www.llroberts.com,https://www.linkedin.com/company/ll-roberts-group,Dallas,US,43,">=$1,000,000 (revenue.min filter, exact value not returned by Blitz company-search)",Human Resources Services,,yes,Round 2: Blitz Find People scoped to company.linkedin_url (previously-unsourced companies from the full ICP company universe)
Localwork,https://www.localwork.com,https://www.linkedin.com/company/localwork-com,Scottsdale,US,30,">=$1,000,000 (revenue.min filter, exact value not returned by Blitz company-search)",Human Resources Services,,yes,Round 2: Blitz Find People scoped to company.linkedin_url (previously-unsourced companies from the full ICP company universe)
Logic Staffing,https://www.logicstaffing.com,https://www.linkedin.com/company/logicstaffing,Sumner,US,219,">=$1,000,000 (revenue.min filter, exact value not returned by Blitz company-search)",Staffing and Recruiting,,yes,Round 2: Blitz Find People scoped to company.linkedin_url (previously-unsourced companies from the full ICP company universe)
Lonestar Labor Management,https://www.lonestarlabormgt.com,https://www.linkedin.com/company/lonestar-labor-management,Houston,US,15,">=$1,000,000 (revenue.min filter, exact value not returned by Blitz company-search)",Human Resources Services,,yes,Round 2: Blitz Find People scoped to company.linkedin_url (previously-unsourced companies from the full ICP company universe)
Long Island Temps,https://www.longislandtemps.com,https://www.linkedin.com/company/long-island-temps,Westbury,US,16,">=$1,000,000 (revenue.min filter, exact value not returned by Blitz company-search)",Staffing and Recruiting,,yes,Round 2: Blitz Find People scoped to company.linkedin_url (previously-unsourced companies from the full ICP company universe)
Longerdays,https://longerdays.com,https://www.linkedin.com/company/longerdays.com,Muskegon,US,39,">=$1,000,000 (revenue.min filter, exact value not returned by Blitz company-search)",Human Resources Services,,yes,Round 2: Blitz Find People scoped to company.linkedin_url (previously-unsourced companies from the full ICP company universe)
Louisiana School For The Deaf,https://www.lalsd.org,https://www.linkedin.com/company/louisiana-school-for-the-deaf,Baton Rouge,US,79,">=$1,000,000 (revenue.min filter, exact value not returned by Blitz company-search)",Staffing and Recruiting,,yes,Round 2: Blitz Find People scoped to company.linkedin_url (previously-unsourced companies from the full ICP company universe)
Lovett And Lovett Executive Search,https://www.lovettandlovett.com,https://www.linkedin.com/company/lovett-and-lovett-executive-search,Beavercreek,US,12,">=$1,000,000 (revenue.min filter, exact value not returned by Blitz company-search)",Executive Search Services,,yes,Round 2: Blitz Find People scoped to company.linkedin_url (previously-unsourced companies from the full ICP company universe)
"Lpc Personnel, Inc",https://www.lpcpersonnel.com,https://www.linkedin.com/company/lpc-personnel-inc.,Houston,US,40,">=$1,000,000 (revenue.min filter, exact value not returned by Blitz company-search)",Staffing and Recruiting,,yes,Round 2: Blitz Find People scoped to company.linkedin_url (previously-unsourced companies from the full ICP company universe)
Lti Services,https://www.ltiserv.com,https://www.linkedin.com/company/lti-services,Aurora,US,27,">=$1,000,000 (revenue.min filter, exact value not returned by Blitz company-search)",Staffing and Recruiting,,yes,Round 2: Blitz Find People scoped to company.linkedin_url (previously-unsourced companies from the full ICP company universe)
Luther Village Owners Corporation,https://luthervillage.com,https://www.linkedin.com/company/luther-village-owners-corporation,Arlington Heights,US,15,">=$1,000,000 (revenue.min filter, exact value not returned by Blitz company-search)",Human Resources Services,,yes,Round 2: Blitz Find People scoped to company.linkedin_url (previously-unsourced companies from the full ICP company universe)
"Lynx, Inc",https://www.lynxinc.com,https://www.linkedin.com/company/lynx-inc,Waltham,US,17,">=$1,000,000 (revenue.min filter, exact value not returned by Blitz company-search)",Staffing and Recruiting,,yes,Round 2: Blitz Find People scoped to company.linkedin_url (previously-unsourced companies from the full ICP company universe)
Madi,https://www.madicorp.com,https://www.linkedin.com/company/madi,Needham Heights,US,175,">=$1,000,000 (revenue.min filter, exact value not returned by Blitz company-search)",Staffing and Recruiting,,yes,Round 2: Blitz Find People scoped to company.linkedin_url (previously-unsourced companies from the full ICP company universe)
Magnet Medical,https://www.magnetmedical.com,https://www.linkedin.com/company/magnetmedical,Omaha,US,70,">=$1,000,000 (revenue.min filter, exact value not returned by Blitz company-search)",Staffing and Recruiting,,yes,Round 2: Blitz Find People scoped to company.linkedin_url (previously-unsourced companies from the full ICP company universe)
Magnum Staffing Services Inc,https://www.magnumstaffing.com,https://www.linkedin.com/company/magnum-staffing-services-inc.,Houston,US,166,">=$1,000,000 (revenue.min filter, exact value not returned by Blitz company-search)",Staffing and Recruiting,,yes,Round 2: Blitz Find People scoped to company.linkedin_url (previously-unsourced companies from the full ICP company universe)
Maineworks,https://maineworks.us,https://www.linkedin.com/company/maineworks,Portland,US,42,">=$1,000,000 (revenue.min filter, exact value not returned by Blitz company-search)",Staffing and Recruiting,,yes,Round 2: Blitz Find People scoped to company.linkedin_url (previously-unsourced companies from the full ICP company universe)
Mainz Brady Group,https://www.mbg.com,https://www.linkedin.com/company/mainz-brady-group,San Francisco,US,56,">=$1,000,000 (revenue.min filter, exact value not returned by Blitz company-search)",Staffing and Recruiting,,yes,Round 2: Blitz Find People scoped to company.linkedin_url (previously-unsourced companies from the full ICP company universe)
Makro Technologies Inc,https://www.makrotech.com,https://www.linkedin.com/company/makrotech-inc,Princeton,US,163,">=$1,000,000 (revenue.min filter, exact value not returned by Blitz company-search)",Staffing and Recruiting,,yes,Round 2: Blitz Find People scoped to company.linkedin_url (previously-unsourced companies from the full ICP company universe)
"Managease, Inc",https://www.managease.com,https://www.linkedin.com/company/managease-inc,Irvine,US,16,">=$1,000,000 (revenue.min filter, exact value not returned by Blitz company-search)",Human Resources Services,,yes,Round 2: Blitz Find People scoped to company.linkedin_url (previously-unsourced companies from the full ICP company universe)
Mancan,https://www.mancan.com,https://www.linkedin.com/company/mancan,Canton,US,441,">=$1,000,000 (revenue.min filter, exact value not returned by Blitz company-search)",Staffing and Recruiting,,yes,Round 2: Blitz Find People scoped to company.linkedin_url (previously-unsourced companies from the full ICP company universe)
Manning Agency,https://www.themanningagency.com/ins,https://www.linkedin.com/company/manning-agency,Nashville,US,102,">=$1,000,000 (revenue.min filter, exact value not returned by Blitz company-search)",Staffing and Recruiting,,yes,Round 2: Blitz Find People scoped to company.linkedin_url (previously-unsourced companies from the full ICP company universe)
Manpower Inc. Of Toledo,https://manpowertoledo.com,https://www.linkedin.com/company/manpower-inc.-of-toledo,Toledo,US,13,">=$1,000,000 (revenue.min filter, exact value not returned by Blitz company-search)",Staffing and Recruiting,,yes,Round 2: Blitz Find People scoped to company.linkedin_url (previously-unsourced companies from the full ICP company universe)
Maq Consulting,https://www.maqconsulting.com,https://www.linkedin.com/company/maq-consulting,Redmond,US,32,">=$1,000,000 (revenue.min filter, exact value not returned by Blitz company-search)",Staffing and Recruiting,,yes,Round 2: Blitz Find People scoped to company.linkedin_url (previously-unsourced companies from the full ICP company universe)
Maristaff,https://www.maristaff.com,https://www.linkedin.com/company/maristaff,Roswell,US,26,">=$1,000,000 (revenue.min filter, exact value not returned by Blitz company-search)",Staffing and Recruiting,,yes,Round 2: Blitz Find People scoped to company.linkedin_url (previously-unsourced companies from the full ICP company universe)
Marius Group,https://www.mariusgroups.com,https://www.linkedin.com/company/marius-group,Los Angeles,US,18,">=$1,000,000 (revenue.min filter, exact value not returned by Blitz company-search)",Staffing and Recruiting,,yes,Round 2: Blitz Find People scoped to company.linkedin_url (previously-unsourced companies from the full ICP company universe)
Martin Fletcher,https://www.martinfletcher.com,https://www.linkedin.com/company/martin-fletcher,Irving,US,38,">=$1,000,000 (revenue.min filter, exact value not returned by Blitz company-search)",Staffing and Recruiting,,yes,Round 2: Blitz Find People scoped to company.linkedin_url (previously-unsourced companies from the full ICP company universe)
Marvel Consultants,https://www.marvelconsultants.com,https://www.linkedin.com/company/marvel-consultants,Cleveland,US,25,">=$1,000,000 (revenue.min filter, exact value not returned by Blitz company-search)",Staffing and Recruiting,,yes,Round 2: Blitz Find People scoped to company.linkedin_url (previously-unsourced companies from the full ICP company universe)
MAS Community Health,https://mascommunityhealth.com,https://www.linkedin.com/company/mascommunityhealth,Westbrook,US,136,">=$1,000,000 (revenue.min filter, exact value not returned by Blitz company-search)",Staffing and Recruiting,,yes,Round 2: Blitz Find People scoped to company.linkedin_url (previously-unsourced companies from the full ICP company universe)
Masshire Berkshire Career Center,https://www.masshireberkshirecc.com,https://www.linkedin.com/company/masshire-berkshire-career-center,Pittsfield,US,11,">=$1,000,000 (revenue.min filter, exact value not returned by Blitz company-search)",Staffing and Recruiting,,yes,Round 2: Blitz Find People scoped to company.linkedin_url (previously-unsourced companies from the full ICP company universe)
Masshire Berkshire Workforce Board,https://masshireberkshire.com/about,https://www.linkedin.com/company/masshire-berkshire-workforce-board,Pittsfield,US,13,">=$1,000,000 (revenue.min filter, exact value not returned by Blitz company-search)",Human Resources Services,,yes,Round 2: Blitz Find People scoped to company.linkedin_url (previously-unsourced companies from the full ICP company universe)
Masshire Merrimack Valley Career Center,https://masshiremvcc.com,https://www.linkedin.com/company/masshire-merrimack-valley-career-center,Lawrence,US,14,">=$1,000,000 (revenue.min filter, exact value not returned by Blitz company-search)",Staffing and Recruiting,,yes,Round 2: Blitz Find People scoped to company.linkedin_url (previously-unsourced companies from the full ICP company universe)
Masshire Greater Brockton Career Center,https://masshiregbcc.org,https://www.linkedin.com/company/masshiregbcc,Brockton,US,45,">=$1,000,000 (revenue.min filter, exact value not returned by Blitz company-search)",Human Resources Services,,yes,Round 2: Blitz Find People scoped to company.linkedin_url (previously-unsourced companies from the full ICP company universe)
Match Staffing,https://www.matchstaffing.com,https://www.linkedin.com/company/match-staffing,Montgomery,US,38,">=$1,000,000 (revenue.min filter, exact value not returned by Blitz company-search)",Staffing and Recruiting,,yes,Round 2: Blitz Find People scoped to company.linkedin_url (previously-unsourced companies from the full ICP company universe)
Matchpoint Consulting Group,https://matchpointconsultinggroup.com,https://www.linkedin.com/company/matchpoint-consulting-group,Chesterbrook,US,14,">=$1,000,000 (revenue.min filter, exact value not returned by Blitz company-search)",Staffing and Recruiting,,yes,Round 2: Blitz Find People scoped to company.linkedin_url (previously-unsourced companies from the full ICP company universe)
Matrixonesource,https://www.matrixonesource.com,https://www.linkedin.com/company/matrixonesource,Jacksonville,US,26,">=$1,000,000 (revenue.min filter, exact value not returned by Blitz company-search)",Human Resources Services,,yes,Round 2: Blitz Find People scoped to company.linkedin_url (previously-unsourced companies from the full ICP company universe)
Maxim Government Services,https://www.maximgov.com,https://www.linkedin.com/company/maxim-government-services,Columbia,US,25,">=$1,000,000 (revenue.min filter, exact value not returned by Blitz company-search)",Staffing and Recruiting,,yes,Round 2: Blitz Find People scoped to company.linkedin_url (previously-unsourced companies from the full ICP company universe)
Maxsys Solutions,https://www.maxsyssolutions.com,https://www.linkedin.com/company/maxsys-solutions,Frisco,US,43,">=$1,000,000 (revenue.min filter, exact value not returned by Blitz company-search)",Staffing and Recruiting,,yes,Round 2: Blitz Find People scoped to company.linkedin_url (previously-unsourced companies from the full ICP company universe)
Mb Connect,https://www.mbconnect.co,https://www.linkedin.com/company/mb-connect,Langhorne,US,10,">=$1,000,000 (revenue.min filter, exact value not returned by Blitz company-search)",Staffing and Recruiting,,yes,Round 2: Blitz Find People scoped to company.linkedin_url (previously-unsourced companies from the full ICP company universe)
MBKHire An MBK Worldwide Company,https://www.mbkhire.com,https://www.linkedin.com/company/mbkhire,New York City,US,11,">=$1,000,000 (revenue.min filter, exact value not returned by Blitz company-search)",Staffing and Recruiting,,yes,Round 2: Blitz Find People scoped to company.linkedin_url (previously-unsourced companies from the full ICP company universe)
Mcgrath Systems,https://www.mcgrathsystems.com,https://www.linkedin.com/company/mcgrath-systems,Blue Bell,US,32,">=$1,000,000 (revenue.min filter, exact value not returned by Blitz company-search)",Staffing and Recruiting,,yes,Round 2: Blitz Find People scoped to company.linkedin_url (previously-unsourced companies from the full ICP company universe)
Meadow Brook Medical Care Facility,https://meadowbrookmcf.com,https://www.linkedin.com/company/meadow-brook-medical-care-facility,Bellaire,US,39,">=$1,000,000 (revenue.min filter, exact value not returned by Blitz company-search)",Staffing and Recruiting,,yes,Round 2: Blitz Find People scoped to company.linkedin_url (previously-unsourced companies from the full ICP company universe)
Medical Imagery Solutions & Staffing,https://missstaffing.com,https://www.linkedin.com/company/medical-imagery-solutions-&-staffing,Tempe,US,18,">=$1,000,000 (revenue.min filter, exact value not returned by Blitz company-search)",Staffing and Recruiting,,yes,Round 2: Blitz Find People scoped to company.linkedin_url (previously-unsourced companies from the full ICP company universe)
Medical One Staffers,https://medicalonestaffers.com,https://www.linkedin.com/company/medical-one-staffers,Robertsdale,US,12,">=$1,000,000 (revenue.min filter, exact value not returned by Blitz company-search)",Staffing and Recruiting,,yes,Round 2: Blitz Find People scoped to company.linkedin_url (previously-unsourced companies from the full ICP company universe)
Medical Staffing Associates,https://www.medstaffer.com,https://www.linkedin.com/company/medical-staffing-associates,Mclean,US,20,">=$1,000,000 (revenue.min filter, exact value not returned by Blitz company-search)",Human Resources Services,,yes,Round 2: Blitz Find People scoped to company.linkedin_url (previously-unsourced companies from the full ICP company universe)
"Medical Staffing Solutions, Llc",https://mssmedicalstaffing.com,https://www.linkedin.com/company/medical-staffing-solutions-llc,Evansville,US,267,">=$1,000,000 (revenue.min filter, exact value not returned by Blitz company-search)",Staffing and Recruiting,,yes,Round 2: Blitz Find People scoped to company.linkedin_url (previously-unsourced companies from the full ICP company universe)
Medicalsolutions,https://www.med-solutions.net,https://www.linkedin.com/company/medicalsolutions,Atlanta,US,32,">=$1,000,000 (revenue.min filter, exact value not returned by Blitz company-search)",Staffing and Recruiting,,yes,Round 2: Blitz Find People scoped to company.linkedin_url (previously-unsourced companies from the full ICP company universe)
MediQuest Staffing,https://www.mediqueststaffing.com,https://www.linkedin.com/company/mediquest-staffing-svc,Irvine,US,23,">=$1,000,000 (revenue.min filter, exact value not returned by Blitz company-search)",Staffing and Recruiting,,yes,Round 2: Blitz Find People scoped to company.linkedin_url (previously-unsourced companies from the full ICP company universe)
Mediscan Staffing Services,https://www.mediscan.net,https://www.linkedin.com/company/mediscan,Woodland Hills,US,209,">=$1,000,000 (revenue.min filter, exact value not returned by Blitz company-search)",Staffing and Recruiting,,yes,Round 2: Blitz Find People scoped to company.linkedin_url (previously-unsourced companies from the full ICP company universe)
Medistaff,https://medistaffteam.com,https://www.linkedin.com/company/medistaff-team,Chicago,US,10,">=$1,000,000 (revenue.min filter, exact value not returned by Blitz company-search)",Staffing and Recruiting,,yes,Round 2: Blitz Find People scoped to company.linkedin_url (previously-unsourced companies from the full ICP company universe)
"Medlinks Staffing, Llc",https://medlinksstaffing.com,https://www.linkedin.com/company/medlinks-staffing-llc,Antioch,US,13,">=$1,000,000 (revenue.min filter, exact value not returned by Blitz company-search)",Staffing and Recruiting,,yes,Round 2: Blitz Find People scoped to company.linkedin_url (previously-unsourced companies from the full ICP company universe)
"Med-Scribe, Inc.",https://www.medscribe.com,https://www.linkedin.com/company/medscribeinc,Fairport,US,34,">=$1,000,000 (revenue.min filter, exact value not returned by Blitz company-search)",Staffing and Recruiting,,yes,Round 2: Blitz Find People scoped to company.linkedin_url (previously-unsourced companies from the full ICP company universe)
Medstaff,https://www.crosscountrynurses.com,https://www.linkedin.com/company/medstaff,Boca Raton,US,267,">=$1,000,000 (revenue.min filter, exact value not returned by Blitz company-search)",Staffing and Recruiting,,yes,Round 2: Blitz Find People scoped to company.linkedin_url (previously-unsourced companies from the full ICP company universe)
Meduvi,https://www.meduvi.com,https://www.linkedin.com/company/meduvi-llc,Somerville,US,20,">=$1,000,000 (revenue.min filter, exact value not returned by Blitz company-search)",Staffing and Recruiting,,yes,Round 2: Blitz Find People scoped to company.linkedin_url (previously-unsourced companies from the full ICP company universe)
"The Mega Force Staffing Group, Inc",https://www.megaforce.com,https://www.linkedin.com/company/megaforce-staffing-group,Fayetteville,US,183,">=$1,000,000 (revenue.min filter, exact value not returned by Blitz company-search)",Staffing and Recruiting,,yes,Round 2: Blitz Find People scoped to company.linkedin_url (previously-unsourced companies from the full ICP company universe)
"Project Staffing, Llc",https://mainestaff.com,https://www.linkedin.com/company/menhstaffinggroup,Brunswick,US,42,">=$1,000,000 (revenue.min filter, exact value not returned by Blitz company-search)",Staffing and Recruiting,,yes,Round 2: Blitz Find People scoped to company.linkedin_url (previously-unsourced companies from the full ICP company universe)
Mep Jobs,https://www.mepjobs.com,https://www.linkedin.com/company/mep-jobs,Des Moines,US,1012,">=$1,000,000 (revenue.min filter, exact value not returned by Blitz company-search)",Staffing and Recruiting,,yes,Round 2: Blitz Find People scoped to company.linkedin_url (previously-unsourced companies from the full ICP company universe)
Meraki Staffing,https://www.merakistaffing.com,https://www.linkedin.com/company/meraki-staffing,Lincoln,US,13,">=$1,000,000 (revenue.min filter, exact value not returned by Blitz company-search)",Staffing and Recruiting,,yes,Round 2: Blitz Find People scoped to company.linkedin_url (previously-unsourced companies from the full ICP company universe)
Merchants Information Solutions,https://www.merchantsinfo.com,https://www.linkedin.com/company/merchants-information-solutions,Phoenix,US,37,">=$1,000,000 (revenue.min filter, exact value not returned by Blitz company-search)",Human Resources Services,,yes,Round 2: Blitz Find People scoped to company.linkedin_url (previously-unsourced companies from the full ICP company universe)
"Merithall, Inc",https://www.merithall.com,https://www.linkedin.com/company/merithall-inc,Detroit,US,14,">=$1,000,000 (revenue.min filter, exact value not returned by Blitz company-search)",Staffing and Recruiting,,yes,Round 2: Blitz Find People scoped to company.linkedin_url (previously-unsourced companies from the full ICP company universe)
Merito Group,https://www.meritogroup.com/best-staffing-firm,https://www.linkedin.com/company/merito-group,Vienna,US,18,">=$1,000,000 (revenue.min filter, exact value not returned by Blitz company-search)",Staffing and Recruiting,,yes,Round 2: Blitz Find People scoped to company.linkedin_url (previously-unsourced companies from the full ICP company universe)
"Merraine Group, Inc",https://www.merraine.com,https://www.linkedin.com/company/merraine-group-inc-,Nanuet,US,15,">=$1,000,000 (revenue.min filter, exact value not returned by Blitz company-search)",Human Resources Services,,yes,Round 2: Blitz Find People scoped to company.linkedin_url (previously-unsourced companies from the full ICP company universe)
Metrica Relocations,https://www.metricarelocations.com,https://www.linkedin.com/company/metrica-relocations,San Antonio,US,32,">=$1,000,000 (revenue.min filter, exact value not returned by Blitz company-search)",Human Resources Services,,yes,Round 2: Blitz Find People scoped to company.linkedin_url (previously-unsourced companies from the full ICP company universe)
Metro Rph Metropolitan Health Staffing Network,https://www.metrorph.com,https://www.linkedin.com/company/metro-rph-metropolitan-health-staffing-network,Alton,US,30,">=$1,000,000 (revenue.min filter, exact value not returned by Blitz company-search)",Staffing and Recruiting,,yes,Round 2: Blitz Find People scoped to company.linkedin_url (previously-unsourced companies from the full ICP company universe)
Metro Industrial Services,https://metroindustrialservices.com,https://www.linkedin.com/company/metroindustrialservices,Manchester,US,227,">=$1,000,000 (revenue.min filter, exact value not returned by Blitz company-search)",Staffing and Recruiting,,yes,Round 2: Blitz Find People scoped to company.linkedin_url (previously-unsourced companies from the full ICP company universe)
Metroproof,https://www.metroproof.com,https://www.linkedin.com/company/metroproof,New York,US,13,">=$1,000,000 (revenue.min filter, exact value not returned by Blitz company-search)",Staffing and Recruiting,,yes,Round 2: Blitz Find People scoped to company.linkedin_url (previously-unsourced companies from the full ICP company universe)
Mican Technologies Inc,https://www.micantech.net,https://www.linkedin.com/company/mican-technologies,Bear,US,95,">=$1,000,000 (revenue.min filter, exact value not returned by Blitz company-search)",Staffing and Recruiting,,yes,Round 2: Blitz Find People scoped to company.linkedin_url (previously-unsourced companies from the full ICP company universe)
Mid Cal Labor Solutions,https://www.midcallabor.com,https://www.linkedin.com/company/mid-cal-labor-solutions,Bakersfield,US,33,">=$1,000,000 (revenue.min filter, exact value not returned by Blitz company-search)",Staffing and Recruiting,,yes,Round 2: Blitz Find People scoped to company.linkedin_url (previously-unsourced companies from the full ICP company universe)
Midcom,https://www.midcom.com,https://www.linkedin.com/company/midcom,Anaheim,US,145,">=$1,000,000 (revenue.min filter, exact value not returned by Blitz company-search)",Staffing and Recruiting,,yes,Round 2: Blitz Find People scoped to company.linkedin_url (previously-unsourced companies from the full ICP company universe)
Milestone Staffing,https://www.milestonestaffing.com,https://www.linkedin.com/company/milestone-staffing,Richardson,US,53,">=$1,000,000 (revenue.min filter, exact value not returned by Blitz company-search)",Staffing and Recruiting,,yes,Round 2: Blitz Find People scoped to company.linkedin_url (previously-unsourced companies from the full ICP company universe)
Millennium Software and Staffing Inc,https://www.webmsi.com,https://www.linkedin.com/company/millennium-software-inc,Southfield,US,169,">=$1,000,000 (revenue.min filter, exact value not returned by Blitz company-search)",Staffing and Recruiting,,yes,Round 2: Blitz Find People scoped to company.linkedin_url (previously-unsourced companies from the full ICP company universe)
MillenniumSoft Inc,https://www.gomillenniumsoft.com,https://www.linkedin.com/company/millenniumsoft-inc,Fairfax,US,78,">=$1,000,000 (revenue.min filter, exact value not returned by Blitz company-search)",Staffing and Recruiting,,yes,Round 2: Blitz Find People scoped to company.linkedin_url (previously-unsourced companies from the full ICP company universe)
"Mission Hiring Hall, Inc",https://www.missionhiringhall.org,https://www.linkedin.com/company/mission-hiring-hall,San Francisco,US,41,">=$1,000,000 (revenue.min filter, exact value not returned by Blitz company-search)",Staffing and Recruiting,,yes,Round 2: Blitz Find People scoped to company.linkedin_url (previously-unsourced companies from the full ICP company universe)
Mitaja Corporation,https://www.mitajacorp.com,https://www.linkedin.com/company/mitaja-corporation,Fulton,US,49,">=$1,000,000 (revenue.min filter, exact value not returned by Blitz company-search)",Staffing and Recruiting,,yes,Round 2: Blitz Find People scoped to company.linkedin_url (previously-unsourced companies from the full ICP company universe)
Mjs Executive Search,https://www.mjsearch.com,https://www.linkedin.com/company/mjs-executive-search,White Plains,US,16,">=$1,000,000 (revenue.min filter, exact value not returned by Blitz company-search)",Staffing and Recruiting,,yes,Round 2: Blitz Find People scoped to company.linkedin_url (previously-unsourced companies from the full ICP company universe)
Mk Consulting Group,https://www.mk-consultinggroup.com,https://www.linkedin.com/company/mk-consulting-group,Charlotte,US,21,">=$1,000,000 (revenue.min filter, exact value not returned by Blitz company-search)",Staffing and Recruiting,,yes,Round 2: Blitz Find People scoped to company.linkedin_url (previously-unsourced companies from the full ICP company universe)
Mmc Hr,https://www.mmchr.com,https://www.linkedin.com/company/mmchr,Los Angeles,US,58,">=$1,000,000 (revenue.min filter, exact value not returned by Blitz company-search)",Human Resources Services,,yes,Round 2: Blitz Find People scoped to company.linkedin_url (previously-unsourced companies from the full ICP company universe)
Moffat Workforce,https://www.moffatworkforce.com,https://www.linkedin.com/company/moffat-workforce,Oakdale,US,33,">=$1,000,000 (revenue.min filter, exact value not returned by Blitz company-search)",Staffing and Recruiting,,yes,Round 2: Blitz Find People scoped to company.linkedin_url (previously-unsourced companies from the full ICP company universe)
"Monarch Technical Services, Inc",https://www.monarchtechnical.com,https://www.linkedin.com/company/monarch-technical-services,Rolling Meadows,US,14,">=$1,000,000 (revenue.min filter, exact value not returned by Blitz company-search)",Staffing and Recruiting,,yes,Round 2: Blitz Find People scoped to company.linkedin_url (previously-unsourced companies from the full ICP company universe)
Monroe Staffing Services,https://www.monroestaffing.com,https://www.linkedin.com/company/monroe-staffing-services,New York,US,235,">=$1,000,000 (revenue.min filter, exact value not returned by Blitz company-search)",Staffing and Recruiting,,yes,Round 2: Blitz Find People scoped to company.linkedin_url (previously-unsourced companies from the full ICP company universe)
Montgomery Professional Services Corporation,https://www.montgomerypsc.com,https://www.linkedin.com/company/montgomery-professional-services,San Jose,US,10,">=$1,000,000 (revenue.min filter, exact value not returned by Blitz company-search)",Staffing and Recruiting,,yes,Round 2: Blitz Find People scoped to company.linkedin_url (previously-unsourced companies from the full ICP company universe)
Morningside,https://www.morningsideservices.com,https://www.linkedin.com/company/morningsideservices,Olympia,US,92,">=$1,000,000 (revenue.min filter, exact value not returned by Blitz company-search)",Staffing and Recruiting,,yes,Round 2: Blitz Find People scoped to company.linkedin_url (previously-unsourced companies from the full ICP company universe)
Motek Technologies,https://www.motektech.com,https://www.linkedin.com/company/motek-technologies,San Jose,US,20,">=$1,000,000 (revenue.min filter, exact value not returned by Blitz company-search)",Staffing and Recruiting,,yes,Round 2: Blitz Find People scoped to company.linkedin_url (previously-unsourced companies from the full ICP company universe)
Mount Shasta Ski Park,https://www.skipark.com,https://www.linkedin.com/company/mount-shasta-ski-park,Mt Shasta,US,47,">=$1,000,000 (revenue.min filter, exact value not returned by Blitz company-search)",Human Resources Services,,yes,Round 2: Blitz Find People scoped to company.linkedin_url (previously-unsourced companies from the full ICP company universe)
Moxy,https://www.digmoxy.com,https://www.linkedin.com/company/moxy-jobs,Birmingham,US,27,">=$1,000,000 (revenue.min filter, exact value not returned by Blitz company-search)",Staffing and Recruiting,,yes,Round 2: Blitz Find People scoped to company.linkedin_url (previously-unsourced companies from the full ICP company universe)
Mrf Consulting,https://www.mrfconsulting.com,https://www.linkedin.com/company/mrf-consulting,Rockville,US,31,">=$1,000,000 (revenue.min filter, exact value not returned by Blitz company-search)",Human Resources Services,,yes,Round 2: Blitz Find People scoped to company.linkedin_url (previously-unsourced companies from the full ICP company universe)
Management Recruiters Of Bridgewater,https://www.mrbridgewater.com,https://www.linkedin.com/company/mri-network,Flemington,US,24,">=$1,000,000 (revenue.min filter, exact value not returned by Blitz company-search)",Staffing and Recruiting,,yes,Round 2: Blitz Find People scoped to company.linkedin_url (previously-unsourced companies from the full ICP company universe)
"Mountain Temp Services, Llc And Mts Mobile Staffing Services",https://www.mountaintemp.com,https://www.linkedin.com/company/mts-mobile-staffing,Apsen,US,232,">=$1,000,000 (revenue.min filter, exact value not returned by Blitz company-search)",Staffing and Recruiting,,yes,Round 2: Blitz Find People scoped to company.linkedin_url (previously-unsourced companies from the full ICP company universe)
Mtx Therapy Services,https://www.mtxtherapy.com,https://www.linkedin.com/company/mtx-therapy-services,Tampa,US,20,">=$1,000,000 (revenue.min filter, exact value not returned by Blitz company-search)",Staffing and Recruiting,,yes,Round 2: Blitz Find People scoped to company.linkedin_url (previously-unsourced companies from the full ICP company universe)
"Mvp Workforce, Llc",https://mvpworkforce.com,https://www.linkedin.com/company/mvp-workforce-llc,Deerfield,US,10,">=$1,000,000 (revenue.min filter, exact value not returned by Blitz company-search)",Human Resources Services,,yes,Round 2: Blitz Find People scoped to company.linkedin_url (previously-unsourced companies from the full ICP company universe)
My Hr,https://www.myhrmgmt.com,https://www.linkedin.com/company/my-hr,Atlanta,US,44,">=$1,000,000 (revenue.min filter, exact value not returned by Blitz company-search)",Human Resources Services,,yes,Round 2: Blitz Find People scoped to company.linkedin_url (previously-unsourced companies from the full ICP company universe)
Compass Hr,https://www.mycompasshr.com,https://www.linkedin.com/company/mycompasshr,Temecula,US,12,">=$1,000,000 (revenue.min filter, exact value not returned by Blitz company-search)",Human Resources Services,,yes,Round 2: Blitz Find People scoped to company.linkedin_url (previously-unsourced companies from the full ICP company universe)
My Marketing Recruiter,https://www.mymarketingrecruiter.com,https://www.linkedin.com/company/mymarketingrecruiter,Atlanta,US,10,">=$1,000,000 (revenue.min filter, exact value not returned by Blitz company-search)",Staffing and Recruiting,,yes,Round 2: Blitz Find People scoped to company.linkedin_url (previously-unsourced companies from the full ICP company universe)
Myriad Technical Services,https://www.myriadcorp.com,https://www.linkedin.com/company/myriad-technical-services,Naperville,US,24,">=$1,000,000 (revenue.min filter, exact value not returned by Blitz company-search)",Human Resources Services,,yes,Round 2: Blitz Find People scoped to company.linkedin_url (previously-unsourced companies from the full ICP company universe)
NAAAHR,https://naaahr.org,https://www.linkedin.com/company/naaahr,Atlanta,US,28,">=$1,000,000 (revenue.min filter, exact value not returned by Blitz company-search)",Human Resources Services,,yes,Round 2: Blitz Find People scoped to company.linkedin_url (previously-unsourced companies from the full ICP company universe)
Nagoya Sushi,https://www.nagoyasushi.com,https://www.linkedin.com/company/nagoya-sushi,Chesapeake,US,35,">=$1,000,000 (revenue.min filter, exact value not returned by Blitz company-search)",Human Resources Services,,yes,Round 2: Blitz Find People scoped to company.linkedin_url (previously-unsourced companies from the full ICP company universe)
Nannies & Housekeepers Usa,https://www.nahusa.com,https://www.linkedin.com/company/nannies-&-housekeepers-usa,Las Vegas,US,61,">=$1,000,000 (revenue.min filter, exact value not returned by Blitz company-search)",Staffing and Recruiting,,yes,Round 2: Blitz Find People scoped to company.linkedin_url (previously-unsourced companies from the full ICP company universe)
National Anesthesia Services,https://nationalanesthesia.com,https://www.linkedin.com/company/nasinc,Beverly Hills,US,20,">=$1,000,000 (revenue.min filter, exact value not returned by Blitz company-search)",Staffing and Recruiting,,yes,Round 2: Blitz Find People scoped to company.linkedin_url (previously-unsourced companies from the full ICP company universe)
Nationwide Anesthesia Services,https://www.nwanesthesia.com,https://www.linkedin.com/company/nationwide-anesthesia-services,Sandersville,US,25,">=$1,000,000 (revenue.min filter, exact value not returned by Blitz company-search)",Staffing and Recruiting,,yes,Round 2: Blitz Find People scoped to company.linkedin_url (previously-unsourced companies from the full ICP company universe)
"Nationwide Technical & Executive Search, Inc",https://www.nwexs.com,https://www.linkedin.com/company/nationwide-technical-&-executive-search-inc-,Livonia,US,27,">=$1,000,000 (revenue.min filter, exact value not returned by Blitz company-search)",Staffing and Recruiting,,yes,Round 2: Blitz Find People scoped to company.linkedin_url (previously-unsourced companies from the full ICP company universe)
Nav Agder,https://www.nav.no/no/lokalt/agder,https://www.linkedin.com/company/nav-agder,Arendal,NO,57,">=$1,000,000 (revenue.min filter, exact value not returned by Blitz company-search)",Staffing and Recruiting,,yes,Round 2: Blitz Find People scoped to company.linkedin_url (previously-unsourced companies from the full ICP company universe)
Nav Innlandet,https://www.nav.no/no/lokalt/innlandet/rekruttering,https://www.linkedin.com/company/nav-oppland,Hamar,NO,44,">=$1,000,000 (revenue.min filter, exact value not returned by Blitz company-search)",Staffing and Recruiting,,yes,Round 2: Blitz Find People scoped to company.linkedin_url (previously-unsourced companies from the full ICP company universe)
Nav Vest-Viken,https://www.nav.no,https://www.linkedin.com/company/nav-vestviken,Drammen,NO,61,">=$1,000,000 (revenue.min filter, exact value not returned by Blitz company-search)",Staffing and Recruiting,,yes,Round 2: Blitz Find People scoped to company.linkedin_url (previously-unsourced companies from the full ICP company universe)
Ncva Medical Staffing Inc,https://ncvamedicalstaffing.com,https://www.linkedin.com/company/ncva-medical-staffing-inc,Brookneal,US,11,">=$1,000,000 (revenue.min filter, exact value not returned by Blitz company-search)",Staffing and Recruiting,,yes,Round 2: Blitz Find People scoped to company.linkedin_url (previously-unsourced companies from the full ICP company universe)
New Haven Works,https://www.newhavenworkspipeline.org,https://www.linkedin.com/company/new-haven-works,New Haven,US,17,">=$1,000,000 (revenue.min filter, exact value not returned by Blitz company-search)",Staffing and Recruiting,,yes,Round 2: Blitz Find People scoped to company.linkedin_url (previously-unsourced companies from the full ICP company universe)
New Heritage Recruiters,https://www.newheritagerecruiters.com,https://www.linkedin.com/company/new-heritage-recruiters-health,Brea,US,14,">=$1,000,000 (revenue.min filter, exact value not returned by Blitz company-search)",Staffing and Recruiting,,yes,Round 2: Blitz Find People scoped to company.linkedin_url (previously-unsourced companies from the full ICP company universe)
"New Ventures, Inc",https://www.newventures.org,https://www.linkedin.com/company/new-ventures-inc,Lagrange,US,45,">=$1,000,000 (revenue.min filter, exact value not returned by Blitz company-search)",Staffing and Recruiting,,yes,Round 2: Blitz Find People scoped to company.linkedin_url (previously-unsourced companies from the full ICP company universe)
"New Wave People, Inc",https://nwpusa.com,https://www.linkedin.com/company/new-wave-people-inc-,Hightstown,US,23,">=$1,000,000 (revenue.min filter, exact value not returned by Blitz company-search)",Staffing and Recruiting,,yes,Round 2: Blitz Find People scoped to company.linkedin_url (previously-unsourced companies from the full ICP company universe)
New York Beacon Group Beacon Therapy,https://www.nybeacongroup.com,https://www.linkedin.com/company/new-york-beacon-group-beacon-therapy,Roslyn,US,25,">=$1,000,000 (revenue.min filter, exact value not returned by Blitz company-search)",Staffing and Recruiting,,yes,Round 2: Blitz Find People scoped to company.linkedin_url (previously-unsourced companies from the full ICP company universe)
"Newlin Associates, Llc",https://www.newlinassociates.com,https://www.linkedin.com/company/newlin-associates-llc,Larkspur,US,13,">=$1,000,000 (revenue.min filter, exact value not returned by Blitz company-search)",Staffing and Recruiting,,yes,Round 2: Blitz Find People scoped to company.linkedin_url (previously-unsourced companies from the full ICP company universe)
New Talent,https://www.mynewtalent.com,https://www.linkedin.com/company/newtalent,Charleston,US,20,">=$1,000,000 (revenue.min filter, exact value not returned by Blitz company-search)",Staffing and Recruiting,,yes,Round 2: Blitz Find People scoped to company.linkedin_url (previously-unsourced companies from the full ICP company universe)
North Georgia Staffing,https://www.ngastaffing.com,https://www.linkedin.com/company/nga-staffing,Kennesaw,US,117,">=$1,000,000 (revenue.min filter, exact value not returned by Blitz company-search)",Staffing and Recruiting,,yes,Round 2: Blitz Find People scoped to company.linkedin_url (previously-unsourced companies from the full ICP company universe)
Ngp,https://www.ngpusa.com,https://www.linkedin.com/company/ngp,Nashville,US,76,">=$1,000,000 (revenue.min filter, exact value not returned by Blitz company-search)",Staffing and Recruiting,,yes,Round 2: Blitz Find People scoped to company.linkedin_url (previously-unsourced companies from the full ICP company universe)
Nia,https://www.nia.agency,https://www.linkedin.com/company/nia-llc,New York,US,76,">=$1,000,000 (revenue.min filter, exact value not returned by Blitz company-search)",Human Resources Services,,yes,Round 2: Blitz Find People scoped to company.linkedin_url (previously-unsourced companies from the full ICP company universe)
Nightingale Nurses,https://www.nightingalenurses.net,https://www.linkedin.com/company/nightingale-nurses,Boca Raton,US,383,">=$1,000,000 (revenue.min filter, exact value not returned by Blitz company-search)",Staffing and Recruiting,,yes,Round 2: Blitz Find People scoped to company.linkedin_url (previously-unsourced companies from the full ICP company universe)
Nirvana Enterprises Llc,https://www.nirvanaenterprises.com,https://www.linkedin.com/company/nirvana-enterprises-llc,Edison,US,58,">=$1,000,000 (revenue.min filter, exact value not returned by Blitz company-search)",Staffing and Recruiting,,yes,Round 2: Blitz Find People scoped to company.linkedin_url (previously-unsourced companies from the full ICP company universe)
nLeague,https://www.nleague.com,https://www.linkedin.com/company/nleagueservices,Alpharetta,US,57,">=$1,000,000 (revenue.min filter, exact value not returned by Blitz company-search)",Staffing and Recruiting,,yes,Round 2: Blitz Find People scoped to company.linkedin_url (previously-unsourced companies from the full ICP company universe)
Noneman Real Estate Company,https://www.noneman.com,https://www.linkedin.com/company/noneman-real-estate-company,Toledo,US,15,">=$1,000,000 (revenue.min filter, exact value not returned by Blitz company-search)",Staffing and Recruiting,,yes,Round 2: Blitz Find People scoped to company.linkedin_url (previously-unsourced companies from the full ICP company universe)
Noor Inc,https://www.noorinc.com,https://www.linkedin.com/company/noor-inc,New York,US,44,">=$1,000,000 (revenue.min filter, exact value not returned by Blitz company-search)",Staffing and Recruiting,,yes,Round 2: Blitz Find People scoped to company.linkedin_url (previously-unsourced companies from the full ICP company universe)
"North American Staffing Group, Inc",https://www.nasg.com,https://www.linkedin.com/company/north-american-staffing-group,Brea,US,64,">=$1,000,000 (revenue.min filter, exact value not returned by Blitz company-search)",Staffing and Recruiting,,yes,Round 2: Blitz Find People scoped to company.linkedin_url (previously-unsourced companies from the full ICP company universe)
North Andover School Of Dance,https://www.nasdg.com,https://www.linkedin.com/company/north-andover-school-of-dance,North Andover,US,10,">=$1,000,000 (revenue.min filter, exact value not returned by Blitz company-search)",Staffing and Recruiting,,yes,Round 2: Blitz Find People scoped to company.linkedin_url (previously-unsourced companies from the full ICP company universe)
North Central Camp Cherith,https://www.camp-cherith.com,https://www.linkedin.com/company/north-central-camp-cherith,Frazee,US,15,">=$1,000,000 (revenue.min filter, exact value not returned by Blitz company-search)",Human Resources Services,,yes,Round 2: Blitz Find People scoped to company.linkedin_url (previously-unsourced companies from the full ICP company universe)
CareerSource North Florida,https://www.careersourcenorthflorida.com,https://www.linkedin.com/company/north-florida-workforce,Madison,US,42,">=$1,000,000 (revenue.min filter, exact value not returned by Blitz company-search)",Human Resources Services,,yes,Round 2: Blitz Find People scoped to company.linkedin_url (previously-unsourced companies from the full ICP company universe)
North Texas Lead,https://www.northtexaslead.org,https://www.linkedin.com/company/north-tx-lead,Watauga,US,13,">=$1,000,000 (revenue.min filter, exact value not returned by Blitz company-search)",Human Resources Services,,yes,Round 2: Blitz Find People scoped to company.linkedin_url (previously-unsourced companies from the full ICP company universe)
Northeast Sports Training Inc,https://www.northeastsportstraining.com,https://www.linkedin.com/company/northeast-sports-training-inc,Warwick,US,12,">=$1,000,000 (revenue.min filter, exact value not returned by Blitz company-search)",Staffing and Recruiting,,yes,Round 2: Blitz Find People scoped to company.linkedin_url (previously-unsourced companies from the full ICP company universe)
Northern Staffing Services,https://www.northernstaffingservices.com,https://www.linkedin.com/company/northernstaffingservices,Cadillac,US,37,">=$1,000,000 (revenue.min filter, exact value not returned by Blitz company-search)",Staffing and Recruiting,,yes,Round 2: Blitz Find People scoped to company.linkedin_url (previously-unsourced companies from the full ICP company universe)
"Northwest Tennessee Human Resource Agency, Inc",https://nwtdd.org,https://www.linkedin.com/company/northwest-tennessee-human-resource-agency-inc.,Martin,US,12,">=$1,000,000 (revenue.min filter, exact value not returned by Blitz company-search)",Staffing and Recruiting,,yes,Round 2: Blitz Find People scoped to company.linkedin_url (previously-unsourced companies from the full ICP company universe)
Northwest Workforce Council,https://www.nwboard.org,https://www.linkedin.com/company/northwestworkforcecouncil,Bellingham,US,41,">=$1,000,000 (revenue.min filter, exact value not returned by Blitz company-search)",Human Resources Services,,yes,Round 2: Blitz Find People scoped to company.linkedin_url (previously-unsourced companies from the full ICP company universe)
Nurses First Solutions,https://nursesfirstsolutions.com,https://www.linkedin.com/company/nurses-first-staffing-llc,Orlando,US,34,">=$1,000,000 (revenue.min filter, exact value not returned by Blitz company-search)",Staffing and Recruiting,,yes,Round 2: Blitz Find People scoped to company.linkedin_url (previously-unsourced companies from the full ICP company universe)
Nurses On Call,https://www.nursesoncallinc.com,https://www.linkedin.com/company/nurses-on-call,Pensacola,US,127,">=$1,000,000 (revenue.min filter, exact value not returned by Blitz company-search)",Staffing and Recruiting,,yes,Round 2: Blitz Find People scoped to company.linkedin_url (previously-unsourced companies from the full ICP company universe)
"Nursing Care Services, Inc",https://www.nursingcareservices.com,https://www.linkedin.com/company/nursing-care-services-inc,Lansdale,US,1766,">=$1,000,000 (revenue.min filter, exact value not returned by Blitz company-search)",Staffing and Recruiting,,yes,Round 2: Blitz Find People scoped to company.linkedin_url (previously-unsourced companies from the full ICP company universe)
Nyc Healthcare Staffing,https://www.nychealthcarestaffing.com,https://www.linkedin.com/company/nyc-healthcare-staffing,New York,US,23,">=$1,000,000 (revenue.min filter, exact value not returned by Blitz company-search)",Staffing and Recruiting,,yes,Round 2: Blitz Find People scoped to company.linkedin_url (previously-unsourced companies from the full ICP company universe)
Oakwood Search,https://oakwoodsearch.com,https://www.linkedin.com/company/oakwood-search-consultants,Denver,US,13,">=$1,000,000 (revenue.min filter, exact value not returned by Blitz company-search)",Staffing and Recruiting,,yes,Round 2: Blitz Find People scoped to company.linkedin_url (previously-unsourced companies from the full ICP company universe)
Obsidian Hr,https://www.obsidianhr.com,https://www.linkedin.com/company/obsidianhr,Denver,US,18,">=$1,000,000 (revenue.min filter, exact value not returned by Blitz company-search)",Human Resources Services,,yes,Round 2: Blitz Find People scoped to company.linkedin_url (previously-unsourced companies from the full ICP company universe)
Oceana County Medical Care Facility,https://oceanamcf.org,https://www.linkedin.com/company/oceana-county-medical-care-facility,Hart,US,51,">=$1,000,000 (revenue.min filter, exact value not returned by Blitz company-search)",Staffing and Recruiting,,yes,Round 2: Blitz Find People scoped to company.linkedin_url (previously-unsourced companies from the full ICP company universe)
"Odesus, Inc.",https://www.odesus.com,https://www.linkedin.com/company/odesus,Los Angeles,US,21,">=$1,000,000 (revenue.min filter, exact value not returned by Blitz company-search)",Staffing and Recruiting,,yes,Round 2: Blitz Find People scoped to company.linkedin_url (previously-unsourced companies from the full ICP company universe)
Odle Management Group Llc,https://odlemanagement.com,https://www.linkedin.com/company/odle-management-group-llc,Scottsdale,US,55,">=$1,000,000 (revenue.min filter, exact value not returned by Blitz company-search)",Staffing and Recruiting,,yes,Round 2: Blitz Find People scoped to company.linkedin_url (previously-unsourced companies from the full ICP company universe)
Odyssey Aps Group,https://apslasvegas.net,https://www.linkedin.com/company/odyssey-aps-group,Las Vegas,US,38,">=$1,000,000 (revenue.min filter, exact value not returned by Blitz company-search)",Staffing and Recruiting,,yes,Round 2: Blitz Find People scoped to company.linkedin_url (previously-unsourced companies from the full ICP company universe)
Office People Personalmanagement Gmbh,https://www.office-people.de,https://www.linkedin.com/company/office-people-personalmanagement-gmbh,Lippstadt Lippstadt,DE,10,">=$1,000,000 (revenue.min filter, exact value not returned by Blitz company-search)",Staffing and Recruiting,,yes,Round 2: Blitz Find People scoped to company.linkedin_url (previously-unsourced companies from the full ICP company universe)
Ohio Laborers Benefits,https://www.ohiolaborers.com,https://www.linkedin.com/company/ohiolaborersbenefits,Westerville,US,32,">=$1,000,000 (revenue.min filter, exact value not returned by Blitz company-search)",Human Resources Services,,yes,Round 2: Blitz Find People scoped to company.linkedin_url (previously-unsourced companies from the full ICP company universe)
Oil Consultants Inc,https://www.oc99.com,https://www.linkedin.com/company/oil-consultants-inc,Houston,US,48,">=$1,000,000 (revenue.min filter, exact value not returned by Blitz company-search)",Staffing and Recruiting,,yes,Round 2: Blitz Find People scoped to company.linkedin_url (previously-unsourced companies from the full ICP company universe)
Olio Restaurant,https://www.oliorestaurant.co.uk,https://www.linkedin.com/company/olio-restaurant,Canton,US,26,">=$1,000,000 (revenue.min filter, exact value not returned by Blitz company-search)",Human Resources Services,,yes,Round 2: Blitz Find People scoped to company.linkedin_url (previously-unsourced companies from the full ICP company universe)
Olsa Resources,https://www.olsaresources.com,https://www.linkedin.com/company/olsa-resources,Hillsboro,US,27,">=$1,000,000 (revenue.min filter, exact value not returned by Blitz company-search)",Staffing and Recruiting,,yes,Round 2: Blitz Find People scoped to company.linkedin_url (previously-unsourced companies from the full ICP company universe)
Omniview,https://www.theomniview.com,https://www.linkedin.com/company/omni-leadership,Minneapolis,US,15,">=$1,000,000 (revenue.min filter, exact value not returned by Blitz company-search)",Human Resources Services,,yes,Round 2: Blitz Find People scoped to company.linkedin_url (previously-unsourced companies from the full ICP company universe)
Omni One,https://www.omnione.com,https://www.linkedin.com/company/omni-one,Dublin,US,111,">=$1,000,000 (revenue.min filter, exact value not returned by Blitz company-search)",Staffing and Recruiting,,yes,Round 2: Blitz Find People scoped to company.linkedin_url (previously-unsourced companies from the full ICP company universe)
Omnilink Corporation,https://www.omnilinkcorp.com,https://www.linkedin.com/company/omnilink-corporation,Dallas,US,10,">=$1,000,000 (revenue.min filter, exact value not returned by Blitz company-search)",Staffing and Recruiting,,yes,Round 2: Blitz Find People scoped to company.linkedin_url (previously-unsourced companies from the full ICP company universe)
On Time Talent Solutions,https://www.ontimetalent.com,https://www.linkedin.com/company/on-time-talent-solutions,Minneapolis,US,30,">=$1,000,000 (revenue.min filter, exact value not returned by Blitz company-search)",Staffing and Recruiting,,yes,Round 2: Blitz Find People scoped to company.linkedin_url (previously-unsourced companies from the full ICP company universe)
On Demand Staffing,https://www.ondemandstaffing.com/home.html,https://www.linkedin.com/company/ondemandstaffing,Dallas,US,47,">=$1,000,000 (revenue.min filter, exact value not returned by Blitz company-search)",Staffing and Recruiting,,yes,Round 2: Blitz Find People scoped to company.linkedin_url (previously-unsourced companies from the full ICP company universe)
One Source Staffing Solutions,https://onesourcehrsolutions.com,https://www.linkedin.com/company/one-source-staffing-solutions,Wescosville,US,27,">=$1,000,000 (revenue.min filter, exact value not returned by Blitz company-search)",Staffing and Recruiting,,yes,Round 2: Blitz Find People scoped to company.linkedin_url (previously-unsourced companies from the full ICP company universe)
"O\'neill Consulting, An Acertitude Company",https://oneillconsulting.com,https://www.linkedin.com/company/oneillconsulting,New York,US,31,">=$1,000,000 (revenue.min filter, exact value not returned by Blitz company-search)",Staffing and Recruiting,,yes,Round 2: Blitz Find People scoped to company.linkedin_url (previously-unsourced companies from the full ICP company universe)
Onesource Staffing Solutions,https://www.onesourcestaffing.com,https://www.linkedin.com/company/onesource-staffing-solution,Wilkes-barre,US,46,">=$1,000,000 (revenue.min filter, exact value not returned by Blitz company-search)",Staffing and Recruiting,,yes,Round 2: Blitz Find People scoped to company.linkedin_url (previously-unsourced companies from the full ICP company universe)
"Onondaga Employee Leasing Services, Inc",https://www.oelspeo.com,https://www.linkedin.com/company/onondaga-employee-leasing-services-inc.,New York,US,15,">=$1,000,000 (revenue.min filter, exact value not returned by Blitz company-search)",Human Resources Services,,yes,Round 2: Blitz Find People scoped to company.linkedin_url (previously-unsourced companies from the full ICP company universe)
Onpoint Staffing,https://www.onpointstaffing.net,https://www.linkedin.com/company/onpoint-staffing,Baltimore,US,15,">=$1,000,000 (revenue.min filter, exact value not returned by Blitz company-search)",Staffing and Recruiting,,yes,Round 2: Blitz Find People scoped to company.linkedin_url (previously-unsourced companies from the full ICP company universe)
Onward Play,https://www.onwardplay.com,https://www.linkedin.com/company/onward-play,Los Angeles,US,25,">=$1,000,000 (revenue.min filter, exact value not returned by Blitz company-search)",Staffing and Recruiting,,yes,Round 2: Blitz Find People scoped to company.linkedin_url (previously-unsourced companies from the full ICP company universe)
"Openbox Solutions, Inc",https://www.openboxsolutions.com,https://www.linkedin.com/company/openbox-solutions-inc,Ann Arbor,US,40,">=$1,000,000 (revenue.min filter, exact value not returned by Blitz company-search)",Staffing and Recruiting,,yes,Round 2: Blitz Find People scoped to company.linkedin_url (previously-unsourced companies from the full ICP company universe)
Opportunities For Broome,https://www.ofbonline.org,https://www.linkedin.com/company/opportunities-for-broome,Binghamton,US,18,">=$1,000,000 (revenue.min filter, exact value not returned by Blitz company-search)",Human Resources Services,,yes,Round 2: Blitz Find People scoped to company.linkedin_url (previously-unsourced companies from the full ICP company universe)
Optimum Permanent Placement Services,https://optimumperm.com,https://www.linkedin.com/company/optimumperm,Windham,US,10,">=$1,000,000 (revenue.min filter, exact value not returned by Blitz company-search)",Staffing and Recruiting,,yes,Round 2: Blitz Find People scoped to company.linkedin_url (previously-unsourced companies from the full ICP company universe)
Optimus Group Inc,https://www.optimusgi.com,https://www.linkedin.com/company/optimusgi,Anaheim,US,22,">=$1,000,000 (revenue.min filter, exact value not returned by Blitz company-search)",Staffing and Recruiting,,yes,Round 2: Blitz Find People scoped to company.linkedin_url (previously-unsourced companies from the full ICP company universe)
Orchestratehr,https://www.orchestratehr.com,https://www.linkedin.com/company/orchestrate-hr,Dallas,US,204,">=$1,000,000 (revenue.min filter, exact value not returned by Blitz company-search)",Human Resources Services,,yes,Round 2: Blitz Find People scoped to company.linkedin_url (previously-unsourced companies from the full ICP company universe)
Oregon Trail Electric Co-Op,https://www.oregonwild.org/explore-oregon,https://www.linkedin.com/company/oregon-trail-electric-co-op,Portland,US,14,">=$1,000,000 (revenue.min filter, exact value not returned by Blitz company-search)",Staffing and Recruiting,,yes,Round 2: Blitz Find People scoped to company.linkedin_url (previously-unsourced companies from the full ICP company universe)
Osg Global,https://www.osgglobal.com,https://www.linkedin.com/company/osg-global,Oak Brook,US,27,">=$1,000,000 (revenue.min filter, exact value not returned by Blitz company-search)",Staffing and Recruiting,,yes,Round 2: Blitz Find People scoped to company.linkedin_url (previously-unsourced companies from the full ICP company universe)
Osi Staffing,https://www.osistaff.net,https://www.linkedin.com/company/osi-staffing,Downey,US,65,">=$1,000,000 (revenue.min filter, exact value not returned by Blitz company-search)",Staffing and Recruiting,,yes,Round 2: Blitz Find People scoped to company.linkedin_url (previously-unsourced companies from the full ICP company universe)
Oth Recruiting,https://othrecruiting.com,https://www.linkedin.com/company/oth-recruiting,Fairfield,US,14,">=$1,000,000 (revenue.min filter, exact value not returned by Blitz company-search)",Staffing and Recruiting,,yes,Round 2: Blitz Find People scoped to company.linkedin_url (previously-unsourced companies from the full ICP company universe)
OtterBase,https://otterbase.com,https://www.linkedin.com/company/otterbase,,US,119,">=$1,000,000 (revenue.min filter, exact value not returned by Blitz company-search)",Staffing and Recruiting,,yes,Round 2: Blitz Find People scoped to company.linkedin_url (previously-unsourced companies from the full ICP company universe)
Pa Careerlink Lehigh Valley,https://www.careerlinklehighvalley.org,https://www.linkedin.com/company/pa-careerlink-lehigh-valley,Allentown,US,38,">=$1,000,000 (revenue.min filter, exact value not returned by Blitz company-search)",Human Resources Services,,yes,Round 2: Blitz Find People scoped to company.linkedin_url (previously-unsourced companies from the full ICP company universe)
Pacific Coast Staffing,https://www.pacificcoastjobs.com,https://www.linkedin.com/company/pacific-coast-staffing,,US,37,">=$1,000,000 (revenue.min filter, exact value not returned by Blitz company-search)",Staffing and Recruiting,,yes,Round 2: Blitz Find People scoped to company.linkedin_url (previously-unsourced companies from the full ICP company universe)
Pacific Staffing,https://www.pacificstaffing.com,https://www.linkedin.com/company/pacific-staffing,Sacramento,US,56,">=$1,000,000 (revenue.min filter, exact value not returned by Blitz company-search)",Staffing and Recruiting,,yes,Round 2: Blitz Find People scoped to company.linkedin_url (previously-unsourced companies from the full ICP company universe)
"Pancoast Staffing Services, Inc",https://www.pancoast.com,https://www.linkedin.com/company/pancoast-staffing-services-inc-,Pittsburgh,US,27,">=$1,000,000 (revenue.min filter, exact value not returned by Blitz company-search)",Staffing and Recruiting,,yes,Round 2: Blitz Find People scoped to company.linkedin_url (previously-unsourced companies from the full ICP company universe)
"Paramount Solutions & Global Services, Inc",https://www.psinc3.com,https://www.linkedin.com/company/paramount-solutions-inc,Lake Mary,US,18,">=$1,000,000 (revenue.min filter, exact value not returned by Blitz company-search)",Staffing and Recruiting,,yes,Round 2: Blitz Find People scoped to company.linkedin_url (previously-unsourced companies from the full ICP company universe)
Paramount Staffing Group,https://www.paramountstaffinggroup.com,https://www.linkedin.com/company/paramount-staffing-group,Yorktown Heights,US,45,">=$1,000,000 (revenue.min filter, exact value not returned by Blitz company-search)",Staffing and Recruiting,,yes,Round 2: Blitz Find People scoped to company.linkedin_url (previously-unsourced companies from the full ICP company universe)
Parker Cromwell & Associates,https://www.parkercromwell.com,https://www.linkedin.com/company/parker-cromwell-&-associates,Countryside,US,20,">=$1,000,000 (revenue.min filter, exact value not returned by Blitz company-search)",Staffing and Recruiting,,yes,Round 2: Blitz Find People scoped to company.linkedin_url (previously-unsourced companies from the full ICP company universe)
Parkwest Staffing Services,https://www.parkwestjobs.com,https://www.linkedin.com/company/parkwest-staffing-services,Houston,US,23,">=$1,000,000 (revenue.min filter, exact value not returned by Blitz company-search)",Staffing and Recruiting,,yes,Round 2: Blitz Find People scoped to company.linkedin_url (previously-unsourced companies from the full ICP company universe)
PARSETEK INC,https://parsetek.com,https://www.linkedin.com/company/parsetek-inc,Chantilly,US,18,">=$1,000,000 (revenue.min filter, exact value not returned by Blitz company-search)",Staffing and Recruiting,,yes,Round 2: Blitz Find People scoped to company.linkedin_url (previously-unsourced companies from the full ICP company universe)
The Partners Alliance,https://www.partnersalliance.com,https://www.linkedin.com/company/partners-alliance,Cranberry Twp,US,23,">=$1,000,000 (revenue.min filter, exact value not returned by Blitz company-search)",Staffing and Recruiting,,yes,Round 2: Blitz Find People scoped to company.linkedin_url (previously-unsourced companies from the full ICP company universe)
"Partnership Staffing Solutions, Llc",https://www.partnershipstaffing.net/#!employers/c1r7n,https://www.linkedin.com/company/partnership-staffing-solutions-llc,Canyon Country,US,35,">=$1,000,000 (revenue.min filter, exact value not returned by Blitz company-search)",Staffing and Recruiting,,yes,Round 2: Blitz Find People scoped to company.linkedin_url (previously-unsourced companies from the full ICP company universe)
Patino Associates,https://www.patinoassociates.com,https://www.linkedin.com/company/patino-associates,Washington,US,10,">=$1,000,000 (revenue.min filter, exact value not returned by Blitz company-search)",Staffing and Recruiting,,yes,Round 2: Blitz Find People scoped to company.linkedin_url (previously-unsourced companies from the full ICP company universe)
Patriot Home Care Inc,https://www.patriothc.org,https://www.linkedin.com/company/patriot-home-care-inc,Girard,US,77,">=$1,000,000 (revenue.min filter, exact value not returned by Blitz company-search)",Human Resources Services,,yes,Round 2: Blitz Find People scoped to company.linkedin_url (previously-unsourced companies from the full ICP company universe)
Patriot Technical Consulting,https://www.patriottechnical.com,https://www.linkedin.com/company/patriot-technical-consulting,Nashua,US,28,">=$1,000,000 (revenue.min filter, exact value not returned by Blitz company-search)",Staffing and Recruiting,,yes,Round 2: Blitz Find People scoped to company.linkedin_url (previously-unsourced companies from the full ICP company universe)
Pay Plus Benefits Inc,https://www.payplusbenefits.com,https://www.linkedin.com/company/pay-plus-benefits,Kennewick,US,19,">=$1,000,000 (revenue.min filter, exact value not returned by Blitz company-search)",Human Resources Services,,yes,Round 2: Blitz Find People scoped to company.linkedin_url (previously-unsourced companies from the full ICP company universe)
"Paycheck Connection, Llc",https://www.paycheckconnection.com,https://www.linkedin.com/company/paycheck-connection-llc,Coeur D\'alene,US,17,">=$1,000,000 (revenue.min filter, exact value not returned by Blitz company-search)",Human Resources Services,,yes,Round 2: Blitz Find People scoped to company.linkedin_url (previously-unsourced companies from the full ICP company universe)
Paychex Agency Inc,https://locations.paychex.com,https://www.linkedin.com/company/paychex-agency-inc-unitedstates,Bennington,US,118,">=$1,000,000 (revenue.min filter, exact value not returned by Blitz company-search)",Human Resources Services,,yes,Round 2: Blitz Find People scoped to company.linkedin_url (previously-unsourced companies from the full ICP company universe)
Paychex,https://www.paychex.com,https://www.linkedin.com/company/paychex-corporate,St Petersburg,US,41,">=$1,000,000 (revenue.min filter, exact value not returned by Blitz company-search)",Human Resources Services,,yes,Round 2: Blitz Find People scoped to company.linkedin_url (previously-unsourced companies from the full ICP company universe)
"Paydayz Staffing Solutions, Inc",https://paydayzstaffing.com,https://www.linkedin.com/company/paydayz-staffing-solutions-inc,Olathe,US,63,">=$1,000,000 (revenue.min filter, exact value not returned by Blitz company-search)",Staffing and Recruiting,,yes,Round 2: Blitz Find People scoped to company.linkedin_url (previously-unsourced companies from the full ICP company universe)
Paylogics,https://www.paylogics.com,https://www.linkedin.com/company/paylogics,Orem,US,23,">=$1,000,000 (revenue.min filter, exact value not returned by Blitz company-search)",Human Resources Services,,yes,Round 2: Blitz Find People scoped to company.linkedin_url (previously-unsourced companies from the full ICP company universe)
Payne-Pulliam School Of Trade And Commerce Inc,https://paynepulliamschool.org,https://www.linkedin.com/company/payne-pulliam-school-of-trade-and-commerce-inc,Detroit,US,26,">=$1,000,000 (revenue.min filter, exact value not returned by Blitz company-search)",Human Resources Services,,yes,Round 2: Blitz Find People scoped to company.linkedin_url (previously-unsourced companies from the full ICP company universe)
"Payroll Dynamics, Inc",https://www.payrolldynamics.com,https://www.linkedin.com/company/payroll-dynamics-inc,Hauppauge,US,11,">=$1,000,000 (revenue.min filter, exact value not returned by Blitz company-search)",Human Resources Services,,yes,Round 2: Blitz Find People scoped to company.linkedin_url (previously-unsourced companies from the full ICP company universe)
Payroll Management Inc Pmi,https://www.pmipeo.com,https://www.linkedin.com/company/payroll-management-inc-pmi-,Fort Walton Beach,US,33,">=$1,000,000 (revenue.min filter, exact value not returned by Blitz company-search)",Human Resources Services,,yes,Round 2: Blitz Find People scoped to company.linkedin_url (previously-unsourced companies from the full ICP company universe)
"Payroll Systems, Llc",https://payroll-us.com,https://www.linkedin.com/company/payroll-systems-llc-,Walnut Creek,US,14,">=$1,000,000 (revenue.min filter, exact value not returned by Blitz company-search)",Human Resources Services,,yes,Round 2: Blitz Find People scoped to company.linkedin_url (previously-unsourced companies from the full ICP company universe)
"Pdq Temporaries, Inc",https://www.linkedin.com/company/pdq-staffing,https://www.linkedin.com/company/pdq-temporaries-inc.,Mansfield,US,152,">=$1,000,000 (revenue.min filter, exact value not returned by Blitz company-search)",Staffing and Recruiting,,yes,Round 2: Blitz Find People scoped to company.linkedin_url (previously-unsourced companies from the full ICP company universe)
Pds Services,https://www.pdsstaffing.com,https://www.linkedin.com/company/pds-services,Livonia,US,29,">=$1,000,000 (revenue.min filter, exact value not returned by Blitz company-search)",Staffing and Recruiting,,yes,Round 2: Blitz Find People scoped to company.linkedin_url (previously-unsourced companies from the full ICP company universe)
"Pe Consulting Associates, Inc",https://www.peca1.com,https://www.linkedin.com/company/pe-consulting-associates-inc,Grass Valley,US,12,">=$1,000,000 (revenue.min filter, exact value not returned by Blitz company-search)",Staffing and Recruiting,,yes,Round 2: Blitz Find People scoped to company.linkedin_url (previously-unsourced companies from the full ICP company universe)
"Peak Performers, Inc",https://peakdental.com,https://www.linkedin.com/company/peak-performers-inc,Wixom,US,27,">=$1,000,000 (revenue.min filter, exact value not returned by Blitz company-search)",Staffing and Recruiting,,yes,Round 2: Blitz Find People scoped to company.linkedin_url (previously-unsourced companies from the full ICP company universe)
People Etc,https://www.peopleetc.net,https://www.linkedin.com/company/people-etc.,,US,15,">=$1,000,000 (revenue.min filter, exact value not returned by Blitz company-search)",Human Resources Services,,yes,Round 2: Blitz Find People scoped to company.linkedin_url (previously-unsourced companies from the full ICP company universe)
Peoplease,https://www.peoplease.com,https://www.linkedin.com/company/peoplease-corporation,Mt. Pleasant,US,124,">=$1,000,000 (revenue.min filter, exact value not returned by Blitz company-search)",Human Resources Services,,yes,Round 2: Blitz Find People scoped to company.linkedin_url (previously-unsourced companies from the full ICP company universe)
"Peoples Choice Staffing, Inc",https://www.peopleschoicestaffing.com,https://www.linkedin.com/company/peoples-choice-staffing-inc.,Corona,US,15,">=$1,000,000 (revenue.min filter, exact value not returned by Blitz company-search)",Staffing and Recruiting,,yes,Round 2: Blitz Find People scoped to company.linkedin_url (previously-unsourced companies from the full ICP company universe)
"Peopleware Staffing, Inc",https://www.peoplewarestaffing.com,https://www.linkedin.com/company/peopleware-staffing-inc.,El Segundo,US,36,">=$1,000,000 (revenue.min filter, exact value not returned by Blitz company-search)",Staffing and Recruiting,,yes,Round 2: Blitz Find People scoped to company.linkedin_url (previously-unsourced companies from the full ICP company universe)
Personnel Evaluation Inc,https://www.peiasap.com,https://www.linkedin.com/company/personnel-evaluation-inc,Milwaukee,US,15,">=$1,000,000 (revenue.min filter, exact value not returned by Blitz company-search)",Staffing and Recruiting,,yes,Round 2: Blitz Find People scoped to company.linkedin_url (previously-unsourced companies from the full ICP company universe)
Personnel One,https://www.personnelone.com,https://www.linkedin.com/company/personnel-one,Atlanta,US,56,">=$1,000,000 (revenue.min filter, exact value not returned by Blitz company-search)",Staffing and Recruiting,,yes,Round 2: Blitz Find People scoped to company.linkedin_url (previously-unsourced companies from the full ICP company universe)
Personnel Outsource Solutions,https://www.personneloutsource.com,https://www.linkedin.com/company/personnel-outsource-solutions,Kinston,US,39,">=$1,000,000 (revenue.min filter, exact value not returned by Blitz company-search)",Staffing and Recruiting,,yes,Round 2: Blitz Find People scoped to company.linkedin_url (previously-unsourced companies from the full ICP company universe)
"Prt Staffing, Personnel Response Team - Auburndale",https://www.prtstaffing.com,https://www.linkedin.com/company/personnel-response-team-prt-staffing,Auburndale,US,37,">=$1,000,000 (revenue.min filter, exact value not returned by Blitz company-search)",Staffing and Recruiting,,yes,Round 2: Blitz Find People scoped to company.linkedin_url (previously-unsourced companies from the full ICP company universe)
"Personnel Plus, Inc.",https://personnelplusinc.com,https://www.linkedin.com/company/personnelplusinc,Boise,US,65,">=$1,000,000 (revenue.min filter, exact value not returned by Blitz company-search)",Staffing and Recruiting,,yes,Round 2: Blitz Find People scoped to company.linkedin_url (previously-unsourced companies from the full ICP company universe)
"Professional Employment Solutions, Inc",https://www.pesinc.com,https://www.linkedin.com/company/pes,Scottsdale,US,268,">=$1,000,000 (revenue.min filter, exact value not returned by Blitz company-search)",Staffing and Recruiting,,yes,Round 2: Blitz Find People scoped to company.linkedin_url (previously-unsourced companies from the full ICP company universe)
"Pgs Worldwide, Llc",https://pgsworldwide.com,https://www.linkedin.com/company/pgsworldwidellc,Lees Summit,US,43,">=$1,000,000 (revenue.min filter, exact value not returned by Blitz company-search)",Staffing and Recruiting,,yes,Round 2: Blitz Find People scoped to company.linkedin_url (previously-unsourced companies from the full ICP company universe)
Philly Temps & Perm,https://www.phillytemps.com,https://www.linkedin.com/company/philly-temps-&-perm,Philadelphia,US,50,">=$1,000,000 (revenue.min filter, exact value not returned by Blitz company-search)",Staffing and Recruiting,,yes,Round 2: Blitz Find People scoped to company.linkedin_url (previously-unsourced companies from the full ICP company universe)
"Phoenix Services, Inc",https://www.phoenixsvs.com,https://www.linkedin.com/company/phoenix-services-inc,Sylvania,US,16,">=$1,000,000 (revenue.min filter, exact value not returned by Blitz company-search)",Human Resources Services,,yes,Round 2: Blitz Find People scoped to company.linkedin_url (previously-unsourced companies from the full ICP company universe)
Phoenixx Systems,https://www.psystems.us,https://www.linkedin.com/company/phoenixxsystems,Mckinney,US,15,">=$1,000,000 (revenue.min filter, exact value not returned by Blitz company-search)",Staffing and Recruiting,,yes,Round 2: Blitz Find People scoped to company.linkedin_url (previously-unsourced companies from the full ICP company universe)
"Physician Resources, Inc",https://physicianresources.com,https://www.linkedin.com/company/physician-resources-inc.,Houston,US,18,">=$1,000,000 (revenue.min filter, exact value not returned by Blitz company-search)",Staffing and Recruiting,,yes,Round 2: Blitz Find People scoped to company.linkedin_url (previously-unsourced companies from the full ICP company universe)
PierceGray,https://www.piercegray.com,https://www.linkedin.com/company/piercegray,Chicago,US,46,">=$1,000,000 (revenue.min filter, exact value not returned by Blitz company-search)",Executive Search Services,,yes,Round 2: Blitz Find People scoped to company.linkedin_url (previously-unsourced companies from the full ICP company universe)
Pinpoint Personnel,https://www.pinpointpersonnel.com,https://www.linkedin.com/company/pinpoint-personnel,Tulsa,US,38,">=$1,000,000 (revenue.min filter, exact value not returned by Blitz company-search)",Staffing and Recruiting,,yes,Round 2: Blitz Find People scoped to company.linkedin_url (previously-unsourced companies from the full ICP company universe)
PINPOINT Resource Group,https://www.pinpointrg.com,https://www.linkedin.com/company/pinpoint-resource-group,Raleigh,US,23,">=$1,000,000 (revenue.min filter, exact value not returned by Blitz company-search)",Staffing and Recruiting,,yes,Round 2: Blitz Find People scoped to company.linkedin_url (previously-unsourced companies from the full ICP company universe)
Planetechs Llc,https://gowithlaunch.com,https://www.linkedin.com/company/planetechs-llc,Oak Brook,US,150,">=$1,000,000 (revenue.min filter, exact value not returned by Blitz company-search)",Staffing and Recruiting,,yes,Round 2: Blitz Find People scoped to company.linkedin_url (previously-unsourced companies from the full ICP company universe)
Plant Professionals,https://www.plantprofessionals.co,https://www.linkedin.com/company/plant-professionals-llc,Atlanta,US,15,">=$1,000,000 (revenue.min filter, exact value not returned by Blitz company-search)",Staffing and Recruiting,,yes,Round 2: Blitz Find People scoped to company.linkedin_url (previously-unsourced companies from the full ICP company universe)
Platinum Recruiting,https://platinumrecruitingusa.com,https://www.linkedin.com/company/platinum-recruiting,Cleveland,US,20,">=$1,000,000 (revenue.min filter, exact value not returned by Blitz company-search)",Staffing and Recruiting,,yes,Round 2: Blitz Find People scoped to company.linkedin_url (previously-unsourced companies from the full ICP company universe)
Platinum Select Healthcare Staffing,https://www.platinumselect.org,https://www.linkedin.com/company/platinum-select-healthcare-staffing,Dallas,US,54,">=$1,000,000 (revenue.min filter, exact value not returned by Blitz company-search)",Staffing and Recruiting,,yes,Round 2: Blitz Find People scoped to company.linkedin_url (previously-unsourced companies from the full ICP company universe)
Platinum Staffing,https://www.platinumstaffing.net,https://www.linkedin.com/company/platinumstaffingllc,Brooklyn Park,US,42,">=$1,000,000 (revenue.min filter, exact value not returned by Blitz company-search)",Staffing and Recruiting,,yes,Round 2: Blitz Find People scoped to company.linkedin_url (previously-unsourced companies from the full ICP company universe)
"Plexsum Staffing Solutions, Inc",https://www.plexsum.com,https://www.linkedin.com/company/plexsum-staffing-solutions-inc,State College,US,36,">=$1,000,000 (revenue.min filter, exact value not returned by Blitz company-search)",Staffing and Recruiting,,yes,Round 2: Blitz Find People scoped to company.linkedin_url (previously-unsourced companies from the full ICP company universe)
Point Staffing Services,https://www.pointstaffing.com,https://www.linkedin.com/company/point-staffing-services,East Windsor,US,18,">=$1,000,000 (revenue.min filter, exact value not returned by Blitz company-search)",Staffing and Recruiting,,yes,Round 2: Blitz Find People scoped to company.linkedin_url (previously-unsourced companies from the full ICP company universe)
Port Jobs,https://portjobs.org,https://www.linkedin.com/company/portjobs,Sea-tac,US,19,">=$1,000,000 (revenue.min filter, exact value not returned by Blitz company-search)",Staffing and Recruiting,,yes,Round 2: Blitz Find People scoped to company.linkedin_url (previously-unsourced companies from the full ICP company universe)
"Potomac Management Solutions, LLC",https://www.potomacmanagementsolutions.com,https://www.linkedin.com/company/potomac-management-solutions-llc,Woodbridge,US,17,">=$1,000,000 (revenue.min filter, exact value not returned by Blitz company-search)",Human Resources Services,,yes,Round 2: Blitz Find People scoped to company.linkedin_url (previously-unsourced companies from the full ICP company universe)
Pps Professional Personnel Services,https://www.ppsinfo.com,https://www.linkedin.com/company/pps-information-systems-staffing,Towson,US,56,">=$1,000,000 (revenue.min filter, exact value not returned by Blitz company-search)",Staffing and Recruiting,,yes,Round 2: Blitz Find People scoped to company.linkedin_url (previously-unsourced companies from the full ICP company universe)
Pqndt Inc,https://www.pqndt.com,https://www.linkedin.com/company/pqndt,Mashpee,US,10,">=$1,000,000 (revenue.min filter, exact value not returned by Blitz company-search)",Staffing and Recruiting,,yes,Round 2: Blitz Find People scoped to company.linkedin_url (previously-unsourced companies from the full ICP company universe)
"Precision Staffing, Inc",https://www.precisionstaffing.net,https://www.linkedin.com/company/precision-staffing-inc-,Lexington,US,20,">=$1,000,000 (revenue.min filter, exact value not returned by Blitz company-search)",Staffing and Recruiting,,yes,Round 2: Blitz Find People scoped to company.linkedin_url (previously-unsourced companies from the full ICP company universe)
Premier Executive Recruiting,https://www.premierexecutiverecruiting.com,https://www.linkedin.com/company/premier-executive-recruiting,Sherman Oaks,US,11,">=$1,000,000 (revenue.min filter, exact value not returned by Blitz company-search)",Staffing and Recruiting,,yes,Round 2: Blitz Find People scoped to company.linkedin_url (previously-unsourced companies from the full ICP company universe)
Premier Staff Services,https://premierstaffservices.net,https://www.linkedin.com/company/premier-staff-services,Southfield,US,28,">=$1,000,000 (revenue.min filter, exact value not returned by Blitz company-search)",Staffing and Recruiting,,yes,Round 2: Blitz Find People scoped to company.linkedin_url (previously-unsourced companies from the full ICP company universe)
"Premier Staffing, Inc",https://premierstaffinginc.org,https://www.linkedin.com/company/premier-staffing-inc,Mebane,US,12,">=$1,000,000 (revenue.min filter, exact value not returned by Blitz company-search)",Staffing and Recruiting,,yes,Round 2: Blitz Find People scoped to company.linkedin_url (previously-unsourced companies from the full ICP company universe)
Premier-Staffing,https://www.premier-staffing.com,https://www.linkedin.com/company/premier-staffing-llc,Arlington,US,86,">=$1,000,000 (revenue.min filter, exact value not returned by Blitz company-search)",Staffing and Recruiting,,yes,Round 2: Blitz Find People scoped to company.linkedin_url (previously-unsourced companies from the full ICP company universe)
"Premier Staffing Source, Inc",https://www.premierstaffingsource.com,https://www.linkedin.com/company/premier-staffing-source-inc-,Lanham,US,37,">=$1,000,000 (revenue.min filter, exact value not returned by Blitz company-search)",Staffing and Recruiting,,yes,Round 2: Blitz Find People scoped to company.linkedin_url (previously-unsourced companies from the full ICP company universe)
Premium Transport Staffing,https://www.ptstaff.com,https://www.linkedin.com/company/premiumtransportstaffing,Ontario,US,39,">=$1,000,000 (revenue.min filter, exact value not returned by Blitz company-search)",Staffing and Recruiting,,yes,Round 2: Blitz Find People scoped to company.linkedin_url (previously-unsourced companies from the full ICP company universe)
Primary Staffing Inc,https://www.primary-staffing.net,https://www.linkedin.com/company/primarystaffing,Oak Lawn,US,99,">=$1,000,000 (revenue.min filter, exact value not returned by Blitz company-search)",Staffing and Recruiting,,yes,Round 2: Blitz Find People scoped to company.linkedin_url (previously-unsourced companies from the full ICP company universe)
Prime HealthCare Staffing,https://www.primehcs.com,https://www.linkedin.com/company/prime-healthcare-staffing,Plymouth,US,63,">=$1,000,000 (revenue.min filter, exact value not returned by Blitz company-search)",Staffing and Recruiting,,yes,Round 2: Blitz Find People scoped to company.linkedin_url (previously-unsourced companies from the full ICP company universe)
"Primehealth Staffing, Llc",https://www.primehealth.com,https://www.linkedin.com/company/primehealth-staffing-llc,Alpharetta,US,27,">=$1,000,000 (revenue.min filter, exact value not returned by Blitz company-search)",Staffing and Recruiting,,yes,Round 2: Blitz Find People scoped to company.linkedin_url (previously-unsourced companies from the full ICP company universe)
Printlink,https://www.printlink.com,https://www.linkedin.com/company/printlink,Buffalo,US,42,">=$1,000,000 (revenue.min filter, exact value not returned by Blitz company-search)",Staffing and Recruiting,,yes,Round 2: Blitz Find People scoped to company.linkedin_url (previously-unsourced companies from the full ICP company universe)
Priority One Staffing Services,https://www.p1staffing.com,https://www.linkedin.com/company/priority-one-staffing-services,Towson,US,16,">=$1,000,000 (revenue.min filter, exact value not returned by Blitz company-search)",Staffing and Recruiting,,yes,Round 2: Blitz Find People scoped to company.linkedin_url (previously-unsourced companies from the full ICP company universe)
Pro Active Staffing,https://www.pro-activestaffing.com,https://www.linkedin.com/company/pro-active-staffing,Royersford,US,11,">=$1,000,000 (revenue.min filter, exact value not returned by Blitz company-search)",Staffing and Recruiting,,yes,Round 2: Blitz Find People scoped to company.linkedin_url (previously-unsourced companies from the full ICP company universe)
Prohealth Staffing,https://www.prohealthstaffing.com,https://www.linkedin.com/company/pro-health-staffing,Houston,US,53,">=$1,000,000 (revenue.min filter, exact value not returned by Blitz company-search)",Staffing and Recruiting,,yes,Round 2: Blitz Find People scoped to company.linkedin_url (previously-unsourced companies from the full ICP company universe)
Pro Source Inc,https://www.prosourceinc.com,https://www.linkedin.com/company/pro-source-inc.,Waltham,US,37,">=$1,000,000 (revenue.min filter, exact value not returned by Blitz company-search)",Staffing and Recruiting,,yes,Round 2: Blitz Find People scoped to company.linkedin_url (previously-unsourced companies from the full ICP company universe)
"Pro-Tech Search, Inc",https://www.pro-techsearch.com,https://www.linkedin.com/company/pro-tech-search-inc-,Rochester,US,23,">=$1,000,000 (revenue.min filter, exact value not returned by Blitz company-search)",Staffing and Recruiting,,yes,Round 2: Blitz Find People scoped to company.linkedin_url (previously-unsourced companies from the full ICP company universe)
"Pro-Tech Staffing Services, Inc",https://www.protechstaffing.com,https://www.linkedin.com/company/pro-tech-staffing,Richardson,US,57,">=$1,000,000 (revenue.min filter, exact value not returned by Blitz company-search)",Staffing and Recruiting,,yes,Round 2: Blitz Find People scoped to company.linkedin_url (previously-unsourced companies from the full ICP company universe)
Pro-Tem Solutions,https://www.pro-temsolutions.com,https://www.linkedin.com/company/pro-tem-solutions,Long Beach,US,22,">=$1,000,000 (revenue.min filter, exact value not returned by Blitz company-search)",Staffing and Recruiting,,yes,Round 2: Blitz Find People scoped to company.linkedin_url (previously-unsourced companies from the full ICP company universe)
Procare Usa,https://www.procareus.com,https://www.linkedin.com/company/procare-usa,New York,US,32,">=$1,000,000 (revenue.min filter, exact value not returned by Blitz company-search)",Staffing and Recruiting,,yes,Round 2: Blitz Find People scoped to company.linkedin_url (previously-unsourced companies from the full ICP company universe)
Procel Nurses & Allied,https://www.procelnurses.com,https://www.linkedin.com/company/procel-nurses,Hermosa Beach,US,41,">=$1,000,000 (revenue.min filter, exact value not returned by Blitz company-search)",Staffing and Recruiting,,yes,Round 2: Blitz Find People scoped to company.linkedin_url (previously-unsourced companies from the full ICP company universe)
Professional Nursing Solutions,https://www.pnsnc.com,https://www.linkedin.com/company/professional-nursing-solutions-llc,Raleigh,US,24,">=$1,000,000 (revenue.min filter, exact value not returned by Blitz company-search)",Staffing and Recruiting,,yes,Round 2: Blitz Find People scoped to company.linkedin_url (previously-unsourced companies from the full ICP company universe)
Professional Recruiter Associates,https://www.profrecruiters.com,https://www.linkedin.com/company/professional-recruiter-associates,Carlsbad,US,29,">=$1,000,000 (revenue.min filter, exact value not returned by Blitz company-search)",Staffing and Recruiting,,yes,Round 2: Blitz Find People scoped to company.linkedin_url (previously-unsourced companies from the full ICP company universe)
Professional Recruiters,https://www.professionalrecruiterinc.com,https://www.linkedin.com/company/professional-recruiters,Sandy,US,61,">=$1,000,000 (revenue.min filter, exact value not returned by Blitz company-search)",Staffing and Recruiting,,yes,Round 2: Blitz Find People scoped to company.linkedin_url (previously-unsourced companies from the full ICP company universe)
Professional Recruiters Group,https://www.prgrecruiters.com,https://www.linkedin.com/company/professional-recruiters-group,Shelby Township,US,49,">=$1,000,000 (revenue.min filter, exact value not returned by Blitz company-search)",Staffing and Recruiting,,yes,Round 2: Blitz Find People scoped to company.linkedin_url (previously-unsourced companies from the full ICP company universe)
"Professional Search, Inc. Int\'l",https://www.prosearchtexas.com,https://www.linkedin.com/company/professional-search-inc.-int'l.,Amarillo,US,194,">=$1,000,000 (revenue.min filter, exact value not returned by Blitz company-search)",Staffing and Recruiting,,yes,Round 2: Blitz Find People scoped to company.linkedin_url (previously-unsourced companies from the full ICP company universe)
Professional Therapy Solutions,https://www.protherapysolutions.com,https://www.linkedin.com/company/professional-therapy-solutions,Madison Heights,US,28,">=$1,000,000 (revenue.min filter, exact value not returned by Blitz company-search)",Staffing and Recruiting,,yes,Round 2: Blitz Find People scoped to company.linkedin_url (previously-unsourced companies from the full ICP company universe)
Progressive It,https://www.progressiveit.com,https://www.linkedin.com/company/progressive-it,Dallas,US,41,">=$1,000,000 (revenue.min filter, exact value not returned by Blitz company-search)",Staffing and Recruiting,,yes,Round 2: Blitz Find People scoped to company.linkedin_url (previously-unsourced companies from the full ICP company universe)
Project One,https://www.eliassen.com,https://www.linkedin.com/company/project-one-inc-,Reading,US,118,">=$1,000,000 (revenue.min filter, exact value not returned by Blitz company-search)",Staffing and Recruiting,,yes,Round 2: Blitz Find People scoped to company.linkedin_url (previously-unsourced companies from the full ICP company universe)
ProPayHR,https://propayhr.com,https://www.linkedin.com/company/propayhr,Evanston,US,37,">=$1,000,000 (revenue.min filter, exact value not returned by Blitz company-search)",Human Resources Services,,yes,Round 2: Blitz Find People scoped to company.linkedin_url (previously-unsourced companies from the full ICP company universe)
ProRecruiters,https://www.prorecruiters.com,https://www.linkedin.com/company/prorecruiters,Tulsa,US,18,">=$1,000,000 (revenue.min filter, exact value not returned by Blitz company-search)",Staffing and Recruiting,,yes,Round 2: Blitz Find People scoped to company.linkedin_url (previously-unsourced companies from the full ICP company universe)
Prostaff Usa,https://prostaffusa.com,https://www.linkedin.com/company/prostaff-usa,Taylor,US,19,">=$1,000,000 (revenue.min filter, exact value not returned by Blitz company-search)",Staffing and Recruiting,,yes,Round 2: Blitz Find People scoped to company.linkedin_url (previously-unsourced companies from the full ICP company universe)
Prothman,https://www.prothman.com,https://www.linkedin.com/company/prothmanco,Issaquah,US,12,">=$1,000,000 (revenue.min filter, exact value not returned by Blitz company-search)",Staffing and Recruiting,,yes,Round 2: Blitz Find People scoped to company.linkedin_url (previously-unsourced companies from the full ICP company universe)
Protocol Agency,https://www.protocolagency.com,https://www.linkedin.com/company/protocolagency,Westlake Village,US,40,">=$1,000,000 (revenue.min filter, exact value not returned by Blitz company-search)",Staffing and Recruiting,,yes,Round 2: Blitz Find People scoped to company.linkedin_url (previously-unsourced companies from the full ICP company universe)
Proxy Personnel,https://www.proxypersonnel.com,https://www.linkedin.com/company/proxy-personnel,Washington,US,14,">=$1,000,000 (revenue.min filter, exact value not returned by Blitz company-search)",Staffing and Recruiting,,yes,Round 2: Blitz Find People scoped to company.linkedin_url (previously-unsourced companies from the full ICP company universe)
Public Employees Local 71,https://www.local71.com,https://www.linkedin.com/company/public-employees-local-71,Anchorage,US,11,">=$1,000,000 (revenue.min filter, exact value not returned by Blitz company-search)",Staffing and Recruiting,,yes,Round 2: Blitz Find People scoped to company.linkedin_url (previously-unsourced companies from the full ICP company universe)
Pyramid Partnership,https://pyramid-pci.com,https://www.linkedin.com/company/pyramid-partnership,Chicago,US,25,">=$1,000,000 (revenue.min filter, exact value not returned by Blitz company-search)",Human Resources Services,,yes,Round 2: Blitz Find People scoped to company.linkedin_url (previously-unsourced companies from the full ICP company universe)
"Qrc Group, Llc",https://www.qrcgroup.com,https://www.linkedin.com/company/qrc-group-inc-,Caguas,US,34,">=$1,000,000 (revenue.min filter, exact value not returned by Blitz company-search)",Staffing and Recruiting,,yes,Round 2: Blitz Find People scoped to company.linkedin_url (previously-unsourced companies from the full ICP company universe)
Quality Care Options,https://www.qcostaffing.com,https://www.linkedin.com/company/quality-care-options,Warrington,US,50,">=$1,000,000 (revenue.min filter, exact value not returned by Blitz company-search)",Staffing and Recruiting,,yes,Round 2: Blitz Find People scoped to company.linkedin_url (previously-unsourced companies from the full ICP company universe)
Quality Employment Service,https://www.qualityemploymentservice.com,https://www.linkedin.com/company/quality-employment-service,Moultrie,US,30,">=$1,000,000 (revenue.min filter, exact value not returned by Blitz company-search)",Staffing and Recruiting,,yes,Round 2: Blitz Find People scoped to company.linkedin_url (previously-unsourced companies from the full ICP company universe)
Quality Recruiting,https://www.qrservices.com,https://www.linkedin.com/company/quality-recruiting,East Rochester,US,14,">=$1,000,000 (revenue.min filter, exact value not returned by Blitz company-search)",Staffing and Recruiting,,yes,Round 2: Blitz Find People scoped to company.linkedin_url (previously-unsourced companies from the full ICP company universe)
"Quardev, Inc",https://www.quardev.com,https://www.linkedin.com/company/quardev-inc,Seattle,US,18,">=$1,000,000 (revenue.min filter, exact value not returned by Blitz company-search)",Staffing and Recruiting,,yes,Round 2: Blitz Find People scoped to company.linkedin_url (previously-unsourced companies from the full ICP company universe)
"Quest Staffing Services, Inc",https://www.quest-staffing.com,https://www.linkedin.com/company/quest-staffing-services,Oxnard,US,35,">=$1,000,000 (revenue.min filter, exact value not returned by Blitz company-search)",Staffing and Recruiting,,yes,Round 2: Blitz Find People scoped to company.linkedin_url (previously-unsourced companies from the full ICP company universe)
Quik Travel Staffing,https://www.qtstaffing.com,https://www.linkedin.com/company/quik-travel-staffing,Burbank,US,63,">=$1,000,000 (revenue.min filter, exact value not returned by Blitz company-search)",Staffing and Recruiting,,yes,Round 2: Blitz Find People scoped to company.linkedin_url (previously-unsourced companies from the full ICP company universe)
R&d Technical Services,https://www.rdtechjobs.com,https://www.linkedin.com/company/r&d-technical-services,Santa Clara,US,25,">=$1,000,000 (revenue.min filter, exact value not returned by Blitz company-search)",Staffing and Recruiting,,yes,Round 2: Blitz Find People scoped to company.linkedin_url (previously-unsourced companies from the full ICP company universe)
R & D Consulting,https://rdconsultingjobs.com,https://www.linkedin.com/company/r-&-d-consulting,New York,US,42,">=$1,000,000 (revenue.min filter, exact value not returned by Blitz company-search)",Staffing and Recruiting,,yes,Round 2: Blitz Find People scoped to company.linkedin_url (previously-unsourced companies from the full ICP company universe)
R Visions Medical Staffing,https://www.rvisions.org,https://www.linkedin.com/company/r-visions-medical-staffing,Chico,US,22,">=$1,000,000 (revenue.min filter, exact value not returned by Blitz company-search)",Staffing and Recruiting,,yes,Round 2: Blitz Find People scoped to company.linkedin_url (previously-unsourced companies from the full ICP company universe)
Rally Staffing,https://www.rallystaffing.com,https://www.linkedin.com/company/rally-staffing,Irwindale,US,41,">=$1,000,000 (revenue.min filter, exact value not returned by Blitz company-search)",Staffing and Recruiting,,yes,Round 2: Blitz Find People scoped to company.linkedin_url (previously-unsourced companies from the full ICP company universe)
Randstad Office & Administration,https://www.randstadusa.com/about/contact/office-locator/washington/bellevue/randstad-bellevue_14,https://www.linkedin.com/company/randstad-office-administration-bellevue-wa,Bellevue,US,82,">=$1,000,000 (revenue.min filter, exact value not returned by Blitz company-search)",Staffing and Recruiting,,yes,Round 2: Blitz Find People scoped to company.linkedin_url (previously-unsourced companies from the full ICP company universe)
Randstad Federal,https://randstadfederal.com,https://www.linkedin.com/company/randstadfederal,Johns Creek,US,52,">=$1,000,000 (revenue.min filter, exact value not returned by Blitz company-search)",Staffing and Recruiting,,yes,Round 2: Blitz Find People scoped to company.linkedin_url (previously-unsourced companies from the full ICP company universe)
Rauenhorst Recruiting Company,https://www.rauenhorst.com,https://www.linkedin.com/company/rauenhorst-recruiting-company,Minneapolis,US,13,">=$1,000,000 (revenue.min filter, exact value not returned by Blitz company-search)",Staffing and Recruiting,,yes,Round 2: Blitz Find People scoped to company.linkedin_url (previously-unsourced companies from the full ICP company universe)
"Rdl Energy Services, Lp",https://www.rdlenergyservices.com,https://www.linkedin.com/company/rdl-energy-services-lp,Alvin,US,26,">=$1,000,000 (revenue.min filter, exact value not returned by Blitz company-search)",Staffing and Recruiting,,yes,Round 2: Blitz Find People scoped to company.linkedin_url (previously-unsourced companies from the full ICP company universe)
"Reaching-Out Community Services, Inc",https://www.rcsprograms.org,https://www.linkedin.com/company/reaching-out-community-services,Brooklyn,US,12,">=$1,000,000 (revenue.min filter, exact value not returned by Blitz company-search)",Human Resources Services,,yes,Round 2: Blitz Find People scoped to company.linkedin_url (previously-unsourced companies from the full ICP company universe)
Realta,https://www.realtainc.com,https://www.linkedin.com/company/realta,Norcross,US,30,">=$1,000,000 (revenue.min filter, exact value not returned by Blitz company-search)",Staffing and Recruiting,,yes,Round 2: Blitz Find People scoped to company.linkedin_url (previously-unsourced companies from the full ICP company universe)
Recruiting Technology International,https://www.recruitingtechnology.com,https://www.linkedin.com/company/recruiting-technology-international,Lakewood Ranch,US,12,">=$1,000,000 (revenue.min filter, exact value not returned by Blitz company-search)",Staffing and Recruiting,,yes,Round 2: Blitz Find People scoped to company.linkedin_url (previously-unsourced companies from the full ICP company universe)
"Red Carpet Employment Agency, Inc",https://www.redcarpetemp.com,https://www.linkedin.com/company/red-carpet-employment-agency-inc-,Texarkana,US,10,">=$1,000,000 (revenue.min filter, exact value not returned by Blitz company-search)",Human Resources Services,,yes,Round 2: Blitz Find People scoped to company.linkedin_url (previously-unsourced companies from the full ICP company universe)
Reddin Assessments,https://reddinassessments.com,https://www.linkedin.com/company/reddinassessments,Latin America,US,26,">=$1,000,000 (revenue.min filter, exact value not returned by Blitz company-search)",Human Resources Services,,yes,Round 2: Blitz Find People scoped to company.linkedin_url (previously-unsourced companies from the full ICP company universe)
Redwood Global Partners Llc,https://www.redwoodgp.com,https://www.linkedin.com/company/redwood-global-partners-llc,New York,US,12,">=$1,000,000 (revenue.min filter, exact value not returned by Blitz company-search)",Staffing and Recruiting,,yes,Round 2: Blitz Find People scoped to company.linkedin_url (previously-unsourced companies from the full ICP company universe)
Redwood Healthcare Staffing,https://www.redwoodhcs.com,https://www.linkedin.com/company/redwood-healthcare-staffing,Los Angeles,US,20,">=$1,000,000 (revenue.min filter, exact value not returned by Blitz company-search)",Staffing and Recruiting,,yes,Round 2: Blitz Find People scoped to company.linkedin_url (previously-unsourced companies from the full ICP company universe)
Reliable Health Care Services,https://reliablehc.com,https://www.linkedin.com/company/reliable-health-care-services,Culver City,US,26,">=$1,000,000 (revenue.min filter, exact value not returned by Blitz company-search)",Staffing and Recruiting,,yes,Round 2: Blitz Find People scoped to company.linkedin_url (previously-unsourced companies from the full ICP company universe)
Reliable Nursing Services Inc,https://www.reliablenursingservices.com,https://www.linkedin.com/company/reliable-nursing-services-inc,Odessa,US,12,">=$1,000,000 (revenue.min filter, exact value not returned by Blitz company-search)",Staffing and Recruiting,,yes,Round 2: Blitz Find People scoped to company.linkedin_url (previously-unsourced companies from the full ICP company universe)
Reliable Temps Inc,https://www.reliabletemps.com,https://www.linkedin.com/company/reliable-temps-inc-,Agawam,US,22,">=$1,000,000 (revenue.min filter, exact value not returned by Blitz company-search)",Staffing and Recruiting,,yes,Round 2: Blitz Find People scoped to company.linkedin_url (previously-unsourced companies from the full ICP company universe)
Reliable Resources Inc,https://www.reliableresources.com,https://www.linkedin.com/company/reliableresources,Los Angeles,US,28,">=$1,000,000 (revenue.min filter, exact value not returned by Blitz company-search)",Human Resources Services,,yes,Round 2: Blitz Find People scoped to company.linkedin_url (previously-unsourced companies from the full ICP company universe)
Reliable Staffing,https://reliablestaffing.com,https://www.linkedin.com/company/reliablestaffing,San Antonio,US,173,">=$1,000,000 (revenue.min filter, exact value not returned by Blitz company-search)",Staffing and Recruiting,,yes,Round 2: Blitz Find People scoped to company.linkedin_url (previously-unsourced companies from the full ICP company universe)
Relief Nursing Services Inc,https://reliefnursingservices.com,https://www.linkedin.com/company/relief-nursing-services-inc,Collingswood,US,28,">=$1,000,000 (revenue.min filter, exact value not returned by Blitz company-search)",Staffing and Recruiting,,yes,Round 2: Blitz Find People scoped to company.linkedin_url (previously-unsourced companies from the full ICP company universe)
"Religious Coalition For Community Renewal, Inc",https://rccr.org,https://www.linkedin.com/company/religious-coalition-for-community-renewal-inc-,Charleston,US,10,">=$1,000,000 (revenue.min filter, exact value not returned by Blitz company-search)",Human Resources Services,,yes,Round 2: Blitz Find People scoped to company.linkedin_url (previously-unsourced companies from the full ICP company universe)
"Repucare, Inc",https://www.repucare.com,https://www.linkedin.com/company/repucare,Indianapolis,US,86,">=$1,000,000 (revenue.min filter, exact value not returned by Blitz company-search)",Staffing and Recruiting,,yes,Round 2: Blitz Find People scoped to company.linkedin_url (previously-unsourced companies from the full ICP company universe)
Resource For Human Development,https://www.rhd.org,https://www.linkedin.com/company/resource-for-human-development,Philadelphia,US,109,">=$1,000,000 (revenue.min filter, exact value not returned by Blitz company-search)",Human Resources Services,,yes,Round 2: Blitz Find People scoped to company.linkedin_url (previously-unsourced companies from the full ICP company universe)
Resource Management Systems,https://www.rms-peo.com,https://www.linkedin.com/company/resource-management-systems,Greenwood Village,US,31,">=$1,000,000 (revenue.min filter, exact value not returned by Blitz company-search)",Human Resources Services,,yes,Round 2: Blitz Find People scoped to company.linkedin_url (previously-unsourced companies from the full ICP company universe)
"Resource, Support And Development, Inc",https://rsdinc.org,https://www.linkedin.com/company/resource-support-and-development-inc.,Billings,US,11,">=$1,000,000 (revenue.min filter, exact value not returned by Blitz company-search)",Human Resources Services,,yes,Round 2: Blitz Find People scoped to company.linkedin_url (previously-unsourced companies from the full ICP company universe)
Resourcis,https://www.resourcis.com,https://www.linkedin.com/company/resourcis,Cumming,US,16,">=$1,000,000 (revenue.min filter, exact value not returned by Blitz company-search)",Staffing and Recruiting,,yes,Round 2: Blitz Find People scoped to company.linkedin_url (previously-unsourced companies from the full ICP company universe)
"Retail Search Group, A Princetonone Company",https://www.retailsearchgroup.com,https://www.linkedin.com/company/retail-search-group,Grass Valley,US,25,">=$1,000,000 (revenue.min filter, exact value not returned by Blitz company-search)",Staffing and Recruiting,,yes,Round 2: Blitz Find People scoped to company.linkedin_url (previously-unsourced companies from the full ICP company universe)
Retensa Employee Retention,https://retensa.com,https://www.linkedin.com/company/retensa,New York,US,27,">=$1,000,000 (revenue.min filter, exact value not returned by Blitz company-search)",Human Resources Services,,yes,Round 2: Blitz Find People scoped to company.linkedin_url (previously-unsourced companies from the full ICP company universe)
Revolution National Pest Council,https://www.revolutionnationalpestcouncil.com,https://www.linkedin.com/company/revolution-national-pest-council,Carson,US,11,">=$1,000,000 (revenue.min filter, exact value not returned by Blitz company-search)",Staffing and Recruiting,,yes,Round 2: Blitz Find People scoped to company.linkedin_url (previously-unsourced companies from the full ICP company universe)
Fond,https://www.fond.co,https://www.linkedin.com/company/rewardgateway,San Francisco,US,49,">=$1,000,000 (revenue.min filter, exact value not returned by Blitz company-search)",Human Resources Services,,yes,Round 2: Blitz Find People scoped to company.linkedin_url (previously-unsourced companies from the full ICP company universe)
Rex Global Staffing Llc,https://rexglobalstaffing.com,https://www.linkedin.com/company/rex-global-staffing-llc,Mount Vernon,US,26,">=$1,000,000 (revenue.min filter, exact value not returned by Blitz company-search)",Staffing and Recruiting,,yes,Round 2: Blitz Find People scoped to company.linkedin_url (previously-unsourced companies from the full ICP company universe)
Rga Associates,https://www.rgatech.com,https://www.linkedin.com/company/rga-associates-tech-division,San Francisco,US,57,">=$1,000,000 (revenue.min filter, exact value not returned by Blitz company-search)",Staffing and Recruiting,,yes,Round 2: Blitz Find People scoped to company.linkedin_url (previously-unsourced companies from the full ICP company universe)
Ridgefield One,https://www.ridgefieldone.com,https://www.linkedin.com/company/ridgefield-one,Ridgefield,US,11,">=$1,000,000 (revenue.min filter, exact value not returned by Blitz company-search)",Staffing and Recruiting,,yes,Round 2: Blitz Find People scoped to company.linkedin_url (previously-unsourced companies from the full ICP company universe)
RieLes Group,https://www.rielesgroup.com,https://www.linkedin.com/company/rielesgroup,Atlanta,US,10,">=$1,000,000 (revenue.min filter, exact value not returned by Blitz company-search)",Staffing and Recruiting,,yes,Round 2: Blitz Find People scoped to company.linkedin_url (previously-unsourced companies from the full ICP company universe)
Riley Decker Companies,https://rileydecker.com,https://www.linkedin.com/company/rileydecker,Cincinnati,US,355,">=$1,000,000 (revenue.min filter, exact value not returned by Blitz company-search)",Staffing and Recruiting,,yes,Round 2: Blitz Find People scoped to company.linkedin_url (previously-unsourced companies from the full ICP company universe)
Rio Grande Staffing,https://riograndestaffing.com,https://www.linkedin.com/company/rio-grande-staffing,Albuquerque,US,10,">=$1,000,000 (revenue.min filter, exact value not returned by Blitz company-search)",Staffing and Recruiting,,yes,Round 2: Blitz Find People scoped to company.linkedin_url (previously-unsourced companies from the full ICP company universe)
Rise Medical Staffing,https://risestaffing.com,https://www.linkedin.com/company/rise-medical-staffing,Sacramento,US,34,">=$1,000,000 (revenue.min filter, exact value not returned by Blitz company-search)",Staffing and Recruiting,,yes,Round 2: Blitz Find People scoped to company.linkedin_url (previously-unsourced companies from the full ICP company universe)
"Risk Assessment Group, Inc",https://www.riskassessmentgroup.com,https://www.linkedin.com/company/risk-assessment-group-inc,Tempe,US,26,">=$1,000,000 (revenue.min filter, exact value not returned by Blitz company-search)",Human Resources Services,,yes,Round 2: Blitz Find People scoped to company.linkedin_url (previously-unsourced companies from the full ICP company universe)
Rite Hire Advisory,https://www.rite-hire.com,https://www.linkedin.com/company/rite-hire-advisory,New York,US,15,">=$1,000,000 (revenue.min filter, exact value not returned by Blitz company-search)",Staffing and Recruiting,,yes,Round 2: Blitz Find People scoped to company.linkedin_url (previously-unsourced companies from the full ICP company universe)
"River City Staffing, Inc",https://www.rivercitystaffing.com,https://www.linkedin.com/company/river-city-staffing,Sacramento,US,46,">=$1,000,000 (revenue.min filter, exact value not returned by Blitz company-search)",Staffing and Recruiting,,yes,Round 2: Blitz Find People scoped to company.linkedin_url (previously-unsourced companies from the full ICP company universe)
Rn Express Staffing Registry,https://www.rnexpressregistry.com,https://www.linkedin.com/company/rn-express-staffing-registry,New York,US,25,">=$1,000,000 (revenue.min filter, exact value not returned by Blitz company-search)",Staffing and Recruiting,,yes,Round 2: Blitz Find People scoped to company.linkedin_url (previously-unsourced companies from the full ICP company universe)
Rock Coast Personnel,https://www.rockcoastpersonnel.com,https://www.linkedin.com/company/rock-coast-personnel,Portland,US,12,">=$1,000,000 (revenue.min filter, exact value not returned by Blitz company-search)",Staffing and Recruiting,,yes,Round 2: Blitz Find People scoped to company.linkedin_url (previously-unsourced companies from the full ICP company universe)
Rock Medical Group,https://www.rockmedical-group.com,https://www.linkedin.com/company/rock-medical-group,Omaha,US,82,">=$1,000,000 (revenue.min filter, exact value not returned by Blitz company-search)",Staffing and Recruiting,,yes,Round 2: Blitz Find People scoped to company.linkedin_url (previously-unsourced companies from the full ICP company universe)
Rock Staffing,https://www.rockstaffing.com,https://www.linkedin.com/company/rock-staffing,Kennesaw,US,88,">=$1,000,000 (revenue.min filter, exact value not returned by Blitz company-search)",Staffing and Recruiting,,yes,Round 2: Blitz Find People scoped to company.linkedin_url (previously-unsourced companies from the full ICP company universe)
RogueSearch,https://www.roguesearch.com,https://www.linkedin.com/company/rogue-search,Usa,US,25,">=$1,000,000 (revenue.min filter, exact value not returned by Blitz company-search)",Staffing and Recruiting,,yes,Round 2: Blitz Find People scoped to company.linkedin_url (previously-unsourced companies from the full ICP company universe)
Ronin Staffing Llc,https://www.roninllc.com,https://www.linkedin.com/company/ronin-group,Glendale,US,36,">=$1,000,000 (revenue.min filter, exact value not returned by Blitz company-search)",Staffing and Recruiting,,yes,Round 2: Blitz Find People scoped to company.linkedin_url (previously-unsourced companies from the full ICP company universe)
Roots Staffing,https://rootsstaffing.org,https://www.linkedin.com/company/roots-staffing,Loveland,US,11,">=$1,000,000 (revenue.min filter, exact value not returned by Blitz company-search)",Staffing and Recruiting,,yes,Round 2: Blitz Find People scoped to company.linkedin_url (previously-unsourced companies from the full ICP company universe)
Ross Innovative Employment Solutions,https://www.rossworks.com,https://www.linkedin.com/company/ross-innovative-employment-solutions,Detroit,US,143,">=$1,000,000 (revenue.min filter, exact value not returned by Blitz company-search)",Staffing and Recruiting,,yes,Round 2: Blitz Find People scoped to company.linkedin_url (previously-unsourced companies from the full ICP company universe)
RPh on the Go,https://www.rphonthego.com,https://www.linkedin.com/company/rph-on-the-go,Oldsmar,US,299,">=$1,000,000 (revenue.min filter, exact value not returned by Blitz company-search)",Staffing and Recruiting,,yes,Round 2: Blitz Find People scoped to company.linkedin_url (previously-unsourced companies from the full ICP company universe)
RRI Personnel Solutions,https://rrips.com,https://www.linkedin.com/company/rri-personnel-solutions,Purchase,US,11,">=$1,000,000 (revenue.min filter, exact value not returned by Blitz company-search)",Human Resources Services,,yes,Round 2: Blitz Find People scoped to company.linkedin_url (previously-unsourced companies from the full ICP company universe)
Rsa Executive Search,https://www.rsaexecsearch.com,https://www.linkedin.com/company/rsa-executive-search,Uniondale,US,13,">=$1,000,000 (revenue.min filter, exact value not returned by Blitz company-search)",Staffing and Recruiting,,yes,Round 2: Blitz Find People scoped to company.linkedin_url (previously-unsourced companies from the full ICP company universe)
Rts Corp,https://www.rts-corp.com,https://www.linkedin.com/company/rts-corp,Lakewood,US,10,">=$1,000,000 (revenue.min filter, exact value not returned by Blitz company-search)",Staffing and Recruiting,,yes,Round 2: Blitz Find People scoped to company.linkedin_url (previously-unsourced companies from the full ICP company universe)
Rural Minnesota Cep Inc,https://www.rmcep.com,https://www.linkedin.com/company/rural-minnesota-cep-inc.,Detroit Lakes,US,91,">=$1,000,000 (revenue.min filter, exact value not returned by Blitz company-search)",Human Resources Services,,yes,Round 2: Blitz Find People scoped to company.linkedin_url (previously-unsourced companies from the full ICP company universe)
Rush Personnel Services Inc,https://www.rush-personnel.com,https://www.linkedin.com/company/rush-personnel-services-inc,Chico,US,93,">=$1,000,000 (revenue.min filter, exact value not returned by Blitz company-search)",Staffing and Recruiting,,yes,Round 2: Blitz Find People scoped to company.linkedin_url (previously-unsourced companies from the full ICP company universe)
Rwj & Associates,https://www.rwjmn.net,https://www.linkedin.com/company/rwj-&-associates,Edina,US,29,">=$1,000,000 (revenue.min filter, exact value not returned by Blitz company-search)",Staffing and Recruiting,,yes,Round 2: Blitz Find People scoped to company.linkedin_url (previously-unsourced companies from the full ICP company universe)
"S. R. Clarke & Associates, Llc",https://www.srclarke.com,https://www.linkedin.com/company/s-r-clarke-l-l-c-,Parker,US,54,">=$1,000,000 (revenue.min filter, exact value not returned by Blitz company-search)",Staffing and Recruiting,,yes,Round 2: Blitz Find People scoped to company.linkedin_url (previously-unsourced companies from the full ICP company universe)
S2ssoft Llc,https://www.s2ssoft.com,https://www.linkedin.com/company/s2ssoft-llc,Dublin,US,19,">=$1,000,000 (revenue.min filter, exact value not returned by Blitz company-search)",Staffing and Recruiting,,yes,Round 2: Blitz Find People scoped to company.linkedin_url (previously-unsourced companies from the full ICP company universe)
Stafforce,https://www.stafforcejax.com,https://www.linkedin.com/company/safforce,Jacksonville,US,44,">=$1,000,000 (revenue.min filter, exact value not returned by Blitz company-search)",Staffing and Recruiting,,yes,Round 2: Blitz Find People scoped to company.linkedin_url (previously-unsourced companies from the full ICP company universe)
Saibber Llc,https://saibber108.com,https://www.linkedin.com/company/saibber,,US,19,">=$1,000,000 (revenue.min filter, exact value not returned by Blitz company-search)",Staffing and Recruiting,,yes,Round 2: Blitz Find People scoped to company.linkedin_url (previously-unsourced companies from the full ICP company universe)
Saip,https://www.saipeople.com,https://www.linkedin.com/company/saip,Kingwood,US,88,">=$1,000,000 (revenue.min filter, exact value not returned by Blitz company-search)",Staffing and Recruiting,,yes,Round 2: Blitz Find People scoped to company.linkedin_url (previously-unsourced companies from the full ICP company universe)
Sales Talent Inc.,https://www.salestalentinc.com,https://www.linkedin.com/company/sales-talent-inc-,Seattle,US,113,">=$1,000,000 (revenue.min filter, exact value not returned by Blitz company-search)",Staffing and Recruiting,,yes,Round 2: Blitz Find People scoped to company.linkedin_url (previously-unsourced companies from the full ICP company universe)
"Sapphire Recruiters, Inc",https://www.sapphirerecruiters.com,https://www.linkedin.com/company/sapphire-recruiters-inc.,Miami,US,10,">=$1,000,000 (revenue.min filter, exact value not returned by Blitz company-search)",Staffing and Recruiting,,yes,Round 2: Blitz Find People scoped to company.linkedin_url (previously-unsourced companies from the full ICP company universe)
Savard Labor & Marine Personnel,https://www.savardgroup.net,https://www.linkedin.com/company/savard-labor-&-marine-personnel,Baton Rouge,US,362,">=$1,000,000 (revenue.min filter, exact value not returned by Blitz company-search)",Staffing and Recruiting,,yes,Round 2: Blitz Find People scoped to company.linkedin_url (previously-unsourced companies from the full ICP company universe)
Sca Pacific Case Management,https://www.scapacific.com,https://www.linkedin.com/company/sca-pacific-case-management,Fife,US,18,">=$1,000,000 (revenue.min filter, exact value not returned by Blitz company-search)",Human Resources Services,,yes,Round 2: Blitz Find People scoped to company.linkedin_url (previously-unsourced companies from the full ICP company universe)
School Time,https://www.schooltimeuniforms.com,https://www.linkedin.com/company/school-time,Baton Rouge,US,21,">=$1,000,000 (revenue.min filter, exact value not returned by Blitz company-search)",Human Resources Services,,yes,Round 2: Blitz Find People scoped to company.linkedin_url (previously-unsourced companies from the full ICP company universe)
Screenpointe,https://screenpointe.com,https://www.linkedin.com/company/screenpointe-background-screening-defined,Worthington,US,12,">=$1,000,000 (revenue.min filter, exact value not returned by Blitz company-search)",Human Resources Services,,yes,Round 2: Blitz Find People scoped to company.linkedin_url (previously-unsourced companies from the full ICP company universe)
Southland Data Processing,https://www.sdppayroll.com,https://www.linkedin.com/company/sdppayroll,Upland,US,24,">=$1,000,000 (revenue.min filter, exact value not returned by Blitz company-search)",Human Resources Services,,yes,Round 2: Blitz Find People scoped to company.linkedin_url (previously-unsourced companies from the full ICP company universe)
Seaside Staffing,https://www.seasidestaffing.com,https://www.linkedin.com/company/seaside-staffing,Virginia Beach,US,30,">=$1,000,000 (revenue.min filter, exact value not returned by Blitz company-search)",Staffing and Recruiting,,yes,Round 2: Blitz Find People scoped to company.linkedin_url (previously-unsourced companies from the full ICP company universe)
"See Us Now Staffing, Inc",https://www.seeusnowstaffing.com,https://www.linkedin.com/company/see-us-now-staffing-inc-,Las Vegas,US,55,">=$1,000,000 (revenue.min filter, exact value not returned by Blitz company-search)",Staffing and Recruiting,,yes,Round 2: Blitz Find People scoped to company.linkedin_url (previously-unsourced companies from the full ICP company universe)
Select Staff,https://www.jobs.net/jobs/select-staff/en-us,https://www.linkedin.com/company/select-staff,Dallas,US,210,">=$1,000,000 (revenue.min filter, exact value not returned by Blitz company-search)",Staffing and Recruiting,,yes,Round 2: Blitz Find People scoped to company.linkedin_url (previously-unsourced companies from the full ICP company universe)
Select Staffing,https://www.selectstaffing.com,https://www.linkedin.com/company/select-staffing,Atlanta,US,3939,">=$1,000,000 (revenue.min filter, exact value not returned by Blitz company-search)",Staffing and Recruiting,,yes,Round 2: Blitz Find People scoped to company.linkedin_url (previously-unsourced companies from the full ICP company universe)
Selected,https://www.getselected.com,https://www.linkedin.com/company/selected,New York,US,25,">=$1,000,000 (revenue.min filter, exact value not returned by Blitz company-search)",Staffing and Recruiting,,yes,Round 2: Blitz Find People scoped to company.linkedin_url (previously-unsourced companies from the full ICP company universe)
Selectsource,https://www.selectsourceone.com,https://www.linkedin.com/company/selectsource,Winter Park,US,35,">=$1,000,000 (revenue.min filter, exact value not returned by Blitz company-search)",Human Resources Services,,yes,Round 2: Blitz Find People scoped to company.linkedin_url (previously-unsourced companies from the full ICP company universe)
"Semco Management, Inc",https://www.semcoleasing.com,https://www.linkedin.com/company/semco-management-inc,Vista,US,10,">=$1,000,000 (revenue.min filter, exact value not returned by Blitz company-search)",Human Resources Services,,yes,Round 2: Blitz Find People scoped to company.linkedin_url (previously-unsourced companies from the full ICP company universe)
Serpeo,https://www.serpeo.com,https://www.linkedin.com/company/serpeo,Troy,US,13,">=$1,000,000 (revenue.min filter, exact value not returned by Blitz company-search)",Human Resources Services,,yes,Round 2: Blitz Find People scoped to company.linkedin_url (previously-unsourced companies from the full ICP company universe)
Service First Staffing,https://www.service1ststaffing.com,https://www.linkedin.com/company/service1ststaffing,Milwaukee,US,160,">=$1,000,000 (revenue.min filter, exact value not returned by Blitz company-search)",Staffing and Recruiting,,yes,Round 2: Blitz Find People scoped to company.linkedin_url (previously-unsourced companies from the full ICP company universe)
Servicexpress,https://www.servicexpressworks.net,https://www.linkedin.com/company/servicexpress,Georgetown,US,19,">=$1,000,000 (revenue.min filter, exact value not returned by Blitz company-search)",Staffing and Recruiting,,yes,Round 2: Blitz Find People scoped to company.linkedin_url (previously-unsourced companies from the full ICP company universe)
Sethra Misdemeanor Probation,https://sethra.us/contact/support-services,https://www.linkedin.com/company/sethra-misdemeanor-probation,Dunlap,US,38,">=$1,000,000 (revenue.min filter, exact value not returned by Blitz company-search)",Human Resources Services,,yes,Round 2: Blitz Find People scoped to company.linkedin_url (previously-unsourced companies from the full ICP company universe)
"Sharf, Woodward & Associates",https://swjobs.com,https://www.linkedin.com/company/sharf-woodward-&-associates,West Hollywood,US,19,">=$1,000,000 (revenue.min filter, exact value not returned by Blitz company-search)",Staffing and Recruiting,,yes,Round 2: Blitz Find People scoped to company.linkedin_url (previously-unsourced companies from the full ICP company universe)
Shoo-In Career,https://www.shoo-in.com,https://www.linkedin.com/company/shoo-in,New York,US,17,">=$1,000,000 (revenue.min filter, exact value not returned by Blitz company-search)",Human Resources Services,,yes,Round 2: Blitz Find People scoped to company.linkedin_url (previously-unsourced companies from the full ICP company universe)
Short Staffed Inc,https://www.shortstaffedusa.com,https://www.linkedin.com/company/short-staffed-inc,Sioux City,US,23,">=$1,000,000 (revenue.min filter, exact value not returned by Blitz company-search)",Staffing and Recruiting,,yes,Round 2: Blitz Find People scoped to company.linkedin_url (previously-unsourced companies from the full ICP company universe)
"Sierra Hr Partners, Inc",https://www.sierrahr.com,https://www.linkedin.com/company/sierra-hr-partners-inc.,Fresno,US,14,">=$1,000,000 (revenue.min filter, exact value not returned by Blitz company-search)",Human Resources Services,,yes,Round 2: Blitz Find People scoped to company.linkedin_url (previously-unsourced companies from the full ICP company universe)
Signature Staffing,https://www.signaturestaffing.net,https://www.linkedin.com/company/signature-staffing,Lemoyne,US,60,">=$1,000,000 (revenue.min filter, exact value not returned by Blitz company-search)",Staffing and Recruiting,,yes,Round 2: Blitz Find People scoped to company.linkedin_url (previously-unsourced companies from the full ICP company universe)
Silent Professionals,https://silentprofessionals.org,https://www.linkedin.com/company/silent-professionals,District Of Columbia,US,14,">=$1,000,000 (revenue.min filter, exact value not returned by Blitz company-search)",Human Resources Services,,yes,Round 2: Blitz Find People scoped to company.linkedin_url (previously-unsourced companies from the full ICP company universe)
Simplicityhr By Altres,https://simplicityhr.com,https://www.linkedin.com/company/simplicityhr-by-altres,Honolulu,US,39,">=$1,000,000 (revenue.min filter, exact value not returned by Blitz company-search)",Human Resources Services,,yes,Round 2: Blitz Find People scoped to company.linkedin_url (previously-unsourced companies from the full ICP company universe)
"Simply Staffing, Inc",https://simplystaffing.net,https://www.linkedin.com/company/simply-staffing,Hudson,US,20,">=$1,000,000 (revenue.min filter, exact value not returned by Blitz company-search)",Staffing and Recruiting,,yes,Round 2: Blitz Find People scoped to company.linkedin_url (previously-unsourced companies from the full ICP company universe)
"Single Mothers Outreach, Inc",https://www.singlemothersoutreach.org,https://www.linkedin.com/company/single-mothers-outreach,Santa Clarita,US,11,">=$1,000,000 (revenue.min filter, exact value not returned by Blitz company-search)",Human Resources Services,,yes,Round 2: Blitz Find People scoped to company.linkedin_url (previously-unsourced companies from the full ICP company universe)
"Singlepoint Outsourcing, Inc",https://www.single-point.com,https://www.linkedin.com/company/singlepoint-outsourcing,Visalia,US,32,">=$1,000,000 (revenue.min filter, exact value not returned by Blitz company-search)",Human Resources Services,,yes,Round 2: Blitz Find People scoped to company.linkedin_url (previously-unsourced companies from the full ICP company universe)
Sirsai Inc,https://www.sirsai.com,https://www.linkedin.com/company/sirsai-inc.,Redmond,US,88,">=$1,000,000 (revenue.min filter, exact value not returned by Blitz company-search)",Human Resources Services,,yes,Round 2: Blitz Find People scoped to company.linkedin_url (previously-unsourced companies from the full ICP company universe)
Skill Seekers,https://www.skillseekers.us,https://www.linkedin.com/company/skill-seekers,Los Angeles,US,13,">=$1,000,000 (revenue.min filter, exact value not returned by Blitz company-search)",Staffing and Recruiting,,yes,Round 2: Blitz Find People scoped to company.linkedin_url (previously-unsourced companies from the full ICP company universe)
Skyrocket Ventures,https://www.skyrocketventures.com,https://www.linkedin.com/company/skyrocket-ventures,Na,US,41,">=$1,000,000 (revenue.min filter, exact value not returned by Blitz company-search)",Staffing and Recruiting,,yes,Round 2: Blitz Find People scoped to company.linkedin_url (previously-unsourced companies from the full ICP company universe)
Smart Resources,https://www.smartstaffing.com,https://www.linkedin.com/company/smart-resources,Chicago,US,79,">=$1,000,000 (revenue.min filter, exact value not returned by Blitz company-search)",Staffing and Recruiting,,yes,Round 2: Blitz Find People scoped to company.linkedin_url (previously-unsourced companies from the full ICP company universe)
Smart Resources Va,https://www.smartva.net,https://www.linkedin.com/company/smart-resources-va,Richmond,US,26,">=$1,000,000 (revenue.min filter, exact value not returned by Blitz company-search)",Staffing and Recruiting,,yes,Round 2: Blitz Find People scoped to company.linkedin_url (previously-unsourced companies from the full ICP company universe)
Smartdept,https://www.thesmartdept.com,https://www.linkedin.com/company/smartdept--inc-,Chicago,US,11,">=$1,000,000 (revenue.min filter, exact value not returned by Blitz company-search)",Staffing and Recruiting,,yes,Round 2: Blitz Find People scoped to company.linkedin_url (previously-unsourced companies from the full ICP company universe)
Smi Safety,https://www.smisafety.com,https://www.linkedin.com/company/smi-safety,Omaha,US,23,">=$1,000,000 (revenue.min filter, exact value not returned by Blitz company-search)",Staffing and Recruiting,,yes,Round 2: Blitz Find People scoped to company.linkedin_url (previously-unsourced companies from the full ICP company universe)
Smith Staffing Inc,https://www.smithstaffing.com,https://www.linkedin.com/company/smith-staffing-inc,Oklahoma City,US,17,">=$1,000,000 (revenue.min filter, exact value not returned by Blitz company-search)",Staffing and Recruiting,,yes,Round 2: Blitz Find People scoped to company.linkedin_url (previously-unsourced companies from the full ICP company universe)
SMR Group Ltd,https://www.smrgroupltd.com,https://www.linkedin.com/company/smr-group,Basking Ridge,US,157,">=$1,000,000 (revenue.min filter, exact value not returned by Blitz company-search)",Staffing and Recruiting,,yes,Round 2: Blitz Find People scoped to company.linkedin_url (previously-unsourced companies from the full ICP company universe)
"Smyth Associates, Inc",https://www.smythexec.com,https://www.linkedin.com/company/smyth-associates-inc,New York,US,11,">=$1,000,000 (revenue.min filter, exact value not returned by Blitz company-search)",Staffing and Recruiting,,yes,Round 2: Blitz Find People scoped to company.linkedin_url (previously-unsourced companies from the full ICP company universe)
Sns Global Corporation Dba Horizon Staffing,https://www.snsglobalstaffing.com,https://www.linkedin.com/company/sns-global-corporation-dba-horizon-staffing,Austin,US,13,">=$1,000,000 (revenue.min filter, exact value not returned by Blitz company-search)",Staffing and Recruiting,,yes,Round 2: Blitz Find People scoped to company.linkedin_url (previously-unsourced companies from the full ICP company universe)
"Solve IT Strategies, Inc.",https://www.solveitstrategies.com,https://www.linkedin.com/company/solveitstrategies,Chicago,US,18,">=$1,000,000 (revenue.min filter, exact value not returned by Blitz company-search)",Staffing and Recruiting,,yes,Round 2: Blitz Find People scoped to company.linkedin_url (previously-unsourced companies from the full ICP company universe)
Sophlogic Llc,https://www.sophlogic.com,https://www.linkedin.com/company/sophlogic,Irvine,US,31,">=$1,000,000 (revenue.min filter, exact value not returned by Blitz company-search)",Staffing and Recruiting,,yes,Round 2: Blitz Find People scoped to company.linkedin_url (previously-unsourced companies from the full ICP company universe)
"Source Medical Staffing, Llc",https://www.sourcemedicalstaffing.com,https://www.linkedin.com/company/source-medical-staffing,Omaha,US,25,">=$1,000,000 (revenue.min filter, exact value not returned by Blitz company-search)",Staffing and Recruiting,,yes,Round 2: Blitz Find People scoped to company.linkedin_url (previously-unsourced companies from the full ICP company universe)
Source One Staffing,https://www.s1staffing.com,https://www.linkedin.com/company/source-one-staffing,Irwindale,US,53,">=$1,000,000 (revenue.min filter, exact value not returned by Blitz company-search)",Staffing and Recruiting,,yes,Round 2: Blitz Find People scoped to company.linkedin_url (previously-unsourced companies from the full ICP company universe)
Source It Solutions Inc,https://www.sourceitsolutions.com,https://www.linkedin.com/company/sourceitsolutions-inc,Cranbury,US,34,">=$1,000,000 (revenue.min filter, exact value not returned by Blitz company-search)",Staffing and Recruiting,,yes,Round 2: Blitz Find People scoped to company.linkedin_url (previously-unsourced companies from the full ICP company universe)
Southern Healthcare Agency,https://www.southernhealthcare.com,https://www.linkedin.com/company/southern-healthcare-agency,Ridgeland,US,76,">=$1,000,000 (revenue.min filter, exact value not returned by Blitz company-search)",Staffing and Recruiting,,yes,Round 2: Blitz Find People scoped to company.linkedin_url (previously-unsourced companies from the full ICP company universe)
"Southern Queens Park Association, Inc",https://www.sqpa.org,https://www.linkedin.com/company/southern-queens-park-association-inc,New York,US,26,">=$1,000,000 (revenue.min filter, exact value not returned by Blitz company-search)",Staffing and Recruiting,,yes,Round 2: Blitz Find People scoped to company.linkedin_url (previously-unsourced companies from the full ICP company universe)
Southside Temporaries,https://southsidetemporaries.com,https://www.linkedin.com/company/southside-temporaries,Saint Louis,US,42,">=$1,000,000 (revenue.min filter, exact value not returned by Blitz company-search)",Staffing and Recruiting,,yes,Round 2: Blitz Find People scoped to company.linkedin_url (previously-unsourced companies from the full ICP company universe)
Spartan Staffing,https://www.spartanstaffing.com,https://www.linkedin.com/company/spartan-staffing,San Juan,US,310,">=$1,000,000 (revenue.min filter, exact value not returned by Blitz company-search)",Staffing and Recruiting,,yes,Round 2: Blitz Find People scoped to company.linkedin_url (previously-unsourced companies from the full ICP company universe)
Special Events Staffing Inc,https://www.specialeventsstaffing.com,https://www.linkedin.com/company/special-events-staffing-inc,Irvine,US,15,">=$1,000,000 (revenue.min filter, exact value not returned by Blitz company-search)",Staffing and Recruiting,,yes,Round 2: Blitz Find People scoped to company.linkedin_url (previously-unsourced companies from the full ICP company universe)
Spectra International...Hiring Virtual Recruiters,https://www.spectra-az.com,https://www.linkedin.com/company/spectra-international,Scottsdale,US,30,">=$1,000,000 (revenue.min filter, exact value not returned by Blitz company-search)",Staffing and Recruiting,,yes,Round 2: Blitz Find People scoped to company.linkedin_url (previously-unsourced companies from the full ICP company universe)
Spmi,https://www.myhrprofessionals.com,https://www.linkedin.com/company/spmi,Van Buren,US,100,">=$1,000,000 (revenue.min filter, exact value not returned by Blitz company-search)",Human Resources Services,,yes,Round 2: Blitz Find People scoped to company.linkedin_url (previously-unsourced companies from the full ICP company universe)
Sprague & Associates,https://www.spraguesearch.com,https://www.linkedin.com/company/sprague-associates,Los Angeles,US,19,">=$1,000,000 (revenue.min filter, exact value not returned by Blitz company-search)",Staffing and Recruiting,,yes,Round 2: Blitz Find People scoped to company.linkedin_url (previously-unsourced companies from the full ICP company universe)
Spring International,https://www.springitl.com,https://www.linkedin.com/company/spring-international,Blue Bell,US,48,">=$1,000,000 (revenue.min filter, exact value not returned by Blitz company-search)",Human Resources Services,,yes,Round 2: Blitz Find People scoped to company.linkedin_url (previously-unsourced companies from the full ICP company universe)
St. Mark\'s World,https://www.stmarksworld.com,https://www.linkedin.com/company/st--mark's-world,New York,US,19,">=$1,000,000 (revenue.min filter, exact value not returned by Blitz company-search)",Staffing and Recruiting,,yes,Round 2: Blitz Find People scoped to company.linkedin_url (previously-unsourced companies from the full ICP company universe)
Stability Staffing And Consulting,https://stabilitystaffing.com,https://www.linkedin.com/company/stability-staffing-and-consulting,San Antonio,US,21,">=$1,000,000 (revenue.min filter, exact value not returned by Blitz company-search)",Staffing and Recruiting,,yes,Round 2: Blitz Find People scoped to company.linkedin_url (previously-unsourced companies from the full ICP company universe)
Staff America Inc,https://www.staffamericainc.com,https://www.linkedin.com/company/staff-america-inc-,Ocala,US,31,">=$1,000,000 (revenue.min filter, exact value not returned by Blitz company-search)",Staffing and Recruiting,,yes,Round 2: Blitz Find People scoped to company.linkedin_url (previously-unsourced companies from the full ICP company universe)
Staff Leasing,https://www.staffleasing-peo.com,https://www.linkedin.com/company/staff-leasing-inc,Syracuse,US,38,">=$1,000,000 (revenue.min filter, exact value not returned by Blitz company-search)",Human Resources Services,,yes,Round 2: Blitz Find People scoped to company.linkedin_url (previously-unsourced companies from the full ICP company universe)
"Staff Line, Llc",https://www.staffline.com,https://www.linkedin.com/company/staff-line-llc-,Memphis,US,100,">=$1,000,000 (revenue.min filter, exact value not returned by Blitz company-search)",Staffing and Recruiting,,yes,Round 2: Blitz Find People scoped to company.linkedin_url (previously-unsourced companies from the full ICP company universe)
"Staff Finders, Inc",https://stafffindersmich.com,https://www.linkedin.com/company/stafffindersmich,Troy,US,24,">=$1,000,000 (revenue.min filter, exact value not returned by Blitz company-search)",Staffing and Recruiting,,yes,Round 2: Blitz Find People scoped to company.linkedin_url (previously-unsourced companies from the full ICP company universe)
"Staffing Boutique, Inc.",https://www.staffingboutique.org,https://www.linkedin.com/company/staffing-boutique-inc-,New York,US,46,">=$1,000,000 (revenue.min filter, exact value not returned by Blitz company-search)",Staffing and Recruiting,,yes,Round 2: Blitz Find People scoped to company.linkedin_url (previously-unsourced companies from the full ICP company universe)
Staffing Consultants,https://www.staffing-consultants.com,https://www.linkedin.com/company/staffing-consultants,Phoenix,US,20,">=$1,000,000 (revenue.min filter, exact value not returned by Blitz company-search)",Human Resources Services,,yes,Round 2: Blitz Find People scoped to company.linkedin_url (previously-unsourced companies from the full ICP company universe)
Staffing Now,https://www.staffingnow.com,https://www.linkedin.com/company/staffing-now,Jacksonville,US,312,">=$1,000,000 (revenue.min filter, exact value not returned by Blitz company-search)",Staffing and Recruiting,,yes,Round 2: Blitz Find People scoped to company.linkedin_url (previously-unsourced companies from the full ICP company universe)
"Staffing Partners, Llc Of Oregon",https://www.staffingoregon.com,https://www.linkedin.com/company/staffing-partners-llc-of-oregon,Beaverton,US,49,">=$1,000,000 (revenue.min filter, exact value not returned by Blitz company-search)",Staffing and Recruiting,,yes,Round 2: Blitz Find People scoped to company.linkedin_url (previously-unsourced companies from the full ICP company universe)
Staffing Service Usa,https://staffingserviceusa.com,https://www.linkedin.com/company/staffing-service-usa,Lancaster,US,33,">=$1,000,000 (revenue.min filter, exact value not returned by Blitz company-search)",Staffing and Recruiting,,yes,Round 2: Blitz Find People scoped to company.linkedin_url (previously-unsourced companies from the full ICP company universe)
Staffing Technologies,https://www.staffingtechnologies.com,https://www.linkedin.com/company/staffing-technologies,Alpharetta,US,66,">=$1,000,000 (revenue.min filter, exact value not returned by Blitz company-search)",Staffing and Recruiting,,yes,Round 2: Blitz Find People scoped to company.linkedin_url (previously-unsourced companies from the full ICP company universe)
Staffing Solutions of Hawaii,https://www.staffingsolutionsofhawaii.com,https://www.linkedin.com/company/staffinghawaii,Honolulu,US,35,">=$1,000,000 (revenue.min filter, exact value not returned by Blitz company-search)",Staffing and Recruiting,,yes,Round 2: Blitz Find People scoped to company.linkedin_url (previously-unsourced companies from the full ICP company universe)
Staffing Medical Usa,https://www.staffingmedical.com,https://www.linkedin.com/company/staffingmedical-usa,Mason,US,13,">=$1,000,000 (revenue.min filter, exact value not returned by Blitz company-search)",Staffing and Recruiting,,yes,Round 2: Blitz Find People scoped to company.linkedin_url (previously-unsourced companies from the full ICP company universe)
Staffingsolutions,https://www.staffingsolutions.com,https://www.linkedin.com/company/staffingsolutions,Atlanta,US,42,">=$1,000,000 (revenue.min filter, exact value not returned by Blitz company-search)",Staffing and Recruiting,,yes,Round 2: Blitz Find People scoped to company.linkedin_url (previously-unsourced companies from the full ICP company universe)
Staffmasters,https://www.staffmasters.com,https://www.linkedin.com/company/staffmasters_2,Charlotte,US,134,">=$1,000,000 (revenue.min filter, exact value not returned by Blitz company-search)",Staffing and Recruiting,,yes,Round 2: Blitz Find People scoped to company.linkedin_url (previously-unsourced companies from the full ICP company universe)
Staffworx,https://staffworx.co,https://www.linkedin.com/company/staffworx,Cleveland,US,16,">=$1,000,000 (revenue.min filter, exact value not returned by Blitz company-search)",Staffing and Recruiting,,yes,Round 2: Blitz Find People scoped to company.linkedin_url (previously-unsourced companies from the full ICP company universe)
Stafkings Personnel,https://www.stafkings.com,https://www.linkedin.com/company/stafkings,Binghamton,US,59,">=$1,000,000 (revenue.min filter, exact value not returned by Blitz company-search)",Staffing and Recruiting,,yes,Round 2: Blitz Find People scoped to company.linkedin_url (previously-unsourced companies from the full ICP company universe)
Stanford Park Nannies,https://www.spnannies.com,https://www.linkedin.com/company/stanford-park-nannies,Menlo Park,US,21,">=$1,000,000 (revenue.min filter, exact value not returned by Blitz company-search)",Staffing and Recruiting,,yes,Round 2: Blitz Find People scoped to company.linkedin_url (previously-unsourced companies from the full ICP company universe)
Star Human Resources,https://www.starhumanresources.com,https://www.linkedin.com/company/star-human-resources,Phoenix,US,17,">=$1,000,000 (revenue.min filter, exact value not returned by Blitz company-search)",Human Resources Services,,yes,Round 2: Blitz Find People scoped to company.linkedin_url (previously-unsourced companies from the full ICP company universe)
Star Industrial Services,https://www.starindustrialservices.com,https://www.linkedin.com/company/star-industrial-services,Nashville,US,19,">=$1,000,000 (revenue.min filter, exact value not returned by Blitz company-search)",Staffing and Recruiting,,yes,Round 2: Blitz Find People scoped to company.linkedin_url (previously-unsourced companies from the full ICP company universe)
Starpoint,https://www.starpointco.com,https://www.linkedin.com/company/starpointco,Canon City,US,135,">=$1,000,000 (revenue.min filter, exact value not returned by Blitz company-search)",Human Resources Services,,yes,Round 2: Blitz Find People scoped to company.linkedin_url (previously-unsourced companies from the full ICP company universe)
Stat Resources,https://www.statresources.com,https://www.linkedin.com/company/stat-resources,Murrysville,US,22,">=$1,000,000 (revenue.min filter, exact value not returned by Blitz company-search)",Staffing and Recruiting,,yes,Round 2: Blitz Find People scoped to company.linkedin_url (previously-unsourced companies from the full ICP company universe)
Steadman Brown,https://www.steadmanbrown.com,https://www.linkedin.com/company/steadman-brown,Dartford,GB,10,">=$1,000,000 (revenue.min filter, exact value not returned by Blitz company-search)",Staffing and Recruiting,,yes,Round 2: Blitz Find People scoped to company.linkedin_url (previously-unsourced companies from the full ICP company universe)
Steele Fitness,https://www.steelefitness.com,https://www.linkedin.com/company/steele-fitness,Chanhassen,US,14,">=$1,000,000 (revenue.min filter, exact value not returned by Blitz company-search)",Human Resources Services,,yes,Round 2: Blitz Find People scoped to company.linkedin_url (previously-unsourced companies from the full ICP company universe)
Sterling Medical Staffing Group,https://www.sterlingmedicalstaff.com,https://www.linkedin.com/company/sterling-medical-staffing-group,Cincinnati,US,226,">=$1,000,000 (revenue.min filter, exact value not returned by Blitz company-search)",Staffing and Recruiting,,yes,Round 2: Blitz Find People scoped to company.linkedin_url (previously-unsourced companies from the full ICP company universe)
Sterling Personnel,https://sterling-personnel.com,https://www.linkedin.com/company/sterling-personnel,Carrollton,US,90,">=$1,000,000 (revenue.min filter, exact value not returned by Blitz company-search)",Staffing and Recruiting,,yes,Round 2: Blitz Find People scoped to company.linkedin_url (previously-unsourced companies from the full ICP company universe)
"Stocker & Associates, Llc",https://stockerassociates.net,https://www.linkedin.com/company/stocker-&-associates-llc,Saint Petersburg,US,50,">=$1,000,000 (revenue.min filter, exact value not returned by Blitz company-search)",Staffing and Recruiting,,yes,Round 2: Blitz Find People scoped to company.linkedin_url (previously-unsourced companies from the full ICP company universe)
Stoicsit Llc,https://www.stoicsit.com,https://www.linkedin.com/company/stoicsit,Chesterfield,US,23,">=$1,000,000 (revenue.min filter, exact value not returned by Blitz company-search)",Staffing and Recruiting,,yes,Round 2: Blitz Find People scoped to company.linkedin_url (previously-unsourced companies from the full ICP company universe)
Strategic Contracting Services,https://strategiccontractingservices.com,https://www.linkedin.com/company/strategic-contracting-services,Pasadena,US,10,">=$1,000,000 (revenue.min filter, exact value not returned by Blitz company-search)",Human Resources Services,,yes,Round 2: Blitz Find People scoped to company.linkedin_url (previously-unsourced companies from the full ICP company universe)
Strategic Performance Group,https://www.strategicperformance.net,https://www.linkedin.com/company/strategic-performance-group,Vienna,US,14,">=$1,000,000 (revenue.min filter, exact value not returned by Blitz company-search)",Human Resources Services,,yes,Round 2: Blitz Find People scoped to company.linkedin_url (previously-unsourced companies from the full ICP company universe)
Strom Worldwide,https://www.stromworldwide.com,https://www.linkedin.com/company/stromworldwide,Tampa,US,10,">=$1,000,000 (revenue.min filter, exact value not returned by Blitz company-search)",Staffing and Recruiting,,yes,Round 2: Blitz Find People scoped to company.linkedin_url (previously-unsourced companies from the full ICP company universe)
Structure Personnel Inc,https://www.structurepersonnel.com,https://www.linkedin.com/company/structure-personnel-inc,Wadsworth,US,12,">=$1,000,000 (revenue.min filter, exact value not returned by Blitz company-search)",Staffing and Recruiting,,yes,Round 2: Blitz Find People scoped to company.linkedin_url (previously-unsourced companies from the full ICP company universe)
Sts Staffing,https://www.stsstaffing.com,https://www.linkedin.com/company/stsstaffing,Fridley,US,81,">=$1,000,000 (revenue.min filter, exact value not returned by Blitz company-search)",Staffing and Recruiting,,yes,Round 2: Blitz Find People scoped to company.linkedin_url (previously-unsourced companies from the full ICP company universe)
Suffern Free Library,https://www.suffernfreelibrary.org,https://www.linkedin.com/company/suffern-free-library,Suffern,US,18,">=$1,000,000 (revenue.min filter, exact value not returned by Blitz company-search)",Human Resources Services,,yes,Round 2: Blitz Find People scoped to company.linkedin_url (previously-unsourced companies from the full ICP company universe)
Sumas Corporation Inc,https://www.sumascorp.com,https://www.linkedin.com/company/sumas-corporation-incc,Plainsboro,US,49,">=$1,000,000 (revenue.min filter, exact value not returned by Blitz company-search)",Staffing and Recruiting,,yes,Round 2: Blitz Find People scoped to company.linkedin_url (previously-unsourced companies from the full ICP company universe)
Sunrise Health Services,https://www.sunrisehealthservices.ca,https://www.linkedin.com/company/sunrise-health-services,Stacy,US,19,">=$1,000,000 (revenue.min filter, exact value not returned by Blitz company-search)",Human Resources Services,,yes,Round 2: Blitz Find People scoped to company.linkedin_url (previously-unsourced companies from the full ICP company universe)
"Sunshine Personnel Solutions, Llc",https://sunshinepersonnelsolutions.com,https://www.linkedin.com/company/sunshine-personnel-solutions-llc,Houston,US,43,">=$1,000,000 (revenue.min filter, exact value not returned by Blitz company-search)",Staffing and Recruiting,,yes,Round 2: Blitz Find People scoped to company.linkedin_url (previously-unsourced companies from the full ICP company universe)
Sunsoft Services Inc,https://www.sunsoftusa.com,https://www.linkedin.com/company/sunsoft-services-inc,Jersey City,US,37,">=$1,000,000 (revenue.min filter, exact value not returned by Blitz company-search)",Staffing and Recruiting,,yes,Round 2: Blitz Find People scoped to company.linkedin_url (previously-unsourced companies from the full ICP company universe)
Superior Group,https://www.superiorgroup.com,https://www.linkedin.com/company/superiorgroup,Williamsville,US,755,">=$1,000,000 (revenue.min filter, exact value not returned by Blitz company-search)",Staffing and Recruiting,,yes,Round 2: Blitz Find People scoped to company.linkedin_url (previously-unsourced companies from the full ICP company universe)
Superiorhire,https://www.superiorhire.com,https://www.linkedin.com/company/superiorhire,Dallas,US,24,">=$1,000,000 (revenue.min filter, exact value not returned by Blitz company-search)",Staffing and Recruiting,,yes,Round 2: Blitz Find People scoped to company.linkedin_url (previously-unsourced companies from the full ICP company universe)
Superpumper Inc,https://www.superpumper.com,https://www.linkedin.com/company/superpumper-inc,Rapid City,US,35,">=$1,000,000 (revenue.min filter, exact value not returned by Blitz company-search)",Human Resources Services,,yes,Round 2: Blitz Find People scoped to company.linkedin_url (previously-unsourced companies from the full ICP company universe)
Supreme Consultants,https://www.supremeconsultants.com,https://www.linkedin.com/company/supreme-consultants,Rutherford,US,106,">=$1,000,000 (revenue.min filter, exact value not returned by Blitz company-search)",Staffing and Recruiting,,yes,Round 2: Blitz Find People scoped to company.linkedin_url (previously-unsourced companies from the full ICP company universe)
Supremesoft Corporation,https://www.supremenetsoft.com,https://www.linkedin.com/company/supremesoft-corporation,Vienna,US,59,">=$1,000,000 (revenue.min filter, exact value not returned by Blitz company-search)",Staffing and Recruiting,,yes,Round 2: Blitz Find People scoped to company.linkedin_url (previously-unsourced companies from the full ICP company universe)
"Surge Force, Llc",https://www.surge-force.com,https://www.linkedin.com/company/surge-force-llc,Norfolk,US,15,">=$1,000,000 (revenue.min filter, exact value not returned by Blitz company-search)",Staffing and Recruiting,,yes,Round 2: Blitz Find People scoped to company.linkedin_url (previously-unsourced companies from the full ICP company universe)
Surge Resources Inc,https://www.surgeresources.com,https://www.linkedin.com/company/surge-resources-inc-,Manchester,US,17,">=$1,000,000 (revenue.min filter, exact value not returned by Blitz company-search)",Human Resources Services,,yes,Round 2: Blitz Find People scoped to company.linkedin_url (previously-unsourced companies from the full ICP company universe)
Swan Legal Search,https://www.swanlegal.com,https://www.linkedin.com/company/swan-legal-search,,US,12,">=$1,000,000 (revenue.min filter, exact value not returned by Blitz company-search)",Staffing and Recruiting,,yes,Round 2: Blitz Find People scoped to company.linkedin_url (previously-unsourced companies from the full ICP company universe)
Synergy It Solutions,https://www.synergyits.com,https://www.linkedin.com/company/synergy-it-solutions,St. Louis,US,10,">=$1,000,000 (revenue.min filter, exact value not returned by Blitz company-search)",Staffing and Recruiting,,yes,Round 2: Blitz Find People scoped to company.linkedin_url (previously-unsourced companies from the full ICP company universe)
"Synergy Staffing Partners, Llc",https://synergystaffing4u.com,https://www.linkedin.com/company/synergy-staffing-partners-llc,Taylorsville,US,11,">=$1,000,000 (revenue.min filter, exact value not returned by Blitz company-search)",Staffing and Recruiting,,yes,Round 2: Blitz Find People scoped to company.linkedin_url (previously-unsourced companies from the full ICP company universe)
"Synergy Employment Group, Inc",https://www.synergyempgroup.com,https://www.linkedin.com/company/synergyemploymentgroupinc.,Lebanon,US,24,">=$1,000,000 (revenue.min filter, exact value not returned by Blitz company-search)",Staffing and Recruiting,,yes,Round 2: Blitz Find People scoped to company.linkedin_url (previously-unsourced companies from the full ICP company universe)
"Systemart, LLC",https://www.systemart.com,https://www.linkedin.com/company/systemart-llc,Parsippany,US,72,">=$1,000,000 (revenue.min filter, exact value not returned by Blitz company-search)",Staffing and Recruiting,,yes,Round 2: Blitz Find People scoped to company.linkedin_url (previously-unsourced companies from the full ICP company universe)
Systems Integration Solutions,https://www.sisinc.com,https://www.linkedin.com/company/systems-integration-solutions,San Ramon,US,70,">=$1,000,000 (revenue.min filter, exact value not returned by Blitz company-search)",Staffing and Recruiting,,yes,Round 2: Blitz Find People scoped to company.linkedin_url (previously-unsourced companies from the full ICP company universe)
Systems Pros,https://www.syspros.com,https://www.linkedin.com/company/systems-pros,Billerica,US,17,">=$1,000,000 (revenue.min filter, exact value not returned by Blitz company-search)",Staffing and Recruiting,,yes,Round 2: Blitz Find People scoped to company.linkedin_url (previously-unsourced companies from the full ICP company universe)
T Squared,https://www.tsquaredgroup.com,https://www.linkedin.com/company/t-squared,Denver,US,56,">=$1,000,000 (revenue.min filter, exact value not returned by Blitz company-search)",Staffing and Recruiting,,yes,Round 2: Blitz Find People scoped to company.linkedin_url (previously-unsourced companies from the full ICP company universe)
Tag44,https://www.tag44.com,https://www.linkedin.com/company/tag44,Miami,US,29,">=$1,000,000 (revenue.min filter, exact value not returned by Blitz company-search)",Staffing and Recruiting,,yes,Round 2: Blitz Find People scoped to company.linkedin_url (previously-unsourced companies from the full ICP company universe)
Talent House,https://www.talent-house.co,https://www.linkedin.com/company/talent-house-inc-,San Francisco,US,11,">=$1,000,000 (revenue.min filter, exact value not returned by Blitz company-search)",Staffing and Recruiting,,yes,Round 2: Blitz Find People scoped to company.linkedin_url (previously-unsourced companies from the full ICP company universe)
Talent Masters Staffing Llc,https://talentmastersstaffing.com,https://www.linkedin.com/company/talent-masters-staffing-llc,St Louis Park,US,11,">=$1,000,000 (revenue.min filter, exact value not returned by Blitz company-search)",Staffing and Recruiting,,yes,Round 2: Blitz Find People scoped to company.linkedin_url (previously-unsourced companies from the full ICP company universe)
Talenthunter,https://www.talenthunter.net,https://www.linkedin.com/company/talenthunter,Washington,US,12,">=$1,000,000 (revenue.min filter, exact value not returned by Blitz company-search)",Staffing and Recruiting,,yes,Round 2: Blitz Find People scoped to company.linkedin_url (previously-unsourced companies from the full ICP company universe)
Tallmadge & Hill Llc,https://www.corpga.com,https://www.linkedin.com/company/tallmadge-&-hill-co,Atlanta,US,10,">=$1,000,000 (revenue.min filter, exact value not returned by Blitz company-search)",Executive Search Services,,yes,Round 2: Blitz Find People scoped to company.linkedin_url (previously-unsourced companies from the full ICP company universe)
Talmo & Associates Inc,https://www.talmoinc.com,https://www.linkedin.com/company/talmoandassociatesinc,Torrance,US,14,">=$1,000,000 (revenue.min filter, exact value not returned by Blitz company-search)",Staffing and Recruiting,,yes,Round 2: Blitz Find People scoped to company.linkedin_url (previously-unsourced companies from the full ICP company universe)
"Target Temporaries, Inc",https://www.targettemporaries.com,https://www.linkedin.com/company/target-temporaries-inc-,Melville,US,15,">=$1,000,000 (revenue.min filter, exact value not returned by Blitz company-search)",Staffing and Recruiting,,yes,Round 2: Blitz Find People scoped to company.linkedin_url (previously-unsourced companies from the full ICP company universe)
Taskforce Staffing,https://www.taskforce1.com,https://www.linkedin.com/company/taskforce-staffing-inc-,Fredericksburg,US,15,">=$1,000,000 (revenue.min filter, exact value not returned by Blitz company-search)",Staffing and Recruiting,,yes,Round 2: Blitz Find People scoped to company.linkedin_url (previously-unsourced companies from the full ICP company universe)
Taylor & Associates,https://www.taylorlib.com,https://www.linkedin.com/company/taylor-&-associates-library-management-&-personnel-services,Albany,US,42,">=$1,000,000 (revenue.min filter, exact value not returned by Blitz company-search)",Staffing and Recruiting,,yes,Round 2: Blitz Find People scoped to company.linkedin_url (previously-unsourced companies from the full ICP company universe)
Taylor Hodson Staffing,https://www.taylorhodson.com,https://www.linkedin.com/company/taylor-hodson,New York,US,42,">=$1,000,000 (revenue.min filter, exact value not returned by Blitz company-search)",Staffing and Recruiting,,yes,Round 2: Blitz Find People scoped to company.linkedin_url (previously-unsourced companies from the full ICP company universe)
"TAYLOR TECHNICAL SERVICES, INC.",https://www.taylortechnical.com,https://www.linkedin.com/company/taylor-technical-services-inc-,Sugar Land,US,48,">=$1,000,000 (revenue.min filter, exact value not returned by Blitz company-search)",Staffing and Recruiting,,yes,Round 2: Blitz Find People scoped to company.linkedin_url (previously-unsourced companies from the full ICP company universe)
Tdl Staffing,https://tdlstaffing.com,https://www.linkedin.com/company/tdlstaffing,Fairbanks,US,24,">=$1,000,000 (revenue.min filter, exact value not returned by Blitz company-search)",Staffing and Recruiting,,yes,Round 2: Blitz Find People scoped to company.linkedin_url (previously-unsourced companies from the full ICP company universe)
"Teachers On Call, A Kelly Services Company",https://teachersoncall.com,https://www.linkedin.com/company/teachersoncall,Bloomington,US,1171,">=$1,000,000 (revenue.min filter, exact value not returned by Blitz company-search)",Staffing and Recruiting,,yes,Round 2: Blitz Find People scoped to company.linkedin_url (previously-unsourced companies from the full ICP company universe)
Teamglobal,https://www.teamglobal.com,https://www.linkedin.com/company/teamglobal,Fort Worth,US,113,">=$1,000,000 (revenue.min filter, exact value not returned by Blitz company-search)",Staffing and Recruiting,,yes,Round 2: Blitz Find People scoped to company.linkedin_url (previously-unsourced companies from the full ICP company universe)
Teamquest Staffing,https://teamqueststaffing.com,https://www.linkedin.com/company/teamquest-staffing,Anaheim,US,41,">=$1,000,000 (revenue.min filter, exact value not returned by Blitz company-search)",Staffing and Recruiting,,yes,Round 2: Blitz Find People scoped to company.linkedin_url (previously-unsourced companies from the full ICP company universe)
Tec Staffing Career Solutions,https://www.tecjobs.net,https://www.linkedin.com/company/tec-staffing-services,Fort Smith,US,131,">=$1,000,000 (revenue.min filter, exact value not returned by Blitz company-search)",Staffing and Recruiting,,yes,Round 2: Blitz Find People scoped to company.linkedin_url (previously-unsourced companies from the full ICP company universe)
The Finders,https://www.the-finders.com,https://www.linkedin.com/company/tech-finders,Scottsdale,US,131,">=$1,000,000 (revenue.min filter, exact value not returned by Blitz company-search)",Staffing and Recruiting,,yes,Round 2: Blitz Find People scoped to company.linkedin_url (previously-unsourced companies from the full ICP company universe)
Techdigital,https://www.techdigitalcorp.com,https://www.linkedin.com/company/techdigital-corporation,Burnsville,US,204,">=$1,000,000 (revenue.min filter, exact value not returned by Blitz company-search)",Staffing and Recruiting,,yes,Round 2: Blitz Find People scoped to company.linkedin_url (previously-unsourced companies from the full ICP company universe)
Technical Solutions Inc.,https://www.tsiwork.com,https://www.linkedin.com/company/technical-solutions-inc._2,Murrysville,US,18,">=$1,000,000 (revenue.min filter, exact value not returned by Blitz company-search)",Staffing and Recruiting,,yes,Round 2: Blitz Find People scoped to company.linkedin_url (previously-unsourced companies from the full ICP company universe)
Technical Works,https://www.technicalworksinc.com,https://www.linkedin.com/company/technical-works-inc.,City Of Industry,US,41,">=$1,000,000 (revenue.min filter, exact value not returned by Blitz company-search)",Staffing and Recruiting,,yes,Round 2: Blitz Find People scoped to company.linkedin_url (previously-unsourced companies from the full ICP company universe)
Technical Staffing Resources,https://www.technicalstaffingresources.com,https://www.linkedin.com/company/technicalstaffingresources,Houston,US,364,">=$1,000,000 (revenue.min filter, exact value not returned by Blitz company-search)",Staffing and Recruiting,,yes,Round 2: Blitz Find People scoped to company.linkedin_url (previously-unsourced companies from the full ICP company universe)
TechTrueUp,https://www.techtrueup.com,https://www.linkedin.com/company/techtrueup,Naples,US,23,">=$1,000,000 (revenue.min filter, exact value not returned by Blitz company-search)",Human Resources Services,,yes,Round 2: Blitz Find People scoped to company.linkedin_url (previously-unsourced companies from the full ICP company universe)
Tektalent Inc,https://www.tektalentinc.com,https://www.linkedin.com/company/tektalent-inc,San Jose,US,44,">=$1,000,000 (revenue.min filter, exact value not returned by Blitz company-search)",Staffing and Recruiting,,yes,Round 2: Blitz Find People scoped to company.linkedin_url (previously-unsourced companies from the full ICP company universe)
Temp-To-Hire Staffing Services,https://www.temptohireinc.com,https://www.linkedin.com/company/temp-to-hire-staffing-services,Atlanta,US,134,">=$1,000,000 (revenue.min filter, exact value not returned by Blitz company-search)",Staffing and Recruiting,,yes,Round 2: Blitz Find People scoped to company.linkedin_url (previously-unsourced companies from the full ICP company universe)
Temp Unlimited,https://www.tempunlimited.com,https://www.linkedin.com/company/temp-unlimited,Cerritos,US,11,">=$1,000,000 (revenue.min filter, exact value not returned by Blitz company-search)",Staffing and Recruiting,,yes,Round 2: Blitz Find People scoped to company.linkedin_url (previously-unsourced companies from the full ICP company universe)
TempExperts,https://www.tempexperts.com,https://www.linkedin.com/company/tempexperts,Clearwater,US,13,">=$1,000,000 (revenue.min filter, exact value not returned by Blitz company-search)",Staffing and Recruiting,,yes,Round 2: Blitz Find People scoped to company.linkedin_url (previously-unsourced companies from the full ICP company universe)
Tempforce,https://www.tempforcestaffing.com,https://www.linkedin.com/company/tempforce-smart-staffing-solutions,Anniston,US,56,">=$1,000,000 (revenue.min filter, exact value not returned by Blitz company-search)",Staffing and Recruiting,,yes,Round 2: Blitz Find People scoped to company.linkedin_url (previously-unsourced companies from the full ICP company universe)
Temporarily Yours,https://www.tyiseattle.com,https://www.linkedin.com/company/temporarily-yours,Seattle,US,35,">=$1,000,000 (revenue.min filter, exact value not returned by Blitz company-search)",Staffing and Recruiting,,yes,Round 2: Blitz Find People scoped to company.linkedin_url (previously-unsourced companies from the full ICP company universe)
"Temporary Apartment Management, Inc",https://www.tamatlanta.com,https://www.linkedin.com/company/temporary-apartment-management-inc-,Suwanee,US,40,">=$1,000,000 (revenue.min filter, exact value not returned by Blitz company-search)",Staffing and Recruiting,,yes,Round 2: Blitz Find People scoped to company.linkedin_url (previously-unsourced companies from the full ICP company universe)
"Tempstar Staffing - York, Hanover, Lancaster, & Reading, Pa",https://www.tempstarstaffing.com,https://www.linkedin.com/company/tempstar-staffing,York,US,116,">=$1,000,000 (revenue.min filter, exact value not returned by Blitz company-search)",Staffing and Recruiting,,yes,Round 2: Blitz Find People scoped to company.linkedin_url (previously-unsourced companies from the full ICP company universe)
"Tennessee Valley Training Center, Inc",https://tvtc.org,https://www.linkedin.com/company/tennessee-valley-training-center-inc,Decatur,US,23,">=$1,000,000 (revenue.min filter, exact value not returned by Blitz company-search)",Staffing and Recruiting,,yes,Round 2: Blitz Find People scoped to company.linkedin_url (previously-unsourced companies from the full ICP company universe)
Blue Arbor,https://www.bluearbor.com,https://www.linkedin.com/company/tesi---staffing-and-employee-screening-services,New Bern,US,57,">=$1,000,000 (revenue.min filter, exact value not returned by Blitz company-search)",Staffing and Recruiting,,yes,Round 2: Blitz Find People scoped to company.linkedin_url (previously-unsourced companies from the full ICP company universe)
Texas Apartment Services,https://www.texasapartmentservices.net,https://www.linkedin.com/company/texas-apartment-services,Bedford,US,22,">=$1,000,000 (revenue.min filter, exact value not returned by Blitz company-search)",Staffing and Recruiting,,yes,Round 2: Blitz Find People scoped to company.linkedin_url (previously-unsourced companies from the full ICP company universe)
"That's Good HR, Inc.",https://www.thatsgoodhr.com,https://www.linkedin.com/company/thats-good-hr-inc,Indianapolis,US,62,">=$1,000,000 (revenue.min filter, exact value not returned by Blitz company-search)",Staffing and Recruiting,,yes,Round 2: Blitz Find People scoped to company.linkedin_url (previously-unsourced companies from the full ICP company universe)
The Albrecht Group,https://www.agroupnc.com,https://www.linkedin.com/company/the-albrecht-group,Cary,US,28,">=$1,000,000 (revenue.min filter, exact value not returned by Blitz company-search)",Human Resources Services,,yes,Round 2: Blitz Find People scoped to company.linkedin_url (previously-unsourced companies from the full ICP company universe)
The Alpha Group Inc,https://www.thealphagroup.com,https://www.linkedin.com/company/the-alpha-group-inc,Norton,US,38,">=$1,000,000 (revenue.min filter, exact value not returned by Blitz company-search)",Staffing and Recruiting,,yes,Round 2: Blitz Find People scoped to company.linkedin_url (previously-unsourced companies from the full ICP company universe)
The Arc of Cumberland & Perry Counties (CPARC),https://www.cparc.org,https://www.linkedin.com/company/the-arc-of-cumberland-&-perry-counties-cparc-,Carlisle,US,142,">=$1,000,000 (revenue.min filter, exact value not returned by Blitz company-search)",Human Resources Services,,yes,Round 2: Blitz Find People scoped to company.linkedin_url (previously-unsourced companies from the full ICP company universe)
The Ashlar Group,https://www.theashlargrp.com,https://www.linkedin.com/company/the-ashlar-group,New York,US,18,">=$1,000,000 (revenue.min filter, exact value not returned by Blitz company-search)",Staffing and Recruiting,,yes,Round 2: Blitz Find People scoped to company.linkedin_url (previously-unsourced companies from the full ICP company universe)
"The Aspen Group, Inc",https://www.theaspengroupinc.com,https://www.linkedin.com/company/the-aspen-group,Silver Spring,US,35,">=$1,000,000 (revenue.min filter, exact value not returned by Blitz company-search)",Staffing and Recruiting,,yes,Round 2: Blitz Find People scoped to company.linkedin_url (previously-unsourced companies from the full ICP company universe)
The Best Connection Group Limited,https://www.thebestconnection.co.uk,https://www.linkedin.com/company/the-best-connection-group-limited,Bromsgrove,GB,32,">=$1,000,000 (revenue.min filter, exact value not returned by Blitz company-search)",Staffing and Recruiting,,yes,Round 2: Blitz Find People scoped to company.linkedin_url (previously-unsourced companies from the full ICP company universe)
The Blackwell Group,https://www.blackwellgroup.com,https://www.linkedin.com/company/the-blackwell-group,Eatontown,US,13,">=$1,000,000 (revenue.min filter, exact value not returned by Blitz company-search)",Staffing and Recruiting,,yes,Round 2: Blitz Find People scoped to company.linkedin_url (previously-unsourced companies from the full ICP company universe)
The Call Center Group A-Z,https://www.thecallcentergroupa-z.com,https://www.linkedin.com/company/the-call-center-group-a-z,Phoenix,US,224,">=$1,000,000 (revenue.min filter, exact value not returned by Blitz company-search)",Staffing and Recruiting,,yes,Round 2: Blitz Find People scoped to company.linkedin_url (previously-unsourced companies from the full ICP company universe)
Callos Resource,https://www.callos.com,https://www.linkedin.com/company/the-callos-companies,Youngstown,US,164,">=$1,000,000 (revenue.min filter, exact value not returned by Blitz company-search)",Staffing and Recruiting,,yes,Round 2: Blitz Find People scoped to company.linkedin_url (previously-unsourced companies from the full ICP company universe)
The Cambridge Group Ltd,https://www.cambridgegroup.com,https://www.linkedin.com/company/the-cambridge-group-ltd,Westport,US,18,">=$1,000,000 (revenue.min filter, exact value not returned by Blitz company-search)",Staffing and Recruiting,,yes,Round 2: Blitz Find People scoped to company.linkedin_url (previously-unsourced companies from the full ICP company universe)
"The Charis Group, Llc",https://www.thecharisgroupllc.com,https://www.linkedin.com/company/the-charis-group,Richmond,US,12,">=$1,000,000 (revenue.min filter, exact value not returned by Blitz company-search)",Staffing and Recruiting,,yes,Round 2: Blitz Find People scoped to company.linkedin_url (previously-unsourced companies from the full ICP company universe)
The Choice Group,https://www.thechoicegroup.com,https://www.linkedin.com/company/the-choice-group,Richmond,US,78,">=$1,000,000 (revenue.min filter, exact value not returned by Blitz company-search)",Staffing and Recruiting,,yes,Round 2: Blitz Find People scoped to company.linkedin_url (previously-unsourced companies from the full ICP company universe)
The Ck Hobbie Group,https://www.theckhobbiegroup.com,https://www.linkedin.com/company/the-ckhobbie-group,Allentown,US,39,">=$1,000,000 (revenue.min filter, exact value not returned by Blitz company-search)",Staffing and Recruiting,,yes,Round 2: Blitz Find People scoped to company.linkedin_url (previously-unsourced companies from the full ICP company universe)
The Clarks Group,https://www.theclarksgroup.com,https://www.linkedin.com/company/the-clarks-group,Winston-Salem,US,24,">=$1,000,000 (revenue.min filter, exact value not returned by Blitz company-search)",Staffing and Recruiting,,yes,Round 2: Blitz Find People scoped to company.linkedin_url (previously-unsourced companies from the full ICP company universe)
"The Coastal Group, Inc",https://www.thecoastalgroupinc.com,https://www.linkedin.com/company/the-coastal-group-inc.,Coral Gables,US,49,">=$1,000,000 (revenue.min filter, exact value not returned by Blitz company-search)",Staffing and Recruiting,,yes,Round 2: Blitz Find People scoped to company.linkedin_url (previously-unsourced companies from the full ICP company universe)
The Colonial Group,https://colonialgrp.com,https://www.linkedin.com/company/the-colonial-group,Williamsburg,US,37,">=$1,000,000 (revenue.min filter, exact value not returned by Blitz company-search)",Staffing and Recruiting,,yes,Round 2: Blitz Find People scoped to company.linkedin_url (previously-unsourced companies from the full ICP company universe)
Curare Physician Recruiting,https://www.physicianrecruiting.com,https://www.linkedin.com/company/the-curare-group,Bloomington,US,55,">=$1,000,000 (revenue.min filter, exact value not returned by Blitz company-search)",Staffing and Recruiting,,yes,Round 2: Blitz Find People scoped to company.linkedin_url (previously-unsourced companies from the full ICP company universe)
The E Group.,https://goegroup.com,https://www.linkedin.com/company/the-e-group-,Birmingham,US,43,">=$1,000,000 (revenue.min filter, exact value not returned by Blitz company-search)",Staffing and Recruiting,,yes,Round 2: Blitz Find People scoped to company.linkedin_url (previously-unsourced companies from the full ICP company universe)
The Edna House For Women Inc,https://ednahouse.org,https://www.linkedin.com/company/the-edna-house-for-women-inc,Cleveland,US,10,">=$1,000,000 (revenue.min filter, exact value not returned by Blitz company-search)",Human Resources Services,,yes,Round 2: Blitz Find People scoped to company.linkedin_url (previously-unsourced companies from the full ICP company universe)
The Execu Search Group,https://www.execu-search.com,https://www.linkedin.com/company/the-execusearch-group,New York,US,257,">=$1,000,000 (revenue.min filter, exact value not returned by Blitz company-search)",Staffing and Recruiting,,yes,Round 2: Blitz Find People scoped to company.linkedin_url (previously-unsourced companies from the full ICP company universe)
The Franklin Company,https://www.franklin-tech.com,https://www.linkedin.com/company/the-franklin-company-staffing,Broomall,US,13,">=$1,000,000 (revenue.min filter, exact value not returned by Blitz company-search)",Staffing and Recruiting,,yes,Round 2: Blitz Find People scoped to company.linkedin_url (previously-unsourced companies from the full ICP company universe)
The Greenwood Group,https://www.mrgreenwood.com,https://www.linkedin.com/company/the-greenwood-group,Springboro,US,21,">=$1,000,000 (revenue.min filter, exact value not returned by Blitz company-search)",Staffing and Recruiting,,yes,Round 2: Blitz Find People scoped to company.linkedin_url (previously-unsourced companies from the full ICP company universe)
The Halcyon Group,https://www.halcyongroup.net,https://www.linkedin.com/company/the-halcyon-group,,US,10,">=$1,000,000 (revenue.min filter, exact value not returned by Blitz company-search)",Staffing and Recruiting,,yes,Round 2: Blitz Find People scoped to company.linkedin_url (previously-unsourced companies from the full ICP company universe)
The Hart Group,https://www.thehartgroup.com,https://www.linkedin.com/company/the-hart-group,Atlanta,US,36,">=$1,000,000 (revenue.min filter, exact value not returned by Blitz company-search)",Staffing and Recruiting,,yes,Round 2: Blitz Find People scoped to company.linkedin_url (previously-unsourced companies from the full ICP company universe)
The Hopkins Group,https://www.hopkinshr.com,https://www.linkedin.com/company/the-hopkins-group,Dallas,US,10,">=$1,000,000 (revenue.min filter, exact value not returned by Blitz company-search)",Human Resources Services,,yes,Round 2: Blitz Find People scoped to company.linkedin_url (previously-unsourced companies from the full ICP company universe)
"The Howard Group, Inc",https://www.thehowardgroup.com,https://www.linkedin.com/company/the-howard-group-inc.,Overland Park,US,10,">=$1,000,000 (revenue.min filter, exact value not returned by Blitz company-search)",Staffing and Recruiting,,yes,Round 2: Blitz Find People scoped to company.linkedin_url (previously-unsourced companies from the full ICP company universe)
The Hr Blockchain,https://www.thehrblockchain.com,https://www.linkedin.com/company/the-hr-blockchain,Austin,US,86,">=$1,000,000 (revenue.min filter, exact value not returned by Blitz company-search)",Human Resources Services,,yes,Round 2: Blitz Find People scoped to company.linkedin_url (previously-unsourced companies from the full ICP company universe)
The Job Network,https://www.thejobnetwork.com,https://www.linkedin.com/company/the-job-network,New York,US,84,">=$1,000,000 (revenue.min filter, exact value not returned by Blitz company-search)",Staffing and Recruiting,,yes,Round 2: Blitz Find People scoped to company.linkedin_url (previously-unsourced companies from the full ICP company universe)
The Job Shop,https://www.jobshopsf.com,https://www.linkedin.com/company/the-job-shop,San Francisco,US,103,">=$1,000,000 (revenue.min filter, exact value not returned by Blitz company-search)",Staffing and Recruiting,,yes,Round 2: Blitz Find People scoped to company.linkedin_url (previously-unsourced companies from the full ICP company universe)
The Kpm Group,https://www.thekpmgroup.com,https://www.linkedin.com/company/the-kpm-group,Livonia,US,21,">=$1,000,000 (revenue.min filter, exact value not returned by Blitz company-search)",Staffing and Recruiting,,yes,Round 2: Blitz Find People scoped to company.linkedin_url (previously-unsourced companies from the full ICP company universe)
The Lindquist Group,https://www.thelindquistgroup.com,https://www.linkedin.com/company/the-lindquist-group,New York,US,15,">=$1,000,000 (revenue.min filter, exact value not returned by Blitz company-search)",Staffing and Recruiting,,yes,Round 2: Blitz Find People scoped to company.linkedin_url (previously-unsourced companies from the full ICP company universe)
The Maven Group,https://www.themavengroup.com,https://www.linkedin.com/company/the-maven-group,Apex,US,28,">=$1,000,000 (revenue.min filter, exact value not returned by Blitz company-search)",Staffing and Recruiting,,yes,Round 2: Blitz Find People scoped to company.linkedin_url (previously-unsourced companies from the full ICP company universe)
The Mccandlish Group,https://www.mccandlishgroup.com,https://www.linkedin.com/company/the-mccandlish-group,Columbus,US,19,">=$1,000,000 (revenue.min filter, exact value not returned by Blitz company-search)",Staffing and Recruiting,,yes,Round 2: Blitz Find People scoped to company.linkedin_url (previously-unsourced companies from the full ICP company universe)
The Myers Group,https://www.myersgroupinc.com,https://www.linkedin.com/company/the-myers-group,Bourbonnais,US,42,">=$1,000,000 (revenue.min filter, exact value not returned by Blitz company-search)",Human Resources Services,,yes,Round 2: Blitz Find People scoped to company.linkedin_url (previously-unsourced companies from the full ICP company universe)
The Pacific Firm,https://www.pacfirm.com,https://www.linkedin.com/company/the-pacific-firm,San Francisco,US,11,">=$1,000,000 (revenue.min filter, exact value not returned by Blitz company-search)",Staffing and Recruiting,,yes,Round 2: Blitz Find People scoped to company.linkedin_url (previously-unsourced companies from the full ICP company universe)
The Peak Organization,https://www.peakorg.com,https://www.linkedin.com/company/the-peak-organization,New York,US,442,">=$1,000,000 (revenue.min filter, exact value not returned by Blitz company-search)",Staffing and Recruiting,,yes,Round 2: Blitz Find People scoped to company.linkedin_url (previously-unsourced companies from the full ICP company universe)
"The Personnel Store, Inc",https://www.thepersonnelstore.com,https://www.linkedin.com/company/the-personnel-store-inc,Austin,US,68,">=$1,000,000 (revenue.min filter, exact value not returned by Blitz company-search)",Staffing and Recruiting,,yes,Round 2: Blitz Find People scoped to company.linkedin_url (previously-unsourced companies from the full ICP company universe)
The Phoenix Staffing,https://www.thephoenixstaffing.com,https://www.linkedin.com/company/the-phoenix-recruiters,Las Vegas,US,74,">=$1,000,000 (revenue.min filter, exact value not returned by Blitz company-search)",Staffing and Recruiting,,yes,Round 2: Blitz Find People scoped to company.linkedin_url (previously-unsourced companies from the full ICP company universe)
The Pre-Check Company,https://www.pre-check.com,https://www.linkedin.com/company/the-pre-check-company,Westlake,US,16,">=$1,000,000 (revenue.min filter, exact value not returned by Blitz company-search)",Human Resources Services,,yes,Round 2: Blitz Find People scoped to company.linkedin_url (previously-unsourced companies from the full ICP company universe)
The Prout Group,https://www.proutgroup.com,https://www.linkedin.com/company/the-prout-group,Cleveland,US,13,">=$1,000,000 (revenue.min filter, exact value not returned by Blitz company-search)",Staffing and Recruiting,,yes,Round 2: Blitz Find People scoped to company.linkedin_url (previously-unsourced companies from the full ICP company universe)
The Quest Group,https://www.questgroupstaffing.com,https://www.linkedin.com/company/the-quest-group,Frisco,US,29,">=$1,000,000 (revenue.min filter, exact value not returned by Blitz company-search)",Staffing and Recruiting,,yes,Round 2: Blitz Find People scoped to company.linkedin_url (previously-unsourced companies from the full ICP company universe)
The Reference Company,https://www.referencecompany.com,https://www.linkedin.com/company/the-reference-company,Clinton Township,US,17,">=$1,000,000 (revenue.min filter, exact value not returned by Blitz company-search)",Human Resources Services,,yes,Round 2: Blitz Find People scoped to company.linkedin_url (previously-unsourced companies from the full ICP company universe)
"The Resource Connection, Inc",https://www.resource-connection.com,https://www.linkedin.com/company/the-resource-connection,Middleton,US,36,">=$1,000,000 (revenue.min filter, exact value not returned by Blitz company-search)",Staffing and Recruiting,,yes,Round 2: Blitz Find People scoped to company.linkedin_url (previously-unsourced companies from the full ICP company universe)
The Specialists Group Llc,https://tsgstaff.com,https://www.linkedin.com/company/the-specialists-group-llc,Wichita,US,25,">=$1,000,000 (revenue.min filter, exact value not returned by Blitz company-search)",Staffing and Recruiting,,yes,Round 2: Blitz Find People scoped to company.linkedin_url (previously-unsourced companies from the full ICP company universe)
The Staffing Solutions Group,https://www.thessg.com,https://www.linkedin.com/company/the-staffing-solutions-group,Pleasant Hill,US,27,">=$1,000,000 (revenue.min filter, exact value not returned by Blitz company-search)",Staffing and Recruiting,,yes,Round 2: Blitz Find People scoped to company.linkedin_url (previously-unsourced companies from the full ICP company universe)
The Steely Group,https://www.thesteelygroup.com,https://www.linkedin.com/company/the-steely-group,La Grange,US,31,">=$1,000,000 (revenue.min filter, exact value not returned by Blitz company-search)",Staffing and Recruiting,,yes,Round 2: Blitz Find People scoped to company.linkedin_url (previously-unsourced companies from the full ICP company universe)
The Summers Holland Group,https://www.summersholland.com,https://www.linkedin.com/company/the-summers-holland-group,Canton,US,10,">=$1,000,000 (revenue.min filter, exact value not returned by Blitz company-search)",Staffing and Recruiting,,yes,Round 2: Blitz Find People scoped to company.linkedin_url (previously-unsourced companies from the full ICP company universe)
The Supporting Cast Inc,https://www.heartofthehouse.com,https://www.linkedin.com/company/the-supporting-cast,New York,US,33,">=$1,000,000 (revenue.min filter, exact value not returned by Blitz company-search)",Staffing and Recruiting,,yes,Round 2: Blitz Find People scoped to company.linkedin_url (previously-unsourced companies from the full ICP company universe)
The Temp Connection,https://www.thetempconnection.com,https://www.linkedin.com/company/the-temp-connection,Tucson,US,22,">=$1,000,000 (revenue.min filter, exact value not returned by Blitz company-search)",Staffing and Recruiting,,yes,Round 2: Blitz Find People scoped to company.linkedin_url (previously-unsourced companies from the full ICP company universe)
The TemPositions Group of Companies,https://www.tempositions.com,https://www.linkedin.com/company/the-tempositions-group-of-companies,,US,399,">=$1,000,000 (revenue.min filter, exact value not returned by Blitz company-search)",Staffing and Recruiting,,yes,Round 2: Blitz Find People scoped to company.linkedin_url (previously-unsourced companies from the full ICP company universe)
"The Tico Group, Llc",https://www.hrtico.com,https://www.linkedin.com/company/the-tico-group-llc,New York,US,50,">=$1,000,000 (revenue.min filter, exact value not returned by Blitz company-search)",Human Resources Services,,yes,Round 2: Blitz Find People scoped to company.linkedin_url (previously-unsourced companies from the full ICP company universe)
"The Training Connection, Inc",https://www.thetrainingconnection.com,https://www.linkedin.com/company/the-training-connection-inc,Woodbridge,US,10,">=$1,000,000 (revenue.min filter, exact value not returned by Blitz company-search)",Human Resources Services,,yes,Round 2: Blitz Find People scoped to company.linkedin_url (previously-unsourced companies from the full ICP company universe)
The VET Recruiter,https://thevetrecruiter.com,https://www.linkedin.com/company/the-vet-recruiter,,US,23,">=$1,000,000 (revenue.min filter, exact value not returned by Blitz company-search)",Staffing and Recruiting,,yes,Round 2: Blitz Find People scoped to company.linkedin_url (previously-unsourced companies from the full ICP company universe)
The Wellspring Group,https://www.wellspringgrp.com,https://www.linkedin.com/company/the-wellspring-group,Shelton,US,12,">=$1,000,000 (revenue.min filter, exact value not returned by Blitz company-search)",Staffing and Recruiting,,yes,Round 2: Blitz Find People scoped to company.linkedin_url (previously-unsourced companies from the full ICP company universe)
The Woodmansee Group,https://www.woodmanseegroup.com,https://www.linkedin.com/company/the-woodmansee-group,Commerce,US,14,">=$1,000,000 (revenue.min filter, exact value not returned by Blitz company-search)",Executive Search Services,,yes,Round 2: Blitz Find People scoped to company.linkedin_url (previously-unsourced companies from the full ICP company universe)
The Woods Group,https://www.thewoodsgroup.net,https://www.linkedin.com/company/the-woods-group,Summit,US,30,">=$1,000,000 (revenue.min filter, exact value not returned by Blitz company-search)",Staffing and Recruiting,,yes,Round 2: Blitz Find People scoped to company.linkedin_url (previously-unsourced companies from the full ICP company universe)
The WorkPlace Group,https://www.workplacegroup.com,https://www.linkedin.com/company/the-workplace-group,Florham Park,US,37,">=$1,000,000 (revenue.min filter, exact value not returned by Blitz company-search)",Human Resources Services,,yes,Round 2: Blitz Find People scoped to company.linkedin_url (previously-unsourced companies from the full ICP company universe)
Millenium Staffing Solutions,https://www.milleniumstaff.com,https://www.linkedin.com/company/thebachrachgroup,Las Vegas,US,116,">=$1,000,000 (revenue.min filter, exact value not returned by Blitz company-search)",Staffing and Recruiting,,yes,Round 2: Blitz Find People scoped to company.linkedin_url (previously-unsourced companies from the full ICP company universe)
The Hired Guns,https://www.thehiredguns.com,https://www.linkedin.com/company/thehiredguns,New York,US,47,">=$1,000,000 (revenue.min filter, exact value not returned by Blitz company-search)",Staffing and Recruiting,,yes,Round 2: Blitz Find People scoped to company.linkedin_url (previously-unsourced companies from the full ICP company universe)
Themigroup,https://www.weichertworkforcemobility.com,https://www.linkedin.com/company/themigroup,Whippany,US,137,">=$1,000,000 (revenue.min filter, exact value not returned by Blitz company-search)",Human Resources Services,,yes,Round 2: Blitz Find People scoped to company.linkedin_url (previously-unsourced companies from the full ICP company universe)
Therapy Consultants Inc,https://therapyconsultantsinc.com,https://www.linkedin.com/company/therapy-consultants-inc-,Houston,US,18,">=$1,000,000 (revenue.min filter, exact value not returned by Blitz company-search)",Staffing and Recruiting,,yes,Round 2: Blitz Find People scoped to company.linkedin_url (previously-unsourced companies from the full ICP company universe)
"Resume Place, Inc",https://www.resume-place.com,https://www.linkedin.com/company/theresumeplace,Catonsville,US,16,">=$1,000,000 (revenue.min filter, exact value not returned by Blitz company-search)",Human Resources Services,,yes,Round 2: Blitz Find People scoped to company.linkedin_url (previously-unsourced companies from the full ICP company universe)
Third Level Crisis Intervention Center,https://www.thirdlevel.org,https://www.linkedin.com/company/third-level-crisis-intervention-center,Traverse City,US,15,">=$1,000,000 (revenue.min filter, exact value not returned by Blitz company-search)",Human Resources Services,,yes,Round 2: Blitz Find People scoped to company.linkedin_url (previously-unsourced companies from the full ICP company universe)
Thorndale Partners,https://www.thorndalepartners.com,https://www.linkedin.com/company/thorndale-partners,Brentwood,US,10,">=$1,000,000 (revenue.min filter, exact value not returned by Blitz company-search)",Staffing and Recruiting,,yes,Round 2: Blitz Find People scoped to company.linkedin_url (previously-unsourced companies from the full ICP company universe)
Timeline Staffing Llc,https://timelinestaffing.com,https://www.linkedin.com/company/timeline-staffing-llc,Arlington,US,26,">=$1,000,000 (revenue.min filter, exact value not returned by Blitz company-search)",Human Resources Services,,yes,Round 2: Blitz Find People scoped to company.linkedin_url (previously-unsourced companies from the full ICP company universe)
Titanium Health,https://www.titaniumhealth.com,https://www.linkedin.com/company/titaniumhealthexecutivesearch,New York,US,22,">=$1,000,000 (revenue.min filter, exact value not returned by Blitz company-search)",Staffing and Recruiting,,yes,Round 2: Blitz Find People scoped to company.linkedin_url (previously-unsourced companies from the full ICP company universe)
Tlc Travel Staff,https://www.tlctravelstaff.com,https://www.linkedin.com/company/tlctravelstaff,Perry,US,58,">=$1,000,000 (revenue.min filter, exact value not returned by Blitz company-search)",Staffing and Recruiting,,yes,Round 2: Blitz Find People scoped to company.linkedin_url (previously-unsourced companies from the full ICP company universe)
Total Medical Personnel Staffing,https://www.tmpsok.com,https://www.linkedin.com/company/tmpsok,Oklahoma City,US,137,">=$1,000,000 (revenue.min filter, exact value not returned by Blitz company-search)",Staffing and Recruiting,,yes,Round 2: Blitz Find People scoped to company.linkedin_url (previously-unsourced companies from the full ICP company universe)
TOP Group - Japanese Recruiting Agency,https://top-us.com,https://www.linkedin.com/company/top-japanese-recruiting-agency,New York,US,127,">=$1,000,000 (revenue.min filter, exact value not returned by Blitz company-search)",Staffing and Recruiting,,yes,Round 2: Blitz Find People scoped to company.linkedin_url (previously-unsourced companies from the full ICP company universe)
"Top Notch Personnel, Inc",https://www.topnotchpersonnel.com,https://www.linkedin.com/company/top-notch-personnel-inc,Corsicana,US,16,">=$1,000,000 (revenue.min filter, exact value not returned by Blitz company-search)",Staffing and Recruiting,,yes,Round 2: Blitz Find People scoped to company.linkedin_url (previously-unsourced companies from the full ICP company universe)
Toptalent Staffing,https://www.toptalentusa.com,https://www.linkedin.com/company/top-talent-staffing,Orlando,US,26,">=$1,000,000 (revenue.min filter, exact value not returned by Blitz company-search)",Staffing and Recruiting,,yes,Round 2: Blitz Find People scoped to company.linkedin_url (previously-unsourced companies from the full ICP company universe)
Top To Bottom,https://thinkttb.com,https://www.linkedin.com/company/top-to-bottom,Rolling Hills Estates,US,102,">=$1,000,000 (revenue.min filter, exact value not returned by Blitz company-search)",Staffing and Recruiting,,yes,Round 2: Blitz Find People scoped to company.linkedin_url (previously-unsourced companies from the full ICP company universe)
Topp Knotch Personnel,https://www.tkpsi.com,https://www.linkedin.com/company/topp-knotch-personnel,Gretna,US,30,">=$1,000,000 (revenue.min filter, exact value not returned by Blitz company-search)",Staffing and Recruiting,,yes,Round 2: Blitz Find People scoped to company.linkedin_url (previously-unsourced companies from the full ICP company universe)
Tops Hr Solutions,https://topshr.com,https://www.linkedin.com/company/tops-hr-solutions,Sarasota,US,12,">=$1,000,000 (revenue.min filter, exact value not returned by Blitz company-search)",Human Resources Services,,yes,Round 2: Blitz Find People scoped to company.linkedin_url (previously-unsourced companies from the full ICP company universe)
Toptalent Staffing,https://www.toptalentusa.com,https://www.linkedin.com/company/toptalentusa,Winter Park,US,17,">=$1,000,000 (revenue.min filter, exact value not returned by Blitz company-search)",Staffing and Recruiting,,yes,Round 2: Blitz Find People scoped to company.linkedin_url (previously-unsourced companies from the full ICP company universe)
Total Staffing Solutions,https://www.totalstaffsolutions.com,https://www.linkedin.com/company/total-staffing-solutions-cincinnati,Cincinnati,US,14,">=$1,000,000 (revenue.min filter, exact value not returned by Blitz company-search)",Staffing and Recruiting,,yes,Round 2: Blitz Find People scoped to company.linkedin_url (previously-unsourced companies from the full ICP company universe)
Town + Country Resources,https://www.tandcr.com,https://www.linkedin.com/company/town-country-resources,Palo Alto,US,56,">=$1,000,000 (revenue.min filter, exact value not returned by Blitz company-search)",Staffing and Recruiting,,yes,Round 2: Blitz Find People scoped to company.linkedin_url (previously-unsourced companies from the full ICP company universe)
"Townsend & Associates, Inc",https://www.townsend-associates.com,https://www.linkedin.com/company/townsend-&-associates-inc-,Morris Plains,US,37,">=$1,000,000 (revenue.min filter, exact value not returned by Blitz company-search)",Staffing and Recruiting,,yes,Round 2: Blitz Find People scoped to company.linkedin_url (previously-unsourced companies from the full ICP company universe)
"Tps, Inc",https://www.t-p-s.com,https://www.linkedin.com/company/tps-inc.,Raleigh,US,48,">=$1,000,000 (revenue.min filter, exact value not returned by Blitz company-search)",Staffing and Recruiting,,yes,Round 2: Blitz Find People scoped to company.linkedin_url (previously-unsourced companies from the full ICP company universe)
Trac Associates,https://www.tracassoc.com,https://www.linkedin.com/company/trac-associates,Seattle,US,17,">=$1,000,000 (revenue.min filter, exact value not returned by Blitz company-search)",Staffing and Recruiting,,yes,Round 2: Blitz Find People scoped to company.linkedin_url (previously-unsourced companies from the full ICP company universe)
Trade Force Staffing,https://www.tradeforcestaffing.com,https://www.linkedin.com/company/trade-force-staffing,Portland,US,24,">=$1,000,000 (revenue.min filter, exact value not returned by Blitz company-search)",Staffing and Recruiting,,yes,Round 2: Blitz Find People scoped to company.linkedin_url (previously-unsourced companies from the full ICP company universe)
Skilled Workforce,https://www.tradesolutions.com,https://www.linkedin.com/company/trade-solutions-inc-,Cincinnati,US,16,">=$1,000,000 (revenue.min filter, exact value not returned by Blitz company-search)",Staffing and Recruiting,,yes,Round 2: Blitz Find People scoped to company.linkedin_url (previously-unsourced companies from the full ICP company universe)
Trades Unlimited,https://www.tradesunlimitedusa.com,https://www.linkedin.com/company/trades-unlimited,Nashville,US,59,">=$1,000,000 (revenue.min filter, exact value not returned by Blitz company-search)",Staffing and Recruiting,,yes,Round 2: Blitz Find People scoped to company.linkedin_url (previously-unsourced companies from the full ICP company universe)
Trade Show Temps,https://www.tradeshowtemps.com,https://www.linkedin.com/company/tradeshowtemps,Los Angeles,US,51,">=$1,000,000 (revenue.min filter, exact value not returned by Blitz company-search)",Staffing and Recruiting,,yes,Round 2: Blitz Find People scoped to company.linkedin_url (previously-unsourced companies from the full ICP company universe)
Trades Labor Corporation,https://www.tradeslabor.com,https://www.linkedin.com/company/tradeslaborcorporation,Seattle,US,83,">=$1,000,000 (revenue.min filter, exact value not returned by Blitz company-search)",Staffing and Recruiting,,yes,Round 2: Blitz Find People scoped to company.linkedin_url (previously-unsourced companies from the full ICP company universe)
"Tradesource, Inc",https://www.tradesource.com,https://www.linkedin.com/company/tradesource,Warwick,US,369,">=$1,000,000 (revenue.min filter, exact value not returned by Blitz company-search)",Staffing and Recruiting,,yes,Round 2: Blitz Find People scoped to company.linkedin_url (previously-unsourced companies from the full ICP company universe)
Transformation Network,https://www.transformationnetwork.org,https://www.linkedin.com/company/transformation-network,Ashland,US,40,">=$1,000,000 (revenue.min filter, exact value not returned by Blitz company-search)",Staffing and Recruiting,,yes,Round 2: Blitz Find People scoped to company.linkedin_url (previously-unsourced companies from the full ICP company universe)
"Transitcenter, Inc",https://www.transitcenter.com,https://www.linkedin.com/company/transitcenter-inc.,New York,US,13,">=$1,000,000 (revenue.min filter, exact value not returned by Blitz company-search)",Human Resources Services,,yes,Round 2: Blitz Find People scoped to company.linkedin_url (previously-unsourced companies from the full ICP company universe)
Transition Staffing Group,https://www.calltsg.com,https://www.linkedin.com/company/transitionstaffinggroup,San Diego,US,13,">=$1,000,000 (revenue.min filter, exact value not returned by Blitz company-search)",Staffing and Recruiting,,yes,Round 2: Blitz Find People scoped to company.linkedin_url (previously-unsourced companies from the full ICP company universe)
Treehouse Partners,https://www.thetreehousepartners.com,https://www.linkedin.com/company/treehouse-partners,Venice,US,13,">=$1,000,000 (revenue.min filter, exact value not returned by Blitz company-search)",Executive Search Services,,yes,Round 2: Blitz Find People scoped to company.linkedin_url (previously-unsourced companies from the full ICP company universe)
"Trendtec, Inc",https://www.trendtec.com,https://www.linkedin.com/company/trendtec-inc.,San Jose,US,24,">=$1,000,000 (revenue.min filter, exact value not returned by Blitz company-search)",Staffing and Recruiting,,yes,Round 2: Blitz Find People scoped to company.linkedin_url (previously-unsourced companies from the full ICP company universe)
Treo Staffing Llc,https://treostaffing.com,https://www.linkedin.com/company/treo-staffing-llc,Madisonville,US,23,">=$1,000,000 (revenue.min filter, exact value not returned by Blitz company-search)",Staffing and Recruiting,,yes,Round 2: Blitz Find People scoped to company.linkedin_url (previously-unsourced companies from the full ICP company universe)
Treva Corporation,https://trevacorp.com,https://www.linkedin.com/company/treva-corp,Lake Orion,US,19,">=$1,000,000 (revenue.min filter, exact value not returned by Blitz company-search)",Staffing and Recruiting,,yes,Round 2: Blitz Find People scoped to company.linkedin_url (previously-unsourced companies from the full ICP company universe)
TRIAD Engineering Corp,https://www.triad-eng.com,https://www.linkedin.com/company/triad-engineering-corp,Lynnfield,US,33,">=$1,000,000 (revenue.min filter, exact value not returned by Blitz company-search)",Staffing and Recruiting,,yes,Round 2: Blitz Find People scoped to company.linkedin_url (previously-unsourced companies from the full ICP company universe)
TriCom Quest,https://www.tricomquest.com,https://www.linkedin.com/company/tricom-quest,Torrance,US,16,">=$1,000,000 (revenue.min filter, exact value not returned by Blitz company-search)",Staffing and Recruiting,,yes,Round 2: Blitz Find People scoped to company.linkedin_url (previously-unsourced companies from the full ICP company universe)
Trigon Staff Administrators,https://www.trigonstaff.com,https://www.linkedin.com/company/trigon-staff-administrators,Phoenix,US,17,">=$1,000,000 (revenue.min filter, exact value not returned by Blitz company-search)",Staffing and Recruiting,,yes,Round 2: Blitz Find People scoped to company.linkedin_url (previously-unsourced companies from the full ICP company universe)
Trinity Healthcare Staffing Group,https://www.trinityhsg.com,https://www.linkedin.com/company/trinity-healthcare-staffing-group,Florence,US,101,">=$1,000,000 (revenue.min filter, exact value not returned by Blitz company-search)",Staffing and Recruiting,,yes,Round 2: Blitz Find People scoped to company.linkedin_url (previously-unsourced companies from the full ICP company universe)
Triune Logistics,https://www.triunelogistics.net/#!contact/c24vq,https://www.linkedin.com/company/triune-logistics,Bolingbrook,US,22,">=$1,000,000 (revenue.min filter, exact value not returned by Blitz company-search)",Staffing and Recruiting,,yes,Round 2: Blitz Find People scoped to company.linkedin_url (previously-unsourced companies from the full ICP company universe)
Trivis Inc,https://trivisinc.com,https://www.linkedin.com/company/trivis-inc.,Birmingham,US,29,">=$1,000,000 (revenue.min filter, exact value not returned by Blitz company-search)",Staffing and Recruiting,,yes,Round 2: Blitz Find People scoped to company.linkedin_url (previously-unsourced companies from the full ICP company universe)
Troup Independent School Dst,https://www.troupisd.org,https://www.linkedin.com/company/troup-independent-school-dst,Troup,US,19,">=$1,000,000 (revenue.min filter, exact value not returned by Blitz company-search)",Human Resources Services,,yes,Round 2: Blitz Find People scoped to company.linkedin_url (previously-unsourced companies from the full ICP company universe)
True Source,https://www.true-source.com,https://www.linkedin.com/company/true-source-it-recruitment,Minneapolis,US,38,">=$1,000,000 (revenue.min filter, exact value not returned by Blitz company-search)",Staffing and Recruiting,,yes,Round 2: Blitz Find People scoped to company.linkedin_url (previously-unsourced companies from the full ICP company universe)
Trupay,https://www.trupay.com,https://www.linkedin.com/company/trupay-corporation,Granger,US,51,">=$1,000,000 (revenue.min filter, exact value not returned by Blitz company-search)",Human Resources Services,,yes,Round 2: Blitz Find People scoped to company.linkedin_url (previously-unsourced companies from the full ICP company universe)
Ts Government Solutions,https://tsgovsol.com,https://www.linkedin.com/company/ts-government-solutions,Lake,US,28,">=$1,000,000 (revenue.min filter, exact value not returned by Blitz company-search)",Staffing and Recruiting,,yes,Round 2: Blitz Find People scoped to company.linkedin_url (previously-unsourced companies from the full ICP company universe)
Tsc Services,https://www.tscservicesllc.com,https://www.linkedin.com/company/tsc-services,Vienna,US,704,">=$1,000,000 (revenue.min filter, exact value not returned by Blitz company-search)",Staffing and Recruiting,,yes,Round 2: Blitz Find People scoped to company.linkedin_url (previously-unsourced companies from the full ICP company universe)
"Tssd Services, Inc",https://tssdservices.com,https://www.linkedin.com/company/tssd-services,Oakland,US,46,">=$1,000,000 (revenue.min filter, exact value not returned by Blitz company-search)",Staffing and Recruiting,,yes,Round 2: Blitz Find People scoped to company.linkedin_url (previously-unsourced companies from the full ICP company universe)
Tti Of Usa,https://www.ttiofusa.com,https://www.linkedin.com/company/tti-of-usa,Asbury Park,US,84,">=$1,000,000 (revenue.min filter, exact value not returned by Blitz company-search)",Staffing and Recruiting,,yes,Round 2: Blitz Find People scoped to company.linkedin_url (previously-unsourced companies from the full ICP company universe)
Tulsa\'s Green Country Staffing,https://greencountrystaffing.com,https://www.linkedin.com/company/tulsa's-green-country-staffing,Broken Arrow,US,36,">=$1,000,000 (revenue.min filter, exact value not returned by Blitz company-search)",Staffing and Recruiting,,yes,Round 2: Blitz Find People scoped to company.linkedin_url (previously-unsourced companies from the full ICP company universe)
Tumi Staffing Inc,https://tumistaffing.com,https://www.linkedin.com/company/tumi-staffing-inc,San Antonio,US,16,">=$1,000,000 (revenue.min filter, exact value not returned by Blitz company-search)",Staffing and Recruiting,,yes,Round 2: Blitz Find People scoped to company.linkedin_url (previously-unsourced companies from the full ICP company universe)
Teruko Weinberg Inc,https://www.twinc.com,https://www.linkedin.com/company/twi-infotech,Torrance,US,14,">=$1,000,000 (revenue.min filter, exact value not returned by Blitz company-search)",Staffing and Recruiting,,yes,Round 2: Blitz Find People scoped to company.linkedin_url (previously-unsourced companies from the full ICP company universe)
Tyyche,https://tyyche.com,https://www.linkedin.com/company/tyyche,Cupertino,US,39,">=$1,000,000 (revenue.min filter, exact value not returned by Blitz company-search)",Human Resources Services,,yes,Round 2: Blitz Find People scoped to company.linkedin_url (previously-unsourced companies from the full ICP company universe)
Ufc Technology Inc,https://www.ufctechnology.com,https://www.linkedin.com/company/ufc-technology,Frisco,US,12,">=$1,000,000 (revenue.min filter, exact value not returned by Blitz company-search)",Staffing and Recruiting,,yes,Round 2: Blitz Find People scoped to company.linkedin_url (previously-unsourced companies from the full ICP company universe)
UNICON International Inc.,https://www.unicon-intl.com,https://www.linkedin.com/company/unicon-international,Columbus,US,158,">=$1,000,000 (revenue.min filter, exact value not returned by Blitz company-search)",Staffing and Recruiting,,yes,Round 2: Blitz Find People scoped to company.linkedin_url (previously-unsourced companies from the full ICP company universe)
Unique Employment Services,https://www.uniqueemployment.com,https://www.linkedin.com/company/unique-employment-services,Corpus Christi,US,25,">=$1,000,000 (revenue.min filter, exact value not returned by Blitz company-search)",Human Resources Services,,yes,Round 2: Blitz Find People scoped to company.linkedin_url (previously-unsourced companies from the full ICP company universe)
"Unistaff, Llc",https://www.unistaffnv.com,https://www.linkedin.com/company/unistaffnv,North Las Vegas,US,19,">=$1,000,000 (revenue.min filter, exact value not returned by Blitz company-search)",Staffing and Recruiting,,yes,Round 2: Blitz Find People scoped to company.linkedin_url (previously-unsourced companies from the full ICP company universe)
"United Actuarial Services, Inc",https://www.unitedactuarial.com,https://www.linkedin.com/company/united-actuarial-services,Carmel,US,30,">=$1,000,000 (revenue.min filter, exact value not returned by Blitz company-search)",Human Resources Services,,yes,Round 2: Blitz Find People scoped to company.linkedin_url (previously-unsourced companies from the full ICP company universe)
United Wholesale Grocery,https://www.uwgrocery.com,https://www.linkedin.com/company/united-wholesale-grocery,Southfield,US,17,">=$1,000,000 (revenue.min filter, exact value not returned by Blitz company-search)",Staffing and Recruiting,,yes,Round 2: Blitz Find People scoped to company.linkedin_url (previously-unsourced companies from the full ICP company universe)
Career Link - An Illinois Worknet Center,https://www.careerlink16.com,https://www.linkedin.com/company/united-workforce-development-board,Normal,US,17,">=$1,000,000 (revenue.min filter, exact value not returned by Blitz company-search)",Staffing and Recruiting,,yes,Round 2: Blitz Find People scoped to company.linkedin_url (previously-unsourced companies from the full ICP company universe)
"Universal Urethane Products, Inc",https://universalurethane.com,https://www.linkedin.com/company/universal-urethane-products-inc,Toledo,US,12,">=$1,000,000 (revenue.min filter, exact value not returned by Blitz company-search)",Staffing and Recruiting,,yes,Round 2: Blitz Find People scoped to company.linkedin_url (previously-unsourced companies from the full ICP company universe)
Upper Deck Staffing Company,https://upperdeckstaffing.com,https://www.linkedin.com/company/upperdeckstaffingcompany,Chicago,US,14,">=$1,000,000 (revenue.min filter, exact value not returned by Blitz company-search)",Human Resources Services,,yes,Round 2: Blitz Find People scoped to company.linkedin_url (previously-unsourced companies from the full ICP company universe)
Upstate Staffing,https://www.upstatestaffingsc.com,https://www.linkedin.com/company/upstate-staffing,Anderson,US,25,">=$1,000,000 (revenue.min filter, exact value not returned by Blitz company-search)",Staffing and Recruiting,,yes,Round 2: Blitz Find People scoped to company.linkedin_url (previously-unsourced companies from the full ICP company universe)
Uptown Staffing Inc,https://www.uptownstaffing.com,https://www.linkedin.com/company/uptown-staffing-inc,Council Bluffs,US,35,">=$1,000,000 (revenue.min filter, exact value not returned by Blitz company-search)",Staffing and Recruiting,,yes,Round 2: Blitz Find People scoped to company.linkedin_url (previously-unsourced companies from the full ICP company universe)
Upward On,https://www.upwardon.com,https://www.linkedin.com/company/upward-on,New York,US,17,">=$1,000,000 (revenue.min filter, exact value not returned by Blitz company-search)",Staffing and Recruiting,,yes,Round 2: Blitz Find People scoped to company.linkedin_url (previously-unsourced companies from the full ICP company universe)
Urpan Technologies,https://www.urpantech.com,https://www.linkedin.com/company/urpantech,Fremont,US,142,">=$1,000,000 (revenue.min filter, exact value not returned by Blitz company-search)",Staffing and Recruiting,,yes,Round 2: Blitz Find People scoped to company.linkedin_url (previously-unsourced companies from the full ICP company universe)
Us Medical Staffing,https://usmedicalstaffing.com,https://www.linkedin.com/company/us-medical-staffing,Melville,US,81,">=$1,000,000 (revenue.min filter, exact value not returned by Blitz company-search)",Staffing and Recruiting,,yes,Round 2: Blitz Find People scoped to company.linkedin_url (previously-unsourced companies from the full ICP company universe)
Us Staffing,https://www.usstaffinginc.com,https://www.linkedin.com/company/us-staffinginc,Elk Grove Village,US,56,">=$1,000,000 (revenue.min filter, exact value not returned by Blitz company-search)",Staffing and Recruiting,,yes,Round 2: Blitz Find People scoped to company.linkedin_url (previously-unsourced companies from the full ICP company universe)
Ustt Inc,https://www.usttusa.com,https://www.linkedin.com/company/ustt-inc.,Charlotte,US,40,">=$1,000,000 (revenue.min filter, exact value not returned by Blitz company-search)",Staffing and Recruiting,,yes,Round 2: Blitz Find People scoped to company.linkedin_url (previously-unsourced companies from the full ICP company universe)
Valley Healthcare Staffing,https://www.valleyrocks.com,https://www.linkedin.com/company/valley-healthcare-systems,Sacramento,US,89,">=$1,000,000 (revenue.min filter, exact value not returned by Blitz company-search)",Staffing and Recruiting,,yes,Round 2: Blitz Find People scoped to company.linkedin_url (previously-unsourced companies from the full ICP company universe)
"Valley Staffing, Inc",https://www.valleystaffinginc.com,https://www.linkedin.com/company/valley-staffing,Lakeville,US,36,">=$1,000,000 (revenue.min filter, exact value not returned by Blitz company-search)",Staffing and Recruiting,,yes,Round 2: Blitz Find People scoped to company.linkedin_url (previously-unsourced companies from the full ICP company universe)
Vandover,https://www.vandover.com,https://www.linkedin.com/company/vandover,St. Louis,US,11,">=$1,000,000 (revenue.min filter, exact value not returned by Blitz company-search)",Human Resources Services,,yes,Round 2: Blitz Find People scoped to company.linkedin_url (previously-unsourced companies from the full ICP company universe)
Vanguard Professional Staffing,https://www.vanguardprostaff.com,https://www.linkedin.com/company/vanguard-professional-staffing,Wilson,US,42,">=$1,000,000 (revenue.min filter, exact value not returned by Blitz company-search)",Staffing and Recruiting,,yes,Round 2: Blitz Find People scoped to company.linkedin_url (previously-unsourced companies from the full ICP company universe)
Vaughns Cleaning Service,https://vaughnscleaningservices.com,https://www.linkedin.com/company/vaughns-cleaning-service,Burton,US,11,">=$1,000,000 (revenue.min filter, exact value not returned by Blitz company-search)",Staffing and Recruiting,,yes,Round 2: Blitz Find People scoped to company.linkedin_url (previously-unsourced companies from the full ICP company universe)
Vayu Inc,https://www.vayuvision.com,https://www.linkedin.com/company/vayu-inc,Streetsboro,US,19,">=$1,000,000 (revenue.min filter, exact value not returned by Blitz company-search)",Staffing and Recruiting,,yes,Round 2: Blitz Find People scoped to company.linkedin_url (previously-unsourced companies from the full ICP company universe)
Venator,https://venteon.us.com,https://www.linkedin.com/company/venator,Troy,US,19,">=$1,000,000 (revenue.min filter, exact value not returned by Blitz company-search)",Staffing and Recruiting,,yes,Round 2: Blitz Find People scoped to company.linkedin_url (previously-unsourced companies from the full ICP company universe)
Ventas Group,https://www.ventas-group.com,https://www.linkedin.com/company/ventas-group,Minneapolis Saint Paul,US,31,">=$1,000,000 (revenue.min filter, exact value not returned by Blitz company-search)",Human Resources Services,,yes,Round 2: Blitz Find People scoped to company.linkedin_url (previously-unsourced companies from the full ICP company universe)
Ventureloop,https://www.ventureloop.com,https://www.linkedin.com/company/ventureloop,Larkspur,US,19,">=$1,000,000 (revenue.min filter, exact value not returned by Blitz company-search)",Staffing and Recruiting,,yes,Round 2: Blitz Find People scoped to company.linkedin_url (previously-unsourced companies from the full ICP company universe)
"Vesa Health & Technology, Inc.",https://www.vesahealth.com,https://www.linkedin.com/company/vesa-health-&-technology-llc,San Antonio,US,67,">=$1,000,000 (revenue.min filter, exact value not returned by Blitz company-search)",Staffing and Recruiting,,yes,Round 2: Blitz Find People scoped to company.linkedin_url (previously-unsourced companies from the full ICP company universe)
"Victory Personnel Services, Inc",https://www.victorypersonnel.com,https://www.linkedin.com/company/victory-personnel-services-inc-,Atlanta,US,21,">=$1,000,000 (revenue.min filter, exact value not returned by Blitz company-search)",Staffing and Recruiting,,yes,Round 2: Blitz Find People scoped to company.linkedin_url (previously-unsourced companies from the full ICP company universe)
Village Of Riverdale,https://www.villageofriverdale.net,https://www.linkedin.com/company/village-of-riverdale,Riverdale,US,29,">=$1,000,000 (revenue.min filter, exact value not returned by Blitz company-search)",Human Resources Services,,yes,Round 2: Blitz Find People scoped to company.linkedin_url (previously-unsourced companies from the full ICP company universe)
Village Of Williamsville,https://www.walkablewilliamsville.com,https://www.linkedin.com/company/village-of-williamsville,Buffalo,US,20,">=$1,000,000 (revenue.min filter, exact value not returned by Blitz company-search)",Staffing and Recruiting,,yes,Round 2: Blitz Find People scoped to company.linkedin_url (previously-unsourced companies from the full ICP company universe)
Vista Gardens,https://vistagardensmemorycare.com,https://www.linkedin.com/company/vista-gardens,Vista,US,10,">=$1,000,000 (revenue.min filter, exact value not returned by Blitz company-search)",Human Resources Services,,yes,Round 2: Blitz Find People scoped to company.linkedin_url (previously-unsourced companies from the full ICP company universe)
Visuals,https://www.visuals.com,https://www.linkedin.com/company/visuals,San Francisco,US,55,">=$1,000,000 (revenue.min filter, exact value not returned by Blitz company-search)",Staffing and Recruiting,,yes,Round 2: Blitz Find People scoped to company.linkedin_url (previously-unsourced companies from the full ICP company universe)
Vital Medical Staffing,https://www.vitalmedstaffing.com,https://www.linkedin.com/company/vital-medical-staffing,Gastonia,US,16,">=$1,000,000 (revenue.min filter, exact value not returned by Blitz company-search)",Staffing and Recruiting,,yes,Round 2: Blitz Find People scoped to company.linkedin_url (previously-unsourced companies from the full ICP company universe)
Vital Staffing,https://vitalstaffs.com,https://www.linkedin.com/company/vital-signs-staffing-llc,Salt Lake City,US,24,">=$1,000,000 (revenue.min filter, exact value not returned by Blitz company-search)",Staffing and Recruiting,,yes,Round 2: Blitz Find People scoped to company.linkedin_url (previously-unsourced companies from the full ICP company universe)
Vyzer Solutions,https://www.vyzercorp.com,https://www.linkedin.com/company/vyzer-solutions,Richardson,US,30,">=$1,000,000 (revenue.min filter, exact value not returned by Blitz company-search)",Staffing and Recruiting,,yes,Round 2: Blitz Find People scoped to company.linkedin_url (previously-unsourced companies from the full ICP company universe)
Wafts Solutions,https://www.waftssolutions.com,https://www.linkedin.com/company/waftssolutions,Farmington Hills,US,49,">=$1,000,000 (revenue.min filter, exact value not returned by Blitz company-search)",Staffing and Recruiting,,yes,Round 2: Blitz Find People scoped to company.linkedin_url (previously-unsourced companies from the full ICP company universe)
Walker Business & Staffing,https://www.walkerservices.com,https://www.linkedin.com/company/walker-business-&-staffing,Wellsville,US,13,">=$1,000,000 (revenue.min filter, exact value not returned by Blitz company-search)",Staffing and Recruiting,,yes,Round 2: Blitz Find People scoped to company.linkedin_url (previously-unsourced companies from the full ICP company universe)
Warestaff,https://www.warestaff.com,https://www.linkedin.com/company/warestaff,Raritan,US,16,">=$1,000,000 (revenue.min filter, exact value not returned by Blitz company-search)",Staffing and Recruiting,,yes,Round 2: Blitz Find People scoped to company.linkedin_url (previously-unsourced companies from the full ICP company universe)
Watson Dwyer Inc,https://www.watsondwyer.com,https://www.linkedin.com/company/watson-dwyer,Washington Chicago,US,34,">=$1,000,000 (revenue.min filter, exact value not returned by Blitz company-search)",Staffing and Recruiting,,yes,Round 2: Blitz Find People scoped to company.linkedin_url (previously-unsourced companies from the full ICP company universe)
Waverly Partners,https://www.waverly-partners.com,https://www.linkedin.com/company/waverly-partners-llc,Cleveland,US,17,">=$1,000,000 (revenue.min filter, exact value not returned by Blitz company-search)",Staffing and Recruiting,,yes,Round 2: Blitz Find People scoped to company.linkedin_url (previously-unsourced companies from the full ICP company universe)
"Wbcp, Inc",https://wbcpinc.com,https://www.linkedin.com/company/wbcpinc,Rogue River,US,34,">=$1,000,000 (revenue.min filter, exact value not returned by Blitz company-search)",Human Resources Services,,yes,Round 2: Blitz Find People scoped to company.linkedin_url (previously-unsourced companies from the full ICP company universe)
"Wci, Inc",https://www.wciinc.org,https://www.linkedin.com/company/wci-inc-,Asheville,US,18,">=$1,000,000 (revenue.min filter, exact value not returned by Blitz company-search)",Human Resources Services,,yes,Round 2: Blitz Find People scoped to company.linkedin_url (previously-unsourced companies from the full ICP company universe)
Weber & Company,https://www.webco.cc,https://www.linkedin.com/company/weber-and-company,Coral Gables,US,22,">=$1,000,000 (revenue.min filter, exact value not returned by Blitz company-search)",Staffing and Recruiting,,yes,Round 2: Blitz Find People scoped to company.linkedin_url (previously-unsourced companies from the full ICP company universe)
Westchester Toyota Sales,https://www.westchestertoyota.com,https://www.linkedin.com/company/westchester-toyota-sales,Yonkers,US,15,">=$1,000,000 (revenue.min filter, exact value not returned by Blitz company-search)",Human Resources Services,,yes,Round 2: Blitz Find People scoped to company.linkedin_url (previously-unsourced companies from the full ICP company universe)
Western Management Group,https://www.wmgnet.com,https://www.linkedin.com/company/western-management-group,Los Gatos,US,35,">=$1,000,000 (revenue.min filter, exact value not returned by Blitz company-search)",Human Resources Services,,yes,Round 2: Blitz Find People scoped to company.linkedin_url (previously-unsourced companies from the full ICP company universe)
Westside Personnel Services,https://www.westsidepersonnel.com,https://www.linkedin.com/company/westside-personnel-services,Fenton,US,35,">=$1,000,000 (revenue.min filter, exact value not returned by Blitz company-search)",Staffing and Recruiting,,yes,Round 2: Blitz Find People scoped to company.linkedin_url (previously-unsourced companies from the full ICP company universe)
"Wh Group, Llc",https://www.thewhgroupllc.com,https://www.linkedin.com/company/wh-group-llc,Boca Raton,US,17,">=$1,000,000 (revenue.min filter, exact value not returned by Blitz company-search)",Staffing and Recruiting,,yes,Round 2: Blitz Find People scoped to company.linkedin_url (previously-unsourced companies from the full ICP company universe)
Whitaker Technical,https://www.whitakertechnical.com,https://www.linkedin.com/company/whitaker-technical,Houston,US,13,">=$1,000,000 (revenue.min filter, exact value not returned by Blitz company-search)",Staffing and Recruiting,,yes,Round 2: Blitz Find People scoped to company.linkedin_url (previously-unsourced companies from the full ICP company universe)
White Marsh Child Care Inc,https://www.whitemarshchildcare.com,https://www.linkedin.com/company/white-marsh-child-care-inc,Perry Hall,US,10,">=$1,000,000 (revenue.min filter, exact value not returned by Blitz company-search)",Human Resources Services,,yes,Round 2: Blitz Find People scoped to company.linkedin_url (previously-unsourced companies from the full ICP company universe)
Whitehawk Worldwide,https://whitehawkworldwide.com,https://www.linkedin.com/company/whitehawkworldwide,Arlington,US,68,">=$1,000,000 (revenue.min filter, exact value not returned by Blitz company-search)",Staffing and Recruiting,,yes,Round 2: Blitz Find People scoped to company.linkedin_url (previously-unsourced companies from the full ICP company universe)
Williamson Employment Services,https://www.williamsonemployment.com,https://www.linkedin.com/company/williamson-employment-services,Saint Joseph,US,12,">=$1,000,000 (revenue.min filter, exact value not returned by Blitz company-search)",Staffing and Recruiting,,yes,Round 2: Blitz Find People scoped to company.linkedin_url (previously-unsourced companies from the full ICP company universe)
"Windsor Consultants, Inc",https://www.wci78.com,https://www.linkedin.com/company/windsor-consultants-inc.,Houston,US,11,">=$1,000,000 (revenue.min filter, exact value not returned by Blitz company-search)",Staffing and Recruiting,,yes,Round 2: Blitz Find People scoped to company.linkedin_url (previously-unsourced companies from the full ICP company universe)
WolfCreek Consulting,https://www.wccstaffing.com,https://www.linkedin.com/company/wolfcreek-consulting-inc,Coral Springs,US,22,">=$1,000,000 (revenue.min filter, exact value not returned by Blitz company-search)",Staffing and Recruiting,,yes,Round 2: Blitz Find People scoped to company.linkedin_url (previously-unsourced companies from the full ICP company universe)
WISE,https://womeninsaleseverywhere.com,https://www.linkedin.com/company/women-in-sales-everywhere,,US,117,">=$1,000,000 (revenue.min filter, exact value not returned by Blitz company-search)",Human Resources Services,,yes,Round 2: Blitz Find People scoped to company.linkedin_url (previously-unsourced companies from the full ICP company universe)
"Woodmoor Group, Inc",https://www.woodmoor.com,https://www.linkedin.com/company/woodmoor-group,Monument,US,55,">=$1,000,000 (revenue.min filter, exact value not returned by Blitz company-search)",Staffing and Recruiting,,yes,Round 2: Blitz Find People scoped to company.linkedin_url (previously-unsourced companies from the full ICP company universe)
Work & Well,https://www.workandwell.com,https://www.linkedin.com/company/work-&-well,Orchard Park,US,33,">=$1,000,000 (revenue.min filter, exact value not returned by Blitz company-search)",Human Resources Services,,yes,Round 2: Blitz Find People scoped to company.linkedin_url (previously-unsourced companies from the full ICP company universe)
Work For Warriors Ca,https://www.workforwarriors.org,https://www.linkedin.com/company/work-for-warriors,Sacramento,US,84,">=$1,000,000 (revenue.min filter, exact value not returned by Blitz company-search)",Staffing and Recruiting,,yes,Round 2: Blitz Find People scoped to company.linkedin_url (previously-unsourced companies from the full ICP company universe)
WorkBeast LLC,https://www.workbeast.com,https://www.linkedin.com/company/workbeast,Miami,US,61,">=$1,000,000 (revenue.min filter, exact value not returned by Blitz company-search)",Staffing and Recruiting,,yes,Round 2: Blitz Find People scoped to company.linkedin_url (previously-unsourced companies from the full ICP company universe)
Workbridge Associates,https://motionrecruitment.com,https://www.linkedin.com/company/workbridge-associates,Boston,US,93,">=$1,000,000 (revenue.min filter, exact value not returned by Blitz company-search)",Staffing and Recruiting,,yes,Round 2: Blitz Find People scoped to company.linkedin_url (previously-unsourced companies from the full ICP company universe)
Workforce Solutions East Texas,https://www.easttexasworkforce.org,https://www.linkedin.com/company/workforce-solutions-east-texas,Tyler,US,91,">=$1,000,000 (revenue.min filter, exact value not returned by Blitz company-search)",Staffing and Recruiting,,yes,Round 2: Blitz Find People scoped to company.linkedin_url (previously-unsourced companies from the full ICP company universe)
Workforce Solutions Northeast Texas,https://www.netxworkforce.org,https://www.linkedin.com/company/workforce-solutions-northeast-texas,Wake Village,US,52,">=$1,000,000 (revenue.min filter, exact value not returned by Blitz company-search)",Staffing and Recruiting,,yes,Round 2: Blitz Find People scoped to company.linkedin_url (previously-unsourced companies from the full ICP company universe)
Workforce Solutions Panhandle,https://www.wspanhandle.com,https://www.linkedin.com/company/workforce-solutions-panhandle,Amarillo,US,51,">=$1,000,000 (revenue.min filter, exact value not returned by Blitz company-search)",Staffing and Recruiting,,yes,Round 2: Blitz Find People scoped to company.linkedin_url (previously-unsourced companies from the full ICP company universe)
Workforce Source,https://www.workforcesource.com,https://www.linkedin.com/company/workforce-source,Atlanta,US,39,">=$1,000,000 (revenue.min filter, exact value not returned by Blitz company-search)",Staffing and Recruiting,,yes,Round 2: Blitz Find People scoped to company.linkedin_url (previously-unsourced companies from the full ICP company universe)
Working Solutions LLC,https://www.workingsolutionsusa.com,https://www.linkedin.com/company/working-solutions-usa,Meridian,US,34,">=$1,000,000 (revenue.min filter, exact value not returned by Blitz company-search)",Staffing and Recruiting,,yes,Round 2: Blitz Find People scoped to company.linkedin_url (previously-unsourced companies from the full ICP company universe)
"Worklife Financial, Inc",https://www.worklifefinancial.com,https://www.linkedin.com/company/worklife-financial-inc,Troy,US,29,">=$1,000,000 (revenue.min filter, exact value not returned by Blitz company-search)",Human Resources Services,,yes,Round 2: Blitz Find People scoped to company.linkedin_url (previously-unsourced companies from the full ICP company universe)
Workline Solutions,https://www.worklinesolutions.net,https://www.linkedin.com/company/worklinesolutions,Columbus,US,36,">=$1,000,000 (revenue.min filter, exact value not returned by Blitz company-search)",Staffing and Recruiting,,yes,Round 2: Blitz Find People scoped to company.linkedin_url (previously-unsourced companies from the full ICP company universe)
Worknet Inc,https://www.worknetnow.com,https://www.linkedin.com/company/worknet-inc-,St. Louis,US,18,">=$1,000,000 (revenue.min filter, exact value not returned by Blitz company-search)",Staffing and Recruiting,,yes,Round 2: Blitz Find People scoped to company.linkedin_url (previously-unsourced companies from the full ICP company universe)
"Workplace Chaplains, U.S",https://www.workplacechaplains.us,https://www.linkedin.com/company/workplace-chaplains-us,Cadillac,US,10,">=$1,000,000 (revenue.min filter, exact value not returned by Blitz company-search)",Human Resources Services,,yes,Round 2: Blitz Find People scoped to company.linkedin_url (previously-unsourced companies from the full ICP company universe)
World Auto Parts Inc,https://worldbestpriceautoparts.com,https://www.linkedin.com/company/world-auto-parts-inc,Houston,US,10,">=$1,000,000 (revenue.min filter, exact value not returned by Blitz company-search)",Staffing and Recruiting,,yes,Round 2: Blitz Find People scoped to company.linkedin_url (previously-unsourced companies from the full ICP company universe)
"Writing Assistance, Inc",https://www.writingassist.com,https://www.linkedin.com/company/writing-assistance-inc,Annapolis,US,75,">=$1,000,000 (revenue.min filter, exact value not returned by Blitz company-search)",Staffing and Recruiting,,yes,Round 2: Blitz Find People scoped to company.linkedin_url (previously-unsourced companies from the full ICP company universe)
"Wta, Inc",https://wtapeo.com,https://www.linkedin.com/company/wtainc,Murray,US,12,">=$1,000,000 (revenue.min filter, exact value not returned by Blitz company-search)",Human Resources Services,,yes,Round 2: Blitz Find People scoped to company.linkedin_url (previously-unsourced companies from the full ICP company universe)
Wtw Associates,https://www.wtwassociates.com,https://www.linkedin.com/company/wtw-associates,New York,US,18,">=$1,000,000 (revenue.min filter, exact value not returned by Blitz company-search)",Staffing and Recruiting,,yes,Round 2: Blitz Find People scoped to company.linkedin_url (previously-unsourced companies from the full ICP company universe)
Jdhuntr In-House Counsel Jobs,https://www.jdhuntr.com,https://www.linkedin.com/company/www-jdhuntr-com,Los Angeles,US,20,">=$1,000,000 (revenue.min filter, exact value not returned by Blitz company-search)",Staffing and Recruiting,,yes,Round 2: Blitz Find People scoped to company.linkedin_url (previously-unsourced companies from the full ICP company universe)
X-Hunters,https://www.x-hunters.com,https://www.linkedin.com/company/x-hunters,Atlanta,US,14,">=$1,000,000 (revenue.min filter, exact value not returned by Blitz company-search)",Staffing and Recruiting,,yes,Round 2: Blitz Find People scoped to company.linkedin_url (previously-unsourced companies from the full ICP company universe)
"X-Techs, Ltd",https://www.x-techs.com,https://www.linkedin.com/company/x-techs-ltd-,Harahan,US,15,">=$1,000,000 (revenue.min filter, exact value not returned by Blitz company-search)",Staffing and Recruiting,,yes,Round 2: Blitz Find People scoped to company.linkedin_url (previously-unsourced companies from the full ICP company universe)
Xoriant US Staffing,https://www.xoriant.com,https://www.linkedin.com/company/xoriant-usstaffing,Sunnyvale,US,54,">=$1,000,000 (revenue.min filter, exact value not returned by Blitz company-search)",Staffing and Recruiting,,yes,Round 2: Blitz Find People scoped to company.linkedin_url (previously-unsourced companies from the full ICP company universe)
Xpeerant Inc,https://www.xpeerant.com,https://www.linkedin.com/company/xpeerant-inc.,Spring Hill,US,14,">=$1,000,000 (revenue.min filter, exact value not returned by Blitz company-search)",Staffing and Recruiting,,yes,Round 2: Blitz Find People scoped to company.linkedin_url (previously-unsourced companies from the full ICP company universe)
Yablon & Associates,https://www.yablonassociates.com,https://www.linkedin.com/company/yablon-&-associates,Fort Lee,US,11,">=$1,000,000 (revenue.min filter, exact value not returned by Blitz company-search)",Staffing and Recruiting,,yes,Round 2: Blitz Find People scoped to company.linkedin_url (previously-unsourced companies from the full ICP company universe)
Yavapai Exceptional Industries,https://www.yeiworks.com,https://www.linkedin.com/company/yavapai-exceptional-industries,Prescott,US,20,">=$1,000,000 (revenue.min filter, exact value not returned by Blitz company-search)",Staffing and Recruiting,,yes,Round 2: Blitz Find People scoped to company.linkedin_url (previously-unsourced companies from the full ICP company universe)
Young & Co,https://www.youngandco.us,https://www.linkedin.com/company/young-&-co,Wilton,US,17,">=$1,000,000 (revenue.min filter, exact value not returned by Blitz company-search)",Staffing and Recruiting,,yes,Round 2: Blitz Find People scoped to company.linkedin_url (previously-unsourced companies from the full ICP company universe)
Young Scholars Institute Inc,https://www.youngscholarsoftrenton.org,https://www.linkedin.com/company/young-scholars-institute-inc,Trenton,US,12,">=$1,000,000 (revenue.min filter, exact value not returned by Blitz company-search)",Human Resources Services,,yes,Round 2: Blitz Find People scoped to company.linkedin_url (previously-unsourced companies from the full ICP company universe)
Your People Professionals,https://www.ypp.com,https://www.linkedin.com/company/your-people-professionals,Santa Maria,US,17,">=$1,000,000 (revenue.min filter, exact value not returned by Blitz company-search)",Human Resources Services,,yes,Round 2: Blitz Find People scoped to company.linkedin_url (previously-unsourced companies from the full ICP company universe)
Youth Leadership Academy,https://www.ylaecc.org,https://www.linkedin.com/company/youth-leadership-academy,Elgin,US,12,">=$1,000,000 (revenue.min filter, exact value not returned by Blitz company-search)",Staffing and Recruiting,,yes,Round 2: Blitz Find People scoped to company.linkedin_url (previously-unsourced companies from the full ICP company universe)
"Zamp Hr - Peo, Professional Employer Organization",https://zamphr.com,https://www.linkedin.com/company/zamphr,Lindon,US,54,">=$1,000,000 (revenue.min filter, exact value not returned by Blitz company-search)",Human Resources Services,,yes,Round 2: Blitz Find People scoped to company.linkedin_url (previously-unsourced companies from the full ICP company universe)
Zelos Consulting,https://www.zelos.com,https://www.linkedin.com/company/zelos-consulting,Mountain View,US,13,">=$1,000,000 (revenue.min filter, exact value not returned by Blitz company-search)",Staffing and Recruiting,,yes,Round 2: Blitz Find People scoped to company.linkedin_url (previously-unsourced companies from the full ICP company universe)
Zenith Talent,https://www.zenithtalent.com,https://www.linkedin.com/company/zenith-talent,San Jose,US,46,">=$1,000,000 (revenue.min filter, exact value not returned by Blitz company-search)",Staffing and Recruiting,,yes,Round 2: Blitz Find People scoped to company.linkedin_url (previously-unsourced companies from the full ICP company universe)
Zimmerman Associates,https://www.zimmermanassociates.com,https://www.linkedin.com/company/zimmerman-associates,Andover,US,31,">=$1,000,000 (revenue.min filter, exact value not returned by Blitz company-search)",Staffing and Recruiting,,yes,Round 2: Blitz Find People scoped to company.linkedin_url (previously-unsourced companies from the full ICP company universe)
Zionsville Meadows,https://www.americansrcommunities.com,https://www.linkedin.com/company/zionsville-meadows,Zionsville,US,32,">=$1,000,000 (revenue.min filter, exact value not returned by Blitz company-search)",Staffing and Recruiting,,yes,Round 2: Blitz Find People scoped to company.linkedin_url (previously-unsourced companies from the full ICP company universe)
Zoom,https://www.zoomtechnical.com,https://www.linkedin.com/company/zoom-technical-services-inc-,Woburn,US,87,">=$1,000,000 (revenue.min filter, exact value not returned by Blitz company-search)",Staffing and Recruiting,,yes,Round 2: Blitz Find People scoped to company.linkedin_url (previously-unsourced companies from the full ICP company universe)
